{"type": "FeatureCollection", "features": [{"type": "Feature", "properties": {"ward_name": "24 - Agaram", "Corporation": "Central", "valley": "Koramangala Challaghatta Valley", "subvalley": "KC_1", "Assembly": "163 - Shanthinagar"}, "geometry": {"type": "Polygon", "coordinates": [[[77.638067, 12.95743], [77.637527, 12.956944], [77.637206, 12.956974], [77.636959, 12.956486], [77.636344, 12.956581], [77.636668, 12.955218], [77.638891, 12.95266], [77.639771, 12.951498], [77.639736, 12.951445], [77.639917, 12.951193], [77.640336, 12.95115], [77.640787, 12.950449], [77.641015, 12.950382], [77.642418, 12.949208], [77.643072, 12.94854], [77.64377, 12.948038], [77.643718, 12.947798], [77.643946, 12.947665], [77.644276, 12.94761], [77.644188, 12.947398], [77.644871, 12.947051], [77.646364, 12.945805], [77.647645, 12.944507], [77.648847, 12.943427], [77.650108, 12.942686], [77.650242, 12.942466], [77.651771, 12.941916], [77.652489, 12.941557], [77.652674, 12.941378], [77.654676, 12.94022], [77.656001, 12.940087], [77.657428, 12.940109], [77.657802, 12.939863], [77.658056, 12.939851], [77.658139, 12.937896], [77.658908, 12.937915], [77.65891, 12.938297], [77.660291, 12.938325], [77.660434, 12.938269], [77.660564, 12.93803], [77.659336, 12.93755], [77.659005, 12.937322], [77.659095, 12.937256], [77.655066, 12.934907], [77.659124, 12.929418], [77.660544, 12.9297], [77.660747, 12.929809], [77.661085, 12.929827], [77.66133, 12.929671], [77.661817, 12.928961], [77.663024, 12.928333], [77.662631, 12.928537], [77.662209, 12.927936], [77.661947, 12.926523], [77.662758, 12.926729], [77.662472, 12.926142], [77.66116, 12.921612], [77.66279, 12.921198], [77.662216, 12.918791], [77.661995, 12.918261], [77.660354, 12.916345], [77.654664, 12.92045], [77.653612, 12.920451], [77.6536, 12.920962], [77.651501, 12.921184], [77.651493, 12.923], [77.651738, 12.924221], [77.650265, 12.924386], [77.649631, 12.924641], [77.649193, 12.924695], [77.646391, 12.924483], [77.645166, 12.92446], [77.641243, 12.923368], [77.639291, 12.924058], [77.639316, 12.924823], [77.639116, 12.92567], [77.639166, 12.925843], [77.639738, 12.926032], [77.64055, 12.92594], [77.641096, 12.925967], [77.64132, 12.926164], [77.64187, 12.928211], [77.641901, 12.929255], [77.641245, 12.929449], [77.641004, 12.9294], [77.639579, 12.929686], [77.639466, 12.93025], [77.639523, 12.930556], [77.638812, 12.930904], [77.638094, 12.931844], [77.637873, 12.932326], [77.637169, 12.933254], [77.634577, 12.936123], [77.634567, 12.936237], [77.633302, 12.937341], [77.632924, 12.937905], [77.631951, 12.939881], [77.63044, 12.94338], [77.629106, 12.946163], [77.628438, 12.947172], [77.627508, 12.9488], [77.626803, 12.949476], [77.62712, 12.949653], [77.626292, 12.951174], [77.626018, 12.952135], [77.625832, 12.952147], [77.625809, 12.952308], [77.625272, 12.953123], [77.624715, 12.953726], [77.623791, 12.953998], [77.623852, 12.954237], [77.62331, 12.954366], [77.623366, 12.954691], [77.62331, 12.954781], [77.622686, 12.955027], [77.62248, 12.955258], [77.621735, 12.955641], [77.620945, 12.955916], [77.6212, 12.957096], [77.621153, 12.95783], [77.620316, 12.959132], [77.617672, 12.965322], [77.619193, 12.965437], [77.619637, 12.965559], [77.620012, 12.966189], [77.62052, 12.966673], [77.619966, 12.968229], [77.619505, 12.971678], [77.619527, 12.972217], [77.619488, 12.97238], [77.619323, 12.972479], [77.619684, 12.972705], [77.619897, 12.972742], [77.620823, 12.972668], [77.621634, 12.972827], [77.624574, 12.974603], [77.625973, 12.975556], [77.626636, 12.976192], [77.626851, 12.976508], [77.627089, 12.977174], [77.627322, 12.977459], [77.628285, 12.977917], [77.628496, 12.978132], [77.630248, 12.977088], [77.63179, 12.976368], [77.632731, 12.975043], [77.633159, 12.973247], [77.632231, 12.973222], [77.630483, 12.973441], [77.630161, 12.973671], [77.629519, 12.97397], [77.629649, 12.974209], [77.627823, 12.975718], [77.626981, 12.974514], [77.6281, 12.973799], [77.62558, 12.97215], [77.626013, 12.970936], [77.626468, 12.970256], [77.626572, 12.968159], [77.628931, 12.968232], [77.628961, 12.968453], [77.631164, 12.968493], [77.633002, 12.968784], [77.633756, 12.970384], [77.634022, 12.970476], [77.633905, 12.970888], [77.636002, 12.971674], [77.635936, 12.969845], [77.63598, 12.969028], [77.636207, 12.968424], [77.637051, 12.966869], [77.635059, 12.965213], [77.634895, 12.96539], [77.634281, 12.965417], [77.634349, 12.964617], [77.63421, 12.963958], [77.634242, 12.963439], [77.634284, 12.96336], [77.635142, 12.963402], [77.635221, 12.962503], [77.634845, 12.9626], [77.634688, 12.962568], [77.63453, 12.961728], [77.634271, 12.961713], [77.634512, 12.961313], [77.634686, 12.961278], [77.634752, 12.961148], [77.635242, 12.959532], [77.63584, 12.957947], [77.638203, 12.957746], [77.63813, 12.957419], [77.638067, 12.95743]]]}}, {"type": "Feature", "properties": {"ward_name": "46 - Yamalur", "Corporation": "East", "valley": "Koramangala Challaghatta Valley", "subvalley": "KC_2,KC_1", "Assembly": "174 - Mahadevapura"}, "geometry": {"type": "Polygon", "coordinates": [[[77.692404, 12.94706], [77.693027, 12.946487], [77.693546, 12.946273], [77.695105, 12.945987], [77.695475, 12.945993], [77.695098, 12.945897], [77.695023, 12.945618], [77.69286, 12.944746], [77.692171, 12.944164], [77.691923, 12.943495], [77.691276, 12.94297], [77.690611, 12.942578], [77.690543, 12.942171], [77.690342, 12.941986], [77.690135, 12.941963], [77.689272, 12.941426], [77.68852, 12.94107], [77.68702, 12.940754], [77.6862, 12.940161], [77.68593, 12.939863], [77.685317, 12.939504], [77.684087, 12.938941], [77.683817, 12.9389], [77.683525, 12.939248], [77.682684, 12.939225], [77.682203, 12.939345], [77.681705, 12.939336], [77.680885, 12.939186], [77.679707, 12.938475], [77.679563, 12.938047], [77.679589, 12.937407], [77.679396, 12.936635], [77.67913, 12.936408], [77.679098, 12.93615], [77.679269, 12.935718], [77.679801, 12.934881], [77.679892, 12.934343], [77.680212, 12.933701], [77.680296, 12.93337], [77.68063, 12.933094], [77.681066, 12.932903], [77.681234, 12.932151], [77.681054, 12.931316], [77.680344, 12.930965], [77.67964, 12.930884], [77.678875, 12.930676], [77.678654, 12.930565], [77.678341, 12.930255], [77.677999, 12.930128], [77.676237, 12.930007], [77.676109, 12.930352], [77.675946, 12.9304], [77.675907, 12.930523], [77.675964, 12.931002], [77.675565, 12.931091], [77.675584, 12.931946], [77.674597, 12.931477], [77.673778, 12.931268], [77.673037, 12.930976], [77.66893, 12.930985], [77.668035, 12.931243], [77.667529, 12.931281], [77.666921, 12.931199], [77.666402, 12.931006], [77.665855, 12.930351], [77.665115, 12.928355], [77.664933, 12.928137], [77.664594, 12.928052], [77.663763, 12.928038], [77.663024, 12.928332], [77.661817, 12.928961], [77.66133, 12.929671], [77.661085, 12.929827], [77.660747, 12.929809], [77.660544, 12.9297], [77.659124, 12.929418], [77.655066, 12.934907], [77.659095, 12.937256], [77.659005, 12.937322], [77.659336, 12.93755], [77.660564, 12.93803], [77.660408, 12.938298], [77.65891, 12.938297], [77.658908, 12.937915], [77.658139, 12.937896], [77.658056, 12.939851], [77.657802, 12.939863], [77.657428, 12.940109], [77.656001, 12.940087], [77.654676, 12.94022], [77.652674, 12.941378], [77.652489, 12.941557], [77.651771, 12.941916], [77.650242, 12.942466], [77.650108, 12.942686], [77.648847, 12.943427], [77.647645, 12.944507], [77.646364, 12.945805], [77.644871, 12.947051], [77.644188, 12.947398], [77.644276, 12.94761], [77.643946, 12.947665], [77.643718, 12.947798], [77.64377, 12.948038], [77.643072, 12.94854], [77.642418, 12.949208], [77.641015, 12.950382], [77.640787, 12.950449], [77.640336, 12.95115], [77.639917, 12.951193], [77.639736, 12.951445], [77.640124, 12.95202], [77.640123, 12.952243], [77.640418, 12.952541], [77.640776, 12.953218], [77.641118, 12.953383], [77.641488, 12.953434], [77.641592, 12.95359], [77.642095, 12.953865], [77.642514, 12.953956], [77.644254, 12.953334], [77.644499, 12.951723], [77.645041, 12.949997], [77.645403, 12.949401], [77.646533, 12.947867], [77.646762, 12.947681], [77.647773, 12.947168], [77.648293, 12.9466], [77.648803, 12.946133], [77.649025, 12.946013], [77.649374, 12.947401], [77.649478, 12.947332], [77.649816, 12.947332], [77.654649, 12.947695], [77.655772, 12.947364], [77.659959, 12.947556], [77.662485, 12.94665], [77.662572, 12.946508], [77.662493, 12.944676], [77.662536, 12.944486], [77.664158, 12.944445], [77.664315, 12.944657], [77.664599, 12.945732], [77.66475, 12.94587], [77.666556, 12.946091], [77.666548, 12.946369], [77.668394, 12.94651], [77.668308, 12.946887], [77.669032, 12.946984], [77.669234, 12.947081], [77.669367, 12.946979], [77.670876, 12.947117], [77.670897, 12.947853], [77.672948, 12.947899], [77.672978, 12.948097], [77.675229, 12.948664], [77.678195, 12.948214], [77.680045, 12.948209], [77.6807, 12.948424], [77.687513, 12.949017], [77.688671, 12.949294], [77.689118, 12.949674], [77.689414, 12.950297], [77.689482, 12.951785], [77.68939, 12.95304], [77.689251, 12.953355], [77.689022, 12.953612], [77.687534, 12.955059], [77.689635, 12.95542], [77.689966, 12.954954], [77.690445, 12.954577], [77.690968, 12.953978], [77.690999, 12.953019], [77.690892, 12.952026], [77.691009, 12.951058], [77.692636, 12.949931], [77.692404, 12.94706]]]}}, {"type": "Feature", "properties": {"ward_name": "2 - Akash Ward", "Corporation": "North", "valley": "Hebbal Nagawara Valley", "subvalley": "HN_1", "Assembly": "150 - Yelahanka"}, "geometry": {"type": "MultiPolygon", "coordinates": [[[[77.625606, 13.104409], [77.62536, 13.103775], [77.625226, 13.103807], [77.624968, 13.103127], [77.62302, 13.103493], [77.622329, 13.103525], [77.622347, 13.104545], [77.62264, 13.106136], [77.622783, 13.106112], [77.622952, 13.107266], [77.622817, 13.10736], [77.622545, 13.107363], [77.621936, 13.10767], [77.621043, 13.107778], [77.621061, 13.107865], [77.620742, 13.108115], [77.620979, 13.108233], [77.621471, 13.108924], [77.622078, 13.110153], [77.623009, 13.110073], [77.624561, 13.110127], [77.625791, 13.110331], [77.625821, 13.110215], [77.626818, 13.110415], [77.627689, 13.110737], [77.630241, 13.111286], [77.628583, 13.109327], [77.628164, 13.108614], [77.627355, 13.107958], [77.626901, 13.106894], [77.626239, 13.106128], [77.626136, 13.105886], [77.626073, 13.105152], [77.62603, 13.105081], [77.625768, 13.105154], [77.625562, 13.104427], [77.625606, 13.104409]]], [[[77.599688, 13.097034], [77.598845, 13.098015], [77.60042, 13.103608], [77.599598, 13.103619], [77.599526, 13.104014], [77.599416, 13.104115], [77.59936, 13.104333], [77.599344, 13.104854], [77.599132, 13.104928], [77.59831, 13.104687], [77.597749, 13.104652], [77.597533, 13.10456], [77.597303, 13.104334], [77.596259, 13.104177], [77.596173, 13.104794], [77.595923, 13.105533], [77.595776, 13.105535], [77.595527, 13.106474], [77.59468, 13.108381], [77.59403, 13.109129], [77.593311, 13.110297], [77.592886, 13.110546], [77.591978, 13.111311], [77.591488, 13.111535], [77.590366, 13.112445], [77.590057, 13.112797], [77.589683, 13.112753], [77.588578, 13.112921], [77.587817, 13.112471], [77.587255, 13.113573], [77.586973, 13.114649], [77.585642, 13.125229], [77.585595, 13.125989], [77.585649, 13.126902], [77.586143, 13.129199], [77.58606, 13.129505], [77.586113, 13.129819], [77.585487, 13.132025], [77.585153, 13.131834], [77.584776, 13.132404], [77.585133, 13.132619], [77.585195, 13.132767], [77.585634, 13.1326], [77.585859, 13.132599], [77.585691, 13.133299], [77.586792, 13.13336], [77.589104, 13.133304], [77.596567, 13.132929], [77.599619, 13.132032], [77.601839, 13.134307], [77.604284, 13.13426], [77.612435, 13.133006], [77.614639, 13.131628], [77.615275, 13.1314], [77.615531, 13.131168], [77.615782, 13.131213], [77.6148, 13.128559], [77.613525, 13.124335], [77.613209, 13.123743], [77.612206, 13.120973], [77.61186, 13.118684], [77.611862, 13.117504], [77.612178, 13.117397], [77.611611, 13.114052], [77.610332, 13.111139], [77.612029, 13.111141], [77.612113, 13.110198], [77.612276, 13.109367], [77.611505, 13.109023], [77.611845, 13.108277], [77.61133, 13.108067], [77.611724, 13.106928], [77.612002, 13.106648], [77.612534, 13.106368], [77.612483, 13.106057], [77.610587, 13.105], [77.610458, 13.104546], [77.610488, 13.103942], [77.610633, 13.103956], [77.610644, 13.103425], [77.610267, 13.103411], [77.609864, 13.102565], [77.609232, 13.102534], [77.609132, 13.102085], [77.608289, 13.101999], [77.608049, 13.100655], [77.608008, 13.099432], [77.607677, 13.098886], [77.607502, 13.098087], [77.607311, 13.097635], [77.607448, 13.096136], [77.607681, 13.095456], [77.607823, 13.09476], [77.608098, 13.094447], [77.607531, 13.094421], [77.606017, 13.094062], [77.60611, 13.093608], [77.605981, 13.093452], [77.606327, 13.092813], [77.606636, 13.091997], [77.606505, 13.091885], [77.606808, 13.091246], [77.60709, 13.091279], [77.607749, 13.08952], [77.608044, 13.088365], [77.607019, 13.088191], [77.605929, 13.087695], [77.605631, 13.087386], [77.604145, 13.086835], [77.603461, 13.087776], [77.603399, 13.088363], [77.603215, 13.089086], [77.602528, 13.090341], [77.601469, 13.0918], [77.601202, 13.092333], [77.600865, 13.093221], [77.600842, 13.093858], [77.600711, 13.094518], [77.600208, 13.096111], [77.599688, 13.097034]]]]}}, {"type": "Feature", "properties": {"ward_name": "21 - Kogilu", "Corporation": "North", "valley": "Hebbal Nagawara Valley", "subvalley": "HN_2,HN_1", "Assembly": "152 - Byatarayanapura"}, "geometry": {"type": "Polygon", "coordinates": [[[77.608017, 13.100167], [77.608289, 13.101999], [77.609132, 13.102085], [77.609232, 13.102534], [77.609864, 13.102565], [77.610267, 13.103411], [77.610644, 13.103425], [77.610633, 13.103956], [77.610488, 13.103942], [77.610458, 13.104546], [77.610587, 13.105], [77.612483, 13.106057], [77.612534, 13.106368], [77.612002, 13.106648], [77.611724, 13.106928], [77.61133, 13.108067], [77.611845, 13.108277], [77.611505, 13.109023], [77.612276, 13.109367], [77.612113, 13.110198], [77.612029, 13.111141], [77.610332, 13.111139], [77.611611, 13.114052], [77.612178, 13.117397], [77.611862, 13.117504], [77.61186, 13.118684], [77.612206, 13.120973], [77.613209, 13.123743], [77.613525, 13.124335], [77.6148, 13.128559], [77.615782, 13.131213], [77.618403, 13.131601], [77.625213, 13.127948], [77.62587, 13.127462], [77.630603, 13.125944], [77.632252, 13.123253], [77.638616, 13.113423], [77.637701, 13.109805], [77.637471, 13.108417], [77.637033, 13.107403], [77.636951, 13.10638], [77.637026, 13.106363], [77.637021, 13.106269], [77.639321, 13.106025], [77.639969, 13.105857], [77.640761, 13.105802], [77.642238, 13.105486], [77.642962, 13.105532], [77.643854, 13.105735], [77.65032, 13.104656], [77.64912, 13.101686], [77.648854, 13.100347], [77.648454, 13.099158], [77.64789, 13.098162], [77.64735, 13.096454], [77.642697, 13.086886], [77.643464, 13.086686], [77.646524, 13.086276], [77.646603, 13.085152], [77.64552, 13.083392], [77.644514, 13.082238], [77.643605, 13.082664], [77.643557, 13.082988], [77.642576, 13.083428], [77.641837, 13.081889], [77.638759, 13.083347], [77.638007, 13.08351], [77.63464, 13.083936], [77.635646, 13.090074], [77.635851, 13.0917], [77.63594, 13.096006], [77.635177, 13.096833], [77.634582, 13.095226], [77.633541, 13.095433], [77.63297, 13.095659], [77.632863, 13.095768], [77.633461, 13.097023], [77.631503, 13.097988], [77.631995, 13.099143], [77.629763, 13.10004], [77.62922, 13.09886], [77.625282, 13.098108], [77.625196, 13.098334], [77.624089, 13.098052], [77.623259, 13.098604], [77.619677, 13.098134], [77.618416, 13.09803], [77.617371, 13.098044], [77.617212, 13.097845], [77.614047, 13.097476], [77.614053, 13.097422], [77.611327, 13.097419], [77.610679, 13.097727], [77.607525, 13.098192], [77.607677, 13.098886], [77.608008, 13.099432], [77.608017, 13.100167]], [[77.621609, 13.109195], [77.62112, 13.108396], [77.620979, 13.108233], [77.620742, 13.108115], [77.621061, 13.107865], [77.621043, 13.107778], [77.621936, 13.10767], [77.622545, 13.107363], [77.622817, 13.10736], [77.622952, 13.107266], [77.622783, 13.106112], [77.62264, 13.106136], [77.622347, 13.104545], [77.622329, 13.103525], [77.62302, 13.103493], [77.624968, 13.103127], [77.625226, 13.103807], [77.62536, 13.103775], [77.625575, 13.10431], [77.625768, 13.105154], [77.62603, 13.105081], [77.626073, 13.105152], [77.626136, 13.105886], [77.626239, 13.106128], [77.626901, 13.106894], [77.627355, 13.107958], [77.628164, 13.108614], [77.628583, 13.109327], [77.630241, 13.111286], [77.627689, 13.110737], [77.626818, 13.110415], [77.625821, 13.110215], [77.625791, 13.110331], [77.624561, 13.110127], [77.623009, 13.110073], [77.622078, 13.110153], [77.621609, 13.109195]]]}}, {"type": "Feature", "properties": {"ward_name": "25 - Vinayaka Layout", "Corporation": "West", "valley": "Vrishabhavati Valley", "subvalley": "VV_1", "Assembly": "154 - Rajarajeshwarinagar"}, "geometry": {"type": "Polygon", "coordinates": [[[77.511797, 12.955424], [77.511389, 12.955376], [77.508475, 12.9563], [77.508316, 12.95643], [77.506962, 12.957025], [77.505819, 12.957377], [77.504517, 12.957713], [77.503302, 12.957881], [77.504455, 12.960825], [77.505042, 12.963117], [77.505078, 12.963561], [77.504856, 12.96447], [77.504826, 12.965156], [77.504838, 12.965642], [77.504968, 12.966324], [77.506832, 12.970693], [77.507779, 12.972013], [77.508677, 12.973472], [77.50905, 12.974111], [77.509467, 12.975066], [77.510128, 12.977129], [77.510641, 12.979391], [77.510955, 12.980426], [77.51099, 12.981024], [77.513746, 12.980399], [77.516073, 12.980096], [77.51484, 12.978234], [77.514302, 12.977054], [77.514039, 12.9761], [77.513461, 12.974664], [77.515009, 12.974236], [77.515118, 12.97397], [77.514882, 12.972731], [77.514369, 12.971004], [77.514797, 12.970804], [77.515441, 12.970663], [77.515413, 12.970471], [77.516533, 12.970259], [77.516973, 12.970072], [77.517743, 12.969905], [77.517773, 12.96976], [77.517441, 12.969307], [77.517496, 12.969187], [77.517424, 12.968887], [77.51748, 12.968275], [77.518026, 12.967736], [77.518145, 12.967472], [77.517998, 12.967055], [77.517402, 12.966482], [77.517391, 12.966294], [77.517523, 12.965955], [77.518443, 12.965456], [77.518474, 12.965341], [77.518266, 12.964687], [77.518016, 12.964218], [77.517475, 12.963801], [77.517455, 12.963171], [77.517605, 12.962916], [77.517794, 12.962238], [77.517761, 12.961959], [77.517667, 12.961853], [77.517387, 12.961752], [77.516548, 12.961886], [77.516057, 12.961804], [77.515974, 12.960839], [77.515773, 12.960393], [77.515772, 12.960185], [77.515522, 12.959703], [77.514985, 12.959306], [77.51498, 12.95913], [77.514759, 12.958564], [77.514742, 12.958161], [77.514477, 12.957708], [77.514359, 12.957703], [77.514104, 12.958001], [77.51398, 12.957905], [77.513734, 12.95821], [77.513257, 12.958136], [77.5131, 12.958281], [77.512931, 12.958608], [77.512007, 12.959328], [77.511835, 12.959382], [77.511658, 12.959263], [77.511563, 12.958997], [77.51159, 12.958785], [77.511657, 12.958672], [77.511762, 12.958749], [77.51195, 12.95863], [77.512008, 12.958412], [77.511947, 12.957691], [77.511789, 12.957097], [77.512048, 12.956546], [77.511764, 12.955905], [77.511724, 12.955552], [77.511797, 12.955424]]]}}, {"type": "Feature", "properties": {"ward_name": "16 - Ullal", "Corporation": "West", "valley": "Vrishabhavati Valley", "subvalley": "VV_2", "Assembly": "153 - Yeshwanthapura"}, "geometry": {"type": "Polygon", "coordinates": [[[77.48462, 12.970815], [77.48418, 12.969646], [77.484424, 12.969431], [77.484643, 12.969077], [77.485364, 12.968258], [77.485391, 12.967868], [77.485092, 12.966731], [77.487742, 12.96611], [77.488156, 12.967577], [77.488089, 12.96796], [77.487808, 12.968601], [77.487767, 12.96895], [77.487894, 12.970288], [77.488095, 12.971368], [77.489904, 12.97061], [77.49155, 12.970068], [77.492309, 12.969969], [77.494488, 12.970407], [77.498048, 12.969765], [77.498512, 12.969569], [77.498195, 12.969116], [77.497694, 12.968579], [77.497039, 12.968077], [77.496783, 12.96771], [77.496778, 12.967537], [77.496995, 12.967278], [77.496833, 12.966816], [77.496683, 12.966854], [77.496315, 12.965576], [77.49645, 12.965117], [77.496877, 12.965037], [77.496935, 12.964649], [77.496709, 12.9643], [77.49649, 12.964417], [77.496388, 12.964379], [77.495974, 12.963941], [77.49568, 12.963428], [77.495178, 12.962197], [77.494668, 12.962436], [77.493248, 12.962806], [77.492936, 12.962849], [77.49256, 12.962778], [77.492441, 12.961284], [77.49219, 12.96075], [77.488204, 12.961097], [77.488127, 12.960791], [77.486528, 12.961476], [77.486387, 12.961095], [77.486403, 12.960835], [77.485853, 12.960035], [77.485698, 12.959473], [77.485506, 12.959234], [77.485567, 12.958952], [77.48544, 12.958563], [77.485208, 12.958125], [77.485117, 12.958126], [77.485017, 12.957874], [77.484693, 12.957577], [77.484811, 12.957186], [77.484413, 12.956908], [77.484536, 12.95664], [77.48453, 12.956389], [77.484385, 12.956343], [77.484368, 12.9562], [77.484508, 12.955454], [77.484694, 12.955309], [77.485624, 12.954963], [77.485556, 12.953925], [77.485635, 12.953466], [77.485512, 12.953036], [77.485218, 12.952843], [77.485127, 12.952699], [77.485016, 12.951596], [77.484942, 12.951425], [77.485631, 12.951355], [77.486081, 12.951209], [77.48857, 12.949501], [77.488905, 12.949476], [77.48665, 12.946038], [77.486133, 12.94539], [77.485678, 12.944611], [77.48518, 12.943678], [77.484841, 12.942098], [77.483225, 12.942007], [77.483153, 12.940994], [77.483391, 12.940759], [77.484295, 12.940405], [77.484606, 12.940097], [77.48357, 12.940124], [77.483549, 12.939825], [77.483366, 12.939741], [77.482296, 12.939583], [77.480615, 12.94016], [77.47961, 12.940366], [77.479536, 12.940294], [77.47939, 12.939234], [77.47884, 12.937508], [77.478357, 12.937562], [77.476273, 12.938309], [77.476403, 12.938629], [77.474736, 12.939915], [77.473875, 12.940215], [77.473252, 12.940334], [77.474258, 12.942182], [77.474745, 12.943422], [77.47507, 12.945469], [77.475536, 12.946993], [77.476279, 12.948823], [77.475524, 12.949117], [77.473703, 12.949212], [77.473058, 12.949328], [77.472731, 12.949266], [77.472433, 12.94955], [77.471059, 12.949586], [77.471122, 12.950725], [77.472142, 12.950869], [77.472512, 12.951601], [77.472513, 12.951806], [77.471549, 12.952236], [77.471637, 12.953767], [77.471891, 12.954346], [77.471995, 12.955043], [77.4721, 12.955055], [77.472474, 12.955949], [77.474538, 12.959459], [77.475041, 12.960446], [77.473666, 12.962009], [77.473187, 12.963395], [77.473241, 12.965704], [77.473495, 12.967308], [77.474823, 12.969591], [77.475006, 12.970107], [77.475081, 12.971593], [77.475085, 12.971502], [77.475517, 12.971448], [77.479006, 12.97116], [77.479167, 12.970938], [77.479804, 12.970658], [77.481249, 12.970358], [77.481634, 12.971329], [77.482446, 12.97107], [77.482738, 12.971504], [77.48462, 12.970815]]]}}, {"type": "Feature", "properties": {"ward_name": "24 - Jnana Bharathi Ward", "Corporation": "West", "valley": "Vrishabhavati Valley", "subvalley": "VV_2,VV_1", "Assembly": "154 - Rajarajeshwarinagar"}, "geometry": {"type": "Polygon", "coordinates": [[[77.49633, 12.960831], [77.49601, 12.959021], [77.497075, 12.958838], [77.497022, 12.958468], [77.497495, 12.95859], [77.498244, 12.958394], [77.499229, 12.958061], [77.50004, 12.957623], [77.500187, 12.957791], [77.50051, 12.958843], [77.500731, 12.958788], [77.501323, 12.958362], [77.501739, 12.958168], [77.503184, 12.957611], [77.503302, 12.957881], [77.505181, 12.957558], [77.506962, 12.957025], [77.508316, 12.95643], [77.508475, 12.9563], [77.511389, 12.955376], [77.511797, 12.955424], [77.511997, 12.955072], [77.512149, 12.955037], [77.512185, 12.954655], [77.511888, 12.954215], [77.511535, 12.953935], [77.511286, 12.953831], [77.511218, 12.953646], [77.511188, 12.952737], [77.511463, 12.951702], [77.511129, 12.951083], [77.511058, 12.950043], [77.511194, 12.949826], [77.511394, 12.949749], [77.511701, 12.949355], [77.512439, 12.948864], [77.512744, 12.948576], [77.512837, 12.948318], [77.512689, 12.948011], [77.51272, 12.947907], [77.513928, 12.947407], [77.515009, 12.946825], [77.516058, 12.945488], [77.516771, 12.944939], [77.517013, 12.94449], [77.516904, 12.944136], [77.516797, 12.944072], [77.516253, 12.94409], [77.516042, 12.943878], [77.515889, 12.943445], [77.515858, 12.942655], [77.515629, 12.942306], [77.515625, 12.942171], [77.515378, 12.942072], [77.514951, 12.942049], [77.514789, 12.942129], [77.514656, 12.942056], [77.514718, 12.941324], [77.514449, 12.94058], [77.514582, 12.940455], [77.514667, 12.940204], [77.514599, 12.939685], [77.514272, 12.939396], [77.513877, 12.93874], [77.513434, 12.93853], [77.513077, 12.93853], [77.512794, 12.938363], [77.512716, 12.938215], [77.512786, 12.937951], [77.512757, 12.937414], [77.513538, 12.936465], [77.513832, 12.935788], [77.512346, 12.935346], [77.511165, 12.934904], [77.509483, 12.933578], [77.508262, 12.932466], [77.506918, 12.931647], [77.506271, 12.931112], [77.505943, 12.930422], [77.505454, 12.92972], [77.504653, 12.929411], [77.503945, 12.929251], [77.503576, 12.92902], [77.50326, 12.928721], [77.502521, 12.927782], [77.500028, 12.926004], [77.499205, 12.925235], [77.498902, 12.925988], [77.498672, 12.927375], [77.498598, 12.928509], [77.49869, 12.930704], [77.498625, 12.930907], [77.499144, 12.930803], [77.499356, 12.931881], [77.499549, 12.932454], [77.500079, 12.935366], [77.499143, 12.935711], [77.499684, 12.938026], [77.499534, 12.938144], [77.499404, 12.938414], [77.497201, 12.939943], [77.49719, 12.940052], [77.497758, 12.941321], [77.499417, 12.943813], [77.499484, 12.943794], [77.499539, 12.944044], [77.499823, 12.943966], [77.49993, 12.944455], [77.500308, 12.944315], [77.500741, 12.946656], [77.498561, 12.947332], [77.496769, 12.94744], [77.496726, 12.947288], [77.492666, 12.947707], [77.490717, 12.947591], [77.490598, 12.947346], [77.490459, 12.947415], [77.488612, 12.949062], [77.488905, 12.949476], [77.48857, 12.949501], [77.486081, 12.951209], [77.485631, 12.951355], [77.484942, 12.951425], [77.485016, 12.951596], [77.485127, 12.952699], [77.485218, 12.952843], [77.485512, 12.953036], [77.485635, 12.953466], [77.485556, 12.953925], [77.485624, 12.954963], [77.484578, 12.955367], [77.484489, 12.955504], [77.484368, 12.9562], [77.484385, 12.956343], [77.484534, 12.956438], [77.484536, 12.95664], [77.484413, 12.956908], [77.484811, 12.957186], [77.484693, 12.957577], [77.485017, 12.957874], [77.485117, 12.958126], [77.485208, 12.958125], [77.48544, 12.958563], [77.485567, 12.958952], [77.485506, 12.959234], [77.485698, 12.959473], [77.485853, 12.960035], [77.486403, 12.960835], [77.486387, 12.961095], [77.486528, 12.961476], [77.488127, 12.960791], [77.488204, 12.961097], [77.49219, 12.96075], [77.492441, 12.961284], [77.49256, 12.962778], [77.493043, 12.962845], [77.494668, 12.962436], [77.495178, 12.962197], [77.495281, 12.962524], [77.496286, 12.962321], [77.496182, 12.961857], [77.497308, 12.961647], [77.497151, 12.960662], [77.49633, 12.960831]]]}}, {"type": "Feature", "properties": {"ward_name": "46 - Cheluvadi Palya", "Corporation": "Central", "valley": "Vrishabhavati Valley", "subvalley": "VV_1", "Assembly": "168 - Chamrajapet"}, "geometry": {"type": "Polygon", "coordinates": [[[77.566174, 12.962836], [77.566025, 12.963474], [77.566134, 12.964074], [77.565511, 12.96411], [77.565662, 12.965125], [77.565198, 12.965152], [77.565522, 12.966569], [77.565495, 12.966735], [77.566263, 12.966737], [77.566431, 12.967152], [77.567019, 12.966956], [77.567751, 12.966975], [77.567738, 12.967186], [77.56794, 12.967184], [77.56787, 12.968213], [77.570224, 12.967956], [77.57003, 12.964193], [77.568277, 12.963616], [77.568227, 12.963803], [77.567604, 12.963477], [77.567463, 12.963305], [77.566174, 12.962836]]]}}, {"type": "Feature", "properties": {"ward_name": "43 - Devaraj Urs Ward", "Corporation": "Central", "valley": "Vrishabhavati Valley", "subvalley": "VV_1", "Assembly": "169 - Chickpet"}, "geometry": {"type": "Polygon", "coordinates": [[[77.564239, 12.948519], [77.562772, 12.949111], [77.562354, 12.948939], [77.561495, 12.949258], [77.561495, 12.949356], [77.562121, 12.949909], [77.562272, 12.950358], [77.562293, 12.95081], [77.561794, 12.95165], [77.561692, 12.953368], [77.562296, 12.953409], [77.562744, 12.953757], [77.563429, 12.953946], [77.563355, 12.956987], [77.567405, 12.957095], [77.567586, 12.952822], [77.566608, 12.952789], [77.56636, 12.950771], [77.567672, 12.950641], [77.567769, 12.947333], [77.564217, 12.947287], [77.564239, 12.948519]]]}}, {"type": "Feature", "properties": {"ward_name": "13 - Kodigehalli", "Corporation": "North", "valley": "Hebbal Nagawara Valley", "subvalley": "HN_1", "Assembly": "152 - Byatarayanapura"}, "geometry": {"type": "Polygon", "coordinates": [[[77.575958, 13.047442], [77.570166, 13.047078], [77.569029, 13.046877], [77.566129, 13.046601], [77.56575, 13.046512], [77.564929, 13.046148], [77.564145, 13.045593], [77.567028, 13.050756], [77.569038, 13.054059], [77.571983, 13.059405], [77.573035, 13.06078], [77.574141, 13.061792], [77.575784, 13.062886], [77.576057, 13.061798], [77.57646, 13.060722], [77.576514, 13.060253], [77.57668, 13.059887], [77.576807, 13.059817], [77.577553, 13.05971], [77.581047, 13.058883], [77.583983, 13.058533], [77.583828, 13.058145], [77.581969, 13.058381], [77.581634, 13.057464], [77.579744, 13.058193], [77.57896, 13.056387], [77.576827, 13.057349], [77.576123, 13.055248], [77.575717, 13.054546], [77.574903, 13.052589], [77.574791, 13.051959], [77.57475, 13.051397], [77.574839, 13.05088], [77.575142, 13.050306], [77.575752, 13.049597], [77.57601, 13.04847], [77.575958, 13.047442]]]}}, {"type": "Feature", "properties": {"ward_name": "16 - Kotthur", "Corporation": "East", "valley": "Koramangala Challaghatta Valley,Hebbal Nagawara Valley", "subvalley": "KC_2,HN_2", "Assembly": "151 - K.R. Pura"}, "geometry": {"type": "Polygon", "coordinates": [[[77.671521, 13.006876], [77.670712, 13.006942], [77.670699, 13.007054], [77.670835, 13.007601], [77.670884, 13.008678], [77.6696, 13.008727], [77.669687, 13.009298], [77.669941, 13.009264], [77.670052, 13.009869], [77.667684, 13.010235], [77.66782, 13.011115], [77.66943, 13.010866], [77.669578, 13.011802], [77.670868, 13.011632], [77.675726, 13.0114], [77.676349, 13.011394], [77.678069, 13.011693], [77.678847, 13.011698], [77.680122, 13.01129], [77.680993, 13.010872], [77.682164, 13.009876], [77.683457, 13.007816], [77.685021, 13.005111], [77.682326, 13.003617], [77.683405, 13.001661], [77.683187, 13.000547], [77.67887, 13.000601], [77.677111, 13.000741], [77.676983, 13.002542], [77.676887, 13.002961], [77.676901, 13.00322], [77.677105, 13.003554], [77.677152, 13.003775], [77.677097, 13.005084], [77.675689, 13.005475], [77.675678, 13.005614], [77.675247, 13.005418], [77.675149, 13.005471], [77.674826, 13.00642], [77.674425, 13.006848], [77.674608, 13.007225], [77.674433, 13.007306], [77.674102, 13.007234], [77.672941, 13.00721], [77.672944, 13.00691], [77.671521, 13.006876]]]}}, {"type": "Feature", "properties": {"ward_name": "14 - K.R Pura", "Corporation": "East", "valley": "Hebbal Nagawara Valley", "subvalley": "HN_2", "Assembly": "151 - K.R. Pura"}, "geometry": {"type": "Polygon", "coordinates": [[[77.700283, 13.014499], [77.699262, 13.012464], [77.700792, 13.011902], [77.700737, 13.0117], [77.700959, 13.010864], [77.701163, 13.010399], [77.699242, 13.009659], [77.698615, 13.009271], [77.699211, 13.009064], [77.699062, 13.008662], [77.698931, 13.008604], [77.698165, 13.007134], [77.69775, 13.007338], [77.697189, 13.006562], [77.695918, 13.004141], [77.695554, 13.003252], [77.695332, 13.003114], [77.695232, 13.002663], [77.692842, 13.002825], [77.692484, 13.008175], [77.692948, 13.00822], [77.693131, 13.010056], [77.693342, 13.010993], [77.693479, 13.011312], [77.693586, 13.011293], [77.693769, 13.012286], [77.695059, 13.012055], [77.696101, 13.011761], [77.69672, 13.012279], [77.696738, 13.013011], [77.696843, 13.013614], [77.697114, 13.014841], [77.697507, 13.016082], [77.696633, 13.016278], [77.696153, 13.016314], [77.695384, 13.016172], [77.695545, 13.016604], [77.696604, 13.018294], [77.696865, 13.0184], [77.697893, 13.017892], [77.701152, 13.017617], [77.704355, 13.017018], [77.702, 13.016049], [77.701472, 13.01573], [77.700758, 13.015164], [77.700283, 13.014499]]]}}, {"type": "Feature", "properties": {"ward_name": "64 - Shivanagara", "Corporation": "West", "valley": "Vrishabhavati Valley", "subvalley": "VV_1", "Assembly": "165 - Rajajinagar"}, "geometry": {"type": "Polygon", "coordinates": [[[77.550637, 12.990086], [77.550045, 12.98831], [77.549327, 12.988954], [77.549209, 12.989143], [77.549081, 12.989074], [77.548819, 12.989159], [77.548634, 12.988334], [77.547128, 12.988839], [77.546658, 12.987434], [77.547235, 12.987336], [77.547202, 12.986371], [77.546272, 12.986508], [77.546308, 12.986587], [77.545463, 12.986769], [77.54566, 12.9895], [77.546001, 12.991043], [77.546063, 12.991667], [77.547141, 12.991918], [77.547138, 12.99206], [77.54737, 12.992143], [77.547241, 12.99342], [77.551076, 12.993462], [77.550973, 12.991388], [77.550637, 12.990086]]]}}, {"type": "Feature", "properties": {"ward_name": "36 - Beguru", "Corporation": "South", "valley": "Koramangala Challaghatta Valley", "subvalley": "KC_1", "Assembly": "176 - Bangalore South"}, "geometry": {"type": "Polygon", "coordinates": [[[77.622309, 12.873326], [77.621719, 12.873417], [77.6224, 12.874506], [77.622945, 12.874432], [77.623667, 12.874057], [77.624066, 12.874017], [77.624291, 12.875822], [77.62483, 12.875817], [77.624781, 12.876042], [77.624869, 12.876506], [77.624788, 12.877277], [77.624528, 12.877309], [77.624377, 12.877178], [77.62206, 12.877316], [77.621296, 12.877568], [77.621232, 12.877717], [77.620214, 12.877903], [77.619229, 12.877983], [77.619023, 12.877578], [77.618259, 12.877366], [77.617696, 12.876429], [77.6176, 12.876697], [77.61757, 12.877167], [77.617704, 12.877454], [77.618038, 12.877802], [77.618114, 12.878521], [77.618316, 12.878915], [77.617884, 12.878966], [77.617917, 12.879264], [77.618233, 12.879564], [77.618467, 12.880394], [77.61858, 12.880568], [77.618706, 12.881228], [77.617619, 12.88169], [77.617719, 12.882047], [77.617783, 12.883116], [77.617728, 12.883863], [77.61785, 12.884747], [77.618215, 12.884749], [77.618769, 12.886919], [77.619194, 12.888039], [77.619904, 12.888874], [77.621041, 12.888723], [77.621377, 12.888603], [77.621471, 12.888856], [77.623658, 12.888562], [77.624473, 12.888619], [77.625556, 12.888563], [77.625537, 12.888393], [77.625603, 12.888395], [77.625547, 12.886638], [77.625331, 12.885692], [77.624924, 12.884571], [77.624755, 12.881984], [77.627774, 12.881638], [77.627627, 12.880464], [77.627328, 12.880498], [77.627226, 12.879423], [77.626897, 12.87782], [77.630167, 12.87826], [77.631112, 12.878284], [77.631567, 12.878433], [77.632477, 12.878544], [77.632556, 12.878311], [77.632888, 12.878018], [77.632923, 12.877844], [77.632786, 12.87617], [77.632931, 12.875662], [77.633006, 12.875571], [77.633135, 12.875569], [77.633934, 12.87423], [77.632844, 12.87268], [77.632513, 12.872355], [77.632217, 12.872372], [77.6317, 12.870764], [77.631898, 12.870011], [77.631873, 12.869877], [77.631632, 12.869338], [77.631346, 12.868358], [77.630637, 12.86845], [77.63018, 12.867469], [77.630198, 12.866486], [77.629182, 12.865921], [77.628055, 12.865573], [77.625877, 12.864375], [77.622987, 12.862561], [77.620436, 12.86074], [77.619362, 12.860062], [77.616974, 12.860328], [77.617267, 12.861692], [77.616969, 12.862907], [77.616654, 12.863828], [77.617723, 12.86459], [77.618445, 12.865223], [77.61967, 12.866004], [77.620582, 12.8671], [77.62177, 12.869396], [77.622182, 12.869519], [77.622054, 12.870062], [77.62181, 12.870343], [77.62167, 12.870704], [77.621752, 12.871305], [77.621951, 12.871971], [77.622376, 12.872622], [77.622309, 12.873326]]]}}, {"type": "Feature", "properties": {"ward_name": "5 - Hoysala Nagara East", "Corporation": "East", "valley": "Hebbal Nagawara Valley", "subvalley": "HN_2", "Assembly": "151 - K.R. Pura"}, "geometry": {"type": "Polygon", "coordinates": [[[77.675661, 13.01815], [77.675502, 13.017247], [77.675113, 13.017345], [77.674905, 13.016482], [77.673085, 13.01653], [77.673185, 13.016815], [77.672997, 13.016891], [77.673352, 13.017766], [77.672288, 13.018108], [77.671967, 13.018288], [77.670554, 13.017572], [77.670613, 13.017337], [77.67043, 13.016364], [77.671042, 13.016362], [77.670851, 13.015574], [77.672094, 13.015433], [77.672302, 13.015934], [77.673514, 13.015454], [77.673659, 13.01572], [77.674162, 13.015544], [77.67385, 13.01473], [77.673564, 13.013137], [77.673567, 13.011524], [77.670868, 13.011632], [77.669707, 13.011777], [77.669908, 13.014438], [77.670065, 13.014423], [77.670098, 13.014937], [77.668195, 13.015107], [77.666905, 13.015355], [77.665696, 13.014907], [77.66458, 13.014098], [77.663944, 13.013747], [77.663536, 13.013361], [77.663111, 13.013297], [77.66287, 13.018672], [77.662678, 13.019907], [77.661994, 13.021621], [77.661492, 13.022558], [77.659473, 13.024933], [77.661099, 13.026767], [77.661487, 13.027392], [77.662053, 13.027648], [77.663826, 13.028785], [77.664295, 13.02823], [77.666033, 13.02652], [77.668198, 13.025091], [77.668968, 13.02432], [77.670318, 13.022763], [77.67058, 13.02255], [77.673991, 13.020289], [77.676144, 13.019274], [77.675661, 13.01815]]]}}, {"type": "Feature", "properties": {"ward_name": "7 - Byrasandra", "Corporation": "South", "valley": "Koramangala Challaghatta Valley,Vrishabhavati Valley", "subvalley": "KC_1,VV_1", "Assembly": "173 - Jayanagar"}, "geometry": {"type": "Polygon", "coordinates": [[[77.579617, 12.933045], [77.584861, 12.9329], [77.584909, 12.936633], [77.585731, 12.936604], [77.586272, 12.936399], [77.586709, 12.93587], [77.587749, 12.935166], [77.588729, 12.93555], [77.589135, 12.935811], [77.589623, 12.935524], [77.589937, 12.9355], [77.590116, 12.936321], [77.590556, 12.936128], [77.591042, 12.93667], [77.591306, 12.936494], [77.591741, 12.936339], [77.5927, 12.936205], [77.592685, 12.934276], [77.591158, 12.934306], [77.591005, 12.933717], [77.590646, 12.933445], [77.590425, 12.93347], [77.59014, 12.932315], [77.589483, 12.932587], [77.588471, 12.931259], [77.588804, 12.931018], [77.589077, 12.930989], [77.589825, 12.930602], [77.589477, 12.930027], [77.590859, 12.929285], [77.590639, 12.929013], [77.590266, 12.928725], [77.590282, 12.928591], [77.589434, 12.928588], [77.589044, 12.927836], [77.58891, 12.927743], [77.587983, 12.927821], [77.587539, 12.928107], [77.587365, 12.928399], [77.587759, 12.9298], [77.587033, 12.929859], [77.587082, 12.930753], [77.583877, 12.930813], [77.583832, 12.928687], [77.582755, 12.928713], [77.582753, 12.929632], [77.581767, 12.928726], [77.581791, 12.926373], [77.589625, 12.926241], [77.589565, 12.92247], [77.585941, 12.922506], [77.585957, 12.923352], [77.579702, 12.923431], [77.579617, 12.933045]]]}}, {"type": "Feature", "properties": {"ward_name": "15 - Ramamurthy Nagara", "Corporation": "East", "valley": "Hebbal Nagawara Valley", "subvalley": "HN_2", "Assembly": "151 - K.R. Pura"}, "geometry": {"type": "Polygon", "coordinates": [[[77.670554, 13.017572], [77.671967, 13.018288], [77.672288, 13.018108], [77.673352, 13.017766], [77.672997, 13.016891], [77.673185, 13.016815], [77.673085, 13.01653], [77.681659, 13.016226], [77.68174, 13.016622], [77.683318, 13.016331], [77.68326, 13.016126], [77.684049, 13.01611], [77.684066, 13.016168], [77.685596, 13.015885], [77.685563, 13.015666], [77.685641, 13.015469], [77.685563, 13.015148], [77.685853, 13.014862], [77.685366, 13.013807], [77.685288, 13.013339], [77.685492, 13.012884], [77.686217, 13.012033], [77.686935, 13.011475], [77.686401, 13.011014], [77.685756, 13.011014], [77.685332, 13.01132], [77.683023, 13.011265], [77.681641, 13.010774], [77.680993, 13.010872], [77.680122, 13.01129], [77.678847, 13.011698], [77.678069, 13.011693], [77.676349, 13.011394], [77.673567, 13.011524], [77.673564, 13.013137], [77.67385, 13.01473], [77.674162, 13.015544], [77.673659, 13.01572], [77.673514, 13.015454], [77.672302, 13.015934], [77.672094, 13.015433], [77.670851, 13.015574], [77.671042, 13.016362], [77.67043, 13.016364], [77.670613, 13.017337], [77.670554, 13.017572]]]}}, {"type": "Feature", "properties": {"ward_name": "5 - Shivajinagar", "Corporation": "Central", "valley": "Koramangala Challaghatta Valley", "subvalley": "KC_1", "Assembly": "162 - Shivajinagar"}, "geometry": {"type": "Polygon", "coordinates": [[[77.607139, 12.986796], [77.607758, 12.98668], [77.608243, 12.986474], [77.608784, 12.98597], [77.609152, 12.985728], [77.61004, 12.985494], [77.610228, 12.985293], [77.6104, 12.984765], [77.610087, 12.983212], [77.61064, 12.983056], [77.611001, 12.983601], [77.611687, 12.984254], [77.611869, 12.984544], [77.612055, 12.984561], [77.612466, 12.984201], [77.612795, 12.983049], [77.612966, 12.982893], [77.610905, 12.98069], [77.610062, 12.980958], [77.608729, 12.977165], [77.608774, 12.977151], [77.602321, 12.979237], [77.598323, 12.980577], [77.598866, 12.982119], [77.598878, 12.982472], [77.598781, 12.982861], [77.598541, 12.983281], [77.597796, 12.983974], [77.601628, 12.984643], [77.60182, 12.984784], [77.603573, 12.98515], [77.603578, 12.986099], [77.602841, 12.986202], [77.603102, 12.987955], [77.603191, 12.988094], [77.603037, 12.988276], [77.603179, 12.988412], [77.603199, 12.988616], [77.603973, 12.988564], [77.603921, 12.989304], [77.603772, 12.990069], [77.6046, 12.990172], [77.60472, 12.989475], [77.604657, 12.98902], [77.604509, 12.988961], [77.604468, 12.988532], [77.605004, 12.988476], [77.605238, 12.988368], [77.605457, 12.989154], [77.605641, 12.989234], [77.605368, 12.989968], [77.605364, 12.99015], [77.606393, 12.990151], [77.607162, 12.99032], [77.607035, 12.988921], [77.607139, 12.986796]]]}}, {"type": "Feature", "properties": {"ward_name": "29 - Kormangala West", "Corporation": "South", "valley": "Koramangala Challaghatta Valley", "subvalley": "KC_1", "Assembly": "172 - B.T.M Layout"}, "geometry": {"type": "Polygon", "coordinates": [[[77.610822, 12.943678], [77.611539, 12.943432], [77.612108, 12.943361], [77.613124, 12.943049], [77.613297, 12.94292], [77.614261, 12.942571], [77.615261, 12.942035], [77.61466, 12.941007], [77.615122, 12.940363], [77.615845, 12.939958], [77.615798, 12.939827], [77.617985, 12.939245], [77.617312, 12.936319], [77.616256, 12.936246], [77.615676, 12.936059], [77.615289, 12.935849], [77.616225, 12.934475], [77.616602, 12.934133], [77.618158, 12.933526], [77.619181, 12.933719], [77.622521, 12.933506], [77.623427, 12.933559], [77.622563, 12.931776], [77.621979, 12.930312], [77.621014, 12.927529], [77.629023, 12.924203], [77.629454, 12.924187], [77.630411, 12.924306], [77.63402, 12.92492], [77.633957, 12.924078], [77.633665, 12.922294], [77.633018, 12.920745], [77.632931, 12.920764], [77.632507, 12.919963], [77.632105, 12.918643], [77.628837, 12.919584], [77.628815, 12.91934], [77.628933, 12.919311], [77.628575, 12.918006], [77.625001, 12.918999], [77.624101, 12.919047], [77.623822, 12.918285], [77.623028, 12.918501], [77.622792, 12.918228], [77.622237, 12.918077], [77.617341, 12.925772], [77.613835, 12.931617], [77.612232, 12.934489], [77.608296, 12.941949], [77.608904, 12.942115], [77.60897, 12.942859], [77.608864, 12.943291], [77.608858, 12.943729], [77.609806, 12.943722], [77.609864, 12.944043], [77.610665, 12.943806], [77.610822, 12.943678]]]}}, {"type": "Feature", "properties": {"ward_name": "41 - V.V Puram", "Corporation": "Central", "valley": "Koramangala Challaghatta Valley,Vrishabhavati Valley", "subvalley": "KC_1,VV_1", "Assembly": "169 - Chickpet"}, "geometry": {"type": "Polygon", "coordinates": [[[77.573796, 12.944547], [77.573698, 12.95317], [77.573529, 12.957358], [77.577306, 12.956291], [77.578824, 12.955552], [77.579621, 12.955244], [77.580105, 12.956605], [77.580144, 12.958962], [77.582716, 12.957399], [77.582432, 12.954775], [77.580761, 12.954996], [77.580095, 12.955153], [77.579975, 12.951304], [77.580073, 12.94214], [77.579244, 12.942118], [77.579271, 12.94058], [77.577782, 12.940582], [77.57775, 12.942563], [77.578881, 12.942554], [77.57886, 12.943657], [77.577738, 12.943619], [77.577718, 12.943957], [77.577485, 12.944278], [77.577243, 12.944382], [77.577066, 12.944364], [77.576839, 12.944546], [77.573796, 12.944547]]]}}, {"type": "Feature", "properties": {"ward_name": "8 - Tilak Nagara", "Corporation": "South", "valley": "Koramangala Challaghatta Valley,Vrishabhavati Valley", "subvalley": "KC_1,VV_1", "Assembly": "173 - Jayanagar"}, "geometry": {"type": "Polygon", "coordinates": [[[77.599941, 12.926032], [77.598946, 12.92624], [77.59769, 12.926108], [77.597667, 12.925582], [77.597109, 12.92538], [77.597066, 12.924193], [77.593497, 12.924214], [77.593456, 12.923188], [77.589582, 12.923275], [77.589625, 12.926241], [77.581791, 12.926373], [77.581767, 12.928726], [77.582753, 12.929632], [77.582755, 12.928713], [77.583832, 12.928687], [77.583877, 12.930813], [77.587082, 12.930753], [77.587033, 12.929859], [77.587759, 12.9298], [77.587346, 12.928481], [77.58743, 12.928268], [77.587643, 12.928011], [77.587983, 12.927821], [77.58891, 12.927743], [77.589044, 12.927836], [77.589434, 12.928588], [77.590282, 12.928591], [77.590266, 12.928725], [77.590639, 12.929013], [77.590859, 12.929285], [77.589477, 12.930027], [77.589825, 12.930602], [77.589077, 12.930989], [77.588804, 12.931018], [77.588471, 12.931259], [77.589483, 12.932587], [77.59014, 12.932315], [77.590425, 12.93347], [77.590646, 12.933445], [77.591005, 12.933717], [77.591158, 12.934306], [77.592685, 12.934276], [77.592498, 12.928475], [77.600496, 12.928295], [77.600404, 12.925464], [77.599921, 12.925488], [77.599941, 12.926032]]]}}, {"type": "Feature", "properties": {"ward_name": "23 - Jogpalya", "Corporation": "Central", "valley": "Koramangala Challaghatta Valley", "subvalley": "KC_1", "Assembly": "163 - Shanthinagar"}, "geometry": {"type": "Polygon", "coordinates": [[[77.63598, 12.969028], [77.636002, 12.971674], [77.633905, 12.970888], [77.634022, 12.970476], [77.633756, 12.970384], [77.633002, 12.968784], [77.631164, 12.968493], [77.628961, 12.968453], [77.628931, 12.968232], [77.626572, 12.968159], [77.626468, 12.970256], [77.626013, 12.970936], [77.62558, 12.97215], [77.6281, 12.973799], [77.626981, 12.974514], [77.627823, 12.975718], [77.629649, 12.974209], [77.629519, 12.97397], [77.630161, 12.973671], [77.630483, 12.973441], [77.63275, 12.973194], [77.633159, 12.973247], [77.633021, 12.973773], [77.633528, 12.974743], [77.633405, 12.975902], [77.633683, 12.975769], [77.635581, 12.975355], [77.635686, 12.975984], [77.63749, 12.975972], [77.640953, 12.976102], [77.641324, 12.968613], [77.637309, 12.968302], [77.637094, 12.966803], [77.636207, 12.968424], [77.63598, 12.969028]]]}}, {"type": "Feature", "properties": {"ward_name": "65 - Manjunath Nagara", "Corporation": "West", "valley": "Vrishabhavati Valley", "subvalley": "VV_1", "Assembly": "165 - Rajajinagar"}, "geometry": {"type": "Polygon", "coordinates": [[[77.543938, 12.997218], [77.54455, 12.99731], [77.544688, 12.997613], [77.545386, 12.997453], [77.546618, 12.997417], [77.550282, 12.997587], [77.551021, 12.994398], [77.551076, 12.993462], [77.549007, 12.993478], [77.545777, 12.993381], [77.545706, 12.994095], [77.545881, 12.994819], [77.545292, 12.994941], [77.54527, 12.995183], [77.544303, 12.995428], [77.544374, 12.996065], [77.544073, 12.996218], [77.544189, 12.996816], [77.544173, 12.996883], [77.544002, 12.996896], [77.543938, 12.997218]]]}}, {"type": "Feature", "properties": {"ward_name": "66 - Sane Guruvana Halli", "Corporation": "West", "valley": "Vrishabhavati Valley", "subvalley": "VV_1", "Assembly": "165 - Rajajinagar"}, "geometry": {"type": "Polygon", "coordinates": [[[77.540543, 12.989291], [77.541217, 12.989162], [77.541102, 12.98973], [77.541041, 12.991232], [77.541409, 12.991182], [77.541561, 12.992185], [77.542138, 12.992089], [77.542252, 12.993252], [77.542537, 12.994], [77.542509, 12.99509], [77.542872, 12.995062], [77.542877, 12.995195], [77.543576, 12.995112], [77.545087, 12.994685], [77.545787, 12.994565], [77.545704, 12.993964], [77.545777, 12.993381], [77.547241, 12.99342], [77.54737, 12.992143], [77.547138, 12.99206], [77.547141, 12.991918], [77.546063, 12.991667], [77.546001, 12.991043], [77.54566, 12.9895], [77.54562, 12.988707], [77.542515, 12.988927], [77.542294, 12.987381], [77.540519, 12.988286], [77.540543, 12.989291]]]}}, {"type": "Feature", "properties": {"ward_name": "77 - Maruthi Mandira Ward", "Corporation": "West", "valley": "Vrishabhavati Valley", "subvalley": "VV_1", "Assembly": "166 - Govindraj Nagar"}, "geometry": {"type": "Polygon", "coordinates": [[[77.526434, 12.964598], [77.526368, 12.964999], [77.526394, 12.965434], [77.52564, 12.965647], [77.525751, 12.9662], [77.52634, 12.966015], [77.526479, 12.966597], [77.525909, 12.966746], [77.526001, 12.966995], [77.525866, 12.967068], [77.52501, 12.967347], [77.523885, 12.967582], [77.52448, 12.968828], [77.524622, 12.969359], [77.524644, 12.96988], [77.524961, 12.970758], [77.525663, 12.970728], [77.526453, 12.970552], [77.526577, 12.970619], [77.527541, 12.9704], [77.5275, 12.970167], [77.527729, 12.970123], [77.527827, 12.970434], [77.528533, 12.969981], [77.528379, 12.969523], [77.528272, 12.968224], [77.529336, 12.968214], [77.529388, 12.968272], [77.529726, 12.969916], [77.530794, 12.969689], [77.530573, 12.96868], [77.531721, 12.968483], [77.532642, 12.968581], [77.536194, 12.967519], [77.534689, 12.964384], [77.534312, 12.96452], [77.533111, 12.964748], [77.532482, 12.964668], [77.530627, 12.964627], [77.529497, 12.964938], [77.526434, 12.964598]]]}}, {"type": "Feature", "properties": {"ward_name": "34 - Subbayanapalya", "Corporation": "North", "valley": "Hebbal Nagawara Valley", "subvalley": "HN_2,HN_1", "Assembly": "160 - Sarvagnanagar"}, "geometry": {"type": "Polygon", "coordinates": [[[77.636037, 13.006221], [77.635716, 13.007057], [77.635174, 13.010877], [77.636173, 13.010878], [77.638692, 13.010672], [77.638776, 13.011228], [77.639606, 13.011114], [77.639576, 13.011512], [77.640078, 13.011413], [77.641162, 13.0116], [77.641932, 13.01183], [77.642084, 13.010794], [77.641923, 13.010134], [77.641888, 13.008269], [77.643052, 13.008945], [77.643061, 13.007907], [77.643753, 13.007867], [77.643405, 13.006298], [77.641094, 13.006051], [77.640111, 13.005846], [77.63882, 13.005441], [77.638068, 13.005438], [77.637593, 13.005172], [77.636646, 13.004227], [77.636178, 13.004155], [77.63614, 13.004727], [77.636047, 13.004835], [77.636104, 13.00586], [77.636037, 13.006221]]]}}, {"type": "Feature", "properties": {"ward_name": "20 - Hemmigepura", "Corporation": "West", "valley": "Vrishabhavati Valley", "subvalley": "VV_2,VV_1", "Assembly": "153 - Yeshwanthapura"}, "geometry": {"type": "Polygon", "coordinates": [[[77.47485, 12.880277], [77.474824, 12.880048], [77.474865, 12.880416], [77.474865, 12.880416], [77.474865, 12.880417], [77.474865, 12.880416], [77.474865, 12.880417], [77.474865, 12.880417], [77.474943, 12.880677], [77.475158, 12.88095], [77.476183, 12.881682], [77.477355, 12.882748], [77.478507, 12.884107], [77.478902, 12.88445], [77.479018, 12.884683], [77.478885, 12.88524], [77.478876, 12.885624], [77.4789, 12.885562], [77.4789, 12.885562], [77.478876, 12.885624], [77.478839, 12.885699], [77.478752, 12.885823], [77.478767, 12.88612], [77.478945, 12.886205], [77.479336, 12.886227], [77.480141, 12.885947], [77.481126, 12.88595], [77.482078, 12.885756], [77.482495, 12.885752], [77.482633, 12.885763], [77.48285, 12.885946], [77.482967, 12.886292], [77.482509, 12.887552], [77.482243, 12.888779], [77.481842, 12.889556], [77.481342, 12.890031], [77.481053, 12.890145], [77.48056, 12.890075], [77.479989, 12.889759], [77.479546, 12.889701], [77.479307, 12.88979], [77.479205, 12.891858], [77.47907, 12.892172], [77.477832, 12.893024], [77.477295, 12.8937], [77.476994, 12.894209], [77.476737, 12.894471], [77.476422, 12.894442], [77.476146, 12.894266], [77.475862, 12.894197], [77.475522, 12.894344], [77.475466, 12.894689], [77.475487, 12.894766], [77.475555, 12.89476], [77.475727, 12.895241], [77.477094, 12.896347], [77.477268, 12.896414], [77.474516, 12.898094], [77.47344, 12.89843], [77.472559, 12.897056], [77.470115, 12.893992], [77.469421, 12.892455], [77.468472, 12.888657], [77.468489, 12.888316], [77.466716, 12.890511], [77.46167, 12.897159], [77.461214, 12.897865], [77.460965, 12.898419], [77.460224, 12.898212], [77.460111, 12.899767], [77.460186, 12.90015], [77.460018, 12.901721], [77.45988, 12.904693], [77.460079, 12.906631], [77.462226, 12.906442], [77.463718, 12.906483], [77.465081, 12.906587], [77.466672, 12.906878], [77.466499, 12.910147], [77.467214, 12.911258], [77.468189, 12.912292], [77.47008, 12.915192], [77.470959, 12.918664], [77.472527, 12.917875], [77.472859, 12.917653], [77.472977, 12.91747], [77.473183, 12.916917], [77.473264, 12.914828], [77.475131, 12.914422], [77.475272, 12.914915], [77.476281, 12.914683], [77.476381, 12.914943], [77.47713, 12.914652], [77.47701, 12.914314], [77.477075, 12.914041], [77.477738, 12.912753], [77.477956, 12.911713], [77.478967, 12.911671], [77.478949, 12.910724], [77.480186, 12.910583], [77.480284, 12.90976], [77.481253, 12.910121], [77.482206, 12.910368], [77.484071, 12.910481], [77.484333, 12.910616], [77.484662, 12.910974], [77.485194, 12.912791], [77.486323, 12.91111], [77.486641, 12.910521], [77.486918, 12.909947], [77.487135, 12.908932], [77.487373, 12.908357], [77.48788, 12.908364], [77.489826, 12.908675], [77.49004, 12.908834], [77.490168, 12.909036], [77.490567, 12.910253], [77.492507, 12.909756], [77.494959, 12.908753], [77.497348, 12.908195], [77.499061, 12.907108], [77.502403, 12.905542], [77.503222, 12.90506], [77.505558, 12.904576], [77.506044, 12.904418], [77.507104, 12.903802], [77.511088, 12.904026], [77.511086, 12.903602], [77.511337, 12.902757], [77.51104, 12.902708], [77.510971, 12.902585], [77.511328, 12.902291], [77.511614, 12.90214], [77.512061, 12.902252], [77.512736, 12.902108], [77.513178, 12.902156], [77.514054, 12.902086], [77.514155, 12.902059], [77.514199, 12.901923], [77.51422, 12.901555], [77.513348, 12.901099], [77.513086, 12.900634], [77.51273, 12.900411], [77.512626, 12.900251], [77.512659, 12.900099], [77.513661, 12.899038], [77.513719, 12.898887], [77.513736, 12.898611], [77.513487, 12.89828], [77.51347, 12.898131], [77.514029, 12.897575], [77.514217, 12.897065], [77.514196, 12.896544], [77.514541, 12.895463], [77.514536, 12.895328], [77.514396, 12.89518], [77.514098, 12.895071], [77.514364, 12.894401], [77.514383, 12.894142], [77.513827, 12.893656], [77.512441, 12.892075], [77.510679, 12.889575], [77.50973, 12.88854], [77.508463, 12.887565], [77.504043, 12.885401], [77.501736, 12.884135], [77.499199, 12.882458], [77.498123, 12.881647], [77.495993, 12.879763], [77.494135, 12.877884], [77.492965, 12.876524], [77.490731, 12.873558], [77.489302, 12.871989], [77.488364, 12.872403], [77.488422, 12.871983], [77.487471, 12.871934], [77.485991, 12.871363], [77.484735, 12.871646], [77.483121, 12.874375], [77.482563, 12.874149], [77.481348, 12.874295], [77.481205, 12.87424], [77.480877, 12.874285], [77.480863, 12.874624], [77.480951, 12.874859], [77.48109, 12.874859], [77.481293, 12.875284], [77.481178, 12.875306], [77.481179, 12.875369], [77.481271, 12.875962], [77.481512, 12.876616], [77.481686, 12.878097], [77.479995, 12.878046], [77.479707, 12.877973], [77.479543, 12.877809], [77.479411, 12.87781], [77.476226, 12.878236], [77.475669, 12.878379], [77.475708, 12.878442], [77.475827, 12.87843], [77.47565, 12.878826], [77.474824, 12.880048], [77.47485, 12.880277]]]}}, {"type": "Feature", "properties": {"ward_name": "8 - T.C Palya", "Corporation": "East", "valley": "Hebbal Nagawara Valley", "subvalley": "HN_2", "Assembly": "151 - K.R. Pura"}, "geometry": {"type": "Polygon", "coordinates": [[[77.686091, 13.017912], [77.686335, 13.0197], [77.68629, 13.020767], [77.686993, 13.020887], [77.687327, 13.021056], [77.687263, 13.021514], [77.687322, 13.021799], [77.688182, 13.022072], [77.688587, 13.021983], [77.694096, 13.026409], [77.69438, 13.026739], [77.696396, 13.026917], [77.69634, 13.022743], [77.697091, 13.022352], [77.696959, 13.021504], [77.696892, 13.019933], [77.696932, 13.019838], [77.697036, 13.019814], [77.696865, 13.0184], [77.696604, 13.018294], [77.696169, 13.017679], [77.695545, 13.016604], [77.695384, 13.016172], [77.696153, 13.016314], [77.696633, 13.016278], [77.697507, 13.016082], [77.697114, 13.014841], [77.696843, 13.013614], [77.696738, 13.013011], [77.69672, 13.012279], [77.696101, 13.011761], [77.695059, 13.012055], [77.693769, 13.012286], [77.693586, 13.011293], [77.693479, 13.011312], [77.693342, 13.010993], [77.693131, 13.010056], [77.692948, 13.00822], [77.690551, 13.007802], [77.688414, 13.006913], [77.685021, 13.005111], [77.683457, 13.007816], [77.682164, 13.009876], [77.680993, 13.010872], [77.681641, 13.010774], [77.682795, 13.01123], [77.684646, 13.011327], [77.685332, 13.01132], [77.685756, 13.011014], [77.686401, 13.011014], [77.686935, 13.011475], [77.686217, 13.012033], [77.685492, 13.012884], [77.685288, 13.013339], [77.685366, 13.013807], [77.685853, 13.014862], [77.685563, 13.015148], [77.685641, 13.015469], [77.685563, 13.015666], [77.685596, 13.015885], [77.684066, 13.016168], [77.684049, 13.01611], [77.68326, 13.016126], [77.683662, 13.017601], [77.686537, 13.017265], [77.686722, 13.017295], [77.686731, 13.017852], [77.686091, 13.017912]]]}}, {"type": "Feature", "properties": {"ward_name": "47 - Bellanduru", "Corporation": "East", "valley": "Koramangala Challaghatta Valley", "subvalley": "KC_2,KC_1", "Assembly": "174 - Mahadevapura"}, "geometry": {"type": "Polygon", "coordinates": [[[77.687846, 12.938924], [77.687759, 12.938775], [77.687865, 12.938168], [77.686833, 12.937902], [77.686213, 12.937352], [77.686075, 12.937095], [77.686731, 12.936943], [77.688091, 12.936784], [77.688179, 12.93624], [77.687975, 12.935709], [77.688036, 12.935559], [77.690042, 12.935667], [77.690475, 12.934897], [77.68572, 12.930592], [77.684694, 12.929864], [77.679433, 12.92741], [77.676169, 12.925802], [77.675904, 12.924722], [77.675687, 12.922715], [77.675573, 12.922585], [77.673155, 12.922911], [77.672513, 12.922901], [77.671119, 12.923068], [77.671073, 12.923425], [77.669522, 12.922711], [77.66958, 12.923416], [77.668873, 12.923346], [77.668874, 12.92475], [77.669013, 12.926123], [77.668926, 12.927195], [77.668803, 12.927435], [77.668496, 12.928682], [77.667782, 12.928816], [77.668045, 12.931239], [77.66893, 12.930985], [77.673037, 12.930976], [77.673778, 12.931268], [77.674597, 12.931477], [77.675584, 12.931946], [77.675565, 12.931091], [77.675964, 12.931002], [77.675907, 12.930523], [77.675946, 12.9304], [77.676109, 12.930352], [77.676237, 12.930007], [77.677999, 12.930128], [77.678341, 12.930255], [77.678654, 12.930565], [77.678875, 12.930676], [77.67964, 12.930884], [77.680344, 12.930965], [77.681054, 12.931316], [77.681234, 12.932151], [77.681066, 12.932903], [77.68063, 12.933094], [77.680296, 12.93337], [77.680212, 12.933701], [77.679892, 12.934343], [77.679801, 12.934881], [77.679269, 12.935718], [77.679098, 12.93615], [77.67913, 12.936408], [77.679396, 12.936635], [77.679589, 12.937407], [77.679563, 12.938047], [77.679707, 12.938475], [77.680885, 12.939186], [77.681705, 12.939336], [77.682203, 12.939345], [77.682684, 12.939225], [77.683525, 12.939248], [77.683817, 12.9389], [77.684087, 12.938941], [77.685317, 12.939504], [77.68593, 12.939863], [77.6862, 12.940161], [77.68702, 12.940754], [77.68852, 12.94107], [77.689272, 12.941426], [77.689704, 12.940849], [77.689821, 12.939494], [77.689197, 12.939379], [77.687846, 12.938924]]]}}, {"type": "Feature", "properties": {"ward_name": "71 - Thimmenahalli", "Corporation": "West", "valley": "Vrishabhavati Valley", "subvalley": "VV_1", "Assembly": "166 - Govindraj Nagar"}, "geometry": {"type": "Polygon", "coordinates": [[[77.544184, 12.974158], [77.542207, 12.973812], [77.542073, 12.974647], [77.541982, 12.974665], [77.540294, 12.974289], [77.540428, 12.975555], [77.538923, 12.975742], [77.536257, 12.975567], [77.535358, 12.975578], [77.534349, 12.975647], [77.533403, 12.975807], [77.534239, 12.978298], [77.533912, 12.978384], [77.534854, 12.981381], [77.536797, 12.980678], [77.540797, 12.978939], [77.541469, 12.978716], [77.54403, 12.978237], [77.545327, 12.977761], [77.546903, 12.976602], [77.548359, 12.975065], [77.547738, 12.974289], [77.54741, 12.97423], [77.544184, 12.974158]]]}}, {"type": "Feature", "properties": {"ward_name": "2 - Kadirenahalli", "Corporation": "South", "valley": "Vrishabhavati Valley", "subvalley": "VV_1", "Assembly": "171 - Padmanabanagar"}, "geometry": {"type": "Polygon", "coordinates": [[[77.557755, 12.913444], [77.557882, 12.916176], [77.557415, 12.916187], [77.557404, 12.916244], [77.557797, 12.917645], [77.557138, 12.917838], [77.557265, 12.918228], [77.55691, 12.91832], [77.557226, 12.91947], [77.55794, 12.919392], [77.558117, 12.919552], [77.558721, 12.92218], [77.561524, 12.921612], [77.561768, 12.921294], [77.562088, 12.920481], [77.563433, 12.919424], [77.564279, 12.918113], [77.565852, 12.914241], [77.566241, 12.913731], [77.565978, 12.912889], [77.559729, 12.913799], [77.559413, 12.913673], [77.558942, 12.913636], [77.5589, 12.913566], [77.557755, 12.913444]]]}}, {"type": "Feature", "properties": {"ward_name": "48 - Mathikere", "Corporation": "West", "valley": "Hebbal Nagawara Valley", "subvalley": "HN_1", "Assembly": "157 - Malleshwaram"}, "geometry": {"type": "Polygon", "coordinates": [[[77.563872, 13.031959], [77.562348, 13.032071], [77.562279, 13.030936], [77.561911, 13.029403], [77.561617, 13.028657], [77.558333, 13.033234], [77.557381, 13.034678], [77.557372, 13.035004], [77.557576, 13.03611], [77.557389, 13.038176], [77.557297, 13.038578], [77.558766, 13.038679], [77.560083, 13.039216], [77.560483, 13.039506], [77.561056, 13.040101], [77.562112, 13.041976], [77.564977, 13.038282], [77.564652, 13.038099], [77.56457, 13.03626], [77.563346, 13.03636], [77.563187, 13.035625], [77.564269, 13.03468], [77.563872, 13.031959]]]}}, {"type": "Feature", "properties": {"ward_name": "20 - Kodihalli", "Corporation": "Central", "valley": "Koramangala Challaghatta Valley", "subvalley": "KC_1", "Assembly": "161 - C.V. Raman Nagar"}, "geometry": {"type": "Polygon", "coordinates": [[[77.650383, 12.963302], [77.65045, 12.959631], [77.649205, 12.959765], [77.648321, 12.957988], [77.647947, 12.957435], [77.645601, 12.95687], [77.64514, 12.957066], [77.644694, 12.957368], [77.644121, 12.956806], [77.643623, 12.956977], [77.643313, 12.957888], [77.643754, 12.957907], [77.643061, 12.958348], [77.642851, 12.959222], [77.642411, 12.96052], [77.641671, 12.960567], [77.641705, 12.961901], [77.641226, 12.970224], [77.647443, 12.970447], [77.647758, 12.968872], [77.649366, 12.968655], [77.652266, 12.968023], [77.650383, 12.963302]]]}}, {"type": "Feature", "properties": {"ward_name": "71 - Nele Maheshwaramma Temple Ward", "Corporation": "North", "valley": "Arkavathi Valley", "subvalley": "AV_2", "Assembly": "155 - Dasarahalli"}, "geometry": {"type": "Polygon", "coordinates": [[[77.507827, 13.051574], [77.508247, 13.051536], [77.508694, 13.052857], [77.509082, 13.053282], [77.509236, 13.05383], [77.510961, 13.053438], [77.511091, 13.053816], [77.511431, 13.053761], [77.511596, 13.053477], [77.510808, 13.051044], [77.511575, 13.050821], [77.511999, 13.050581], [77.511945, 13.050077], [77.514956, 13.049262], [77.51452, 13.047627], [77.514432, 13.047553], [77.5136, 13.045098], [77.513582, 13.044545], [77.513251, 13.044107], [77.512978, 13.042926], [77.511617, 13.043411], [77.508417, 13.045055], [77.507303, 13.045334], [77.508027, 13.047224], [77.507622, 13.049439], [77.507827, 13.051574]]]}}, {"type": "Feature", "properties": {"ward_name": "34 - Peenya", "Corporation": "West", "valley": "Hebbal Nagawara Valley,Vrishabhavati Valley,Arkavathi Valley", "subvalley": "HN_1,VV_1,AV_2", "Assembly": "154 - Rajarajeshwarinagar"}, "geometry": {"type": "Polygon", "coordinates": [[[77.537612, 13.026047], [77.534966, 13.026488], [77.534113, 13.024986], [77.531022, 13.026669], [77.528456, 13.021003], [77.523501, 13.022674], [77.522007, 13.023499], [77.521648, 13.023804], [77.52148, 13.024067], [77.520184, 13.027446], [77.518098, 13.032475], [77.517878, 13.033133], [77.517836, 13.033878], [77.517988, 13.034813], [77.518332, 13.036125], [77.518275, 13.038966], [77.518501, 13.040146], [77.522192, 13.045901], [77.531214, 13.039597], [77.533035, 13.03818], [77.53518, 13.036684], [77.539824, 13.033122], [77.540749, 13.032503], [77.540081, 13.028816], [77.539422, 13.027194], [77.538613, 13.027644], [77.538407, 13.026151], [77.53814, 13.026065], [77.537612, 13.026047]]]}}, {"type": "Feature", "properties": {"ward_name": "7 - Rajagopala Nagara", "Corporation": "West", "valley": "Vrishabhavati Valley,Arkavathi Valley", "subvalley": "VV_1,AV_2", "Assembly": "155 - Dasarahalli"}, "geometry": {"type": "Polygon", "coordinates": [[[77.511886, 13.012625], [77.511725, 13.012156], [77.512351, 13.011872], [77.512546, 13.012573], [77.512829, 13.012466], [77.513305, 13.012133], [77.5138, 13.01199], [77.513685, 13.01137], [77.513853, 13.011342], [77.513584, 13.010411], [77.513949, 13.01031], [77.513967, 13.010125], [77.514426, 13.009657], [77.515553, 13.009472], [77.515607, 13.009625], [77.517953, 13.008801], [77.518315, 13.009191], [77.518174, 13.008915], [77.517299, 13.008219], [77.517407, 13.007966], [77.51751, 13.007143], [77.517493, 13.006899], [77.517333, 13.006536], [77.517406, 13.00635], [77.517704, 13.006116], [77.517703, 13.004381], [77.515106, 13.004628], [77.515229, 13.005278], [77.51499, 13.005285], [77.514992, 13.005708], [77.512608, 13.005523], [77.51269, 13.004402], [77.512496, 13.003779], [77.508418, 13.004144], [77.508511, 13.005131], [77.50516, 13.005521], [77.505539, 13.007701], [77.506129, 13.009895], [77.506227, 13.009893], [77.50694, 13.010946], [77.508357, 13.011579], [77.508758, 13.011981], [77.510496, 13.01432], [77.511431, 13.01627], [77.513186, 13.015475], [77.512484, 13.014025], [77.512115, 13.013414], [77.512305, 13.013317], [77.511886, 13.012625]]]}}, {"type": "Feature", "properties": {"ward_name": "93 - Avalahalli", "Corporation": "West", "valley": "Vrishabhavati Valley", "subvalley": "VV_1", "Assembly": "167 - Vijayanagar"}, "geometry": {"type": "Polygon", "coordinates": [[[77.543364, 12.943274], [77.543388, 12.944393], [77.542962, 12.944414], [77.542958, 12.944754], [77.541483, 12.944862], [77.541554, 12.944548], [77.541008, 12.944449], [77.540921, 12.94482], [77.540356, 12.94462], [77.539466, 12.944538], [77.53942, 12.94529], [77.537422, 12.945452], [77.538147, 12.948102], [77.537431, 12.948843], [77.537466, 12.949538], [77.538101, 12.949912], [77.538341, 12.949784], [77.538512, 12.949778], [77.538716, 12.949705], [77.538491, 12.949117], [77.538442, 12.948787], [77.538502, 12.948726], [77.538657, 12.948659], [77.538864, 12.948768], [77.539399, 12.948789], [77.540208, 12.948567], [77.541218, 12.948165], [77.541958, 12.948054], [77.542718, 12.948056], [77.544189, 12.947332], [77.544664, 12.947005], [77.544273, 12.946314], [77.544482, 12.946207], [77.544176, 12.945686], [77.545376, 12.945308], [77.54531, 12.945065], [77.545884, 12.944908], [77.546096, 12.945035], [77.546251, 12.945026], [77.547982, 12.944701], [77.547931, 12.944265], [77.548687, 12.944187], [77.548812, 12.945093], [77.549459, 12.945014], [77.549791, 12.943485], [77.550008, 12.94304], [77.550281, 12.942906], [77.550294, 12.942833], [77.550243, 12.942555], [77.550016, 12.942347], [77.55, 12.942153], [77.549518, 12.942179], [77.548373, 12.942328], [77.546398, 12.942726], [77.544954, 12.943175], [77.543364, 12.943274]]]}}, {"type": "Feature", "properties": {"ward_name": "2 - Horamavu", "Corporation": "East", "valley": "Hebbal Nagawara Valley", "subvalley": "HN_2", "Assembly": "151 - K.R. Pura"}, "geometry": {"type": "Polygon", "coordinates": [[[77.669454, 13.039467], [77.668132, 13.039652], [77.667886, 13.037937], [77.669022, 13.037663], [77.670682, 13.037426], [77.670794, 13.03697], [77.671024, 13.036812], [77.671479, 13.036554], [77.673042, 13.036003], [77.673334, 13.0358], [77.673679, 13.035187], [77.673948, 13.034428], [77.673757, 13.033499], [77.67197, 13.032687], [77.669448, 13.031311], [77.668745, 13.031013], [77.667688, 13.030793], [77.666902, 13.030499], [77.665821, 13.029934], [77.665238, 13.029488], [77.663643, 13.028713], [77.663206, 13.028353], [77.661771, 13.02749], [77.661487, 13.027392], [77.661099, 13.026767], [77.659473, 13.024933], [77.656322, 13.028735], [77.650304, 13.036355], [77.644922, 13.042899], [77.644627, 13.042861], [77.643597, 13.042472], [77.643665, 13.042269], [77.64379, 13.040385], [77.643768, 13.038966], [77.642368, 13.038977], [77.642167, 13.039034], [77.641808, 13.039434], [77.641458, 13.039511], [77.641394, 13.041259], [77.641505, 13.041207], [77.641609, 13.041306], [77.642116, 13.042689], [77.642637, 13.043787], [77.642907, 13.043985], [77.643377, 13.044554], [77.643917, 13.04537], [77.644518, 13.047376], [77.645229, 13.048221], [77.645513, 13.048715], [77.645565, 13.049035], [77.645478, 13.049526], [77.645696, 13.051256], [77.645926, 13.052393], [77.646319, 13.053749], [77.646711, 13.054387], [77.64684, 13.055048], [77.64703, 13.055515], [77.647288, 13.055601], [77.647324, 13.054275], [77.647101, 13.054239], [77.647253, 13.05273], [77.647476, 13.051975], [77.647744, 13.051557], [77.648015, 13.050917], [77.647995, 13.050725], [77.647854, 13.050621], [77.647046, 13.049513], [77.647424, 13.04941], [77.647268, 13.049058], [77.647469, 13.04887], [77.647204, 13.048414], [77.647244, 13.048218], [77.64744, 13.048063], [77.648355, 13.047947], [77.648567, 13.047977], [77.648777, 13.04788], [77.649135, 13.0479], [77.649982, 13.047732], [77.650562, 13.047492], [77.652172, 13.047076], [77.652872, 13.046558], [77.653424, 13.046546], [77.655198, 13.046697], [77.65614, 13.046842], [77.656103, 13.048105], [77.655798, 13.048116], [77.655632, 13.048041], [77.655118, 13.04808], [77.654847, 13.048891], [77.654894, 13.049514], [77.655152, 13.050509], [77.655194, 13.050934], [77.655336, 13.051252], [77.655531, 13.05266], [77.655459, 13.053306], [77.655553, 13.054045], [77.655492, 13.054403], [77.65552, 13.055071], [77.655133, 13.055152], [77.655524, 13.056535], [77.655382, 13.056993], [77.655384, 13.057541], [77.655481, 13.059334], [77.655785, 13.061662], [77.655898, 13.06406], [77.656523, 13.067824], [77.656446, 13.068854], [77.656491, 13.074613], [77.657823, 13.07297], [77.658838, 13.070749], [77.659661, 13.068211], [77.660088, 13.06788], [77.663595, 13.066977], [77.665795, 13.066205], [77.667016, 13.065905], [77.667296, 13.064051], [77.665596, 13.060639], [77.665259, 13.054784], [77.664929, 13.053684], [77.664629, 13.052106], [77.664246, 13.050808], [77.665764, 13.050026], [77.669321, 13.049928], [77.669464, 13.050081], [77.670019, 13.050104], [77.670046, 13.05025], [77.671141, 13.050902], [77.671293, 13.051108], [77.671556, 13.051239], [77.672103, 13.051245], [77.672427, 13.051128], [77.672304, 13.050994], [77.671843, 13.051091], [77.671473, 13.050796], [77.670909, 13.050154], [77.67074, 13.050053], [77.670643, 13.049765], [77.67024, 13.049389], [77.669994, 13.049011], [77.669816, 13.048045], [77.669608, 13.047347], [77.669372, 13.046876], [77.669348, 13.046599], [77.669197, 13.046209], [77.669106, 13.045572], [77.668968, 13.045222], [77.668725, 13.045201], [77.668769, 13.045005], [77.669499, 13.044277], [77.66963, 13.043975], [77.669827, 13.043775], [77.669682, 13.042829], [77.670516, 13.042812], [77.670781, 13.043007], [77.671104, 13.04286], [77.670693, 13.040966], [77.67057, 13.040873], [77.668426, 13.041091], [77.66834, 13.040617], [77.669574, 13.040436], [77.669454, 13.039467]]]}}, {"type": "Feature", "properties": {"ward_name": "4 - Babusab Palya", "Corporation": "East", "valley": "Hebbal Nagawara Valley", "subvalley": "HN_2", "Assembly": "151 - K.R. Pura"}, "geometry": {"type": "Polygon", "coordinates": [[[77.646905, 13.023438], [77.647475, 13.025629], [77.647199, 13.025679], [77.647295, 13.026054], [77.646568, 13.026255], [77.646939, 13.027578], [77.648463, 13.027125], [77.649118, 13.029932], [77.649278, 13.031694], [77.649516, 13.031687], [77.649571, 13.03215], [77.649768, 13.032138], [77.649955, 13.036072], [77.649708, 13.036064], [77.649707, 13.037081], [77.656322, 13.028735], [77.661492, 13.022558], [77.661994, 13.021621], [77.662678, 13.019907], [77.66287, 13.018672], [77.66309, 13.013051], [77.662279, 13.013267], [77.662095, 13.015726], [77.661936, 13.016204], [77.661707, 13.016407], [77.655634, 13.019058], [77.652745, 13.020168], [77.645883, 13.023181], [77.646318, 13.023406], [77.646905, 13.023438]]]}}, {"type": "Feature", "properties": {"ward_name": "20 - A Narayanapura", "Corporation": "East", "valley": "Koramangala Challaghatta Valley,Hebbal Nagawara Valley", "subvalley": "KC_2,HN_2", "Assembly": "151 - K.R. Pura"}, "geometry": {"type": "Polygon", "coordinates": [[[77.671051, 12.994666], [77.670758, 12.994691], [77.670631, 12.994305], [77.670406, 12.994262], [77.670216, 12.993942], [77.669623, 12.994026], [77.669067, 12.993807], [77.668926, 12.993653], [77.668808, 12.993719], [77.668358, 12.993736], [77.668699, 12.995463], [77.668199, 12.995678], [77.66784, 12.996159], [77.675576, 12.99995], [77.676672, 13.000413], [77.677111, 13.000741], [77.67887, 13.000601], [77.68318, 13.000547], [77.686497, 13.000183], [77.687369, 12.999596], [77.688405, 12.998551], [77.689215, 12.997906], [77.690678, 12.997277], [77.690406, 12.996331], [77.689877, 12.995475], [77.689622, 12.994913], [77.688806, 12.992415], [77.688021, 12.991531], [77.687851, 12.991416], [77.687657, 12.991394], [77.68743, 12.991197], [77.683647, 12.996329], [77.683422, 12.996226], [77.68326, 12.995727], [77.683202, 12.995157], [77.682918, 12.99503], [77.682542, 12.994977], [77.68253, 12.994824], [77.682132, 12.994796], [77.682092, 12.994857], [77.6791, 12.994729], [77.677565, 12.994898], [77.677102, 12.995045], [77.676732, 12.994469], [77.675651, 12.995473], [77.675517, 12.995516], [77.675448, 12.995398], [77.67542, 12.994995], [77.674592, 12.995219], [77.674448, 12.995159], [77.673444, 12.995712], [77.672941, 12.995888], [77.672916, 12.996014], [77.672295, 12.995839], [77.672167, 12.996195], [77.672004, 12.996168], [77.672113, 12.995508], [77.672072, 12.995123], [77.671084, 12.994751], [77.671051, 12.994666]]]}}, {"type": "Feature", "properties": {"ward_name": "27 - Vibhootipura", "Corporation": "East", "valley": "Koramangala Challaghatta Valley", "subvalley": "KC_2,KC_1", "Assembly": "151 - K.R. Pura"}, "geometry": {"type": "Polygon", "coordinates": [[[77.679146, 12.965447], [77.67897, 12.964989], [77.6792, 12.964864], [77.680435, 12.964364], [77.682136, 12.964114], [77.682057, 12.963471], [77.681796, 12.962762], [77.681313, 12.960638], [77.681015, 12.959902], [77.681024, 12.958412], [77.680332, 12.957947], [77.679753, 12.95686], [77.67963, 12.956369], [77.679962, 12.955015], [77.679861, 12.954424], [77.680304, 12.954352], [77.687581, 12.95501], [77.689022, 12.953612], [77.689251, 12.953355], [77.68939, 12.95304], [77.689482, 12.951785], [77.689414, 12.950297], [77.689118, 12.949674], [77.688671, 12.949294], [77.687513, 12.949017], [77.6807, 12.948424], [77.680045, 12.948209], [77.678195, 12.948214], [77.675229, 12.948664], [77.672978, 12.948097], [77.672948, 12.947899], [77.670897, 12.947853], [77.670876, 12.947117], [77.669367, 12.946979], [77.669234, 12.947081], [77.669032, 12.946984], [77.668308, 12.946887], [77.668394, 12.94651], [77.666548, 12.946369], [77.666556, 12.946091], [77.66475, 12.94587], [77.664599, 12.945732], [77.664315, 12.944657], [77.664158, 12.944445], [77.662536, 12.944486], [77.662493, 12.944676], [77.662572, 12.946508], [77.662485, 12.94665], [77.659959, 12.947556], [77.655772, 12.947364], [77.654649, 12.947695], [77.649478, 12.947332], [77.649089, 12.947747], [77.649079, 12.948513], [77.649255, 12.949072], [77.649544, 12.949482], [77.65038, 12.950466], [77.650883, 12.950934], [77.651518, 12.95144], [77.652298, 12.951837], [77.652524, 12.952523], [77.658729, 12.952936], [77.660983, 12.952869], [77.660992, 12.954328], [77.662368, 12.954237], [77.6624, 12.954784], [77.662387, 12.954919], [77.661776, 12.954955], [77.661818, 12.955393], [77.660847, 12.955419], [77.660913, 12.955666], [77.66337, 12.955722], [77.663029, 12.956828], [77.663562, 12.958932], [77.663756, 12.958965], [77.666379, 12.958338], [77.667941, 12.958153], [77.668064, 12.958396], [77.668131, 12.95972], [77.668087, 12.960422], [77.668175, 12.961278], [77.670338, 12.961748], [77.671625, 12.961426], [77.671785, 12.961364], [77.671828, 12.961204], [77.671987, 12.96113], [77.672164, 12.961164], [77.672568, 12.963362], [77.673335, 12.963246], [77.673342, 12.964642], [77.675115, 12.964849], [77.675073, 12.966877], [77.675949, 12.96677], [77.676089, 12.966876], [77.676932, 12.966738], [77.676988, 12.966465], [77.677869, 12.965873], [77.677969, 12.965903], [77.67801, 12.966008], [77.678625, 12.966015], [77.678653, 12.966225], [77.679236, 12.966087], [77.679146, 12.965447]]]}}, {"type": "Feature", "properties": {"ward_name": "39 - Gottigere", "Corporation": "South", "valley": "Koramangala Challaghatta Valley,Suvarnamukhi Valley", "subvalley": "KC_1,SV_1", "Assembly": "176 - Bangalore South"}, "geometry": {"type": "Polygon", "coordinates": [[[77.575231, 12.83872], [77.574211, 12.839133], [77.574365, 12.839675], [77.573441, 12.839866], [77.573552, 12.839895], [77.573792, 12.841038], [77.57428, 12.842184], [77.576025, 12.846866], [77.576382, 12.848361], [77.576572, 12.849862], [77.579042, 12.85054], [77.580169, 12.853384], [77.580141, 12.8536], [77.580801, 12.854945], [77.58033, 12.855255], [77.580059, 12.856279], [77.580062, 12.858375], [77.581986, 12.858188], [77.582341, 12.858613], [77.583984, 12.858191], [77.585032, 12.859381], [77.585504, 12.859487], [77.585331, 12.858319], [77.585297, 12.857335], [77.585022, 12.855762], [77.585153, 12.855674], [77.585401, 12.855654], [77.586089, 12.855766], [77.586395, 12.856891], [77.586956, 12.856739], [77.58681, 12.85606], [77.587514, 12.855968], [77.587534, 12.856393], [77.588846, 12.856405], [77.58846, 12.853325], [77.588269, 12.851032], [77.588264, 12.849913], [77.588321, 12.849905], [77.58815, 12.847134], [77.587611, 12.847145], [77.587586, 12.84689], [77.587369, 12.846822], [77.58629, 12.845565], [77.585609, 12.845547], [77.585391, 12.845201], [77.585106, 12.845343], [77.584435, 12.844346], [77.583462, 12.844454], [77.582581, 12.842565], [77.58204, 12.842408], [77.581851, 12.842431], [77.581877, 12.842112], [77.581637, 12.84078], [77.580374, 12.839833], [77.579131, 12.838691], [77.578796, 12.838279], [77.576863, 12.838468], [77.575231, 12.83872]]]}}, {"type": "Feature", "properties": {"ward_name": "54 - Kengal Hanumanthaiah South", "Corporation": "South", "valley": "Koramangala Challaghatta Valley,Vrishabhavati Valley", "subvalley": "KC_1,VV_1", "Assembly": "175 - Bommanahalli"}, "geometry": {"type": "Polygon", "coordinates": [[[77.588887, 12.900384], [77.588382, 12.900319], [77.588522, 12.900064], [77.587544, 12.899833], [77.587585, 12.899432], [77.586991, 12.899411], [77.587033, 12.898861], [77.587011, 12.898724], [77.586918, 12.898699], [77.586923, 12.897884], [77.585852, 12.897807], [77.586109, 12.896968], [77.583146, 12.896871], [77.583217, 12.897573], [77.582653, 12.897879], [77.582717, 12.898045], [77.582649, 12.898195], [77.582688, 12.89861], [77.582894, 12.898681], [77.582737, 12.901913], [77.582324, 12.901702], [77.581855, 12.901598], [77.581744, 12.901695], [77.581314, 12.901697], [77.581263, 12.901788], [77.578989, 12.901878], [77.578444, 12.901997], [77.57791, 12.901992], [77.5779, 12.902828], [77.577675, 12.903384], [77.576002, 12.90323], [77.575986, 12.903379], [77.575083, 12.9033], [77.573233, 12.903426], [77.573198, 12.903862], [77.573372, 12.905192], [77.573264, 12.90648], [77.575488, 12.906456], [77.575458, 12.905051], [77.576125, 12.904399], [77.576571, 12.904177], [77.577005, 12.903831], [77.577235, 12.903869], [77.576972, 12.904389], [77.576909, 12.905317], [77.578696, 12.905368], [77.578665, 12.904954], [77.579689, 12.904713], [77.579668, 12.90454], [77.580302, 12.904361], [77.580297, 12.904129], [77.581755, 12.903738], [77.58173, 12.905569], [77.583007, 12.905497], [77.582998, 12.905384], [77.583877, 12.905319], [77.584289, 12.905173], [77.584953, 12.905166], [77.58497, 12.904665], [77.586436, 12.904645], [77.586447, 12.905577], [77.588048, 12.905546], [77.588062, 12.905266], [77.588153, 12.905237], [77.588118, 12.905082], [77.588759, 12.904992], [77.588936, 12.903324], [77.589468, 12.903401], [77.589507, 12.903192], [77.589671, 12.901121], [77.588754, 12.901073], [77.588887, 12.900384]]]}}, {"type": "Feature", "properties": {"ward_name": "40 - Shakthi Nagar", "Corporation": "North", "valley": "Hebbal Nagawara Valley", "subvalley": "HN_1", "Assembly": "159 - Pulakeshinagar"}, "geometry": {"type": "Polygon", "coordinates": [[[77.614328, 13.018013], [77.614502, 13.018638], [77.614031, 13.018746], [77.61349, 13.016693], [77.613067, 13.016749], [77.613194, 13.016282], [77.613243, 13.015321], [77.612488, 13.015226], [77.612376, 13.015392], [77.612297, 13.015306], [77.611812, 13.015782], [77.612368, 13.016667], [77.612643, 13.017274], [77.612951, 13.017213], [77.613478, 13.019425], [77.613363, 13.019456], [77.613433, 13.019773], [77.612759, 13.019861], [77.612757, 13.02039], [77.613817, 13.020192], [77.613891, 13.020213], [77.614074, 13.020651], [77.614247, 13.020764], [77.614549, 13.020817], [77.614906, 13.020752], [77.615429, 13.02052], [77.617374, 13.020371], [77.61757, 13.020553], [77.617732, 13.020976], [77.617853, 13.021111], [77.61911, 13.021304], [77.618918, 13.019556], [77.618568, 13.018239], [77.618114, 13.016786], [77.61712, 13.014434], [77.614837, 13.015138], [77.61505, 13.01591], [77.614353, 13.016059], [77.614607, 13.017217], [77.614814, 13.017798], [77.614328, 13.018013]]]}}, {"type": "Feature", "properties": {"ward_name": "3 - Yelahanka Old Town", "Corporation": "North", "valley": "Hebbal Nagawara Valley", "subvalley": "HN_1", "Assembly": "150 - Yelahanka"}, "geometry": {"type": "Polygon", "coordinates": [[[77.584804, 13.103715], [77.587214, 13.103988], [77.589581, 13.104739], [77.589968, 13.104793], [77.590222, 13.104925], [77.591554, 13.104832], [77.591933, 13.103996], [77.592409, 13.104182], [77.59316, 13.104335], [77.595004, 13.104436], [77.595386, 13.104431], [77.596259, 13.104177], [77.597303, 13.104334], [77.597533, 13.10456], [77.597749, 13.104652], [77.59831, 13.104687], [77.599132, 13.104928], [77.599344, 13.104854], [77.59936, 13.104333], [77.599416, 13.104115], [77.599526, 13.104014], [77.599598, 13.103619], [77.60042, 13.103608], [77.598845, 13.098015], [77.599688, 13.097034], [77.600208, 13.096111], [77.600711, 13.094518], [77.600842, 13.093858], [77.600865, 13.093221], [77.601202, 13.092333], [77.601469, 13.0918], [77.602528, 13.090341], [77.603215, 13.089086], [77.603399, 13.088363], [77.603461, 13.087776], [77.604145, 13.086835], [77.602573, 13.08616], [77.602144, 13.085908], [77.594798, 13.087218], [77.596051, 13.090337], [77.596232, 13.09111], [77.596367, 13.09268], [77.59616, 13.09427], [77.595791, 13.095543], [77.595389, 13.09642], [77.594334, 13.095072], [77.594174, 13.095371], [77.592545, 13.097017], [77.588248, 13.100686], [77.584611, 13.103618], [77.584804, 13.103715]]]}}, {"type": "Feature", "properties": {"ward_name": "37 - Jeevanahalli", "Corporation": "North", "valley": "Koramangala Challaghatta Valley,Hebbal Nagawara Valley", "subvalley": "KC_1,HN_1", "Assembly": "160 - Sarvagnanagar"}, "geometry": {"type": "Polygon", "coordinates": [[[77.626232, 12.995185], [77.625426, 12.995548], [77.624617, 12.99605], [77.622395, 12.997998], [77.622816, 12.99796], [77.623214, 12.998047], [77.624561, 12.999094], [77.625254, 12.999819], [77.627074, 13.000993], [77.627466, 13.001128], [77.629952, 13.001477], [77.634147, 13.002373], [77.635298, 13.00312], [77.636351, 13.003958], [77.636339, 13.003884], [77.637214, 13.003355], [77.638566, 13.002633], [77.638908, 13.001764], [77.639654, 13.000744], [77.64058, 12.998919], [77.642719, 12.995803], [77.641324, 12.995778], [77.641232, 12.995388], [77.640659, 12.995684], [77.640449, 12.994871], [77.637939, 12.995101], [77.637901, 12.994236], [77.638057, 12.994202], [77.637962, 12.993818], [77.63789, 12.993635], [77.637471, 12.993671], [77.63734, 12.992682], [77.631607, 12.993846], [77.629098, 12.994275], [77.628892, 12.994186], [77.629155, 12.994475], [77.627675, 12.994745], [77.626232, 12.995185]]]}}, {"type": "Feature", "properties": {"ward_name": "55 - Bhuvaneshwari Nagar", "Corporation": "Central", "valley": "Vrishabhavati Valley", "subvalley": "VV_1", "Assembly": "164 - Gandhinagara"}, "geometry": {"type": "Polygon", "coordinates": [[[77.557113, 12.969381], [77.557176, 12.970289], [77.557375, 12.970246], [77.557979, 12.97302], [77.55795, 12.973719], [77.557897, 12.973739], [77.558392, 12.974595], [77.55896, 12.974305], [77.558841, 12.974114], [77.559741, 12.973734], [77.55976, 12.97322], [77.560006, 12.973207], [77.559991, 12.973969], [77.56045, 12.973989], [77.560443, 12.973803], [77.561385, 12.973673], [77.562725, 12.973629], [77.562608, 12.971745], [77.561515, 12.971947], [77.561354, 12.971317], [77.560845, 12.971385], [77.560873, 12.970593], [77.560792, 12.969773], [77.560302, 12.968422], [77.559438, 12.968909], [77.557113, 12.969381]]]}}, {"type": "Feature", "properties": {"ward_name": "1 - K Narayanapura", "Corporation": "East", "valley": "Hebbal Nagawara Valley", "subvalley": "HN_2,HN_1", "Assembly": "151 - K.R. Pura"}, "geometry": {"type": "Polygon", "coordinates": [[[77.6413, 13.041376], [77.64146, 13.041713], [77.641429, 13.042312], [77.641326, 13.042486], [77.641118, 13.042625], [77.640722, 13.04266], [77.640391, 13.042959], [77.639263, 13.043314], [77.638008, 13.043218], [77.63729, 13.04281], [77.637118, 13.0435], [77.637101, 13.044682], [77.637314, 13.046035], [77.637781, 13.047379], [77.63809, 13.049233], [77.638334, 13.050064], [77.638136, 13.050096], [77.638428, 13.051554], [77.637796, 13.051661], [77.63778, 13.051809], [77.63812, 13.053804], [77.638339, 13.054535], [77.638153, 13.054637], [77.638297, 13.05519], [77.638359, 13.057503], [77.638172, 13.058966], [77.638195, 13.061533], [77.638696, 13.066544], [77.639023, 13.06758], [77.639527, 13.06969], [77.63944, 13.073218], [77.639491, 13.074935], [77.638309, 13.07516], [77.639559, 13.076668], [77.640237, 13.076931], [77.640974, 13.07696], [77.64142, 13.077216], [77.642146, 13.077826], [77.642528, 13.078655], [77.644551, 13.082317], [77.64552, 13.083392], [77.646603, 13.085152], [77.647091, 13.084442], [77.64801, 13.083407], [77.649586, 13.081363], [77.650677, 13.077974], [77.650663, 13.077091], [77.651052, 13.07558], [77.651591, 13.070977], [77.651656, 13.068618], [77.652009, 13.063204], [77.651894, 13.060063], [77.651717, 13.059481], [77.651605, 13.058699], [77.650798, 13.058849], [77.649067, 13.058831], [77.648893, 13.057705], [77.647939, 13.057608], [77.647788, 13.057502], [77.647034, 13.057516], [77.646908, 13.057269], [77.647128, 13.056744], [77.646965, 13.05616], [77.647099, 13.05565], [77.647282, 13.055701], [77.647288, 13.055601], [77.64703, 13.055515], [77.64684, 13.055048], [77.646711, 13.054387], [77.646319, 13.053749], [77.646057, 13.052948], [77.645696, 13.051256], [77.645563, 13.050239], [77.645478, 13.049526], [77.645565, 13.049035], [77.645513, 13.048715], [77.645229, 13.048221], [77.644518, 13.047376], [77.643917, 13.04537], [77.643377, 13.044554], [77.642907, 13.043985], [77.642637, 13.043787], [77.642116, 13.042689], [77.641609, 13.041306], [77.641478, 13.041208], [77.641336, 13.041278], [77.6413, 13.041376]]]}}, {"type": "Feature", "properties": {"ward_name": "88 - Sangolli Rayanna Ward", "Corporation": "West", "valley": "Vrishabhavati Valley", "subvalley": "VV_1", "Assembly": "167 - Vijayanagar"}, "geometry": {"type": "Polygon", "coordinates": [[[77.557804, 12.972302], [77.557375, 12.970246], [77.557176, 12.970289], [77.557113, 12.969384], [77.556534, 12.969403], [77.554576, 12.96891], [77.554527, 12.969041], [77.552438, 12.969536], [77.551582, 12.969973], [77.552941, 12.971427], [77.553384, 12.972532], [77.554601, 12.972235], [77.554967, 12.972245], [77.55548, 12.972127], [77.555542, 12.972406], [77.555435, 12.97243], [77.555589, 12.973171], [77.557229, 12.972672], [77.557157, 12.972434], [77.557804, 12.972302]]]}}, {"type": "Feature", "properties": {"ward_name": "87 - K.P Agrahara", "Corporation": "West", "valley": "Vrishabhavati Valley", "subvalley": "VV_1", "Assembly": "167 - Vijayanagar"}, "geometry": {"type": "Polygon", "coordinates": [[[77.549978, 12.973768], [77.550469, 12.973694], [77.550959, 12.973876], [77.552172, 12.974872], [77.552962, 12.975366], [77.553307, 12.975469], [77.554299, 12.975567], [77.558712, 12.975736], [77.558669, 12.975318], [77.558451, 12.974719], [77.557897, 12.973739], [77.55795, 12.973719], [77.557979, 12.97302], [77.557804, 12.972302], [77.557157, 12.972434], [77.557229, 12.972672], [77.555589, 12.973171], [77.555435, 12.97243], [77.555542, 12.972406], [77.55548, 12.972127], [77.554967, 12.972245], [77.554601, 12.972235], [77.553384, 12.972532], [77.553025, 12.97155], [77.552866, 12.971344], [77.552183, 12.971688], [77.550741, 12.97219], [77.550023, 12.972571], [77.549784, 12.972781], [77.54895, 12.972546], [77.547495, 12.972387], [77.54715, 12.972423], [77.548037, 12.974621], [77.54836, 12.975067], [77.549607, 12.973966], [77.549978, 12.973768]]]}}, {"type": "Feature", "properties": {"ward_name": "4 - Banashankari Temple Ward", "Corporation": "South", "valley": "Vrishabhavati Valley", "subvalley": "VV_1", "Assembly": "171 - Padmanabanagar"}, "geometry": {"type": "Polygon", "coordinates": [[[77.569442, 12.912416], [77.569977, 12.913991], [77.570017, 12.914534], [77.570277, 12.914826], [77.570178, 12.915646], [77.569996, 12.915682], [77.570367, 12.916311], [77.571103, 12.916541], [77.572028, 12.916532], [77.572893, 12.916633], [77.573534, 12.916979], [77.573538, 12.915409], [77.573447, 12.914297], [77.57334, 12.913629], [77.572969, 12.912371], [77.572914, 12.911654], [77.572988, 12.908505], [77.573259, 12.906474], [77.57211, 12.90665], [77.571806, 12.906833], [77.570789, 12.907891], [77.56993, 12.909095], [77.568172, 12.911218], [77.56847, 12.911598], [77.568761, 12.911792], [77.5692, 12.912433], [77.569442, 12.912416]]]}}, {"type": "Feature", "properties": {"ward_name": "20 - Madiwala", "Corporation": "South", "valley": "Koramangala Challaghatta Valley", "subvalley": "KC_1", "Assembly": "172 - B.T.M Layout"}, "geometry": {"type": "Polygon", "coordinates": [[[77.622729, 12.9173], [77.620208, 12.916433], [77.619605, 12.916293], [77.616466, 12.916242], [77.614269, 12.916449], [77.61433, 12.917831], [77.612652, 12.917865], [77.612843, 12.918883], [77.612064, 12.919074], [77.612172, 12.91968], [77.612972, 12.919637], [77.613161, 12.920366], [77.61355, 12.921268], [77.61434, 12.920904], [77.61489, 12.920653], [77.61489, 12.920653], [77.615202, 12.921268], [77.616219, 12.922453], [77.616117, 12.922566], [77.616359, 12.922963], [77.614751, 12.923771], [77.615224, 12.92519], [77.614834, 12.925288], [77.615054, 12.926054], [77.6155, 12.925924], [77.615701, 12.926728], [77.615257, 12.926847], [77.615441, 12.927407], [77.615899, 12.927288], [77.616139, 12.92776], [77.619559, 12.92223], [77.622729, 12.9173]]]}}, {"type": "Feature", "properties": {"ward_name": "39 - Hagaduru", "Corporation": "East", "valley": "Koramangala Challaghatta Valley", "subvalley": "KC_2", "Assembly": "174 - Mahadevapura"}, "geometry": {"type": "Polygon", "coordinates": [[[77.756872, 12.968112], [77.760267, 12.967114], [77.762168, 12.96676], [77.763095, 12.966714], [77.762725, 12.967403], [77.7626, 12.967866], [77.762623, 12.968318], [77.762449, 12.969194], [77.762439, 12.970242], [77.762613, 12.971117], [77.762566, 12.971586], [77.762671, 12.972912], [77.763404, 12.975372], [77.765495, 12.975045], [77.766301, 12.975055], [77.769774, 12.974825], [77.770686, 12.974412], [77.771086, 12.974482], [77.771302, 12.975187], [77.771307, 12.975614], [77.771238, 12.975937], [77.770435, 12.97716], [77.773064, 12.977245], [77.773908, 12.977438], [77.774441, 12.977651], [77.77544, 12.977413], [77.775448, 12.977551], [77.776179, 12.977463], [77.776484, 12.977604], [77.776681, 12.977464], [77.777552, 12.977249], [77.77794, 12.977034], [77.778219, 12.976975], [77.778463, 12.976789], [77.778076, 12.976279], [77.777759, 12.976283], [77.777174, 12.976483], [77.776918, 12.976254], [77.776658, 12.976189], [77.776505, 12.975977], [77.776202, 12.975137], [77.776251, 12.97479], [77.776552, 12.974487], [77.776785, 12.974062], [77.777093, 12.973779], [77.77778, 12.973447], [77.778278, 12.972915], [77.778796, 12.972814], [77.778981, 12.972172], [77.778619, 12.971289], [77.778528, 12.970865], [77.778628, 12.970577], [77.778824, 12.970404], [77.779201, 12.970234], [77.780346, 12.969931], [77.780828, 12.97032], [77.781164, 12.970719], [77.781541, 12.970821], [77.782894, 12.970944], [77.783203, 12.970901], [77.783391, 12.970588], [77.783587, 12.969181], [77.783956, 12.967948], [77.784064, 12.96673], [77.782586, 12.966358], [77.782124, 12.966166], [77.781783, 12.966316], [77.781446, 12.966796], [77.781223, 12.966945], [77.780645, 12.96709], [77.779895, 12.967104], [77.778791, 12.966807], [77.778666, 12.967175], [77.778845, 12.967654], [77.777629, 12.968157], [77.777429, 12.968092], [77.777417, 12.967823], [77.776346, 12.967554], [77.775264, 12.966904], [77.775068, 12.966688], [77.774203, 12.966433], [77.773635, 12.966111], [77.772086, 12.965932], [77.771288, 12.96499], [77.770766, 12.964221], [77.770506, 12.963213], [77.770621, 12.963215], [77.770657, 12.962879], [77.770374, 12.962917], [77.77036, 12.962694], [77.769952, 12.961898], [77.769328, 12.961686], [77.768953, 12.96164], [77.768391, 12.961229], [77.768145, 12.960468], [77.767496, 12.960213], [77.767204, 12.959527], [77.767017, 12.959471], [77.767001, 12.959554], [77.766879, 12.959577], [77.76692, 12.959425], [77.7667, 12.959319], [77.764955, 12.95993], [77.764864, 12.959515], [77.764668, 12.959453], [77.764387, 12.957402], [77.764394, 12.956128], [77.764499, 12.955928], [77.762184, 12.954876], [77.761763, 12.954766], [77.760958, 12.95422], [77.759943, 12.953227], [77.758793, 12.952434], [77.758015, 12.95169], [77.756145, 12.94905], [77.755848, 12.948255], [77.754393, 12.947416], [77.754278, 12.946724], [77.753881, 12.946503], [77.753527, 12.94641], [77.752603, 12.945364], [77.751102, 12.943437], [77.749907, 12.942835], [77.749587, 12.945343], [77.749779, 12.946035], [77.749066, 12.947716], [77.748586, 12.949859], [77.7484, 12.952312], [77.750876, 12.953019], [77.751787, 12.954818], [77.752665, 12.955944], [77.75246, 12.957151], [77.751597, 12.956576], [77.750427, 12.955952], [77.749772, 12.955847], [77.747913, 12.955792], [77.747727, 12.956407], [77.747678, 12.957497], [77.747536, 12.957622], [77.747341, 12.957667], [77.747235, 12.95819], [77.747644, 12.95816], [77.749039, 12.958288], [77.748971, 12.959949], [77.749091, 12.960603], [77.749277, 12.960664], [77.749522, 12.960652], [77.749603, 12.96058], [77.750179, 12.960604], [77.750483, 12.961521], [77.750509, 12.96308], [77.747841, 12.961439], [77.74763, 12.96137], [77.747854, 12.962306], [77.749505, 12.967498], [77.749785, 12.968585], [77.750149, 12.971027], [77.751562, 12.970736], [77.752555, 12.970644], [77.752386, 12.969712], [77.752851, 12.969668], [77.753667, 12.969445], [77.756872, 12.968112]]]}}, {"type": "Feature", "properties": {"ward_name": "13 - Krishnaiahnapalya", "Corporation": "Central", "valley": "Koramangala Challaghatta Valley", "subvalley": "KC_2,KC_1", "Assembly": "161 - C.V. Raman Nagar"}, "geometry": {"type": "Polygon", "coordinates": [[[77.646116, 12.9861], [77.645701, 12.987794], [77.645606, 12.988118], [77.645526, 12.98812], [77.645442, 12.98847], [77.64582, 12.988636], [77.647133, 12.988606], [77.647136, 12.988857], [77.64647, 12.988922], [77.646704, 12.990941], [77.64656, 12.991009], [77.648966, 12.990798], [77.65018, 12.990821], [77.651284, 12.990966], [77.651406, 12.992008], [77.651485, 12.992138], [77.651665, 12.992176], [77.651749, 12.9924], [77.651798, 12.993176], [77.651925, 12.993608], [77.652148, 12.995396], [77.651957, 12.998101], [77.652662, 12.998247], [77.653059, 12.998231], [77.655727, 12.997752], [77.656095, 12.997643], [77.65608, 12.997525], [77.657454, 12.997603], [77.658935, 12.997385], [77.659875, 12.997083], [77.660549, 12.998571], [77.660734, 12.999689], [77.661259, 12.99997], [77.661613, 12.999393], [77.662552, 12.999912], [77.663317, 12.998322], [77.663592, 12.998259], [77.66407, 12.997484], [77.662791, 12.99676], [77.663206, 12.996162], [77.66416, 12.994482], [77.663167, 12.994068], [77.65084, 12.988148], [77.648039, 12.986893], [77.646116, 12.9861]]]}}, {"type": "Feature", "properties": {"ward_name": "63 - Okalipuram", "Corporation": "Central", "valley": "Vrishabhavati Valley", "subvalley": "VV_1", "Assembly": "164 - Gandhinagara"}, "geometry": {"type": "Polygon", "coordinates": [[[77.565081, 12.988303], [77.565089, 12.987403], [77.566544, 12.98737], [77.566527, 12.986858], [77.5666, 12.986818], [77.566969, 12.987033], [77.566932, 12.986335], [77.566798, 12.985921], [77.567504, 12.985919], [77.5675, 12.985765], [77.567324, 12.985774], [77.5673, 12.985362], [77.568028, 12.985291], [77.568138, 12.982537], [77.566386, 12.981967], [77.563788, 12.982463], [77.561575, 12.982705], [77.561458, 12.98302], [77.561351, 12.984132], [77.561006, 12.984886], [77.561038, 12.985927], [77.560785, 12.986689], [77.561031, 12.98696], [77.561848, 12.987204], [77.56185, 12.98738], [77.561557, 12.98777], [77.56145, 12.988282], [77.563956, 12.988183], [77.56399, 12.988363], [77.565081, 12.988303]]]}}, {"type": "Feature", "properties": {"ward_name": "39 - Kaval Byrasandra", "Corporation": "North", "valley": "Hebbal Nagawara Valley", "subvalley": "HN_1", "Assembly": "159 - Pulakeshinagar"}, "geometry": {"type": "Polygon", "coordinates": [[[77.608971, 13.017879], [77.608543, 13.01751], [77.607152, 13.017136], [77.605368, 13.017272], [77.60523, 13.017397], [77.605371, 13.018402], [77.604887, 13.018465], [77.60503, 13.019292], [77.604566, 13.019369], [77.604607, 13.020292], [77.604804, 13.021278], [77.604681, 13.021298], [77.604711, 13.021506], [77.603308, 13.021765], [77.602423, 13.022152], [77.603424, 13.024738], [77.605104, 13.024395], [77.605677, 13.025341], [77.606955, 13.024846], [77.607553, 13.026262], [77.608961, 13.0259], [77.608245, 13.024146], [77.609436, 13.02391], [77.609624, 13.024522], [77.612615, 13.023757], [77.612542, 13.023531], [77.612737, 13.021949], [77.612759, 13.019861], [77.612693, 13.018874], [77.612119, 13.019082], [77.611839, 13.018045], [77.610978, 13.018351], [77.610592, 13.017542], [77.609171, 13.018163], [77.608971, 13.017879]]]}}, {"type": "Feature", "properties": {"ward_name": "45 - Konanakunte", "Corporation": "South", "valley": "Suvarnamukhi Valley,Vrishabhavati Valley", "subvalley": "SV_1,VV_1", "Assembly": "176 - Bangalore South"}, "geometry": {"type": "Polygon", "coordinates": [[[77.56497, 12.887189], [77.564631, 12.887537], [77.563605, 12.88954], [77.563499, 12.889624], [77.563928, 12.890068], [77.565444, 12.891341], [77.568408, 12.894124], [77.568892, 12.894004], [77.571876, 12.894263], [77.5719, 12.893576], [77.572097, 12.892115], [77.571724, 12.890709], [77.5715, 12.890764], [77.569342, 12.890536], [77.569469, 12.890077], [77.569633, 12.888535], [77.568722, 12.888597], [77.568855, 12.886642], [77.568811, 12.886331], [77.570643, 12.886117], [77.570631, 12.886024], [77.570322, 12.884632], [77.570232, 12.884577], [77.569909, 12.883609], [77.567411, 12.879043], [77.567622, 12.878946], [77.567257, 12.877633], [77.567149, 12.877658], [77.566691, 12.874841], [77.566639, 12.873625], [77.566424, 12.871887], [77.566038, 12.870028], [77.566162, 12.86944], [77.565088, 12.869636], [77.56514, 12.870006], [77.564336, 12.870484], [77.56448, 12.871423], [77.563039, 12.871801], [77.562612, 12.869886], [77.562133, 12.869954], [77.562018, 12.869555], [77.558387, 12.870229], [77.558363, 12.869886], [77.556093, 12.870197], [77.556363, 12.870765], [77.557064, 12.871456], [77.557911, 12.87246], [77.558872, 12.873871], [77.559361, 12.87434], [77.559774, 12.874437], [77.561213, 12.875172], [77.562902, 12.876794], [77.563652, 12.877895], [77.562067, 12.878241], [77.562443, 12.879833], [77.561495, 12.879887], [77.561586, 12.880341], [77.562853, 12.880251], [77.564504, 12.880003], [77.564757, 12.881335], [77.564883, 12.882803], [77.562965, 12.883213], [77.562865, 12.883658], [77.56247, 12.884435], [77.563676, 12.884025], [77.564169, 12.884254], [77.564379, 12.884628], [77.564508, 12.885076], [77.564854, 12.885357], [77.565569, 12.886831], [77.56497, 12.887189]]]}}, {"type": "Feature", "properties": {"ward_name": "5 - Kane Muneshwara Ward", "Corporation": "South", "valley": "Vrishabhavati Valley", "subvalley": "VV_1", "Assembly": "171 - Padmanabanagar"}, "geometry": {"type": "Polygon", "coordinates": [[[77.567358, 12.912277], [77.570222, 12.908703], [77.560093, 12.900315], [77.561243, 12.89924], [77.560097, 12.896248], [77.560125, 12.896154], [77.559926, 12.895896], [77.559987, 12.895855], [77.559998, 12.895603], [77.559712, 12.894126], [77.55926, 12.894244], [77.559115, 12.894334], [77.559091, 12.894778], [77.558953, 12.895177], [77.558463, 12.895309], [77.558325, 12.894994], [77.55682, 12.895697], [77.555915, 12.896276], [77.55538, 12.896949], [77.555867, 12.897554], [77.555611, 12.897974], [77.555826, 12.898193], [77.555814, 12.898401], [77.555652, 12.898564], [77.556512, 12.902501], [77.556227, 12.902571], [77.556933, 12.904563], [77.561517, 12.908381], [77.562166, 12.908818], [77.563276, 12.909264], [77.564026, 12.909426], [77.566796, 12.909511], [77.567255, 12.912119], [77.567358, 12.912277]]]}}, {"type": "Feature", "properties": {"ward_name": "58 - Nagashettyhalli", "Corporation": "North", "valley": "Hebbal Nagawara Valley", "subvalley": "HN_1", "Assembly": "158 - Hebbal"}, "geometry": {"type": "Polygon", "coordinates": [[[77.569016, 13.036036], [77.568905, 13.037901], [77.570092, 13.037888], [77.570012, 13.039709], [77.570098, 13.040517], [77.570032, 13.041952], [77.571389, 13.04657], [77.571577, 13.046702], [77.572713, 13.046804], [77.572761, 13.047239], [77.575839, 13.047432], [77.575837, 13.047099], [77.575603, 13.046817], [77.575122, 13.045579], [77.574428, 13.044224], [77.575508, 13.043799], [77.57538, 13.043226], [77.575023, 13.043322], [77.574782, 13.042434], [77.577, 13.04267], [77.576158, 13.040757], [77.576115, 13.040413], [77.576173, 13.039837], [77.576354, 13.039844], [77.57641, 13.038792], [77.577098, 13.038802], [77.577101, 13.039172], [77.57836, 13.039151], [77.578521, 13.03911], [77.578403, 13.03878], [77.579005, 13.038667], [77.578501, 13.036998], [77.578516, 13.036947], [77.579018, 13.036924], [77.578932, 13.035736], [77.575916, 13.035637], [77.575891, 13.035273], [77.575266, 13.035227], [77.575496, 13.034656], [77.57492, 13.034555], [77.574382, 13.034598], [77.57432, 13.03498], [77.573834, 13.035083], [77.573776, 13.035259], [77.571696, 13.035119], [77.571716, 13.034731], [77.57188, 13.034688], [77.571916, 13.033395], [77.570132, 13.034482], [77.569016, 13.036036]]]}}, {"type": "Feature", "properties": {"ward_name": "9 - Hoysala Nagara Central", "Corporation": "Central", "valley": "Koramangala Challaghatta Valley", "subvalley": "KC_1", "Assembly": "161 - C.V. Raman Nagar"}, "geometry": {"type": "Polygon", "coordinates": [[[77.637406, 12.982866], [77.637664, 12.982143], [77.63779, 12.982033], [77.6379, 12.979974], [77.640776, 12.980013], [77.640953, 12.976102], [77.63749, 12.975972], [77.635686, 12.975984], [77.635581, 12.975355], [77.633683, 12.975769], [77.633405, 12.975902], [77.633528, 12.974743], [77.633021, 12.973773], [77.632731, 12.975043], [77.63179, 12.976368], [77.630248, 12.977088], [77.628144, 12.978307], [77.627472, 12.978512], [77.626294, 12.978669], [77.62644, 12.979414], [77.626225, 12.979379], [77.625694, 12.979482], [77.625879, 12.980265], [77.625502, 12.980322], [77.625575, 12.980767], [77.625005, 12.980762], [77.624312, 12.980902], [77.624558, 12.981892], [77.622928, 12.98174], [77.622493, 12.984115], [77.622546, 12.987692], [77.627139, 12.988903], [77.630836, 12.989675], [77.631022, 12.988742], [77.632809, 12.989121], [77.633602, 12.987743], [77.633719, 12.98721], [77.63407, 12.986974], [77.634559, 12.98706], [77.635142, 12.987479], [77.635527, 12.987655], [77.636399, 12.987571], [77.63679, 12.987433], [77.636707, 12.986825], [77.63625, 12.985782], [77.635646, 12.985062], [77.635328, 12.984869], [77.634616, 12.984214], [77.634809, 12.982467], [77.636522, 12.982621], [77.637406, 12.982866]]]}}, {"type": "Feature", "properties": {"ward_name": "42 - Aruna Asif Ali Ward", "Corporation": "North", "valley": "Hebbal Nagawara Valley", "subvalley": "HN_1", "Assembly": "159 - Pulakeshinagar"}, "geometry": {"type": "Polygon", "coordinates": [[[77.612641, 13.015245], [77.612659, 13.014993], [77.61277, 13.014814], [77.612098, 13.01405], [77.611211, 13.014785], [77.610596, 13.013923], [77.610285, 13.013281], [77.61002, 13.01265], [77.610097, 13.012207], [77.61002, 13.011807], [77.609726, 13.011459], [77.609484, 13.010946], [77.608137, 13.011178], [77.608469, 13.012], [77.607553, 13.012416], [77.607881, 13.01316], [77.60714, 13.013469], [77.607414, 13.014376], [77.606412, 13.014649], [77.605979, 13.014629], [77.605752, 13.015191], [77.605876, 13.015291], [77.607291, 13.015218], [77.607282, 13.015527], [77.606679, 13.015561], [77.606845, 13.01713], [77.607152, 13.017136], [77.608543, 13.01751], [77.608971, 13.017879], [77.609171, 13.018163], [77.610592, 13.017542], [77.610978, 13.018351], [77.611839, 13.018045], [77.612119, 13.019082], [77.612693, 13.018874], [77.612759, 13.019861], [77.613433, 13.019773], [77.613363, 13.019456], [77.613478, 13.019425], [77.613387, 13.019006], [77.612951, 13.017213], [77.612643, 13.017274], [77.612368, 13.016667], [77.611812, 13.015782], [77.612297, 13.015306], [77.612376, 13.015392], [77.612488, 13.015226], [77.612641, 13.015245]]]}}, {"type": "Feature", "properties": {"ward_name": "52 - Talagattapura", "Corporation": "South", "valley": "Suvarnamukhi Valley,Vrishabhavati Valley", "subvalley": "SV_1,VV_2,VV_1", "Assembly": "153 - Yeshwanthapura"}, "geometry": {"type": "Polygon", "coordinates": [[[77.514383, 12.894142], [77.514122, 12.893233], [77.513971, 12.893059], [77.514018, 12.892899], [77.514469, 12.892831], [77.514982, 12.893022], [77.515267, 12.892915], [77.515245, 12.892565], [77.515317, 12.892501], [77.515736, 12.892404], [77.515781, 12.892598], [77.515628, 12.893282], [77.51574, 12.893729], [77.515875, 12.89381], [77.516031, 12.892271], [77.516198, 12.891454], [77.515928, 12.890466], [77.515723, 12.890058], [77.515981, 12.889568], [77.516289, 12.888697], [77.516655, 12.887385], [77.518319, 12.884329], [77.519034, 12.883192], [77.52233, 12.883633], [77.527915, 12.883965], [77.531595, 12.885197], [77.53258, 12.885299], [77.535842, 12.884613], [77.537564, 12.88328], [77.537593, 12.880611], [77.537518, 12.880264], [77.539057, 12.879902], [77.539929, 12.880104], [77.540993, 12.879843], [77.541172, 12.879706], [77.542012, 12.879435], [77.542711, 12.879281], [77.543709, 12.879186], [77.543789, 12.879204], [77.543969, 12.879873], [77.545496, 12.883504], [77.546616, 12.88449], [77.546754, 12.884396], [77.546899, 12.884548], [77.547602, 12.88415], [77.547797, 12.883915], [77.54773, 12.883436], [77.548052, 12.88344], [77.54809, 12.88327], [77.548342, 12.883367], [77.548263, 12.883192], [77.54827, 12.882721], [77.549146, 12.882718], [77.54927, 12.882338], [77.549119, 12.882213], [77.54914, 12.882005], [77.549203, 12.881973], [77.549176, 12.881635], [77.550895, 12.881123], [77.551174, 12.879924], [77.551453, 12.879198], [77.551203, 12.877323], [77.551396, 12.876819], [77.552, 12.876812], [77.552022, 12.876612], [77.551659, 12.876507], [77.551544, 12.875359], [77.5512, 12.875293], [77.550921, 12.875345], [77.551053, 12.874899], [77.550849, 12.874186], [77.551071, 12.873753], [77.550905, 12.872827], [77.550793, 12.87247], [77.550311, 12.872049], [77.550188, 12.871779], [77.550024, 12.871667], [77.550073, 12.871495], [77.549995, 12.871238], [77.549967, 12.870128], [77.550413, 12.869496], [77.550438, 12.869125], [77.550526, 12.868973], [77.55054, 12.868441], [77.550303, 12.867812], [77.550129, 12.867557], [77.549542, 12.867397], [77.54903, 12.867112], [77.548257, 12.866928], [77.548205, 12.866764], [77.548309, 12.866328], [77.548221, 12.865787], [77.548125, 12.865458], [77.547915, 12.865111], [77.547976, 12.864912], [77.548333, 12.864636], [77.548315, 12.864392], [77.548054, 12.864065], [77.548026, 12.863842], [77.547939, 12.863731], [77.547601, 12.863626], [77.547102, 12.863077], [77.546431, 12.862706], [77.546213, 12.862137], [77.546123, 12.861337], [77.545784, 12.861108], [77.545777, 12.86076], [77.545605, 12.860369], [77.545076, 12.859721], [77.544969, 12.859289], [77.545156, 12.858792], [77.54534, 12.858794], [77.545547, 12.859169], [77.545732, 12.859238], [77.546302, 12.858485], [77.546413, 12.858172], [77.546385, 12.857895], [77.546101, 12.857567], [77.545993, 12.857299], [77.545915, 12.856554], [77.546107, 12.856043], [77.546406, 12.855687], [77.546447, 12.855446], [77.545802, 12.854506], [77.545755, 12.854146], [77.545784, 12.853382], [77.54586, 12.853134], [77.545824, 12.852899], [77.545506, 12.852729], [77.545482, 12.852513], [77.545233, 12.852134], [77.545181, 12.851921], [77.545219, 12.851615], [77.544807, 12.851289], [77.544781, 12.85108], [77.54483, 12.850922], [77.54503, 12.850739], [77.545554, 12.850488], [77.545658, 12.849692], [77.545147, 12.849301], [77.5452, 12.848823], [77.544596, 12.848679], [77.544319, 12.848521], [77.544369, 12.848066], [77.544778, 12.847686], [77.544865, 12.847691], [77.544873, 12.847597], [77.544683, 12.847616], [77.544651, 12.8474], [77.544358, 12.84699], [77.544495, 12.846729], [77.544576, 12.846312], [77.544389, 12.845279], [77.544314, 12.844369], [77.543724, 12.844055], [77.542775, 12.843371], [77.542253, 12.843287], [77.541677, 12.843325], [77.541486, 12.843533], [77.541265, 12.844273], [77.540492, 12.844962], [77.539045, 12.845319], [77.538348, 12.845304], [77.538355, 12.844917], [77.537931, 12.843411], [77.537877, 12.842468], [77.537575, 12.841737], [77.535108, 12.840954], [77.533914, 12.839924], [77.533612, 12.839909], [77.533434, 12.839702], [77.531281, 12.840051], [77.526057, 12.840642], [77.523518, 12.839945], [77.522657, 12.843988], [77.522252, 12.845473], [77.521628, 12.848446], [77.521591, 12.848998], [77.521034, 12.850168], [77.51921, 12.854856], [77.518409, 12.861167], [77.519542, 12.86215], [77.519754, 12.863965], [77.52022, 12.866343], [77.522919, 12.870559], [77.523087, 12.870579], [77.520205, 12.872149], [77.519437, 12.87179], [77.515493, 12.867877], [77.514671, 12.867928], [77.512413, 12.868274], [77.511592, 12.868062], [77.510521, 12.868957], [77.510115, 12.869031], [77.509245, 12.87002], [77.507924, 12.87186], [77.506675, 12.873808], [77.505782, 12.875604], [77.505725, 12.875907], [77.505416, 12.87659], [77.504547, 12.877009], [77.502689, 12.876188], [77.499661, 12.874111], [77.497913, 12.873207], [77.497026, 12.872376], [77.496273, 12.87295], [77.495092, 12.872956], [77.494741, 12.8718], [77.494554, 12.871722], [77.492862, 12.871912], [77.49271, 12.872272], [77.492522, 12.872195], [77.491781, 12.87082], [77.489302, 12.871989], [77.490731, 12.873558], [77.492965, 12.876524], [77.494135, 12.877884], [77.495993, 12.879763], [77.498123, 12.881647], [77.499199, 12.882458], [77.501736, 12.884135], [77.504043, 12.885401], [77.508463, 12.887565], [77.50973, 12.88854], [77.510679, 12.889575], [77.512441, 12.892075], [77.513827, 12.893656], [77.514383, 12.894142]]]}}, {"type": "Feature", "properties": {"ward_name": "9 - N.A.L Layout", "Corporation": "South", "valley": "Koramangala Challaghatta Valley", "subvalley": "KC_1", "Assembly": "173 - Jayanagar"}, "geometry": {"type": "Polygon", "coordinates": [[[77.597467, 12.923173], [77.593471, 12.923238], [77.593497, 12.924214], [77.597066, 12.924193], [77.597109, 12.92538], [77.597667, 12.925582], [77.59769, 12.926108], [77.598946, 12.92624], [77.599941, 12.926032], [77.599921, 12.925488], [77.600404, 12.925464], [77.600435, 12.926614], [77.601111, 12.926607], [77.601305, 12.92693], [77.603291, 12.927986], [77.603976, 12.928069], [77.604915, 12.928039], [77.604736, 12.927435], [77.604435, 12.927513], [77.60436, 12.927312], [77.604604, 12.927227], [77.604546, 12.927052], [77.604672, 12.927005], [77.604423, 12.926314], [77.605105, 12.925949], [77.604943, 12.925145], [77.605113, 12.925148], [77.605132, 12.924915], [77.605031, 12.923491], [77.604888, 12.922601], [77.602036, 12.922678], [77.60218, 12.923933], [77.601265, 12.924096], [77.597525, 12.924507], [77.597467, 12.923173]]]}}, {"type": "Feature", "properties": {"ward_name": "45 - Marathahalli", "Corporation": "East", "valley": "Koramangala Challaghatta Valley", "subvalley": "KC_2", "Assembly": "174 - Mahadevapura"}, "geometry": {"type": "Polygon", "coordinates": [[[77.695105, 12.945987], [77.693546, 12.946273], [77.693027, 12.946487], [77.692404, 12.94706], [77.692636, 12.949931], [77.691009, 12.951058], [77.690892, 12.952026], [77.690999, 12.953019], [77.690968, 12.953978], [77.690445, 12.954577], [77.689966, 12.954954], [77.689635, 12.95542], [77.698804, 12.957052], [77.699262, 12.957076], [77.704673, 12.956671], [77.705028, 12.95388], [77.704331, 12.953829], [77.704333, 12.953093], [77.702326, 12.953218], [77.702243, 12.953322], [77.700211, 12.953435], [77.700305, 12.953882], [77.698053, 12.954336], [77.697979, 12.954001], [77.698219, 12.952865], [77.697443, 12.948669], [77.696362, 12.949096], [77.696338, 12.9467], [77.69624, 12.94564], [77.695475, 12.945993], [77.695105, 12.945987]]]}}, {"type": "Feature", "properties": {"ward_name": "33 - S.M Krishna Ward", "Corporation": "East", "valley": "Hebbal Nagawara Valley,Koramangala Challaghatta Valley,Hebbal Nagawara Valley", "subvalley": "HN_3,KC_2,HN_2", "Assembly": "174 - Mahadevapura"}, "geometry": {"type": "Polygon", "coordinates": [[[77.75614, 12.976174], [77.755541, 12.975124], [77.754704, 12.975456], [77.754191, 12.974785], [77.753365, 12.973304], [77.750461, 12.973917], [77.750282, 12.972168], [77.749354, 12.972894], [77.748477, 12.973132], [77.747762, 12.973029], [77.747278, 12.973332], [77.746395, 12.975028], [77.746156, 12.975334], [77.745996, 12.975411], [77.745323, 12.97565], [77.744986, 12.975683], [77.744547, 12.975666], [77.743749, 12.975435], [77.743454, 12.975455], [77.741327, 12.97604], [77.741011, 12.975073], [77.740857, 12.974275], [77.740654, 12.974202], [77.739988, 12.973714], [77.73975, 12.973391], [77.739015, 12.971872], [77.73862, 12.971286], [77.738386, 12.970158], [77.738815, 12.970004], [77.738775, 12.96975], [77.73904, 12.969704], [77.738914, 12.969183], [77.735612, 12.969346], [77.735441, 12.968542], [77.734649, 12.967762], [77.734137, 12.967811], [77.733859, 12.967324], [77.733289, 12.965056], [77.733123, 12.963545], [77.73086, 12.963748], [77.730604, 12.964153], [77.730893, 12.967214], [77.731022, 12.967822], [77.731147, 12.968252], [77.731453, 12.968677], [77.731766, 12.96938], [77.732059, 12.969675], [77.731633, 12.970284], [77.731013, 12.970706], [77.730359, 12.970949], [77.726852, 12.971502], [77.727054, 12.974224], [77.72709, 12.97645], [77.727282, 12.976511], [77.727441, 12.980224], [77.727842, 12.98201], [77.728487, 12.983366], [77.728885, 12.984033], [77.729911, 12.985225], [77.73043, 12.98567], [77.731859, 12.986558], [77.731767, 12.986843], [77.731761, 12.988144], [77.735073, 12.987655], [77.736034, 12.987589], [77.740138, 12.987614], [77.744902, 12.986393], [77.747261, 12.985467], [77.752132, 12.983838], [77.754397, 12.983506], [77.755851, 12.982898], [77.757856, 12.982472], [77.75824, 12.982489], [77.758048, 12.9818], [77.75707, 12.976714], [77.756317, 12.976741], [77.75614, 12.976174]]]}}, {"type": "Feature", "properties": {"ward_name": "9 - Srigandhanagar", "Corporation": "West", "valley": "Vrishabhavati Valley,Arkavathi Valley", "subvalley": "VV_2,VV_1,AV_2", "Assembly": "155 - Dasarahalli"}, "geometry": {"type": "Polygon", "coordinates": [[[77.50141, 13.00361], [77.501675, 13.004875], [77.502613, 13.004738], [77.502575, 13.004426], [77.503742, 13.004329], [77.503569, 13.003346], [77.504362, 13.003246], [77.504337, 13.002521], [77.504599, 13.001759], [77.506634, 13.00145], [77.506925, 13.002813], [77.509131, 13.002403], [77.509236, 13.002602], [77.509436, 13.002524], [77.510604, 13.001699], [77.510723, 13.001583], [77.510712, 13.001412], [77.511279, 13.001094], [77.5115, 13.000829], [77.512141, 13.000318], [77.512392, 13.000223], [77.513386, 13.000103], [77.513301, 13.000097], [77.512788, 12.99795], [77.510648, 12.998394], [77.510371, 12.997489], [77.508834, 12.997894], [77.507292, 12.99842], [77.507307, 12.99852], [77.506044, 12.998888], [77.506031, 12.998834], [77.504809, 12.999065], [77.504901, 12.999614], [77.503615, 12.999789], [77.503607, 12.999896], [77.502248, 13.000373], [77.502126, 13.00008], [77.501563, 13.000356], [77.501204, 12.999809], [77.500429, 13.000237], [77.500083, 13.000301], [77.500183, 13.000877], [77.499566, 13.001024], [77.499454, 13.000438], [77.498265, 13.000671], [77.498327, 13.001273], [77.49612, 13.001563], [77.49546, 13.001743], [77.495034, 13.000414], [77.494283, 13.000597], [77.49306, 13.000704], [77.495738, 13.00433], [77.496303, 13.00413], [77.499089, 13.00356], [77.499, 13.002984], [77.499668, 13.00275], [77.500006, 13.003969], [77.50141, 13.00361]]]}}, {"type": "Feature", "properties": {"ward_name": "13 - Marenahalli South", "Corporation": "South", "valley": "Koramangala Challaghatta Valley", "subvalley": "KC_1", "Assembly": "173 - Jayanagar"}, "geometry": {"type": "Polygon", "coordinates": [[[77.590578, 12.917325], [77.590775, 12.916958], [77.589423, 12.916998], [77.589418, 12.916534], [77.589626, 12.916505], [77.589786, 12.914952], [77.590458, 12.914956], [77.590611, 12.913362], [77.591518, 12.91336], [77.591551, 12.914518], [77.593258, 12.91498], [77.59504, 12.914913], [77.59505, 12.914436], [77.594187, 12.914095], [77.594334, 12.913645], [77.594356, 12.913097], [77.59509, 12.91349], [77.595114, 12.912701], [77.5956, 12.912715], [77.595654, 12.910895], [77.595182, 12.910884], [77.595201, 12.910218], [77.593981, 12.910112], [77.593318, 12.910139], [77.593322, 12.910229], [77.590227, 12.910405], [77.585704, 12.910568], [77.585895, 12.920246], [77.588029, 12.920195], [77.588037, 12.92067], [77.589536, 12.920643], [77.589514, 12.918881], [77.590378, 12.918871], [77.590333, 12.917427], [77.590489, 12.917414], [77.590578, 12.917325]]]}}, {"type": "Feature", "properties": {"ward_name": "44 - Harinagar", "Corporation": "South", "valley": "Suvarnamukhi Valley,Vrishabhavati Valley", "subvalley": "SV_1,VV_1", "Assembly": "176 - Bangalore South"}, "geometry": {"type": "Polygon", "coordinates": [[[77.572917, 12.882677], [77.572855, 12.882162], [77.57488, 12.881954], [77.575594, 12.881943], [77.57635, 12.879967], [77.576439, 12.878485], [77.576557, 12.878001], [77.577151, 12.877117], [77.57726, 12.876386], [77.577409, 12.87609], [77.57816, 12.876153], [77.578175, 12.875845], [77.578848, 12.875367], [77.579586, 12.874993], [77.581071, 12.875284], [77.581325, 12.87529], [77.581468, 12.875222], [77.581503, 12.875089], [77.581151, 12.874108], [77.580715, 12.874102], [77.580439, 12.873827], [77.580264, 12.873316], [77.579845, 12.872589], [77.579655, 12.872018], [77.57943, 12.871904], [77.579459, 12.871149], [77.575307, 12.870803], [77.575087, 12.869698], [77.574366, 12.869884], [77.573718, 12.867426], [77.572208, 12.867899], [77.571112, 12.868019], [77.569811, 12.868262], [77.569716, 12.86794], [77.56824, 12.868534], [77.566863, 12.869333], [77.566162, 12.86944], [77.566046, 12.869801], [77.566088, 12.87045], [77.566424, 12.871887], [77.566639, 12.873625], [77.566691, 12.874841], [77.567149, 12.877658], [77.567257, 12.877633], [77.567622, 12.878946], [77.567411, 12.879043], [77.567776, 12.879754], [77.568737, 12.881405], [77.569933, 12.883701], [77.571374, 12.883452], [77.571335, 12.883139], [77.572691, 12.883016], [77.572645, 12.882699], [77.572917, 12.882677]]]}}, {"type": "Feature", "properties": {"ward_name": "102 - Hanumanthanagar", "Corporation": "West", "valley": "Vrishabhavati Valley", "subvalley": "VV_1", "Assembly": "170 - Basavanagudi"}, "geometry": {"type": "Polygon", "coordinates": [[[77.557773, 12.940735], [77.555325, 12.941011], [77.555164, 12.939678], [77.554789, 12.939707], [77.555021, 12.941863], [77.552409, 12.941982], [77.55257, 12.943952], [77.553198, 12.943819], [77.553695, 12.943822], [77.553745, 12.9443], [77.553254, 12.944255], [77.55319, 12.944673], [77.553461, 12.944701], [77.55348, 12.945886], [77.553956, 12.945864], [77.554888, 12.945667], [77.554946, 12.946358], [77.556049, 12.946325], [77.557259, 12.944861], [77.557332, 12.944927], [77.557386, 12.945489], [77.55852, 12.945414], [77.558418, 12.944542], [77.559941, 12.944644], [77.559849, 12.94572], [77.560685, 12.945732], [77.560719, 12.944701], [77.561534, 12.944787], [77.561498, 12.945657], [77.56191, 12.945683], [77.562019, 12.944222], [77.563149, 12.944198], [77.563212, 12.943882], [77.563478, 12.943915], [77.563845, 12.944206], [77.564255, 12.944246], [77.564296, 12.941738], [77.565099, 12.941748], [77.564979, 12.941007], [77.563973, 12.939305], [77.564523, 12.939303], [77.564531, 12.93893], [77.563142, 12.938861], [77.562868, 12.939235], [77.561548, 12.939163], [77.56008, 12.939267], [77.560127, 12.94006], [77.559844, 12.940064], [77.559848, 12.940401], [77.557722, 12.940525], [77.557773, 12.940735]]]}}, {"type": "Feature", "properties": {"ward_name": "41 - Periyar Nagar", "Corporation": "North", "valley": "Hebbal Nagawara Valley", "subvalley": "HN_1", "Assembly": "159 - Pulakeshinagar"}, "geometry": {"type": "Polygon", "coordinates": [[[77.61277, 13.014814], [77.612659, 13.014993], [77.612641, 13.015245], [77.613243, 13.015321], [77.613194, 13.016282], [77.613067, 13.016749], [77.61349, 13.016693], [77.614031, 13.018746], [77.614502, 13.018638], [77.614328, 13.018013], [77.614814, 13.017798], [77.614607, 13.017217], [77.614353, 13.016059], [77.61505, 13.01591], [77.614837, 13.015138], [77.614249, 13.015313], [77.614024, 13.01468], [77.61331, 13.014791], [77.613447, 13.010765], [77.613198, 13.008493], [77.61286, 13.008559], [77.612908, 13.008875], [77.612693, 13.008896], [77.612661, 13.00899], [77.61184, 13.009169], [77.612061, 13.009996], [77.611298, 13.010177], [77.61111, 13.010125], [77.610638, 13.010331], [77.610583, 13.010113], [77.609727, 13.010298], [77.609484, 13.010946], [77.609726, 13.011459], [77.61002, 13.011807], [77.610097, 13.012207], [77.61002, 13.01265], [77.610285, 13.013281], [77.610596, 13.013923], [77.611211, 13.014785], [77.612098, 13.01405], [77.61277, 13.014814]]]}}, {"type": "Feature", "properties": {"ward_name": "25 - L.B Shastri Nagar", "Corporation": "East", "valley": "Koramangala Challaghatta Valley", "subvalley": "KC_2", "Assembly": "151 - K.R. Pura"}, "geometry": {"type": "Polygon", "coordinates": [[[77.673434, 12.967233], [77.672715, 12.967033], [77.672712, 12.965362], [77.672545, 12.964897], [77.672567, 12.964485], [77.673342, 12.964642], [77.673335, 12.963246], [77.672568, 12.963362], [77.672164, 12.961164], [77.671987, 12.96113], [77.671828, 12.961204], [77.671785, 12.961364], [77.671625, 12.961426], [77.670338, 12.961748], [77.668175, 12.961278], [77.668392, 12.961813], [77.668554, 12.962847], [77.668686, 12.964936], [77.668574, 12.965962], [77.669759, 12.966151], [77.670151, 12.968023], [77.670283, 12.969518], [77.671084, 12.969406], [77.671136, 12.969819], [77.671246, 12.969817], [77.671647, 12.971033], [77.672547, 12.970916], [77.672513, 12.970748], [77.673406, 12.970472], [77.673398, 12.970345], [77.674509, 12.97004], [77.674098, 12.969147], [77.674461, 12.968852], [77.674167, 12.968168], [77.674389, 12.968097], [77.674098, 12.967448], [77.673667, 12.967414], [77.673434, 12.967233]]]}}, {"type": "Feature", "properties": {"ward_name": "59 - Vijaya Bank Layout", "Corporation": "South", "valley": "Koramangala Challaghatta Valley", "subvalley": "KC_1", "Assembly": "175 - Bommanahalli"}, "geometry": {"type": "Polygon", "coordinates": [[[77.605256, 12.898138], [77.604907, 12.8965], [77.605803, 12.896213], [77.605427, 12.894949], [77.605328, 12.894363], [77.607316, 12.89392], [77.607849, 12.895531], [77.60875, 12.895277], [77.609207, 12.894907], [77.609275, 12.895303], [77.609732, 12.89593], [77.609916, 12.895838], [77.61104, 12.895799], [77.61101, 12.894819], [77.612902, 12.894686], [77.61291, 12.895168], [77.613362, 12.895212], [77.613561, 12.894994], [77.614643, 12.89511], [77.614564, 12.894019], [77.614491, 12.893599], [77.61436, 12.893339], [77.616051, 12.892959], [77.615695, 12.888949], [77.616009, 12.888771], [77.616007, 12.888603], [77.617494, 12.888365], [77.619316, 12.888217], [77.618769, 12.886919], [77.618215, 12.884749], [77.61785, 12.884747], [77.617763, 12.884117], [77.617729, 12.882184], [77.617619, 12.88169], [77.618706, 12.881228], [77.61858, 12.880568], [77.618467, 12.880394], [77.618233, 12.879564], [77.617917, 12.879264], [77.617884, 12.878966], [77.618316, 12.878915], [77.618114, 12.878521], [77.618038, 12.877802], [77.617704, 12.877454], [77.61757, 12.877167], [77.617682, 12.876369], [77.617526, 12.87606], [77.616019, 12.876257], [77.614919, 12.876257], [77.615131, 12.874285], [77.615341, 12.873078], [77.615209, 12.872332], [77.615278, 12.871616], [77.615156, 12.871588], [77.614986, 12.871128], [77.614535, 12.871131], [77.61358, 12.8713], [77.613322, 12.869811], [77.613275, 12.868186], [77.613123, 12.868173], [77.61295, 12.867114], [77.6128, 12.865406], [77.612056, 12.865748], [77.611458, 12.866145], [77.611139, 12.866646], [77.611105, 12.867422], [77.610332, 12.86752], [77.610271, 12.866878], [77.608379, 12.866998], [77.608077, 12.868129], [77.608093, 12.869016], [77.608024, 12.869674], [77.607142, 12.869933], [77.606418, 12.869897], [77.606143, 12.86928], [77.60607, 12.869215], [77.605895, 12.869264], [77.605325, 12.868236], [77.6052, 12.868119], [77.605005, 12.867636], [77.604865, 12.866996], [77.604662, 12.867033], [77.604468, 12.865135], [77.604332, 12.865093], [77.604286, 12.864779], [77.603858, 12.864803], [77.60351, 12.864655], [77.603539, 12.865234], [77.603399, 12.865371], [77.602823, 12.866504], [77.602633, 12.866655], [77.601485, 12.86677], [77.601601, 12.866467], [77.601537, 12.866285], [77.599638, 12.866384], [77.59954, 12.866317], [77.599264, 12.866383], [77.599271, 12.866546], [77.599034, 12.866728], [77.598063, 12.866775], [77.597573, 12.868863], [77.596785, 12.870284], [77.596367, 12.871948], [77.599769, 12.871945], [77.60218, 12.87177], [77.602264, 12.871871], [77.602906, 12.874386], [77.603191, 12.874545], [77.603554, 12.874469], [77.604115, 12.874037], [77.604387, 12.875432], [77.605745, 12.8753], [77.606189, 12.875212], [77.606286, 12.875066], [77.607278, 12.875327], [77.607095, 12.875829], [77.607171, 12.876519], [77.608912, 12.876725], [77.6097, 12.878713], [77.609907, 12.879476], [77.610034, 12.880421], [77.609981, 12.88213], [77.610097, 12.88333], [77.610084, 12.884444], [77.610203, 12.885597], [77.610505, 12.886847], [77.608813, 12.8868], [77.608801, 12.888294], [77.60749, 12.888464], [77.604464, 12.889488], [77.603814, 12.889775], [77.603433, 12.889398], [77.603173, 12.88948], [77.603294, 12.890258], [77.601998, 12.890494], [77.601928, 12.890193], [77.602054, 12.890153], [77.601825, 12.889377], [77.599885, 12.890076], [77.599533, 12.890349], [77.598124, 12.89058], [77.59882, 12.892418], [77.599467, 12.895225], [77.60028, 12.898073], [77.600903, 12.899806], [77.603159, 12.898991], [77.605256, 12.898138]]]}}, {"type": "Feature", "properties": {"ward_name": "40 - Anjanapura", "Corporation": "South", "valley": "Koramangala Challaghatta Valley,Suvarnamukhi Valley,Vrishabhavati Valley", "subvalley": "KC_1,SV_1,VV_1", "Assembly": "176 - Bangalore South"}, "geometry": {"type": "Polygon", "coordinates": [[[77.571874, 12.839196], [77.570555, 12.839228], [77.565594, 12.839667], [77.562557, 12.83897], [77.562432, 12.839717], [77.562676, 12.840275], [77.56036, 12.841209], [77.557406, 12.841844], [77.557347, 12.84419], [77.556429, 12.845072], [77.554879, 12.847849], [77.554481, 12.848028], [77.554424, 12.847889], [77.553232, 12.847732], [77.553208, 12.847496], [77.553021, 12.847157], [77.551993, 12.847565], [77.551494, 12.848005], [77.544873, 12.847597], [77.544865, 12.847691], [77.544778, 12.847686], [77.544369, 12.848066], [77.544319, 12.848521], [77.544596, 12.848679], [77.5452, 12.848823], [77.545147, 12.849301], [77.545648, 12.849653], [77.545668, 12.849912], [77.545554, 12.850488], [77.544912, 12.850837], [77.544807, 12.85098], [77.54479, 12.851168], [77.544807, 12.851289], [77.545219, 12.851615], [77.545181, 12.851921], [77.545233, 12.852134], [77.545482, 12.852513], [77.545506, 12.852729], [77.545824, 12.852899], [77.54586, 12.853134], [77.545784, 12.853382], [77.545755, 12.854146], [77.545802, 12.854506], [77.546447, 12.855446], [77.546406, 12.855687], [77.546107, 12.856043], [77.545915, 12.856554], [77.545993, 12.857299], [77.546101, 12.857567], [77.546385, 12.857895], [77.546392, 12.858284], [77.545732, 12.859238], [77.545547, 12.859169], [77.54534, 12.858794], [77.545156, 12.858792], [77.544969, 12.859289], [77.545049, 12.859633], [77.545121, 12.859838], [77.545275, 12.859937], [77.545605, 12.860369], [77.545777, 12.86076], [77.545784, 12.861108], [77.546123, 12.861337], [77.546213, 12.862137], [77.546431, 12.862706], [77.547102, 12.863077], [77.547601, 12.863626], [77.547939, 12.863731], [77.548026, 12.863842], [77.548054, 12.864065], [77.548315, 12.864392], [77.548333, 12.864636], [77.547976, 12.864912], [77.547915, 12.865111], [77.548125, 12.865458], [77.548221, 12.865787], [77.548309, 12.866328], [77.548205, 12.866764], [77.548257, 12.866928], [77.54903, 12.867112], [77.549542, 12.867397], [77.550129, 12.867557], [77.550303, 12.867812], [77.55054, 12.868441], [77.550526, 12.868973], [77.550438, 12.869125], [77.550413, 12.869496], [77.549967, 12.870128], [77.549995, 12.871238], [77.550073, 12.871495], [77.550024, 12.871667], [77.550188, 12.871779], [77.550311, 12.872049], [77.550793, 12.87247], [77.550905, 12.872827], [77.551071, 12.873753], [77.550849, 12.874186], [77.551053, 12.874899], [77.550921, 12.875345], [77.5512, 12.875293], [77.551544, 12.875359], [77.551659, 12.876507], [77.552022, 12.876612], [77.552, 12.876812], [77.551396, 12.876819], [77.551203, 12.877323], [77.551453, 12.879198], [77.551174, 12.879924], [77.550895, 12.881123], [77.549176, 12.881635], [77.549203, 12.881973], [77.54914, 12.882005], [77.549119, 12.882213], [77.54927, 12.882338], [77.549146, 12.882718], [77.54827, 12.882721], [77.548263, 12.883192], [77.548342, 12.883367], [77.54809, 12.88327], [77.548052, 12.88344], [77.54773, 12.883436], [77.547797, 12.883915], [77.547602, 12.88415], [77.546899, 12.884548], [77.546754, 12.884396], [77.546616, 12.88449], [77.545496, 12.883504], [77.544027, 12.880002], [77.544027, 12.880375], [77.543295, 12.881462], [77.541298, 12.883973], [77.541705, 12.885397], [77.541766, 12.885977], [77.541384, 12.887037], [77.541261, 12.887863], [77.541263, 12.888772], [77.541548, 12.890129], [77.54267, 12.892016], [77.539213, 12.893054], [77.536455, 12.894167], [77.53705, 12.895412], [77.538774, 12.894876], [77.538901, 12.895076], [77.542802, 12.893925], [77.542539, 12.893258], [77.54312, 12.893], [77.543382, 12.893133], [77.543501, 12.892919], [77.5437, 12.892023], [77.544243, 12.891109], [77.544335, 12.890839], [77.544077, 12.889971], [77.544818, 12.889538], [77.545624, 12.889372], [77.545577, 12.888996], [77.545364, 12.889025], [77.545337, 12.888888], [77.5455, 12.888725], [77.545536, 12.888399], [77.54532, 12.887898], [77.545256, 12.887458], [77.545252, 12.886077], [77.545418, 12.886013], [77.54533, 12.884816], [77.545945, 12.884779], [77.546199, 12.885135], [77.546518, 12.88531], [77.548727, 12.887616], [77.548311, 12.887912], [77.547521, 12.888277], [77.547626, 12.888608], [77.54794, 12.888446], [77.547969, 12.88858], [77.548684, 12.88954], [77.548896, 12.890427], [77.549916, 12.891899], [77.55014, 12.891758], [77.550277, 12.892014], [77.550959, 12.891684], [77.55127, 12.89283], [77.552119, 12.892706], [77.553053, 12.892411], [77.550931, 12.889961], [77.552349, 12.889511], [77.551875, 12.88755], [77.55274, 12.887548], [77.554007, 12.887324], [77.554576, 12.886897], [77.555238, 12.889485], [77.55588, 12.889272], [77.555958, 12.889505], [77.55746, 12.888965], [77.557342, 12.888768], [77.556663, 12.885915], [77.556292, 12.885726], [77.550897, 12.88412], [77.550955, 12.884028], [77.552904, 12.883691], [77.554618, 12.883721], [77.55531, 12.88151], [77.555497, 12.881593], [77.556775, 12.88138], [77.556882, 12.8817], [77.556836, 12.882337], [77.557079, 12.882722], [77.557326, 12.883774], [77.557652, 12.884099], [77.558203, 12.884347], [77.558939, 12.884805], [77.559455, 12.885533], [77.559908, 12.88571], [77.561603, 12.887489], [77.562342, 12.888563], [77.563499, 12.889624], [77.563605, 12.88954], [77.564631, 12.887537], [77.56497, 12.887189], [77.565569, 12.886831], [77.564854, 12.885357], [77.564508, 12.885076], [77.564379, 12.884628], [77.564169, 12.884254], [77.563676, 12.884025], [77.56247, 12.884435], [77.562865, 12.883658], [77.562965, 12.883213], [77.564883, 12.882803], [77.564757, 12.881335], [77.564504, 12.880003], [77.562853, 12.880251], [77.561586, 12.880341], [77.561495, 12.879887], [77.562443, 12.879833], [77.562067, 12.878241], [77.563652, 12.877895], [77.562902, 12.876794], [77.561213, 12.875172], [77.559774, 12.874437], [77.559361, 12.87434], [77.558872, 12.873871], [77.557911, 12.87246], [77.557064, 12.871456], [77.556363, 12.870765], [77.556093, 12.870197], [77.558363, 12.869886], [77.558387, 12.870229], [77.562018, 12.869555], [77.562133, 12.869954], [77.562612, 12.869886], [77.563039, 12.871801], [77.56448, 12.871423], [77.564336, 12.870484], [77.56514, 12.870006], [77.565088, 12.869636], [77.566162, 12.86944], [77.566187, 12.869019], [77.565802, 12.867772], [77.565184, 12.866484], [77.565432, 12.866051], [77.56571, 12.865254], [77.565672, 12.864546], [77.564958, 12.863169], [77.564405, 12.862511], [77.564768, 12.862338], [77.565246, 12.862305], [77.565428, 12.862631], [77.566252, 12.862431], [77.566728, 12.863492], [77.566887, 12.86354], [77.566929, 12.863704], [77.568158, 12.863649], [77.569138, 12.863389], [77.569298, 12.863997], [77.57046, 12.863862], [77.571673, 12.863615], [77.571617, 12.862274], [77.571239, 12.862308], [77.571164, 12.861183], [77.570978, 12.860716], [77.571837, 12.860473], [77.571937, 12.86049], [77.571977, 12.860783], [77.57409, 12.860345], [77.573921, 12.859207], [77.575614, 12.858814], [77.575958, 12.860172], [77.576415, 12.860136], [77.57783, 12.859619], [77.577798, 12.858729], [77.580062, 12.858375], [77.580059, 12.856279], [77.58033, 12.855255], [77.580801, 12.854945], [77.580141, 12.8536], [77.580169, 12.853384], [77.579042, 12.85054], [77.576572, 12.849862], [77.576382, 12.848361], [77.576025, 12.846866], [77.57428, 12.842184], [77.573792, 12.841038], [77.573552, 12.839895], [77.573441, 12.839866], [77.574365, 12.839675], [77.574211, 12.839133], [77.575232, 12.838745], [77.574787, 12.837492], [77.574328, 12.837339], [77.571874, 12.839196]]]}}, {"type": "Feature", "properties": {"ward_name": "27 - Sri Lakshmi Devi Ward", "Corporation": "South", "valley": "Koramangala Challaghatta Valley", "subvalley": "KC_1", "Assembly": "172 - B.T.M Layout"}, "geometry": {"type": "Polygon", "coordinates": [[[77.61711, 12.945318], [77.617958, 12.944964], [77.618268, 12.945987], [77.618565, 12.94588], [77.620687, 12.944331], [77.621779, 12.943393], [77.623463, 12.941862], [77.625423, 12.939876], [77.625988, 12.940389], [77.627005, 12.940762], [77.626927, 12.941306], [77.626746, 12.941487], [77.62631, 12.941665], [77.627943, 12.941841], [77.628155, 12.942484], [77.629016, 12.94225], [77.628949, 12.942507], [77.629297, 12.942439], [77.629503, 12.942989], [77.630567, 12.943098], [77.631951, 12.939881], [77.63289, 12.937981], [77.631682, 12.938367], [77.631558, 12.937742], [77.630698, 12.936982], [77.630915, 12.936825], [77.630245, 12.936043], [77.630558, 12.935135], [77.630171, 12.934865], [77.629736, 12.936364], [77.629143, 12.937661], [77.628873, 12.937616], [77.628685, 12.938358], [77.627526, 12.93775], [77.624245, 12.935174], [77.623801, 12.934628], [77.621977, 12.935754], [77.623802, 12.937954], [77.622248, 12.939614], [77.622853, 12.940197], [77.621935, 12.941181], [77.622872, 12.941878], [77.622411, 12.942313], [77.621244, 12.941452], [77.619691, 12.94224], [77.618709, 12.942301], [77.618713, 12.9421], [77.617882, 12.94208], [77.617871, 12.942196], [77.617423, 12.94222], [77.617548, 12.943565], [77.617473, 12.943602], [77.61777, 12.944654], [77.616965, 12.944997], [77.61711, 12.945318]]]}}, {"type": "Feature", "properties": {"ward_name": "35 - Kammanahalli", "Corporation": "North", "valley": "Hebbal Nagawara Valley", "subvalley": "HN_1", "Assembly": "160 - Sarvagnanagar"}, "geometry": {"type": "Polygon", "coordinates": [[[77.631714, 13.004615], [77.627491, 13.006232], [77.627749, 13.006935], [77.629494, 13.006414], [77.629827, 13.007137], [77.62896, 13.007386], [77.629054, 13.007787], [77.629992, 13.00759], [77.63047, 13.007639], [77.630719, 13.008214], [77.631455, 13.009182], [77.630104, 13.010016], [77.630069, 13.011261], [77.629676, 13.011372], [77.629637, 13.011649], [77.63038, 13.011709], [77.630267, 13.012922], [77.631708, 13.012979], [77.631649, 13.012136], [77.631873, 13.010552], [77.632995, 13.010733], [77.632899, 13.011749], [77.634024, 13.011874], [77.635214, 13.011867], [77.635124, 13.011157], [77.635716, 13.007057], [77.636037, 13.006221], [77.636104, 13.00586], [77.636047, 13.004835], [77.63614, 13.004727], [77.636178, 13.004155], [77.635312, 13.003989], [77.634109, 13.004037], [77.631714, 13.004615]]]}}, {"type": "Feature", "properties": {"ward_name": "21 - Chikka Adugodi", "Corporation": "South", "valley": "Koramangala Challaghatta Valley", "subvalley": "KC_1", "Assembly": "172 - B.T.M Layout"}, "geometry": {"type": "Polygon", "coordinates": [[[77.613574, 12.93208], [77.616139, 12.92776], [77.615899, 12.927288], [77.615441, 12.927407], [77.615257, 12.926847], [77.615701, 12.926728], [77.6155, 12.925924], [77.615054, 12.926054], [77.614834, 12.925288], [77.615224, 12.92519], [77.614751, 12.923771], [77.616359, 12.922963], [77.616117, 12.922566], [77.616219, 12.922453], [77.615229, 12.921301], [77.61469, 12.921737], [77.615415, 12.923164], [77.614637, 12.923395], [77.614633, 12.923489], [77.614195, 12.923442], [77.61382, 12.923517], [77.613384, 12.923856], [77.612868, 12.924028], [77.611811, 12.924234], [77.610242, 12.924913], [77.609379, 12.925017], [77.609126, 12.925017], [77.608958, 12.924935], [77.608812, 12.925094], [77.608742, 12.925408], [77.608766, 12.925861], [77.608894, 12.926222], [77.609136, 12.927573], [77.607957, 12.927573], [77.608254, 12.930896], [77.608121, 12.931333], [77.60738, 12.931366], [77.607342, 12.93224], [77.60838, 12.932224], [77.608459, 12.932848], [77.610061, 12.93271], [77.609828, 12.933317], [77.609679, 12.934765], [77.613402, 12.931933], [77.613574, 12.93208]]]}}, {"type": "Feature", "properties": {"ward_name": "18 - Viswamanava Kuvempu Ward", "Corporation": "South", "valley": "Koramangala Challaghatta Valley", "subvalley": "KC_1", "Assembly": "172 - B.T.M Layout"}, "geometry": {"type": "Polygon", "coordinates": [[[77.614158, 12.909222], [77.613085, 12.909439], [77.613183, 12.909948], [77.610858, 12.910073], [77.610679, 12.910078], [77.610556, 12.909463], [77.61011, 12.90949], [77.610198, 12.909202], [77.608097, 12.909429], [77.608223, 12.910455], [77.60697, 12.910514], [77.606958, 12.910358], [77.606489, 12.910379], [77.606389, 12.911684], [77.605965, 12.911688], [77.605993, 12.910923], [77.604909, 12.910832], [77.603756, 12.910934], [77.603727, 12.911726], [77.603057, 12.911671], [77.602703, 12.911785], [77.6013, 12.911843], [77.599928, 12.911728], [77.599883, 12.913341], [77.600023, 12.914284], [77.599993, 12.916728], [77.614705, 12.916438], [77.616965, 12.916219], [77.618914, 12.91625], [77.619605, 12.916293], [77.620208, 12.916433], [77.622623, 12.917269], [77.622182, 12.916365], [77.622146, 12.914474], [77.620906, 12.913632], [77.621435, 12.913287], [77.621455, 12.913209], [77.621353, 12.912969], [77.621038, 12.912703], [77.62085, 12.912639], [77.61957, 12.912539], [77.618939, 12.912842], [77.618365, 12.913322], [77.617849, 12.913915], [77.616728, 12.914825], [77.616599, 12.915007], [77.616557, 12.915319], [77.616401, 12.915108], [77.616328, 12.914789], [77.616191, 12.913572], [77.615676, 12.911117], [77.615306, 12.909619], [77.615039, 12.908909], [77.614137, 12.909172], [77.614158, 12.909222]]]}}, {"type": "Feature", "properties": {"ward_name": "54 - Subedarpalya", "Corporation": "West", "valley": "Hebbal Nagawara Valley,Vrishabhavati Valley", "subvalley": "HN_1,VV_1", "Assembly": "157 - Malleshwaram"}, "geometry": {"type": "Polygon", "coordinates": [[[77.561593, 13.022176], [77.563119, 13.022488], [77.563191, 13.021803], [77.563135, 13.021485], [77.562176, 13.019627], [77.561415, 13.018685], [77.560569, 13.017078], [77.557967, 13.018638], [77.557705, 13.018618], [77.557402, 13.018256], [77.556244, 13.016185], [77.555869, 13.0158], [77.555116, 13.016902], [77.553888, 13.01919], [77.554342, 13.019816], [77.555486, 13.019842], [77.556388, 13.0218], [77.556931, 13.023191], [77.557721, 13.025714], [77.558413, 13.027239], [77.560661, 13.026343], [77.558938, 13.022018], [77.560188, 13.021553], [77.56027, 13.021817], [77.561186, 13.021442], [77.561246, 13.021542], [77.561493, 13.021431], [77.561628, 13.021915], [77.561593, 13.022176]]]}}, {"type": "Feature", "properties": {"ward_name": "51 - Subramanyapura", "Corporation": "South", "valley": "Vrishabhavati Valley", "subvalley": "VV_1", "Assembly": "176 - Bangalore South"}, "geometry": {"type": "Polygon", "coordinates": [[[77.549251, 12.907711], [77.548064, 12.90821], [77.547044, 12.907405], [77.546214, 12.907018], [77.545752, 12.906865], [77.544104, 12.906537], [77.542714, 12.905775], [77.541979, 12.905881], [77.541737, 12.905091], [77.541597, 12.904973], [77.541366, 12.904381], [77.540985, 12.903736], [77.54145, 12.903462], [77.541107, 12.902843], [77.541206, 12.902794], [77.540789, 12.902085], [77.541402, 12.901643], [77.541353, 12.901474], [77.540916, 12.900732], [77.540596, 12.900366], [77.540421, 12.90027], [77.539824, 12.900395], [77.539595, 12.900001], [77.539265, 12.900014], [77.539078, 12.899338], [77.539193, 12.899178], [77.539651, 12.899141], [77.539439, 12.898451], [77.540004, 12.897723], [77.541264, 12.897194], [77.54127, 12.897122], [77.542251, 12.896919], [77.54252, 12.897009], [77.54295, 12.897863], [77.543983, 12.897627], [77.544018, 12.896602], [77.543874, 12.895757], [77.54381, 12.895547], [77.543484, 12.895141], [77.543477, 12.893819], [77.54312, 12.893], [77.542539, 12.893258], [77.542802, 12.893925], [77.538901, 12.895076], [77.538774, 12.894876], [77.53705, 12.895412], [77.536455, 12.894167], [77.539213, 12.893054], [77.54267, 12.892016], [77.541548, 12.890129], [77.541263, 12.888772], [77.541261, 12.887863], [77.541384, 12.887037], [77.541766, 12.885977], [77.541705, 12.885397], [77.541298, 12.883973], [77.543295, 12.881462], [77.544027, 12.880375], [77.544027, 12.880002], [77.543789, 12.879204], [77.543213, 12.879214], [77.542012, 12.879435], [77.541172, 12.879706], [77.540993, 12.879843], [77.539929, 12.880104], [77.539057, 12.879902], [77.537518, 12.880264], [77.537593, 12.880611], [77.537564, 12.88328], [77.535842, 12.884613], [77.53258, 12.885299], [77.531595, 12.885197], [77.527915, 12.883965], [77.52233, 12.883633], [77.519034, 12.883192], [77.518319, 12.884329], [77.516655, 12.887385], [77.516289, 12.888697], [77.515981, 12.889568], [77.515723, 12.890058], [77.515928, 12.890466], [77.516198, 12.891454], [77.516031, 12.892271], [77.515875, 12.89381], [77.516586, 12.893714], [77.516855, 12.893585], [77.517233, 12.893184], [77.517504, 12.893161], [77.518235, 12.893412], [77.518503, 12.893387], [77.51872, 12.892985], [77.518871, 12.892919], [77.519822, 12.89306], [77.52057, 12.89356], [77.520901, 12.893606], [77.520993, 12.893836], [77.52104, 12.894687], [77.520932, 12.89542], [77.520798, 12.896099], [77.520577, 12.896302], [77.520448, 12.896781], [77.520738, 12.897372], [77.521129, 12.897838], [77.521284, 12.897865], [77.521677, 12.897695], [77.521841, 12.89753], [77.5223, 12.89745], [77.522392, 12.89737], [77.523159, 12.897668], [77.523754, 12.897533], [77.524041, 12.897616], [77.524324, 12.897468], [77.524764, 12.898025], [77.525331, 12.899592], [77.525939, 12.900683], [77.526344, 12.90238], [77.525907, 12.902468], [77.525871, 12.904298], [77.526383, 12.904981], [77.528428, 12.908316], [77.529498, 12.909917], [77.530128, 12.910997], [77.531086, 12.913104], [77.531376, 12.914298], [77.531782, 12.917793], [77.534427, 12.91836], [77.536429, 12.919249], [77.53785, 12.918562], [77.538157, 12.918233], [77.538698, 12.917828], [77.539308, 12.917519], [77.540361, 12.918051], [77.540577, 12.918049], [77.540965, 12.918366], [77.541346, 12.918529], [77.541685, 12.918788], [77.541987, 12.918799], [77.541929, 12.918221], [77.542876, 12.917776], [77.542749, 12.917661], [77.54281, 12.917598], [77.542617, 12.917162], [77.542468, 12.917065], [77.542941, 12.916082], [77.543685, 12.91586], [77.543751, 12.916017], [77.543499, 12.916463], [77.544807, 12.916131], [77.543966, 12.913936], [77.543733, 12.913996], [77.543047, 12.912161], [77.54278, 12.912234], [77.54237, 12.91082], [77.540414, 12.911518], [77.539542, 12.911688], [77.539394, 12.910992], [77.538843, 12.911083], [77.538707, 12.910516], [77.539351, 12.910332], [77.538999, 12.909477], [77.538606, 12.908936], [77.538465, 12.90853], [77.538747, 12.908656], [77.538963, 12.908601], [77.539835, 12.908104], [77.5411, 12.908786], [77.542217, 12.909152], [77.542544, 12.909151], [77.542771, 12.909065], [77.542987, 12.908778], [77.542814, 12.908427], [77.542212, 12.907691], [77.542077, 12.90739], [77.542509, 12.907232], [77.542548, 12.907339], [77.54277, 12.907276], [77.543533, 12.908986], [77.543823, 12.908907], [77.543191, 12.907563], [77.542871, 12.906626], [77.543413, 12.906472], [77.54414, 12.908326], [77.543927, 12.908416], [77.544201, 12.908981], [77.543956, 12.909106], [77.544376, 12.909883], [77.544614, 12.909822], [77.545202, 12.910012], [77.545366, 12.91018], [77.546848, 12.910773], [77.546771, 12.909825], [77.54831, 12.909479], [77.549219, 12.909151], [77.550223, 12.90978], [77.551125, 12.909506], [77.551284, 12.910012], [77.552163, 12.909814], [77.551991, 12.90927], [77.553763, 12.908941], [77.554424, 12.908729], [77.554438, 12.908669], [77.55356, 12.906325], [77.552626, 12.906673], [77.551936, 12.907039], [77.549277, 12.907766], [77.549251, 12.907711]]]}}, {"type": "Feature", "properties": {"ward_name": "35 - Goraguntepalya", "Corporation": "West", "valley": "Hebbal Nagawara Valley,Vrishabhavati Valley", "subvalley": "HN_1,VV_1", "Assembly": "154 - Rajarajeshwarinagar"}, "geometry": {"type": "Polygon", "coordinates": [[[77.537335, 13.026058], [77.53814, 13.026065], [77.538407, 13.026151], [77.538613, 13.027644], [77.539422, 13.027194], [77.540081, 13.028816], [77.5407, 13.032263], [77.541951, 13.038313], [77.542955, 13.03929], [77.544508, 13.037503], [77.544842, 13.036979], [77.547688, 13.031476], [77.548802, 13.029062], [77.55004, 13.026052], [77.552094, 13.022311], [77.553341, 13.020309], [77.555116, 13.016902], [77.555861, 13.015808], [77.55504, 13.015383], [77.554199, 13.015197], [77.55402, 13.014875], [77.554095, 13.015663], [77.553872, 13.015899], [77.553808, 13.016735], [77.553385, 13.018476], [77.552565, 13.020338], [77.551522, 13.022156], [77.55105, 13.022598], [77.548481, 13.023964], [77.544255, 13.026368], [77.542002, 13.02279], [77.539811, 13.019036], [77.535227, 13.021615], [77.533158, 13.021951], [77.532635, 13.022147], [77.532375, 13.021392], [77.531841, 13.018511], [77.531671, 13.018246], [77.530377, 13.018428], [77.530442, 13.018678], [77.529271, 13.018821], [77.529253, 13.019453], [77.528658, 13.019381], [77.528687, 13.01955], [77.528615, 13.019784], [77.528132, 13.019826], [77.527907, 13.020293], [77.527431, 13.020654], [77.527414, 13.020893], [77.527833, 13.021118], [77.527935, 13.021149], [77.528456, 13.021003], [77.531022, 13.026669], [77.534113, 13.024986], [77.534966, 13.026488], [77.537335, 13.026058]]]}}, {"type": "Feature", "properties": {"ward_name": "28 - Kottegepalya", "Corporation": "West", "valley": "Vrishabhavati Valley", "subvalley": "VV_1", "Assembly": "154 - Rajarajeshwarinagar"}, "geometry": {"type": "Polygon", "coordinates": [[[77.50925, 12.988201], [77.508606, 12.988916], [77.507648, 12.989128], [77.508213, 12.992701], [77.513397, 12.993925], [77.51441, 12.994382], [77.515647, 12.99508], [77.516367, 12.995217], [77.519097, 12.996408], [77.520106, 12.996781], [77.521282, 12.997468], [77.525993, 12.998544], [77.526149, 12.998368], [77.526301, 12.998025], [77.526223, 12.997822], [77.525775, 12.997756], [77.525237, 12.99793], [77.52497, 12.997727], [77.524728, 12.996695], [77.524589, 12.996444], [77.524403, 12.996168], [77.523634, 12.995567], [77.523473, 12.994879], [77.523047, 12.994105], [77.522975, 12.993104], [77.522387, 12.992319], [77.521708, 12.992136], [77.521427, 12.99123], [77.521026, 12.990715], [77.520727, 12.989891], [77.520562, 12.989007], [77.520061, 12.98777], [77.520153, 12.987299], [77.520331, 12.987144], [77.520353, 12.987026], [77.52002, 12.986482], [77.519806, 12.986263], [77.519763, 12.985143], [77.51958, 12.984827], [77.519315, 12.98396], [77.518829, 12.983464], [77.518626, 12.982921], [77.518239, 12.982466], [77.518256, 12.982264], [77.51839, 12.9822], [77.518496, 12.981697], [77.518696, 12.981492], [77.518832, 12.980816], [77.518959, 12.980562], [77.519099, 12.980413], [77.51927, 12.980402], [77.5194, 12.980298], [77.519456, 12.980059], [77.51973, 12.979587], [77.519569, 12.979141], [77.519063, 12.9786], [77.518436, 12.976532], [77.518603, 12.975512], [77.517822, 12.975128], [77.517338, 12.973703], [77.517296, 12.973362], [77.517395, 12.973118], [77.517627, 12.973207], [77.517793, 12.973172], [77.518102, 12.972909], [77.518168, 12.972764], [77.517908, 12.972245], [77.517907, 12.97189], [77.518535, 12.970905], [77.51846, 12.970543], [77.51794, 12.969823], [77.517773, 12.96976], [77.517743, 12.969905], [77.516973, 12.970072], [77.516533, 12.970259], [77.515413, 12.970471], [77.515441, 12.970663], [77.514797, 12.970804], [77.514369, 12.971004], [77.514882, 12.972731], [77.515118, 12.97397], [77.515009, 12.974236], [77.513461, 12.974664], [77.514039, 12.9761], [77.514302, 12.977054], [77.51484, 12.978234], [77.516073, 12.980096], [77.513746, 12.980399], [77.51099, 12.981024], [77.511064, 12.982717], [77.510765, 12.983756], [77.510744, 12.984605], [77.510854, 12.984932], [77.511201, 12.985365], [77.511829, 12.986447], [77.512284, 12.987901], [77.510964, 12.988363], [77.510178, 12.98813], [77.50925, 12.988201]]]}}, {"type": "Feature", "properties": {"ward_name": "3 - Nelagadaranahalli", "Corporation": "West", "valley": "Arkavathi Valley", "subvalley": "AV_2", "Assembly": "155 - Dasarahalli"}, "geometry": {"type": "Polygon", "coordinates": [[[77.495972, 13.023302], [77.495135, 13.023674], [77.495294, 13.024554], [77.496316, 13.028249], [77.497295, 13.028814], [77.500646, 13.030034], [77.503715, 13.031603], [77.505094, 13.031409], [77.505122, 13.031692], [77.505804, 13.031547], [77.506007, 13.032071], [77.506198, 13.032039], [77.506247, 13.032218], [77.507386, 13.03203], [77.507625, 13.033314], [77.507186, 13.033402], [77.507602, 13.034502], [77.50801, 13.034303], [77.508404, 13.034661], [77.508552, 13.033835], [77.510436, 13.033992], [77.510306, 13.036156], [77.510385, 13.036442], [77.5131, 13.035926], [77.513526, 13.037647], [77.51421, 13.037506], [77.514361, 13.038137], [77.514621, 13.038132], [77.514585, 13.038447], [77.514765, 13.038452], [77.515061, 13.035534], [77.518071, 13.035119], [77.517836, 13.033878], [77.517878, 13.033133], [77.519745, 13.02852], [77.514596, 13.026447], [77.50938, 13.024498], [77.509603, 13.025845], [77.507745, 13.026011], [77.507708, 13.026949], [77.506847, 13.026866], [77.506853, 13.026917], [77.505737, 13.026953], [77.504702, 13.026269], [77.504473, 13.02602], [77.504233, 13.025978], [77.504473, 13.025187], [77.504612, 13.023521], [77.504078, 13.022958], [77.504035, 13.022606], [77.503505, 13.022049], [77.50275, 13.02081], [77.501767, 13.021333], [77.500083, 13.022398], [77.500457, 13.023587], [77.499512, 13.024043], [77.499516, 13.024219], [77.49903, 13.02413], [77.498702, 13.02492], [77.49656, 13.023532], [77.495972, 13.023302]]]}}, {"type": "Feature", "properties": {"ward_name": "45 - Kushal Nagar", "Corporation": "North", "valley": "Koramangala Challaghatta Valley,Hebbal Nagawara Valley", "subvalley": "KC_1,HN_1", "Assembly": "159 - Pulakeshinagar"}, "geometry": {"type": "Polygon", "coordinates": [[[77.612264, 13.00865], [77.613198, 13.008493], [77.613263, 13.009408], [77.613437, 13.010432], [77.61331, 13.014791], [77.614024, 13.01468], [77.614249, 13.015313], [77.61712, 13.014434], [77.616168, 13.012038], [77.615342, 13.010759], [77.614711, 13.010053], [77.616569, 13.009391], [77.616224, 13.008217], [77.615831, 13.008449], [77.615363, 13.007659], [77.61546, 13.007604], [77.61499, 13.006756], [77.614664, 13.006923], [77.614508, 13.006609], [77.613689, 13.006987], [77.613449, 13.006476], [77.61251, 13.006847], [77.61288, 13.007897], [77.612136, 13.008211], [77.612264, 13.00865]]]}}, {"type": "Feature", "properties": {"ward_name": "29 - Austin Town", "Corporation": "Central", "valley": "Koramangala Challaghatta Valley", "subvalley": "KC_1", "Assembly": "163 - Shanthinagar"}, "geometry": {"type": "Polygon", "coordinates": [[[77.616215, 12.961638], [77.616308, 12.961455], [77.616405, 12.960858], [77.616686, 12.957307], [77.616964, 12.956473], [77.6174, 12.955525], [77.617582, 12.953668], [77.615649, 12.954514], [77.614099, 12.955079], [77.613719, 12.953593], [77.613128, 12.953737], [77.613191, 12.954002], [77.612826, 12.954058], [77.612802, 12.953867], [77.612501, 12.95388], [77.612328, 12.954056], [77.611525, 12.954375], [77.611354, 12.954555], [77.61134, 12.954812], [77.611831, 12.956146], [77.612467, 12.961782], [77.61271, 12.961631], [77.613362, 12.961562], [77.615715, 12.961545], [77.616215, 12.961638]]]}}, {"type": "Feature", "properties": {"ward_name": "38 - Nandini Layout", "Corporation": "West", "valley": "Vrishabhavati Valley", "subvalley": "VV_1", "Assembly": "156 - Mahalakshmi Layout"}, "geometry": {"type": "Polygon", "coordinates": [[[77.533857, 13.010754], [77.533752, 13.010373], [77.533632, 13.01025], [77.534513, 13.009533], [77.535284, 13.00917], [77.534616, 13.007728], [77.53452, 13.007721], [77.53432, 13.007527], [77.532372, 13.008474], [77.531601, 13.008714], [77.531858, 13.009291], [77.532047, 13.009543], [77.531881, 13.009841], [77.532761, 13.010601], [77.532797, 13.010695], [77.532657, 13.011115], [77.533103, 13.011142], [77.532911, 13.012347], [77.532929, 13.012987], [77.533041, 13.013452], [77.531739, 13.013864], [77.531549, 13.013838], [77.531463, 13.01397], [77.530468, 13.014277], [77.531068, 13.01588], [77.531609, 13.017992], [77.534329, 13.017745], [77.535566, 13.017341], [77.535784, 13.017923], [77.537263, 13.017622], [77.537214, 13.017306], [77.537553, 13.017149], [77.53756, 13.016464], [77.537021, 13.015806], [77.536941, 13.015842], [77.536723, 13.01569], [77.536663, 13.015261], [77.535508, 13.015042], [77.534616, 13.014634], [77.535307, 13.013689], [77.534727, 13.013236], [77.534252, 13.013559], [77.533798, 13.012821], [77.533624, 13.012372], [77.53349, 13.011585], [77.533524, 13.010694], [77.533857, 13.010754]]]}}, {"type": "Feature", "properties": {"ward_name": "22 - Bangarappa Nagara", "Corporation": "West", "valley": "Vrishabhavati Valley", "subvalley": "VV_1", "Assembly": "154 - Rajarajeshwarinagar"}, "geometry": {"type": "Polygon", "coordinates": [[[77.51574, 12.893729], [77.515629, 12.893231], [77.515781, 12.892598], [77.515762, 12.892409], [77.515405, 12.892465], [77.515245, 12.892565], [77.515232, 12.892949], [77.514838, 12.893005], [77.514469, 12.892831], [77.514112, 12.89286], [77.513961, 12.892981], [77.514156, 12.893328], [77.514391, 12.894223], [77.514098, 12.895071], [77.514498, 12.895276], [77.514534, 12.895558], [77.514196, 12.896544], [77.514171, 12.897236], [77.514029, 12.897575], [77.51347, 12.898131], [77.513487, 12.89828], [77.513736, 12.898611], [77.513661, 12.899038], [77.512659, 12.900099], [77.512626, 12.900251], [77.51273, 12.900411], [77.513086, 12.900634], [77.513348, 12.901099], [77.51422, 12.901555], [77.514155, 12.902059], [77.513178, 12.902156], [77.512736, 12.902108], [77.512061, 12.902252], [77.511614, 12.90214], [77.511328, 12.902291], [77.510971, 12.902585], [77.51104, 12.902708], [77.511337, 12.902757], [77.511086, 12.903602], [77.511088, 12.904026], [77.512438, 12.904066], [77.519818, 12.90263], [77.5203, 12.902609], [77.521311, 12.90285], [77.521094, 12.903841], [77.521075, 12.908207], [77.52098, 12.911253], [77.520696, 12.914878], [77.522961, 12.914756], [77.523227, 12.915989], [77.52354, 12.917013], [77.523225, 12.917132], [77.523406, 12.917828], [77.523793, 12.917798], [77.52411, 12.918487], [77.524031, 12.919225], [77.524565, 12.919227], [77.524687, 12.920916], [77.524706, 12.921292], [77.523983, 12.921299], [77.524009, 12.921639], [77.522232, 12.922053], [77.523118, 12.925291], [77.521874, 12.925936], [77.520035, 12.926582], [77.520904, 12.929925], [77.519241, 12.931255], [77.518767, 12.931715], [77.517691, 12.932223], [77.517549, 12.932612], [77.517673, 12.933031], [77.518028, 12.933675], [77.518078, 12.934408], [77.517824, 12.934737], [77.518295, 12.935985], [77.518339, 12.936385], [77.519303, 12.936597], [77.520355, 12.93699], [77.520646, 12.937187], [77.521178, 12.937773], [77.52172, 12.938237], [77.522876, 12.938988], [77.524323, 12.940562], [77.526538, 12.943893], [77.52789, 12.945185], [77.528258, 12.945166], [77.528915, 12.944962], [77.529444, 12.944686], [77.530114, 12.94365], [77.530423, 12.943361], [77.531877, 12.940753], [77.533823, 12.937608], [77.534132, 12.93666], [77.534296, 12.936466], [77.533908, 12.935977], [77.53365, 12.935057], [77.533096, 12.935089], [77.53343, 12.934188], [77.533547, 12.934091], [77.533816, 12.933247], [77.534152, 12.933013], [77.534166, 12.930685], [77.534241, 12.930406], [77.534779, 12.929594], [77.534878, 12.92932], [77.535052, 12.929235], [77.534925, 12.928706], [77.534882, 12.928072], [77.534939, 12.927608], [77.53507, 12.927319], [77.535468, 12.927074], [77.536891, 12.926765], [77.536907, 12.926556], [77.536651, 12.925646], [77.536642, 12.925323], [77.536805, 12.924621], [77.536683, 12.923973], [77.536743, 12.923679], [77.536901, 12.923507], [77.537293, 12.923402], [77.537809, 12.923624], [77.538145, 12.923941], [77.538381, 12.924339], [77.538869, 12.924728], [77.53968, 12.92452], [77.540255, 12.924136], [77.540244, 12.923237], [77.539826, 12.922134], [77.539695, 12.921973], [77.539307, 12.921872], [77.53922, 12.921274], [77.53894, 12.920745], [77.538885, 12.920168], [77.538692, 12.919751], [77.538558, 12.919638], [77.538538, 12.919411], [77.538774, 12.918928], [77.538782, 12.91865], [77.538323, 12.918279], [77.538361, 12.918101], [77.53785, 12.918562], [77.536429, 12.919249], [77.534427, 12.91836], [77.531782, 12.917793], [77.531376, 12.914298], [77.531086, 12.913104], [77.530128, 12.910997], [77.529498, 12.909917], [77.528428, 12.908316], [77.526383, 12.904981], [77.525871, 12.904298], [77.525907, 12.902468], [77.526344, 12.90238], [77.526081, 12.901211], [77.525939, 12.900683], [77.525331, 12.899592], [77.524836, 12.898167], [77.524324, 12.897468], [77.524041, 12.897616], [77.523754, 12.897533], [77.523159, 12.897668], [77.522392, 12.89737], [77.5223, 12.89745], [77.521841, 12.89753], [77.521677, 12.897695], [77.521284, 12.897865], [77.521129, 12.897838], [77.520738, 12.897372], [77.520448, 12.896781], [77.520577, 12.896302], [77.520798, 12.896099], [77.520932, 12.89542], [77.52104, 12.894687], [77.520993, 12.893836], [77.520901, 12.893606], [77.52057, 12.89356], [77.519822, 12.89306], [77.518871, 12.892919], [77.51872, 12.892985], [77.518503, 12.893387], [77.518235, 12.893412], [77.517504, 12.893161], [77.517342, 12.893167], [77.517115, 12.893264], [77.516855, 12.893585], [77.516586, 12.893714], [77.515894, 12.893818], [77.51574, 12.893729]]]}}, {"type": "Feature", "properties": {"ward_name": "5 - Yelahanka Satellite Town", "Corporation": "North", "valley": "Hebbal Nagawara Valley", "subvalley": "HN_1", "Assembly": "150 - Yelahanka"}, "geometry": {"type": "Polygon", "coordinates": [[[77.575316, 13.105511], [77.577279, 13.105204], [77.578118, 13.106886], [77.579665, 13.108674], [77.579726, 13.108344], [77.580737, 13.108494], [77.581004, 13.107679], [77.581288, 13.107163], [77.58245, 13.105779], [77.583997, 13.104174], [77.585854, 13.102568], [77.589242, 13.099857], [77.592318, 13.097189], [77.592122, 13.096988], [77.591536, 13.094308], [77.591004, 13.093267], [77.590982, 13.093031], [77.590146, 13.09254], [77.58975, 13.093477], [77.588932, 13.093056], [77.587537, 13.092767], [77.585971, 13.092696], [77.584586, 13.092935], [77.582563, 13.093497], [77.581883, 13.093788], [77.580698, 13.094496], [77.579477, 13.095496], [77.578462, 13.094464], [77.578713, 13.094237], [77.578398, 13.093925], [77.578549, 13.093568], [77.578936, 13.093603], [77.578939, 13.093012], [77.579032, 13.092964], [77.578909, 13.09271], [77.579297, 13.092531], [77.57919, 13.092382], [77.580396, 13.091793], [77.580812, 13.09126], [77.580206, 13.089092], [77.578801, 13.08934], [77.576603, 13.089923], [77.574174, 13.090438], [77.570294, 13.092309], [77.569536, 13.094381], [77.569959, 13.097866], [77.569932, 13.098065], [77.570978, 13.098179], [77.570908, 13.099055], [77.570517, 13.099735], [77.570111, 13.100177], [77.570443, 13.100432], [77.570768, 13.100084], [77.57082, 13.100409], [77.571183, 13.100801], [77.571613, 13.101075], [77.572068, 13.101005], [77.57233, 13.10111], [77.57281, 13.101673], [77.572996, 13.10156], [77.573593, 13.1016], [77.574308, 13.101088], [77.57455, 13.10236], [77.574683, 13.102362], [77.574728, 13.102709], [77.575929, 13.102537], [77.575951, 13.103496], [77.5756, 13.103809], [77.575125, 13.103847], [77.575316, 13.105511]]]}}, {"type": "Feature", "properties": {"ward_name": "57 - Kuvempu Ward", "Corporation": "West", "valley": "Vrishabhavati Valley", "subvalley": "VV_1", "Assembly": "157 - Malleshwaram"}, "geometry": {"type": "Polygon", "coordinates": [[[77.561447, 12.998597], [77.561673, 12.99908], [77.561938, 12.999051], [77.562132, 13.000361], [77.562292, 13.000349], [77.562316, 13.00084], [77.562128, 13.000937], [77.560713, 13.001076], [77.561441, 13.00396], [77.563317, 13.000751], [77.563737, 12.999876], [77.564945, 12.998094], [77.56608, 12.996647], [77.567179, 12.994788], [77.56833, 12.993369], [77.565355, 12.993465], [77.56235, 12.993794], [77.560116, 12.993934], [77.560328, 12.994291], [77.560382, 12.994579], [77.55915, 12.994986], [77.559355, 12.995805], [77.56011, 12.996997], [77.560584, 12.997176], [77.560875, 12.997428], [77.561025, 12.997689], [77.561084, 12.998021], [77.561467, 12.997941], [77.561596, 12.998573], [77.561447, 12.998597]]]}}, {"type": "Feature", "properties": {"ward_name": "73 - Dr. Vishnuvardhan Ward", "Corporation": "West", "valley": "Vrishabhavati Valley", "subvalley": "VV_1", "Assembly": "166 - Govindraj Nagar"}, "geometry": {"type": "Polygon", "coordinates": [[[77.53623, 12.969436], [77.534851, 12.969868], [77.533083, 12.970224], [77.533115, 12.970359], [77.532777, 12.970419], [77.532825, 12.970649], [77.533341, 12.970544], [77.5338, 12.972087], [77.52957, 12.972958], [77.529536, 12.972896], [77.528717, 12.972835], [77.527063, 12.972916], [77.52713, 12.974358], [77.526541, 12.974385], [77.526559, 12.975336], [77.526494, 12.975343], [77.526578, 12.976249], [77.52872, 12.976319], [77.528757, 12.976756], [77.529129, 12.976776], [77.529174, 12.977863], [77.529516, 12.977896], [77.5306, 12.980549], [77.53177, 12.980151], [77.531738, 12.980032], [77.53418, 12.979256], [77.533912, 12.978384], [77.534239, 12.978298], [77.533403, 12.975807], [77.534349, 12.975647], [77.535358, 12.975578], [77.536257, 12.975567], [77.538923, 12.975742], [77.540428, 12.975555], [77.540294, 12.974289], [77.542073, 12.974647], [77.542207, 12.973812], [77.539147, 12.973142], [77.538622, 12.97292], [77.538005, 12.972411], [77.537824, 12.972122], [77.536194, 12.967519], [77.535555, 12.967696], [77.53623, 12.969436]]]}}, {"type": "Feature", "properties": {"ward_name": "107 - Dharmagiri Ward", "Corporation": "West", "valley": "Vrishabhavati Valley", "subvalley": "VV_1", "Assembly": "171 - Padmanabanagar"}, "geometry": {"type": "Polygon", "coordinates": [[[77.565726, 12.920995], [77.565218, 12.921135], [77.56565, 12.92259], [77.569256, 12.921877], [77.569062, 12.921195], [77.569579, 12.921052], [77.570126, 12.922954], [77.570469, 12.924608], [77.571433, 12.924357], [77.571548, 12.924816], [77.571396, 12.925613], [77.572579, 12.925355], [77.573575, 12.925304], [77.573561, 12.921026], [77.574402, 12.920838], [77.574233, 12.919744], [77.573513, 12.917826], [77.573534, 12.916979], [77.572893, 12.916633], [77.572028, 12.916532], [77.571103, 12.916541], [77.570404, 12.916335], [77.569975, 12.915651], [77.569567, 12.915502], [77.568793, 12.917102], [77.568651, 12.917736], [77.568714, 12.91815], [77.566065, 12.918796], [77.565532, 12.917479], [77.564851, 12.916761], [77.564474, 12.917705], [77.565212, 12.919426], [77.565726, 12.920995]]]}}, {"type": "Feature", "properties": {"ward_name": "27 - Srigandada Kaval", "Corporation": "West", "valley": "Vrishabhavati Valley", "subvalley": "VV_2,VV_1", "Assembly": "154 - Rajarajeshwarinagar"}, "geometry": {"type": "Polygon", "coordinates": [[[77.505286, 12.994191], [77.506918, 12.994028], [77.507192, 12.995093], [77.508422, 12.994712], [77.508287, 12.992937], [77.507648, 12.989128], [77.508606, 12.988916], [77.50925, 12.988201], [77.510178, 12.98813], [77.510964, 12.988363], [77.512284, 12.987901], [77.511829, 12.986447], [77.511201, 12.985365], [77.510854, 12.984932], [77.510744, 12.984605], [77.510765, 12.983756], [77.511064, 12.982717], [77.510977, 12.980532], [77.510641, 12.979391], [77.510128, 12.977129], [77.509546, 12.975259], [77.507725, 12.97583], [77.507601, 12.975623], [77.507491, 12.975595], [77.506937, 12.975729], [77.506984, 12.975909], [77.50618, 12.976102], [77.503831, 12.977017], [77.50404, 12.977768], [77.501587, 12.978284], [77.502072, 12.97982], [77.496996, 12.981774], [77.495751, 12.979173], [77.49345, 12.979899], [77.493362, 12.979993], [77.493938, 12.981642], [77.494319, 12.98226], [77.49515, 12.984375], [77.495627, 12.985304], [77.495881, 12.986448], [77.497548, 12.98871], [77.498493, 12.988893], [77.499927, 12.98892], [77.502871, 12.990024], [77.503823, 12.990245], [77.504784, 12.990146], [77.505725, 12.98967], [77.505448, 12.990302], [77.5048, 12.991181], [77.504697, 12.991465], [77.504694, 12.991829], [77.505174, 12.991989], [77.505201, 12.992869], [77.505798, 12.992802], [77.505845, 12.993235], [77.506439, 12.993143], [77.506517, 12.99359], [77.505259, 12.99375], [77.505286, 12.994191]]]}}, {"type": "Feature", "properties": {"ward_name": "25 - Govindapura", "Corporation": "North", "valley": "Hebbal Nagawara Valley", "subvalley": "HN_1", "Assembly": "160 - Sarvagnanagar"}, "geometry": {"type": "Polygon", "coordinates": [[[77.615872, 13.02866], [77.611852, 13.033664], [77.611559, 13.034114], [77.61115, 13.034942], [77.610772, 13.036125], [77.610702, 13.036412], [77.610827, 13.036682], [77.611747, 13.036491], [77.611701, 13.035968], [77.61187, 13.035931], [77.611889, 13.036157], [77.613699, 13.035808], [77.613429, 13.034224], [77.613148, 13.033399], [77.613993, 13.033117], [77.614486, 13.0343], [77.61954, 13.032871], [77.621821, 13.032034], [77.62089, 13.029919], [77.620604, 13.028095], [77.620056, 13.026204], [77.618365, 13.026875], [77.616981, 13.027561], [77.616644, 13.027817], [77.615872, 13.02866]]]}}, {"type": "Feature", "properties": {"ward_name": "81 - Nayanda Halli", "Corporation": "West", "valley": "Vrishabhavati Valley", "subvalley": "VV_1", "Assembly": "166 - Govindraj Nagar"}, "geometry": {"type": "Polygon", "coordinates": [[[77.518412, 12.944176], [77.518481, 12.944923], [77.518688, 12.944914], [77.518824, 12.945895], [77.518608, 12.945911], [77.518661, 12.946349], [77.519209, 12.946196], [77.519678, 12.946163], [77.519728, 12.946611], [77.520071, 12.946577], [77.520581, 12.949573], [77.521205, 12.949517], [77.521946, 12.949326], [77.522067, 12.949804], [77.522181, 12.949904], [77.522534, 12.949396], [77.522991, 12.949531], [77.523069, 12.94946], [77.523159, 12.949604], [77.524126, 12.949522], [77.524758, 12.949349], [77.526656, 12.948549], [77.52665, 12.948017], [77.526384, 12.94581], [77.527915, 12.945475], [77.528019, 12.945316], [77.526538, 12.943893], [77.524323, 12.940562], [77.522876, 12.938988], [77.52172, 12.938237], [77.521178, 12.937773], [77.520646, 12.937187], [77.520355, 12.93699], [77.518964, 12.936496], [77.518423, 12.936389], [77.517788, 12.936379], [77.518202, 12.93853], [77.51849, 12.940638], [77.521428, 12.941833], [77.521324, 12.942129], [77.52053, 12.942036], [77.520493, 12.942848], [77.519996, 12.942834], [77.519963, 12.943904], [77.518412, 12.944176]]]}}, {"type": "Feature", "properties": {"ward_name": "10 - Abdul Kalam Nagar", "Corporation": "South", "valley": "Koramangala Challaghatta Valley", "subvalley": "KC_1", "Assembly": "173 - Jayanagar"}, "geometry": {"type": "Polygon", "coordinates": [[[77.606061, 12.921704], [77.604844, 12.921938], [77.604806, 12.921527], [77.604002, 12.921503], [77.604004, 12.921358], [77.603777, 12.921452], [77.602436, 12.921424], [77.602377, 12.92107], [77.600154, 12.920915], [77.600144, 12.920571], [77.596967, 12.920506], [77.596988, 12.921602], [77.593449, 12.921645], [77.593456, 12.923238], [77.597467, 12.923173], [77.597525, 12.924507], [77.601265, 12.924096], [77.60218, 12.923933], [77.602036, 12.922678], [77.604888, 12.922601], [77.605031, 12.923491], [77.605113, 12.925148], [77.605807, 12.925328], [77.606033, 12.925583], [77.606192, 12.925619], [77.606959, 12.925456], [77.606882, 12.925029], [77.607983, 12.924814], [77.607366, 12.923044], [77.606577, 12.923252], [77.606061, 12.921704]]]}}, {"type": "Feature", "properties": {"ward_name": "49 - Shivanasamudra Ward", "Corporation": "East", "valley": "Koramangala Challaghatta Valley", "subvalley": "KC_2,KC_1", "Assembly": "174 - Mahadevapura"}, "geometry": {"type": "Polygon", "coordinates": [[[77.694703, 12.915842], [77.689357, 12.915344], [77.688494, 12.915441], [77.687935, 12.913351], [77.687648, 12.913189], [77.687127, 12.912145], [77.687265, 12.912072], [77.687024, 12.911616], [77.686914, 12.911659], [77.686493, 12.91067], [77.686349, 12.910025], [77.682824, 12.911437], [77.67873, 12.913517], [77.677215, 12.91413], [77.675801, 12.914489], [77.673843, 12.9159], [77.673641, 12.916232], [77.673515, 12.916735], [77.673284, 12.916967], [77.672761, 12.917302], [77.670291, 12.918418], [77.668725, 12.918861], [77.665132, 12.920595], [77.664978, 12.920604], [77.665382, 12.921094], [77.666762, 12.921013], [77.667782, 12.921661], [77.668077, 12.923298], [77.668867, 12.923227], [77.668866, 12.923346], [77.66958, 12.923416], [77.669522, 12.922711], [77.671073, 12.923425], [77.671119, 12.923068], [77.672513, 12.922901], [77.673155, 12.922911], [77.675573, 12.922585], [77.675687, 12.922715], [77.675904, 12.924722], [77.676169, 12.925802], [77.679433, 12.92741], [77.684694, 12.929864], [77.68572, 12.930592], [77.690364, 12.934801], [77.691753, 12.932157], [77.693128, 12.931399], [77.69507, 12.93132], [77.694714, 12.929219], [77.694852, 12.926122], [77.694831, 12.925146], [77.695505, 12.9213], [77.696398, 12.920104], [77.696653, 12.919414], [77.699092, 12.916705], [77.698711, 12.915486], [77.696561, 12.916123], [77.694703, 12.915842]]]}}, {"type": "Feature", "properties": {"ward_name": "62 - Devarachikkanahalli", "Corporation": "South", "valley": "Koramangala Challaghatta Valley", "subvalley": "KC_1", "Assembly": "175 - Bommanahalli"}, "geometry": {"type": "Polygon", "coordinates": [[[77.622973, 12.894548], [77.62295, 12.894365], [77.623053, 12.894296], [77.623031, 12.89401], [77.622719, 12.894019], [77.622669, 12.893502], [77.622737, 12.893461], [77.623506, 12.893377], [77.625843, 12.893371], [77.625813, 12.893707], [77.62624, 12.893778], [77.628598, 12.893732], [77.628585, 12.893309], [77.628799, 12.893285], [77.628718, 12.892835], [77.630196, 12.892654], [77.629871, 12.892067], [77.629708, 12.892017], [77.629434, 12.891755], [77.629249, 12.890863], [77.628913, 12.890549], [77.628609, 12.890133], [77.628538, 12.889187], [77.628635, 12.888916], [77.628634, 12.88812], [77.627887, 12.888087], [77.62652, 12.888423], [77.625537, 12.888393], [77.625556, 12.888563], [77.624473, 12.888619], [77.623658, 12.888562], [77.621471, 12.888856], [77.621377, 12.888603], [77.621041, 12.888723], [77.619904, 12.888874], [77.619316, 12.888217], [77.617494, 12.888365], [77.616007, 12.888603], [77.616009, 12.888771], [77.615695, 12.888949], [77.616051, 12.892959], [77.61436, 12.893339], [77.614491, 12.893599], [77.614647, 12.894886], [77.615071, 12.894823], [77.615484, 12.894887], [77.615492, 12.895159], [77.616549, 12.89523], [77.616469, 12.894489], [77.617198, 12.894406], [77.61718, 12.895966], [77.617756, 12.896027], [77.61808, 12.897996], [77.618916, 12.89797], [77.619206, 12.89818], [77.619748, 12.898275], [77.621441, 12.897678], [77.621364, 12.897408], [77.623099, 12.89732], [77.622915, 12.896392], [77.623119, 12.896329], [77.623972, 12.896515], [77.624118, 12.896611], [77.624229, 12.897068], [77.624883, 12.896945], [77.624869, 12.896815], [77.626117, 12.896605], [77.626047, 12.895829], [77.625337, 12.895915], [77.625327, 12.89578], [77.625467, 12.895707], [77.625316, 12.894597], [77.622772, 12.895006], [77.622699, 12.894589], [77.622973, 12.894548]]]}}, {"type": "Feature", "properties": {"ward_name": "17 - Kaggadasapura", "Corporation": "Central", "valley": "Koramangala Challaghatta Valley", "subvalley": "KC_2", "Assembly": "161 - C.V. Raman Nagar"}, "geometry": {"type": "Polygon", "coordinates": [[[77.668501, 12.98142], [77.66728, 12.981624], [77.665626, 12.98151], [77.665727, 12.981805], [77.665714, 12.982116], [77.665677, 12.982257], [77.665416, 12.982564], [77.665216, 12.982655], [77.664755, 12.982561], [77.664736, 12.982619], [77.664284, 12.982697], [77.664409, 12.983295], [77.663981, 12.983728], [77.663596, 12.98372], [77.663734, 12.983928], [77.663929, 12.985537], [77.665225, 12.985418], [77.666762, 12.985113], [77.667006, 12.985128], [77.667262, 12.985171], [77.667973, 12.985491], [77.667951, 12.985532], [77.667973, 12.985491], [77.668884, 12.985976], [77.66948, 12.986122], [77.669796, 12.986156], [77.671283, 12.9859], [77.671353, 12.986026], [77.671712, 12.985878], [77.672139, 12.985994], [77.672933, 12.98637], [77.674924, 12.986368], [77.677719, 12.984657], [77.678242, 12.984439], [77.678472, 12.984269], [77.678591, 12.984081], [77.679068, 12.983989], [77.679842, 12.983568], [77.680014, 12.983414], [77.680439, 12.982755], [77.680381, 12.982321], [77.679751, 12.980232], [77.679338, 12.977976], [77.678159, 12.978137], [77.675591, 12.978899], [77.675362, 12.978811], [77.674837, 12.978917], [77.674745, 12.978838], [77.674401, 12.978886], [77.674165, 12.978295], [77.672686, 12.978732], [77.672014, 12.97697], [77.671896, 12.976867], [77.671291, 12.977202], [77.67105, 12.976821], [77.671746, 12.976493], [77.671675, 12.976306], [77.671287, 12.97631], [77.67112, 12.976093], [77.6705, 12.976189], [77.670669, 12.976577], [77.669948, 12.976874], [77.671035, 12.979127], [77.670836, 12.979372], [77.670135, 12.979602], [77.670008, 12.980387], [77.669046, 12.980652], [77.668992, 12.980755], [77.669139, 12.981385], [77.668501, 12.98142]]]}}, {"type": "Feature", "properties": {"ward_name": "43 - Bheereshwara Nagar", "Corporation": "South", "valley": "Suvarnamukhi Valley,Vrishabhavati Valley", "subvalley": "SV_1,VV_1", "Assembly": "176 - Bangalore South"}, "geometry": {"type": "Polygon", "coordinates": [[[77.569933, 12.883701], [77.570322, 12.884632], [77.570643, 12.886117], [77.568811, 12.886331], [77.568855, 12.886642], [77.568722, 12.888597], [77.569633, 12.888535], [77.569469, 12.890077], [77.569342, 12.890536], [77.5715, 12.890764], [77.571724, 12.890709], [77.572097, 12.892115], [77.5719, 12.893576], [77.571882, 12.894493], [77.572396, 12.894546], [77.572904, 12.894797], [77.573284, 12.894249], [77.573527, 12.894345], [77.573397, 12.894572], [77.574299, 12.894597], [77.575459, 12.895147], [77.575563, 12.895127], [77.575777, 12.894402], [77.576747, 12.894767], [77.576924, 12.893939], [77.577584, 12.894117], [77.577971, 12.892685], [77.577205, 12.892525], [77.577329, 12.891617], [77.576519, 12.891456], [77.576682, 12.889619], [77.575653, 12.889527], [77.575827, 12.888258], [77.576425, 12.887157], [77.576495, 12.886834], [77.57668, 12.886521], [77.577089, 12.88661], [77.577534, 12.885639], [77.576746, 12.885215], [77.575516, 12.885372], [77.575449, 12.884734], [77.575578, 12.883535], [77.574349, 12.883564], [77.574324, 12.883068], [77.572061, 12.883332], [77.569933, 12.883701]]]}}, {"type": "Feature", "properties": {"ward_name": "42 - RBI Layout", "Corporation": "South", "valley": "Koramangala Challaghatta Valley,Suvarnamukhi Valley,Vrishabhavati Valley", "subvalley": "KC_1,SV_1,VV_1", "Assembly": "176 - Bangalore South"}, "geometry": {"type": "Polygon", "coordinates": [[[77.583954, 12.877609], [77.584229, 12.879819], [77.583767, 12.881496], [77.583033, 12.881367], [77.58198, 12.881367], [77.57941, 12.880865], [77.579016, 12.881909], [77.578498, 12.881812], [77.576507, 12.881938], [77.57644, 12.881927], [77.576361, 12.881365], [77.575776, 12.881422], [77.575594, 12.881943], [77.57488, 12.881954], [77.572855, 12.882162], [77.572917, 12.882677], [77.572645, 12.882699], [77.572691, 12.883016], [77.571335, 12.883139], [77.571374, 12.883452], [77.574324, 12.883068], [77.574349, 12.883564], [77.575578, 12.883535], [77.575449, 12.884734], [77.575516, 12.885372], [77.576746, 12.885215], [77.577534, 12.885639], [77.577089, 12.88661], [77.57668, 12.886521], [77.576495, 12.886834], [77.576425, 12.887157], [77.575827, 12.888258], [77.575653, 12.889527], [77.576682, 12.889619], [77.576519, 12.891456], [77.577329, 12.891617], [77.577205, 12.892525], [77.577971, 12.892685], [77.577584, 12.894117], [77.576924, 12.893939], [77.576747, 12.894767], [77.575777, 12.894402], [77.575563, 12.895127], [77.575459, 12.895147], [77.575481, 12.895242], [77.57726, 12.896132], [77.5772, 12.896228], [77.577729, 12.896544], [77.579226, 12.897245], [77.579447, 12.896885], [77.579852, 12.897121], [77.579553, 12.896816], [77.579527, 12.896694], [77.579853, 12.895433], [77.580678, 12.893264], [77.580895, 12.892108], [77.581807, 12.89217], [77.581856, 12.891285], [77.582517, 12.890513], [77.58624, 12.889323], [77.588203, 12.88906], [77.590709, 12.888603], [77.591796, 12.8883], [77.591628, 12.885857], [77.591197, 12.884157], [77.590569, 12.882695], [77.590559, 12.88248], [77.590617, 12.881492], [77.590616, 12.881465], [77.590613, 12.881327], [77.585435, 12.878607], [77.585294, 12.877591], [77.583954, 12.877609]]]}}, {"type": "Feature", "properties": {"ward_name": "1 - Ramaswamy Palya", "Corporation": "Central", "valley": "Koramangala Challaghatta Valley,Hebbal Nagawara Valley", "subvalley": "KC_1,HN_1", "Assembly": "162 - Shivajinagar"}, "geometry": {"type": "Polygon", "coordinates": [[[77.600009, 13.004695], [77.59878, 13.002073], [77.596424, 13.003301], [77.593328, 13.005588], [77.593968, 13.00692], [77.594436, 13.008094], [77.594752, 13.009233], [77.594989, 13.009101], [77.595768, 13.011217], [77.596861, 13.01081], [77.605237, 13.006669], [77.60494, 13.005981], [77.604705, 13.006065], [77.603797, 13.004316], [77.60387, 13.003528], [77.603628, 13.003134], [77.601329, 13.004329], [77.600009, 13.004695]]]}}, {"type": "Feature", "properties": {"ward_name": "28 - Byrathi", "Corporation": "East", "valley": "Hebbal Nagawara Valley", "subvalley": "HN_2", "Assembly": "174 - Mahadevapura"}, "geometry": {"type": "MultiPolygon", "coordinates": [[[[77.694096, 13.026409], [77.688587, 13.021983], [77.687025, 13.022323], [77.68646, 13.022532], [77.68383, 13.022896], [77.6833, 13.026073], [77.683148, 13.027638], [77.68316, 13.028783], [77.683396, 13.031653], [77.683486, 13.031934], [77.683521, 13.033209], [77.686466, 13.033548], [77.68845, 13.033005], [77.690915, 13.03249], [77.69438, 13.026739], [77.694096, 13.026409]]], [[[77.679228, 13.057577], [77.67949, 13.055676], [77.679255, 13.055637], [77.679082, 13.055462], [77.678924, 13.054998], [77.678722, 13.054145], [77.678694, 13.053969], [77.678751, 13.053971], [77.678638, 13.053528], [77.678509, 13.053317], [77.678492, 13.052724], [77.678396, 13.052439], [77.675646, 13.052549], [77.67469, 13.051371], [77.673778, 13.05079], [77.672982, 13.050786], [77.67245, 13.05112], [77.672103, 13.051245], [77.671556, 13.051239], [77.671293, 13.051108], [77.671141, 13.050902], [77.670046, 13.05025], [77.670019, 13.050104], [77.669464, 13.050081], [77.669321, 13.049928], [77.665764, 13.050026], [77.664246, 13.050808], [77.664629, 13.052106], [77.664929, 13.053684], [77.665259, 13.054784], [77.665596, 13.060639], [77.667296, 13.064051], [77.667323, 13.063842], [77.670027, 13.065782], [77.672406, 13.065646], [77.673043, 13.065455], [77.674579, 13.065302], [77.674741, 13.06512], [77.675354, 13.064946], [77.676425, 13.065134], [77.677188, 13.065031], [77.676841, 13.064421], [77.676676, 13.063884], [77.676595, 13.063282], [77.67667, 13.062882], [77.679133, 13.062871], [77.679607, 13.06197], [77.679572, 13.061292], [77.679396, 13.061056], [77.679268, 13.060536], [77.679467, 13.058527], [77.679135, 13.058027], [77.678885, 13.058029], [77.678994, 13.05752], [77.679228, 13.057577]]], [[[77.65614, 13.046842], [77.653424, 13.046546], [77.652872, 13.046558], [77.652172, 13.047076], [77.650562, 13.047492], [77.649982, 13.047732], [77.649135, 13.0479], [77.648777, 13.04788], [77.648567, 13.047977], [77.648355, 13.047947], [77.64744, 13.048063], [77.647244, 13.048218], [77.647204, 13.048414], [77.647469, 13.04887], [77.647268, 13.049058], [77.647424, 13.04941], [77.647046, 13.049513], [77.647854, 13.050621], [77.647995, 13.050725], [77.648015, 13.050917], [77.647744, 13.051557], [77.647476, 13.051975], [77.647253, 13.05273], [77.647101, 13.054239], [77.647324, 13.054275], [77.647332, 13.055062], [77.647282, 13.055701], [77.647099, 13.05565], [77.646965, 13.05616], [77.647128, 13.056744], [77.646908, 13.057269], [77.647034, 13.057516], [77.647788, 13.057502], [77.647939, 13.057608], [77.648893, 13.057705], [77.649067, 13.058831], [77.650798, 13.058849], [77.651605, 13.058699], [77.651717, 13.059481], [77.651894, 13.060063], [77.652009, 13.063204], [77.651656, 13.068618], [77.651591, 13.070977], [77.651052, 13.07558], [77.650663, 13.077091], [77.650677, 13.077974], [77.649586, 13.081363], [77.654721, 13.081993], [77.656491, 13.074613], [77.656446, 13.068854], [77.656523, 13.067824], [77.655898, 13.06406], [77.655785, 13.061662], [77.655481, 13.059334], [77.655384, 13.057541], [77.655382, 13.056993], [77.655524, 13.056535], [77.655133, 13.055152], [77.65552, 13.055071], [77.655492, 13.054403], [77.655553, 13.054045], [77.655459, 13.053306], [77.655531, 13.05266], [77.655336, 13.051252], [77.655194, 13.050934], [77.655152, 13.050509], [77.654894, 13.049514], [77.654847, 13.048891], [77.655118, 13.04808], [77.655632, 13.048041], [77.655798, 13.048116], [77.656103, 13.048105], [77.65614, 13.046842]]]]}}, {"type": "Feature", "properties": {"ward_name": "72 - Dasarahalli", "Corporation": "North", "valley": "Arkavathi Valley", "subvalley": "AV_2", "Assembly": "155 - Dasarahalli"}, "geometry": {"type": "Polygon", "coordinates": [[[77.514956, 13.049262], [77.511945, 13.050077], [77.511999, 13.050581], [77.511575, 13.050821], [77.510808, 13.051044], [77.511596, 13.053477], [77.516316, 13.050054], [77.516687, 13.049857], [77.5205, 13.047031], [77.522198, 13.04591], [77.519057, 13.041077], [77.518501, 13.040146], [77.518441, 13.03989], [77.517621, 13.040578], [77.51673, 13.041484], [77.51628, 13.041794], [77.512978, 13.042926], [77.513251, 13.044107], [77.513582, 13.044545], [77.5136, 13.045098], [77.514432, 13.047553], [77.51452, 13.047627], [77.514956, 13.049262]]]}}, {"type": "Feature", "properties": {"ward_name": "69 - Agrahara Dasarahalli", "Corporation": "West", "valley": "Vrishabhavati Valley", "subvalley": "VV_1", "Assembly": "166 - Govindraj Nagar"}, "geometry": {"type": "Polygon", "coordinates": [[[77.54281, 12.980887], [77.544377, 12.980804], [77.544303, 12.979275], [77.544068, 12.978226], [77.541469, 12.978716], [77.540797, 12.978939], [77.536797, 12.980678], [77.537152, 12.981579], [77.537239, 12.982116], [77.537267, 12.98271], [77.537046, 12.983471], [77.537506, 12.987915], [77.538126, 12.987785], [77.541144, 12.986225], [77.542428, 12.985702], [77.542383, 12.985119], [77.541878, 12.985253], [77.541826, 12.984882], [77.542029, 12.983169], [77.542569, 12.983278], [77.542859, 12.981658], [77.54281, 12.980887]]]}}, {"type": "Feature", "properties": {"ward_name": "97 - Srinivasa Nagara", "Corporation": "West", "valley": "Vrishabhavati Valley", "subvalley": "VV_1", "Assembly": "170 - Basavanagudi"}, "geometry": {"type": "Polygon", "coordinates": [[[77.551396, 12.932805], [77.551557, 12.933101], [77.551459, 12.933128], [77.55161, 12.933496], [77.551069, 12.933669], [77.550636, 12.933314], [77.550347, 12.933621], [77.550796, 12.934009], [77.551087, 12.934757], [77.551059, 12.934846], [77.550779, 12.934885], [77.551045, 12.935764], [77.551744, 12.935445], [77.551886, 12.935713], [77.552163, 12.935561], [77.552541, 12.936298], [77.552843, 12.937169], [77.553009, 12.937362], [77.553208, 12.93859], [77.556035, 12.938347], [77.556593, 12.938234], [77.55727, 12.937952], [77.557302, 12.938118], [77.559992, 12.938268], [77.5598, 12.93633], [77.559933, 12.936178], [77.559787, 12.936081], [77.559819, 12.935822], [77.559047, 12.935932], [77.558872, 12.935181], [77.558452, 12.935275], [77.558494, 12.935653], [77.557572, 12.935813], [77.557722, 12.935518], [77.558015, 12.933582], [77.556611, 12.932779], [77.556492, 12.934043], [77.556525, 12.934515], [77.555502, 12.934579], [77.554794, 12.932842], [77.553311, 12.933399], [77.552866, 12.932101], [77.552508, 12.932232], [77.552423, 12.932099], [77.551567, 12.932327], [77.551659, 12.93273], [77.551396, 12.932805]]]}}, {"type": "Feature", "properties": {"ward_name": "16 - Amruthahalli", "Corporation": "North", "valley": "Hebbal Nagawara Valley", "subvalley": "HN_1", "Assembly": "152 - Byatarayanapura"}, "geometry": {"type": "Polygon", "coordinates": [[[77.594225, 13.065507], [77.594816, 13.066922], [77.598238, 13.066059], [77.598497, 13.068023], [77.597441, 13.068705], [77.598016, 13.070401], [77.598651, 13.072803], [77.600778, 13.072931], [77.601856, 13.072846], [77.601501, 13.071209], [77.602312, 13.071219], [77.603839, 13.071414], [77.603675, 13.07088], [77.603443, 13.068808], [77.604261, 13.068514], [77.604113, 13.065786], [77.603861, 13.065845], [77.60389, 13.064501], [77.604564, 13.064476], [77.606671, 13.064622], [77.606737, 13.067619], [77.60816, 13.067197], [77.609774, 13.066602], [77.609514, 13.064578], [77.609283, 13.06342], [77.608253, 13.063506], [77.608086, 13.063211], [77.607865, 13.063053], [77.607064, 13.062906], [77.606822, 13.062624], [77.606139, 13.062262], [77.605745, 13.06217], [77.605735, 13.062006], [77.605305, 13.061906], [77.603701, 13.061013], [77.603335, 13.060579], [77.60296, 13.060278], [77.602105, 13.06022], [77.602101, 13.059241], [77.602003, 13.05861], [77.600985, 13.057334], [77.600729, 13.056726], [77.598463, 13.057285], [77.598861, 13.058945], [77.599383, 13.059048], [77.60004, 13.060127], [77.599286, 13.060424], [77.596204, 13.061217], [77.596166, 13.062384], [77.596387, 13.064068], [77.594683, 13.064487], [77.594961, 13.065301], [77.594225, 13.065507]]]}}, {"type": "Feature", "properties": {"ward_name": "1 - Padmanabhanagara", "Corporation": "South", "valley": "Vrishabhavati Valley", "subvalley": "VV_1", "Assembly": "171 - Padmanabanagar"}, "geometry": {"type": "Polygon", "coordinates": [[[77.56192, 12.913455], [77.561872, 12.913068], [77.56285, 12.91295], [77.562738, 12.912062], [77.562104, 12.912144], [77.561897, 12.910634], [77.561657, 12.910561], [77.561211, 12.910116], [77.560808, 12.909539], [77.560133, 12.909922], [77.559995, 12.909862], [77.559366, 12.909119], [77.558515, 12.908654], [77.558518, 12.909774], [77.558452, 12.910212], [77.558294, 12.910623], [77.558459, 12.911543], [77.556367, 12.911746], [77.555828, 12.91152], [77.555813, 12.911457], [77.554791, 12.911573], [77.55426, 12.911311], [77.552607, 12.911722], [77.552249, 12.911666], [77.551929, 12.911522], [77.551446, 12.910991], [77.550051, 12.911586], [77.550252, 12.912745], [77.550401, 12.913096], [77.550704, 12.913038], [77.55118, 12.912528], [77.552212, 12.911843], [77.553271, 12.913912], [77.553643, 12.914357], [77.552087, 12.915023], [77.55087, 12.915304], [77.550505, 12.915319], [77.550705, 12.916121], [77.550896, 12.916408], [77.551609, 12.917076], [77.552008, 12.917911], [77.552032, 12.91812], [77.551923, 12.91866], [77.552126, 12.919716], [77.552641, 12.919679], [77.552787, 12.920055], [77.553356, 12.920548], [77.553982, 12.920965], [77.554322, 12.92106], [77.555699, 12.921023], [77.555692, 12.921179], [77.556253, 12.922973], [77.558721, 12.92218], [77.558117, 12.919552], [77.55794, 12.919392], [77.557226, 12.91947], [77.55691, 12.91832], [77.557265, 12.918228], [77.557138, 12.917838], [77.557797, 12.917645], [77.557404, 12.916244], [77.557415, 12.916187], [77.557882, 12.916176], [77.557755, 12.913444], [77.5589, 12.913566], [77.558942, 12.913636], [77.559413, 12.913673], [77.559729, 12.913799], [77.56192, 12.913455]]]}}, {"type": "Feature", "properties": {"ward_name": "86 - Vidyaranyanagara", "Corporation": "West", "valley": "Vrishabhavati Valley", "subvalley": "VV_1", "Assembly": "167 - Vijayanagar"}, "geometry": {"type": "Polygon", "coordinates": [[[77.551165, 12.967749], [77.550208, 12.968297], [77.549337, 12.967121], [77.548084, 12.968018], [77.548425, 12.968518], [77.548457, 12.968682], [77.54598, 12.969385], [77.54643, 12.970387], [77.546266, 12.970457], [77.547023, 12.972263], [77.54715, 12.972423], [77.547495, 12.972387], [77.54895, 12.972546], [77.549784, 12.972781], [77.550023, 12.972571], [77.550741, 12.97219], [77.552183, 12.971688], [77.552866, 12.971344], [77.551582, 12.969973], [77.552438, 12.969536], [77.554527, 12.969041], [77.554576, 12.96891], [77.552073, 12.968225], [77.551592, 12.968049], [77.551126, 12.96771], [77.551165, 12.967749]]]}}, {"type": "Feature", "properties": {"ward_name": "4 - Sampangirama Nagar", "Corporation": "Central", "valley": "Koramangala Challaghatta Valley,Vrishabhavati Valley", "subvalley": "KC_1,VV_1", "Assembly": "162 - Shivajinagar"}, "geometry": {"type": "Polygon", "coordinates": [[[77.582974, 12.995558], [77.584026, 12.995919], [77.584766, 12.996005], [77.585063, 12.994711], [77.585207, 12.993187], [77.585583, 12.991319], [77.585798, 12.989524], [77.586116, 12.988928], [77.588289, 12.987176], [77.588884, 12.986366], [77.589041, 12.986527], [77.588894, 12.987667], [77.593275, 12.98574], [77.592291, 12.983114], [77.592332, 12.982665], [77.597104, 12.981099], [77.597746, 12.980737], [77.597512, 12.980544], [77.599321, 12.976665], [77.596636, 12.974721], [77.595052, 12.973444], [77.593953, 12.972024], [77.59516, 12.966281], [77.595811, 12.965282], [77.596107, 12.964995], [77.596399, 12.964893], [77.596916, 12.964847], [77.596624, 12.964192], [77.595985, 12.963277], [77.594819, 12.962332], [77.594132, 12.962187], [77.593515, 12.96218], [77.591851, 12.962495], [77.590301, 12.962691], [77.589802, 12.962858], [77.588869, 12.963763], [77.586735, 12.965511], [77.586624, 12.965768], [77.58744, 12.966812], [77.585291, 12.967735], [77.585145, 12.967867], [77.584362, 12.968704], [77.584451, 12.970356], [77.582674, 12.972031], [77.581669, 12.972747], [77.581087, 12.973067], [77.583292, 12.976155], [77.584451, 12.977929], [77.581095, 12.980099], [77.580433, 12.980288], [77.57792, 12.980466], [77.577549, 12.980528], [77.577249, 12.980672], [77.576707, 12.981338], [77.576583, 12.982066], [77.576693, 12.982644], [77.57695, 12.983158], [77.577244, 12.983481], [77.577588, 12.983655], [77.574792, 12.984137], [77.574798, 12.984297], [77.57541, 12.984625], [77.576098, 12.985303], [77.57697, 12.986479], [77.5796, 12.990399], [77.579896, 12.990987], [77.579455, 12.991188], [77.579249, 12.991181], [77.577571, 12.991736], [77.577951, 12.992089], [77.577108, 12.993657], [77.578264, 12.994555], [77.579232, 12.995456], [77.58058, 12.996944], [77.582611, 12.996218], [77.582974, 12.995558]]]}}, {"type": "Feature", "properties": {"ward_name": "8 - Halasuru", "Corporation": "Central", "valley": "Koramangala Challaghatta Valley", "subvalley": "KC_1", "Assembly": "162 - Shivajinagar"}, "geometry": {"type": "Polygon", "coordinates": [[[77.621676, 12.972853], [77.621032, 12.972686], [77.62013, 12.97271], [77.620038, 12.974709], [77.620301, 12.976295], [77.62022, 12.976949], [77.620287, 12.978084], [77.620561, 12.978643], [77.621168, 12.9789], [77.621581, 12.979211], [77.622314, 12.980974], [77.622855, 12.981459], [77.622928, 12.98174], [77.624558, 12.981892], [77.624312, 12.980902], [77.625005, 12.980762], [77.625575, 12.980767], [77.625502, 12.980322], [77.625879, 12.980265], [77.625694, 12.979482], [77.626225, 12.979379], [77.62644, 12.979414], [77.626294, 12.978669], [77.627472, 12.978512], [77.628496, 12.978132], [77.628285, 12.977917], [77.627504, 12.977574], [77.627212, 12.977353], [77.626851, 12.976508], [77.626636, 12.976192], [77.625973, 12.975556], [77.624574, 12.974603], [77.621676, 12.972853]]]}}, {"type": "Feature", "properties": {"ward_name": "89 - Bapuji Nagara", "Corporation": "West", "valley": "Vrishabhavati Valley", "subvalley": "VV_1", "Assembly": "167 - Vijayanagar"}, "geometry": {"type": "Polygon", "coordinates": [[[77.543791, 12.954145], [77.542476, 12.95364], [77.541699, 12.953048], [77.541194, 12.953134], [77.540813, 12.953304], [77.540918, 12.955209], [77.541216, 12.95519], [77.541349, 12.957079], [77.542461, 12.956888], [77.542574, 12.957177], [77.542814, 12.957092], [77.543969, 12.959445], [77.544028, 12.961105], [77.544403, 12.961034], [77.544429, 12.960923], [77.546077, 12.960826], [77.548386, 12.956604], [77.546914, 12.956295], [77.546336, 12.956055], [77.545509, 12.955569], [77.543791, 12.954145]]]}}, {"type": "Feature", "properties": {"ward_name": "26 - Mallathahalli", "Corporation": "West", "valley": "Vrishabhavati Valley", "subvalley": "VV_2,VV_1", "Assembly": "154 - Rajarajeshwarinagar"}, "geometry": {"type": "Polygon", "coordinates": [[[77.497075, 12.958838], [77.49601, 12.959021], [77.49633, 12.960831], [77.497151, 12.960662], [77.497308, 12.961647], [77.496182, 12.961857], [77.496286, 12.962321], [77.495281, 12.962524], [77.495814, 12.963713], [77.496103, 12.964116], [77.49649, 12.964417], [77.496709, 12.9643], [77.496935, 12.964649], [77.496877, 12.965037], [77.49645, 12.965117], [77.496315, 12.965576], [77.496683, 12.966854], [77.496833, 12.966816], [77.496995, 12.967278], [77.496778, 12.967537], [77.496783, 12.96771], [77.497039, 12.968077], [77.497694, 12.968579], [77.498195, 12.969116], [77.498512, 12.969569], [77.498015, 12.969777], [77.498391, 12.970135], [77.498159, 12.970222], [77.496682, 12.970102], [77.495461, 12.97034], [77.495526, 12.970912], [77.495269, 12.971139], [77.495196, 12.971363], [77.494654, 12.971498], [77.494567, 12.972743], [77.494449, 12.973273], [77.494894, 12.97508], [77.495117, 12.975543], [77.495336, 12.975679], [77.495323, 12.976025], [77.494428, 12.976102], [77.493993, 12.976236], [77.493928, 12.976718], [77.493718, 12.976773], [77.493642, 12.976981], [77.493645, 12.978129], [77.493379, 12.978026], [77.493266, 12.978469], [77.493369, 12.978606], [77.493196, 12.979249], [77.493362, 12.979993], [77.49345, 12.979899], [77.495751, 12.979173], [77.496996, 12.981774], [77.502072, 12.97982], [77.501587, 12.978284], [77.50404, 12.977768], [77.503831, 12.977017], [77.50618, 12.976102], [77.506984, 12.975909], [77.506937, 12.975729], [77.507491, 12.975595], [77.507601, 12.975623], [77.507725, 12.97583], [77.509546, 12.975259], [77.50905, 12.974111], [77.508677, 12.973472], [77.507779, 12.972013], [77.506832, 12.970693], [77.504968, 12.966324], [77.504838, 12.965642], [77.504826, 12.965156], [77.504856, 12.96447], [77.505078, 12.963561], [77.505042, 12.963117], [77.504455, 12.960825], [77.503184, 12.957611], [77.501739, 12.958168], [77.501323, 12.958362], [77.500731, 12.958788], [77.50051, 12.958843], [77.500187, 12.957791], [77.50004, 12.957623], [77.499229, 12.958061], [77.498244, 12.958394], [77.497495, 12.95859], [77.497022, 12.958468], [77.497075, 12.958838]]]}}, {"type": "Feature", "properties": {"ward_name": "69 - Bagalagunte", "Corporation": "North", "valley": "Arkavathi Valley", "subvalley": "AV_2,AV_1", "Assembly": "155 - Dasarahalli"}, "geometry": {"type": "Polygon", "coordinates": [[[77.508694, 13.052857], [77.508247, 13.051536], [77.507827, 13.051574], [77.507876, 13.051914], [77.506496, 13.051989], [77.505227, 13.052369], [77.505687, 13.053956], [77.5036, 13.054287], [77.503706, 13.055138], [77.503645, 13.055344], [77.503068, 13.055553], [77.502773, 13.055517], [77.502779, 13.055601], [77.501971, 13.055661], [77.501971, 13.055764], [77.50134, 13.055799], [77.501449, 13.056313], [77.498537, 13.056878], [77.498614, 13.057143], [77.496957, 13.057191], [77.496712, 13.057128], [77.495781, 13.057438], [77.495065, 13.057991], [77.493729, 13.058645], [77.493013, 13.05913], [77.49197, 13.060007], [77.492728, 13.062088], [77.493034, 13.062141], [77.493045, 13.062246], [77.492746, 13.063758], [77.492628, 13.066735], [77.492878, 13.070222], [77.492973, 13.073529], [77.498344, 13.073292], [77.499416, 13.071998], [77.499598, 13.072032], [77.504252, 13.06531], [77.505024, 13.064097], [77.504963, 13.06407], [77.505221, 13.063569], [77.506816, 13.061145], [77.507247, 13.056782], [77.508101, 13.056811], [77.509363, 13.05714], [77.511431, 13.053761], [77.511091, 13.053816], [77.510961, 13.053438], [77.509236, 13.05383], [77.509082, 13.053282], [77.508694, 13.052857]]]}}, {"type": "Feature", "properties": {"ward_name": "11 - Basavanapura", "Corporation": "East", "valley": "Hebbal Nagawara Valley", "subvalley": "HN_2", "Assembly": "151 - K.R. Pura"}, "geometry": {"type": "Polygon", "coordinates": [[[77.705587, 13.006478], [77.70575, 13.007189], [77.704664, 13.007339], [77.704713, 13.00784], [77.702403, 13.007822], [77.702403, 13.007923], [77.701867, 13.008034], [77.702186, 13.009594], [77.702223, 13.010576], [77.702456, 13.010381], [77.702684, 13.010339], [77.703792, 13.010353], [77.704666, 13.010446], [77.706217, 13.010359], [77.709818, 13.009727], [77.710079, 13.010586], [77.710011, 13.011126], [77.711151, 13.011077], [77.711881, 13.011139], [77.712224, 13.011025], [77.713119, 13.011269], [77.713744, 13.011256], [77.714318, 13.011696], [77.714489, 13.01299], [77.715566, 13.012845], [77.715579, 13.013125], [77.716339, 13.013938], [77.717031, 13.014168], [77.71711, 13.012232], [77.718502, 13.012276], [77.718433, 13.011225], [77.717951, 13.0113], [77.717882, 13.011151], [77.717807, 13.00991], [77.718483, 13.009921], [77.719417, 13.010209], [77.719723, 13.010082], [77.719326, 13.008352], [77.719282, 13.007667], [77.718959, 13.006129], [77.718294, 13.004549], [77.715853, 13.004443], [77.713554, 13.004635], [77.712378, 13.004442], [77.710313, 13.004279], [77.707843, 13.004246], [77.705958, 13.004332], [77.705208, 13.004508], [77.705797, 13.006102], [77.705288, 13.006199], [77.705353, 13.006474], [77.705587, 13.006478]]]}}, {"type": "Feature", "properties": {"ward_name": "41 - Nagapura", "Corporation": "West", "valley": "Vrishabhavati Valley", "subvalley": "VV_1", "Assembly": "156 - Mahalakshmi Layout"}, "geometry": {"type": "Polygon", "coordinates": [[[77.544321, 13.000579], [77.541502, 13.000841], [77.541103, 13.002419], [77.540682, 13.002251], [77.540672, 13.002434], [77.539458, 13.001891], [77.536594, 13.001237], [77.535819, 13.00372], [77.536566, 13.003341], [77.536825, 13.003867], [77.537717, 13.004559], [77.537988, 13.00482], [77.538123, 13.005078], [77.53947, 13.004501], [77.540865, 13.004193], [77.54112, 13.006158], [77.541888, 13.006017], [77.542211, 13.005872], [77.542707, 13.007054], [77.542349, 13.007171], [77.54262, 13.008091], [77.543023, 13.008016], [77.543041, 13.008414], [77.543153, 13.008665], [77.543545, 13.008614], [77.54361, 13.008938], [77.544266, 13.008841], [77.545004, 13.009316], [77.545199, 13.009026], [77.545844, 13.009454], [77.547002, 13.009259], [77.547261, 13.01062], [77.547797, 13.010495], [77.547296, 13.007944], [77.548751, 13.0077], [77.548631, 13.006651], [77.54989, 12.999484], [77.547725, 12.998854], [77.546386, 12.998987], [77.546283, 12.999951], [77.545466, 12.999828], [77.544896, 12.999922], [77.544348, 13.00008], [77.544321, 13.000579]]]}}, {"type": "Feature", "properties": {"ward_name": "79 - Nagarbhavi", "Corporation": "West", "valley": "Vrishabhavati Valley", "subvalley": "VV_1", "Assembly": "166 - Govindraj Nagar"}, "geometry": {"type": "Polygon", "coordinates": [[[77.518688, 12.944914], [77.518481, 12.944923], [77.518412, 12.944176], [77.519963, 12.943904], [77.519996, 12.942834], [77.520493, 12.942848], [77.52053, 12.942036], [77.521324, 12.942129], [77.521428, 12.941833], [77.51849, 12.940638], [77.518202, 12.93853], [77.517788, 12.936379], [77.518112, 12.936385], [77.516698, 12.936343], [77.514975, 12.936085], [77.513327, 12.935626], [77.513832, 12.935788], [77.513538, 12.936465], [77.512757, 12.937414], [77.512786, 12.937951], [77.512716, 12.938215], [77.512794, 12.938363], [77.513077, 12.93853], [77.513434, 12.93853], [77.513877, 12.93874], [77.514272, 12.939396], [77.514599, 12.939685], [77.514667, 12.940204], [77.514582, 12.940455], [77.514449, 12.94058], [77.514718, 12.941324], [77.514656, 12.942056], [77.514789, 12.942129], [77.514951, 12.942049], [77.515378, 12.942072], [77.515625, 12.942171], [77.515629, 12.942306], [77.515858, 12.942655], [77.515889, 12.943445], [77.516042, 12.943878], [77.516253, 12.94409], [77.516797, 12.944072], [77.516904, 12.944136], [77.517013, 12.94449], [77.516771, 12.944939], [77.516058, 12.945488], [77.515009, 12.946825], [77.513928, 12.947407], [77.51272, 12.947907], [77.512689, 12.948011], [77.512837, 12.948318], [77.512744, 12.948576], [77.512439, 12.948864], [77.511701, 12.949355], [77.511394, 12.949749], [77.511194, 12.949826], [77.511058, 12.950043], [77.511129, 12.951083], [77.511463, 12.951702], [77.511188, 12.952737], [77.511218, 12.953646], [77.511286, 12.953831], [77.511535, 12.953935], [77.511888, 12.954215], [77.512185, 12.954655], [77.512149, 12.955037], [77.511941, 12.95514], [77.511721, 12.955607], [77.511764, 12.955905], [77.512048, 12.956546], [77.511789, 12.957097], [77.511993, 12.95798], [77.511996, 12.958544], [77.511815, 12.958729], [77.511657, 12.958672], [77.511563, 12.958997], [77.511608, 12.959185], [77.511759, 12.959365], [77.512007, 12.959328], [77.512931, 12.958608], [77.5131, 12.958281], [77.513257, 12.958136], [77.513734, 12.95821], [77.51398, 12.957905], [77.514104, 12.958001], [77.514359, 12.957703], [77.514477, 12.957708], [77.514742, 12.958161], [77.514759, 12.958564], [77.51498, 12.95913], [77.514985, 12.959306], [77.515522, 12.959703], [77.515772, 12.960185], [77.515773, 12.960393], [77.515974, 12.960839], [77.516057, 12.961804], [77.516548, 12.961886], [77.517387, 12.961752], [77.517667, 12.961853], [77.517761, 12.961959], [77.517794, 12.962238], [77.517605, 12.962916], [77.517455, 12.963171], [77.517475, 12.963801], [77.518016, 12.964218], [77.518266, 12.964687], [77.518474, 12.965341], [77.518443, 12.965456], [77.517523, 12.965955], [77.517391, 12.966294], [77.517402, 12.966482], [77.517589, 12.966662], [77.518222, 12.966634], [77.518228, 12.966693], [77.519539, 12.966618], [77.519247, 12.964622], [77.520049, 12.964546], [77.519832, 12.963966], [77.520517, 12.963754], [77.520482, 12.963473], [77.520851, 12.963402], [77.520678, 12.96183], [77.520368, 12.960873], [77.52037, 12.96058], [77.520275, 12.960409], [77.519394, 12.959778], [77.518873, 12.958146], [77.519277, 12.957639], [77.519608, 12.956609], [77.5197, 12.954504], [77.519577, 12.954491], [77.519956, 12.953206], [77.520423, 12.95319], [77.521432, 12.952885], [77.521386, 12.952714], [77.521833, 12.95271], [77.523637, 12.952428], [77.523541, 12.951753], [77.524916, 12.951567], [77.525905, 12.951554], [77.52647, 12.951293], [77.527037, 12.951199], [77.526687, 12.949151], [77.526656, 12.948549], [77.524758, 12.949349], [77.524126, 12.949522], [77.523159, 12.949604], [77.523069, 12.94946], [77.522991, 12.949531], [77.522534, 12.949396], [77.522181, 12.949904], [77.522067, 12.949804], [77.521946, 12.949326], [77.521205, 12.949517], [77.520581, 12.949573], [77.520071, 12.946577], [77.519728, 12.946611], [77.519678, 12.946163], [77.519209, 12.946196], [77.518661, 12.946349], [77.518608, 12.945911], [77.518824, 12.945895], [77.518688, 12.944914]]]}}, {"type": "Feature", "properties": {"ward_name": "10 - Medahalli", "Corporation": "East", "valley": "Hebbal Nagawara Valley", "subvalley": "HN_2", "Assembly": "151 - K.R. Pura"}, "geometry": {"type": "Polygon", "coordinates": [[[77.717031, 13.014168], [77.716339, 13.013938], [77.715579, 13.013125], [77.715566, 13.012845], [77.714489, 13.01299], [77.714318, 13.011696], [77.713744, 13.011256], [77.713119, 13.011269], [77.712224, 13.011025], [77.711881, 13.011139], [77.711151, 13.011077], [77.710011, 13.011126], [77.710079, 13.010586], [77.709818, 13.009727], [77.707425, 13.010173], [77.705508, 13.01042], [77.704666, 13.010446], [77.703792, 13.010353], [77.702684, 13.010339], [77.702456, 13.010381], [77.702042, 13.010639], [77.701163, 13.010399], [77.700959, 13.010864], [77.700737, 13.0117], [77.700792, 13.011902], [77.699262, 13.012464], [77.700376, 13.014707], [77.700758, 13.015164], [77.701472, 13.01573], [77.702, 13.016049], [77.704355, 13.017018], [77.708947, 13.019631], [77.71356, 13.022465], [77.724814, 13.028653], [77.725105, 13.027118], [77.725153, 13.025928], [77.725554, 13.025881], [77.725663, 13.02594], [77.729445, 13.020373], [77.7295, 13.020201], [77.730095, 13.019815], [77.730116, 13.01904], [77.729769, 13.017592], [77.729159, 13.015637], [77.72866, 13.014449], [77.728386, 13.013086], [77.728317, 13.011893], [77.728082, 13.010545], [77.72619, 13.010204], [77.720248, 13.010049], [77.719782, 13.010068], [77.719417, 13.010209], [77.718483, 13.009921], [77.717807, 13.00991], [77.717882, 13.011151], [77.717951, 13.0113], [77.718433, 13.011225], [77.718502, 13.012276], [77.71711, 13.012232], [77.717031, 13.014168]]]}}, {"type": "Feature", "properties": {"ward_name": "4 - Parvathi Nagar", "Corporation": "West", "valley": "Vrishabhavati Valley,Arkavathi Valley", "subvalley": "VV_1,AV_2", "Assembly": "155 - Dasarahalli"}, "geometry": {"type": "Polygon", "coordinates": [[[77.509505, 13.022407], [77.510851, 13.024469], [77.51111, 13.025062], [77.511012, 13.025062], [77.519745, 13.02852], [77.52148, 13.024067], [77.521826, 13.023615], [77.523501, 13.022674], [77.526786, 13.02152], [77.526507, 13.021261], [77.52428, 13.019797], [77.522671, 13.018817], [77.521986, 13.018242], [77.522035, 13.016969], [77.522195, 13.015851], [77.522437, 13.014716], [77.52302, 13.012911], [77.522806, 13.012786], [77.521401, 13.012465], [77.521225, 13.012644], [77.521014, 13.012534], [77.520337, 13.012471], [77.519663, 13.012653], [77.51854, 13.01267], [77.518125, 13.012785], [77.518223, 13.013246], [77.517871, 13.013383], [77.517942, 13.013643], [77.518546, 13.013554], [77.518704, 13.014701], [77.518147, 13.01477], [77.518294, 13.015591], [77.517769, 13.015669], [77.517808, 13.015874], [77.517699, 13.015891], [77.517492, 13.016145], [77.517655, 13.017396], [77.518803, 13.017256], [77.518811, 13.018074], [77.517508, 13.018025], [77.517523, 13.018174], [77.51723, 13.018316], [77.515532, 13.018914], [77.515077, 13.018114], [77.513802, 13.018729], [77.513898, 13.019031], [77.514263, 13.019495], [77.509505, 13.022407]]]}}, {"type": "Feature", "properties": {"ward_name": "15 - Byadarahalli", "Corporation": "West", "valley": "Vrishabhavati Valley", "subvalley": "VV_2", "Assembly": "153 - Yeshwanthapura"}, "geometry": {"type": "Polygon", "coordinates": [[[77.48418, 12.969646], [77.48462, 12.970815], [77.482738, 12.971504], [77.482446, 12.97107], [77.481634, 12.971329], [77.481249, 12.970358], [77.479804, 12.970658], [77.479167, 12.970938], [77.479006, 12.97116], [77.475085, 12.971502], [77.475084, 12.972967], [77.474865, 12.97435], [77.474837, 12.975671], [77.474303, 12.979588], [77.474044, 12.980625], [77.473793, 12.982224], [77.473454, 12.983319], [77.473063, 12.984002], [77.472259, 12.984847], [77.471686, 12.985123], [77.470857, 12.985723], [77.469803, 12.9863], [77.468446, 12.986697], [77.470064, 12.989879], [77.478651, 12.98587], [77.481945, 12.98513], [77.483119, 12.984993], [77.483745, 12.984971], [77.484229, 12.985043], [77.489173, 12.986351], [77.494866, 12.988015], [77.497548, 12.98871], [77.495881, 12.986448], [77.495627, 12.985304], [77.49515, 12.984375], [77.494319, 12.98226], [77.493938, 12.981642], [77.493344, 12.979942], [77.493196, 12.979249], [77.493369, 12.978606], [77.493266, 12.978469], [77.493379, 12.978026], [77.493645, 12.978129], [77.493642, 12.976981], [77.493718, 12.976773], [77.493928, 12.976718], [77.493993, 12.976236], [77.494428, 12.976102], [77.495323, 12.976025], [77.495336, 12.975679], [77.495117, 12.975543], [77.494894, 12.97508], [77.494449, 12.973273], [77.494567, 12.972743], [77.494654, 12.971498], [77.495196, 12.971363], [77.495269, 12.971139], [77.495526, 12.970912], [77.495461, 12.97034], [77.496682, 12.970102], [77.497705, 12.970226], [77.498159, 12.970222], [77.498391, 12.970135], [77.498048, 12.969765], [77.494488, 12.970407], [77.492309, 12.969969], [77.49155, 12.970068], [77.490714, 12.970315], [77.488095, 12.971368], [77.487894, 12.970288], [77.487767, 12.96895], [77.487808, 12.968601], [77.488089, 12.96796], [77.488156, 12.967577], [77.487742, 12.96611], [77.485092, 12.966731], [77.485391, 12.967868], [77.485364, 12.968258], [77.484643, 12.969077], [77.484424, 12.969431], [77.48418, 12.969646]]]}}, {"type": "Feature", "properties": {"ward_name": "6 - Gowdanapalya", "Corporation": "South", "valley": "Vrishabhavati Valley", "subvalley": "VV_1", "Assembly": "171 - Padmanabanagar"}, "geometry": {"type": "Polygon", "coordinates": [[[77.56192, 12.913455], [77.565978, 12.912889], [77.566241, 12.913731], [77.567358, 12.912277], [77.567255, 12.912119], [77.566796, 12.909511], [77.564026, 12.909426], [77.563276, 12.909264], [77.562166, 12.908818], [77.561517, 12.908381], [77.556933, 12.904563], [77.556503, 12.903225], [77.556347, 12.902938], [77.556233, 12.90303], [77.554963, 12.903409], [77.554226, 12.90329], [77.553432, 12.903348], [77.553166, 12.903525], [77.553034, 12.903512], [77.55242, 12.903818], [77.551829, 12.903574], [77.551463, 12.903646], [77.55103, 12.903919], [77.550892, 12.904351], [77.55025, 12.904474], [77.55016, 12.904308], [77.550329, 12.904148], [77.550317, 12.903981], [77.549073, 12.904205], [77.54909, 12.903916], [77.548685, 12.903709], [77.548398, 12.90345], [77.548311, 12.903645], [77.548247, 12.904519], [77.548372, 12.905466], [77.548804, 12.906716], [77.549277, 12.907766], [77.551936, 12.907039], [77.552626, 12.906673], [77.55356, 12.906325], [77.554629, 12.909135], [77.554668, 12.909529], [77.55489, 12.909572], [77.55564, 12.910994], [77.555828, 12.91152], [77.556367, 12.911746], [77.558459, 12.911543], [77.558294, 12.910623], [77.558452, 12.910212], [77.558518, 12.909774], [77.558515, 12.908654], [77.559366, 12.909119], [77.559995, 12.909862], [77.560133, 12.909922], [77.560808, 12.909539], [77.561211, 12.910116], [77.561657, 12.910561], [77.561897, 12.910634], [77.562104, 12.912144], [77.562738, 12.912062], [77.56285, 12.91295], [77.561872, 12.913068], [77.56192, 12.913455]]]}}, {"type": "Feature", "properties": {"ward_name": "18 - Dooravaninagar", "Corporation": "East", "valley": "Koramangala Challaghatta Valley,Hebbal Nagawara Valley", "subvalley": "KC_2,HN_2", "Assembly": "151 - K.R. Pura"}, "geometry": {"type": "Polygon", "coordinates": [[[77.663592, 12.998259], [77.663189, 13.004557], [77.662569, 13.008193], [77.662279, 13.013267], [77.66309, 13.013051], [77.663111, 13.013297], [77.663536, 13.013361], [77.663944, 13.013747], [77.66458, 13.014098], [77.665504, 13.014802], [77.666905, 13.015355], [77.668195, 13.015107], [77.670098, 13.014937], [77.670065, 13.014423], [77.669908, 13.014438], [77.669707, 13.011777], [77.669578, 13.011802], [77.66943, 13.010866], [77.66782, 13.011115], [77.667684, 13.010235], [77.670052, 13.009869], [77.669941, 13.009264], [77.669687, 13.009298], [77.6696, 13.008727], [77.670884, 13.008678], [77.670835, 13.007601], [77.670699, 13.007054], [77.670728, 13.005789], [77.670513, 13.005162], [77.670245, 13.004709], [77.670087, 13.003755], [77.670848, 13.003635], [77.670826, 13.003081], [77.669157, 13.00301], [77.669152, 13.003221], [77.668015, 13.003385], [77.667669, 13.002699], [77.667547, 13.001867], [77.667646, 12.999704], [77.667023, 12.999393], [77.667135, 12.999203], [77.667102, 12.999143], [77.664044, 12.997526], [77.663592, 12.998259]]]}}, {"type": "Feature", "properties": {"ward_name": "29 - Hoodi", "Corporation": "East", "valley": "Koramangala Challaghatta Valley,Hebbal Nagawara Valley", "subvalley": "KC_2,HN_2", "Assembly": "174 - Mahadevapura"}, "geometry": {"type": "Polygon", "coordinates": [[[77.731601, 12.988168], [77.728235, 12.988772], [77.726161, 12.989245], [77.725159, 12.989831], [77.724553, 12.990079], [77.722929, 12.990522], [77.721494, 12.99102], [77.719573, 12.992189], [77.717022, 12.99223], [77.716385, 12.992305], [77.714442, 12.991808], [77.714062, 12.991812], [77.711836, 12.992534], [77.710954, 12.992735], [77.709946, 12.992841], [77.709067, 12.992842], [77.709289, 12.993966], [77.70929, 12.995009], [77.70826, 12.996083], [77.708258, 12.996728], [77.708943, 12.997529], [77.709296, 12.997486], [77.709346, 12.99785], [77.708673, 12.997838], [77.708623, 12.997943], [77.708743, 12.998687], [77.708174, 12.998857], [77.705874, 12.999308], [77.706325, 13.001127], [77.706926, 13.002937], [77.707128, 13.004306], [77.707843, 13.004246], [77.710313, 13.004279], [77.712378, 13.004442], [77.713554, 13.004635], [77.715853, 13.004443], [77.718294, 13.004549], [77.718959, 13.006129], [77.719282, 13.007667], [77.719326, 13.008352], [77.719698, 13.010088], [77.720248, 13.010049], [77.72619, 13.010204], [77.728082, 13.010545], [77.731409, 13.010821], [77.732842, 13.010771], [77.733958, 13.010195], [77.735588, 13.010913], [77.736232, 13.010762], [77.736245, 13.00913], [77.736147, 13.007615], [77.735575, 13.007007], [77.735552, 13.006394], [77.734952, 13.006032], [77.733599, 13.005654], [77.731567, 13.00547], [77.730658, 13.005537], [77.730386, 13.00495], [77.729812, 13.005161], [77.729318, 13.005481], [77.728873, 13.005152], [77.728432, 13.004691], [77.728139, 13.004196], [77.727799, 13.004267], [77.727392, 13.003877], [77.725279, 13.00357], [77.723494, 13.003597], [77.723397, 13.002731], [77.722944, 13.001172], [77.72251, 13.000286], [77.722142, 12.999305], [77.722022, 12.998638], [77.720791, 12.996953], [77.719884, 12.995915], [77.7216, 12.995591], [77.724992, 12.995514], [77.727534, 12.995859], [77.731551, 12.996611], [77.733261, 12.993301], [77.734184, 12.988624], [77.734188, 12.987826], [77.731601, 12.988168]]]}}, {"type": "Feature", "properties": {"ward_name": "60 - Prakash Nagara", "Corporation": "West", "valley": "Vrishabhavati Valley", "subvalley": "VV_1", "Assembly": "165 - Rajajinagar"}, "geometry": {"type": "Polygon", "coordinates": [[[77.554516, 12.991564], [77.555587, 12.991527], [77.555318, 12.994159], [77.555505, 12.994322], [77.555206, 12.994767], [77.554605, 12.996011], [77.553385, 12.997495], [77.553055, 12.998182], [77.555438, 12.99863], [77.556361, 12.998603], [77.558203, 12.998123], [77.560572, 12.997178], [77.56011, 12.996997], [77.559852, 12.996674], [77.559696, 12.996315], [77.559415, 12.995951], [77.559207, 12.995247], [77.558753, 12.99533], [77.55887, 12.994039], [77.559124, 12.992777], [77.55752, 12.99259], [77.556904, 12.992367], [77.557914, 12.991019], [77.556059, 12.989911], [77.554403, 12.989964], [77.554516, 12.991564]]]}}, {"type": "Feature", "properties": {"ward_name": "58 - Dayanand Nagara", "Corporation": "West", "valley": "Vrishabhavati Valley", "subvalley": "VV_1", "Assembly": "165 - Rajajinagar"}, "geometry": {"type": "Polygon", "coordinates": [[[77.567933, 12.988396], [77.565111, 12.988536], [77.565104, 12.988301], [77.56399, 12.988363], [77.564049, 12.988587], [77.563737, 12.988617], [77.563794, 12.989226], [77.561958, 12.989287], [77.561983, 12.989708], [77.562123, 12.989763], [77.56209, 12.990234], [77.563844, 12.990167], [77.563866, 12.991028], [77.565181, 12.991002], [77.565182, 12.991332], [77.563921, 12.991463], [77.563753, 12.991769], [77.5631, 12.991857], [77.563461, 12.99368], [77.565355, 12.993465], [77.567811, 12.99338], [77.567933, 12.988396]]]}}, {"type": "Feature", "properties": {"ward_name": "55 - Puttenahalli", "Corporation": "South", "valley": "Koramangala Challaghatta Valley,Vrishabhavati Valley", "subvalley": "KC_1,VV_1", "Assembly": "175 - Bommanahalli"}, "geometry": {"type": "Polygon", "coordinates": [[[77.588205, 12.889029], [77.585829, 12.889422], [77.582517, 12.890513], [77.581856, 12.891285], [77.581807, 12.89217], [77.580895, 12.892108], [77.580678, 12.893264], [77.579853, 12.895433], [77.579527, 12.896694], [77.579553, 12.896816], [77.5799, 12.897175], [77.581069, 12.897845], [77.582122, 12.897795], [77.582653, 12.897879], [77.583217, 12.897573], [77.583146, 12.896871], [77.586109, 12.896968], [77.585852, 12.897807], [77.586923, 12.897884], [77.586918, 12.898699], [77.587011, 12.898724], [77.587033, 12.898861], [77.586991, 12.899411], [77.587585, 12.899432], [77.587544, 12.899833], [77.588522, 12.900064], [77.588382, 12.900319], [77.588887, 12.900384], [77.588754, 12.901073], [77.589327, 12.901134], [77.589468, 12.899732], [77.589545, 12.899583], [77.591321, 12.8998], [77.59134, 12.899306], [77.591572, 12.898021], [77.59001, 12.897566], [77.590023, 12.895855], [77.589771, 12.89585], [77.589838, 12.895532], [77.589802, 12.894392], [77.590082, 12.892344], [77.592064, 12.891441], [77.59159, 12.889869], [77.590531, 12.890138], [77.59023, 12.889453], [77.588205, 12.889029]]]}}, {"type": "Feature", "properties": {"ward_name": "23 - Rajarajeshwari Nagara", "Corporation": "West", "valley": "Vrishabhavati Valley", "subvalley": "VV_1", "Assembly": "154 - Rajarajeshwarinagar"}, "geometry": {"type": "Polygon", "coordinates": [[[77.505371, 12.929663], [77.506124, 12.929554], [77.507185, 12.92909], [77.507625, 12.929036], [77.508283, 12.929143], [77.509842, 12.9291], [77.509855, 12.928901], [77.510967, 12.928905], [77.510999, 12.929953], [77.510868, 12.930557], [77.510974, 12.932454], [77.510233, 12.932808], [77.509585, 12.933013], [77.50918, 12.932939], [77.508969, 12.933112], [77.509104, 12.933252], [77.511165, 12.934904], [77.512346, 12.935346], [77.514807, 12.936058], [77.516698, 12.936343], [77.518339, 12.936385], [77.518295, 12.935985], [77.517824, 12.934737], [77.518078, 12.934408], [77.518028, 12.933675], [77.517673, 12.933031], [77.517549, 12.932612], [77.517691, 12.932223], [77.518767, 12.931715], [77.519241, 12.931255], [77.520904, 12.929925], [77.520035, 12.926582], [77.521874, 12.925936], [77.523118, 12.925291], [77.522232, 12.922053], [77.524009, 12.921639], [77.523983, 12.921299], [77.524706, 12.921292], [77.524565, 12.919227], [77.524031, 12.919225], [77.52411, 12.918487], [77.523793, 12.917798], [77.523406, 12.917828], [77.523225, 12.917132], [77.52354, 12.917013], [77.523227, 12.915989], [77.522961, 12.914756], [77.520696, 12.914878], [77.52098, 12.911253], [77.521075, 12.908207], [77.521094, 12.903841], [77.521311, 12.90285], [77.5203, 12.902609], [77.519818, 12.90263], [77.515358, 12.903539], [77.512438, 12.904066], [77.512315, 12.904026], [77.512403, 12.905327], [77.512338, 12.906472], [77.512039, 12.907274], [77.512024, 12.908009], [77.512168, 12.908485], [77.513173, 12.909192], [77.513484, 12.909993], [77.513556, 12.910836], [77.51276, 12.910886], [77.513002, 12.911832], [77.512505, 12.912006], [77.512531, 12.912208], [77.511966, 12.91366], [77.512273, 12.915937], [77.512407, 12.916204], [77.512565, 12.916248], [77.512303, 12.917104], [77.511622, 12.918152], [77.511488, 12.919283], [77.511536, 12.919735], [77.511725, 12.91984], [77.511819, 12.920315], [77.511722, 12.92063], [77.51154, 12.920729], [77.511711, 12.921355], [77.511656, 12.921821], [77.511707, 12.92203], [77.51144, 12.923683], [77.510426, 12.923851], [77.510501, 12.924349], [77.51043, 12.924653], [77.50888, 12.924773], [77.508274, 12.925152], [77.50785, 12.925075], [77.506657, 12.925376], [77.506592, 12.92557], [77.505982, 12.925495], [77.505154, 12.925541], [77.504469, 12.926405], [77.504069, 12.927132], [77.502795, 12.928128], [77.50326, 12.928721], [77.503822, 12.929193], [77.505371, 12.929663]]]}}, {"type": "Feature", "properties": {"ward_name": "33 - Dharmaraya Swamy Temple Ward", "Corporation": "Central", "valley": "Koramangala Challaghatta Valley", "subvalley": "KC_1", "Assembly": "169 - Chickpet"}, "geometry": {"type": "Polygon", "coordinates": [[[77.578859, 12.96362], [77.578242, 12.963709], [77.576853, 12.96416], [77.57798, 12.966583], [77.578677, 12.967982], [77.581295, 12.966508], [77.582343, 12.968406], [77.582979, 12.970125], [77.582791, 12.970324], [77.582871, 12.971843], [77.584451, 12.970356], [77.584362, 12.968704], [77.585291, 12.967735], [77.58744, 12.966812], [77.586624, 12.965768], [77.586735, 12.965511], [77.588869, 12.963763], [77.589802, 12.962858], [77.590301, 12.962691], [77.591168, 12.962582], [77.590917, 12.961538], [77.59157, 12.961383], [77.591357, 12.96065], [77.590743, 12.960841], [77.590659, 12.960599], [77.589894, 12.96081], [77.58937, 12.959038], [77.587133, 12.95955], [77.58827, 12.961036], [77.584097, 12.961492], [77.585236, 12.963836], [77.582375, 12.963373], [77.579813, 12.963605], [77.578859, 12.96362]]]}}, {"type": "Feature", "properties": {"ward_name": "70 - Dr Rajkumar Ward", "Corporation": "West", "valley": "Vrishabhavati Valley", "subvalley": "VV_1", "Assembly": "166 - Govindraj Nagar"}, "geometry": {"type": "Polygon", "coordinates": [[[77.544298, 12.979235], [77.544377, 12.980804], [77.54281, 12.980887], [77.542859, 12.981658], [77.542569, 12.983278], [77.542029, 12.983169], [77.541826, 12.984882], [77.541878, 12.985253], [77.542383, 12.985119], [77.542428, 12.985702], [77.544598, 12.9851], [77.549079, 12.984416], [77.549023, 12.980808], [77.55385, 12.98062], [77.553745, 12.979839], [77.55527, 12.980119], [77.554751, 12.978447], [77.554547, 12.977335], [77.555162, 12.977033], [77.554493, 12.975574], [77.553307, 12.975469], [77.552962, 12.975366], [77.552172, 12.974872], [77.550959, 12.973876], [77.550469, 12.973694], [77.549978, 12.973768], [77.549607, 12.973966], [77.548359, 12.975065], [77.546903, 12.976602], [77.545593, 12.97761], [77.545097, 12.977865], [77.544068, 12.978226], [77.544298, 12.979235]]]}}, {"type": "Feature", "properties": {"ward_name": "19 - New Tavarekere", "Corporation": "South", "valley": "Koramangala Challaghatta Valley", "subvalley": "KC_1", "Assembly": "172 - B.T.M Layout"}, "geometry": {"type": "Polygon", "coordinates": [[[77.609003, 12.92499], [77.609379, 12.925017], [77.610242, 12.924913], [77.611811, 12.924234], [77.612868, 12.924028], [77.613384, 12.923856], [77.61382, 12.923517], [77.614195, 12.923442], [77.614633, 12.923489], [77.614637, 12.923395], [77.615415, 12.923164], [77.61469, 12.921737], [77.615229, 12.921301], [77.61489, 12.920653], [77.61355, 12.921268], [77.613161, 12.920366], [77.612972, 12.919637], [77.612172, 12.91968], [77.612064, 12.919074], [77.612843, 12.918883], [77.612652, 12.917865], [77.61433, 12.917831], [77.614269, 12.916449], [77.607233, 12.916554], [77.607695, 12.918556], [77.60807, 12.919771], [77.607999, 12.919896], [77.608025, 12.920031], [77.608212, 12.920603], [77.608479, 12.921026], [77.608672, 12.921567], [77.608713, 12.922119], [77.608824, 12.922238], [77.6089, 12.922712], [77.608421, 12.923747], [77.608732, 12.923879], [77.608527, 12.924824], [77.608271, 12.924784], [77.608812, 12.925094], [77.608958, 12.924935], [77.609003, 12.92499]]]}}, {"type": "Feature", "properties": {"ward_name": "14 - Nagavarapalya", "Corporation": "Central", "valley": "Koramangala Challaghatta Valley", "subvalley": "KC_2,KC_1", "Assembly": "161 - C.V. Raman Nagar"}, "geometry": {"type": "Polygon", "coordinates": [[[77.663929, 12.985537], [77.663734, 12.983928], [77.663329, 12.983489], [77.662874, 12.983277], [77.662271, 12.983208], [77.661833, 12.983249], [77.661318, 12.983463], [77.660915, 12.984098], [77.660413, 12.984151], [77.660159, 12.984058], [77.65968, 12.983842], [77.658715, 12.983116], [77.658622, 12.982971], [77.658424, 12.981549], [77.658336, 12.981368], [77.65524, 12.980247], [77.653074, 12.9793], [77.65312, 12.979247], [77.652718, 12.979049], [77.650847, 12.981118], [77.648416, 12.985186], [77.648106, 12.986058], [77.648052, 12.986773], [77.647935, 12.986851], [77.65084, 12.988148], [77.663167, 12.994068], [77.66416, 12.994482], [77.665532, 12.992383], [77.66626, 12.991582], [77.666907, 12.991053], [77.668364, 12.990195], [77.668164, 12.989842], [77.667885, 12.989757], [77.667629, 12.989526], [77.66741, 12.988671], [77.667366, 12.988], [77.667492, 12.987219], [77.667526, 12.985937], [77.667817, 12.985874], [77.667973, 12.985491], [77.667262, 12.985171], [77.666762, 12.985113], [77.665695, 12.985354], [77.663929, 12.985537]]]}}, {"type": "Feature", "properties": {"ward_name": "49 - Aramane Nagara", "Corporation": "West", "valley": "Hebbal Nagawara Valley,Vrishabhavati Valley", "subvalley": "HN_1,VV_1", "Assembly": "157 - Malleshwaram"}, "geometry": {"type": "Polygon", "coordinates": [[[77.561825, 13.026334], [77.56253, 13.024648], [77.56287, 13.02362], [77.563119, 13.022488], [77.561593, 13.022176], [77.561628, 13.021915], [77.561493, 13.021431], [77.561246, 13.021542], [77.561186, 13.021442], [77.56027, 13.021817], [77.560188, 13.021553], [77.558938, 13.022018], [77.560661, 13.026343], [77.558413, 13.027239], [77.559976, 13.030931], [77.561617, 13.028657], [77.561911, 13.029403], [77.562279, 13.030936], [77.562348, 13.032071], [77.563872, 13.031959], [77.564269, 13.03468], [77.563187, 13.035625], [77.563346, 13.03636], [77.56457, 13.03626], [77.564652, 13.038099], [77.564977, 13.038282], [77.566458, 13.036443], [77.56787, 13.034985], [77.569477, 13.032876], [77.569989, 13.031996], [77.571251, 13.028462], [77.571443, 13.028454], [77.571498, 13.027593], [77.569789, 13.02793], [77.567713, 13.027978], [77.566936, 13.028094], [77.565387, 13.029104], [77.564793, 13.029387], [77.56433, 13.029753], [77.563562, 13.029956], [77.56271, 13.030054], [77.562021, 13.028214], [77.561799, 13.027335], [77.561825, 13.026334]]]}}, {"type": "Feature", "properties": {"ward_name": "50 - Sarvabhouma Nagar", "Corporation": "South", "valley": "Vrishabhavati Valley", "subvalley": "VV_1", "Assembly": "176 - Bangalore South"}, "geometry": {"type": "Polygon", "coordinates": [[[77.542987, 12.908778], [77.542771, 12.909065], [77.542544, 12.909151], [77.542217, 12.909152], [77.5411, 12.908786], [77.539835, 12.908104], [77.538963, 12.908601], [77.538747, 12.908656], [77.538465, 12.90853], [77.538606, 12.908936], [77.538999, 12.909477], [77.539351, 12.910332], [77.538707, 12.910516], [77.538843, 12.911083], [77.539394, 12.910992], [77.539542, 12.911688], [77.540414, 12.911518], [77.54237, 12.91082], [77.54278, 12.912234], [77.543047, 12.912161], [77.543733, 12.913996], [77.543966, 12.913936], [77.544807, 12.916131], [77.543499, 12.916463], [77.543751, 12.916017], [77.543685, 12.91586], [77.542941, 12.916082], [77.542468, 12.917065], [77.542617, 12.917162], [77.54281, 12.917598], [77.542749, 12.917661], [77.542876, 12.917776], [77.543172, 12.917643], [77.544698, 12.917519], [77.544764, 12.918287], [77.546724, 12.91803], [77.546844, 12.918327], [77.548624, 12.91803], [77.548455, 12.917175], [77.548101, 12.91716], [77.548036, 12.916492], [77.550604, 12.915784], [77.550505, 12.915319], [77.55087, 12.915304], [77.552087, 12.915023], [77.553643, 12.914357], [77.553271, 12.913912], [77.552212, 12.911843], [77.55118, 12.912528], [77.550704, 12.913038], [77.550401, 12.913096], [77.550252, 12.912745], [77.550051, 12.911586], [77.551446, 12.910991], [77.551929, 12.911522], [77.552249, 12.911666], [77.552607, 12.911722], [77.55426, 12.911311], [77.554791, 12.911573], [77.555819, 12.911456], [77.55489, 12.909572], [77.554668, 12.909529], [77.554629, 12.909135], [77.554438, 12.908669], [77.554424, 12.908729], [77.553763, 12.908941], [77.551991, 12.90927], [77.552163, 12.909814], [77.551284, 12.910012], [77.551125, 12.909506], [77.550223, 12.90978], [77.549219, 12.909151], [77.54831, 12.909479], [77.546771, 12.909825], [77.546848, 12.910773], [77.545366, 12.91018], [77.545202, 12.910012], [77.544614, 12.909822], [77.544376, 12.909883], [77.543956, 12.909106], [77.544201, 12.908981], [77.543927, 12.908416], [77.54414, 12.908326], [77.543413, 12.906472], [77.542871, 12.906626], [77.543191, 12.907563], [77.543823, 12.908907], [77.543533, 12.908986], [77.54277, 12.907276], [77.542548, 12.907339], [77.542509, 12.907232], [77.542077, 12.90739], [77.542212, 12.907691], [77.542814, 12.908427], [77.542987, 12.908778]]]}}, {"type": "Feature", "properties": {"ward_name": "32 - Banaswadi", "Corporation": "North", "valley": "Koramangala Challaghatta Valley,Hebbal Nagawara Valley", "subvalley": "KC_2,HN_2", "Assembly": "160 - Sarvagnanagar"}, "geometry": {"type": "Polygon", "coordinates": [[[77.645207, 13.023472], [77.652745, 13.020168], [77.655634, 13.019058], [77.661707, 13.016407], [77.661936, 13.016204], [77.662095, 13.015726], [77.662328, 13.012409], [77.661798, 13.01205], [77.659514, 13.011217], [77.658131, 13.01045], [77.656203, 13.00907], [77.654086, 13.006789], [77.652876, 13.005815], [77.651262, 13.006079], [77.651568, 13.00669], [77.650634, 13.006961], [77.650009, 13.007327], [77.650884, 13.008847], [77.650062, 13.00918], [77.649484, 13.009246], [77.648914, 13.009677], [77.648138, 13.010482], [77.647123, 13.012051], [77.647757, 13.012558], [77.648311, 13.01325], [77.649024, 13.014333], [77.647494, 13.01468], [77.646146, 13.014889], [77.644837, 13.014979], [77.645132, 13.01955], [77.645277, 13.023154], [77.645207, 13.023472]]]}}, {"type": "Feature", "properties": {"ward_name": "14 - Herohalli", "Corporation": "West", "valley": "Vrishabhavati Valley,Arkavathi Valley", "subvalley": "VV_2,AV_2", "Assembly": "153 - Yeshwanthapura"}, "geometry": {"type": "Polygon", "coordinates": [[[77.485136, 12.985277], [77.484773, 12.986871], [77.48499, 12.98817], [77.485084, 12.989487], [77.48508, 12.991294], [77.485225, 12.99209], [77.48763, 12.991574], [77.487945, 12.991877], [77.48816, 12.992236], [77.487503, 12.992417], [77.487558, 12.992968], [77.487988, 12.994425], [77.488428, 12.994306], [77.488276, 12.993888], [77.488732, 12.993746], [77.488972, 12.994335], [77.490093, 12.994186], [77.490143, 12.99467], [77.491787, 12.994475], [77.494611, 12.993484], [77.494745, 12.993897], [77.493862, 12.994483], [77.494336, 12.995316], [77.49303, 12.996085], [77.49344, 12.996697], [77.493781, 12.996442], [77.494858, 12.997761], [77.494891, 12.997967], [77.493245, 12.998168], [77.493472, 12.998939], [77.49461, 12.998724], [77.495123, 13.000392], [77.496365, 13.000112], [77.49643, 12.999979], [77.496896, 12.999683], [77.4979, 12.999213], [77.498845, 12.999057], [77.498684, 12.998758], [77.499045, 12.99857], [77.499112, 12.998769], [77.499953, 12.998533], [77.499785, 12.997999], [77.501478, 12.996893], [77.501343, 12.99666], [77.501469, 12.996558], [77.500501, 12.995749], [77.500183, 12.994282], [77.499236, 12.991315], [77.498374, 12.990953], [77.498106, 12.990309], [77.496937, 12.989501], [77.496994, 12.988578], [77.489173, 12.986351], [77.485136, 12.985277]]]}}, {"type": "Feature", "properties": {"ward_name": "59 - Bandi Reddy Circle Ward", "Corporation": "West", "valley": "Vrishabhavati Valley", "subvalley": "VV_1", "Assembly": "165 - Rajajinagar"}, "geometry": {"type": "Polygon", "coordinates": [[[77.56096, 12.989197], [77.56076, 12.990139], [77.561047, 12.990239], [77.561038, 12.990299], [77.560801, 12.991159], [77.5604, 12.992004], [77.559003, 12.99167], [77.557912, 12.991022], [77.556904, 12.992367], [77.55752, 12.99259], [77.559124, 12.992777], [77.55887, 12.994039], [77.558753, 12.99533], [77.559207, 12.995247], [77.55915, 12.994986], [77.560382, 12.994579], [77.560328, 12.994291], [77.560116, 12.993934], [77.563461, 12.99368], [77.5631, 12.991857], [77.563753, 12.991769], [77.563921, 12.991463], [77.565182, 12.991332], [77.565181, 12.991002], [77.563866, 12.991028], [77.563844, 12.990167], [77.56209, 12.990234], [77.562123, 12.989763], [77.561983, 12.989708], [77.561958, 12.989287], [77.563794, 12.989226], [77.563737, 12.988617], [77.564049, 12.988587], [77.563956, 12.988183], [77.56145, 12.988282], [77.56142, 12.988472], [77.561193, 12.988724], [77.561152, 12.989196], [77.56096, 12.989197]]]}}, {"type": "Feature", "properties": {"ward_name": "82 - Attigupe", "Corporation": "West", "valley": "Vrishabhavati Valley", "subvalley": "VV_1", "Assembly": "167 - Vijayanagar"}, "geometry": {"type": "Polygon", "coordinates": [[[77.52708, 12.951427], [77.52734, 12.95296], [77.527506, 12.953529], [77.528631, 12.95682], [77.528407, 12.957082], [77.527743, 12.957562], [77.526884, 12.958022], [77.525269, 12.958725], [77.524014, 12.959004], [77.521716, 12.959266], [77.519322, 12.959661], [77.519394, 12.959778], [77.520275, 12.960409], [77.52037, 12.96058], [77.520368, 12.960873], [77.520644, 12.961794], [77.521969, 12.961743], [77.522118, 12.961775], [77.522596, 12.962131], [77.523162, 12.962236], [77.523281, 12.961726], [77.523951, 12.961679], [77.524398, 12.96173], [77.5263, 12.962216], [77.526303, 12.962005], [77.526714, 12.961993], [77.526572, 12.962784], [77.52671, 12.963224], [77.526729, 12.96364], [77.526429, 12.964457], [77.526434, 12.964598], [77.529497, 12.964938], [77.530387, 12.964696], [77.530421, 12.964252], [77.530379, 12.963594], [77.530026, 12.961736], [77.529642, 12.960537], [77.530971, 12.960176], [77.531611, 12.959931], [77.533076, 12.960031], [77.533453, 12.958891], [77.534325, 12.957008], [77.534531, 12.956207], [77.534196, 12.956212], [77.532704, 12.956587], [77.532644, 12.955327], [77.531844, 12.955476], [77.531809, 12.955013], [77.531081, 12.955122], [77.53103, 12.954762], [77.5299, 12.954956], [77.529558, 12.953251], [77.528914, 12.953379], [77.528822, 12.952783], [77.528915, 12.952738], [77.52881, 12.952225], [77.527941, 12.952405], [77.527771, 12.951301], [77.52708, 12.951427]]]}}, {"type": "Feature", "properties": {"ward_name": "80 - Chandra Layout", "Corporation": "West", "valley": "Vrishabhavati Valley", "subvalley": "VV_1", "Assembly": "166 - Govindraj Nagar"}, "geometry": {"type": "Polygon", "coordinates": [[[77.519956, 12.953206], [77.519577, 12.954491], [77.5197, 12.954504], [77.519608, 12.956609], [77.519277, 12.957639], [77.518873, 12.958146], [77.519375, 12.959652], [77.521716, 12.959266], [77.524014, 12.959004], [77.525269, 12.958725], [77.526094, 12.958414], [77.527743, 12.957562], [77.528407, 12.957082], [77.528631, 12.95682], [77.52734, 12.95296], [77.527037, 12.951199], [77.52647, 12.951293], [77.525905, 12.951554], [77.524916, 12.951567], [77.523541, 12.951753], [77.523637, 12.952428], [77.521833, 12.95271], [77.521386, 12.952714], [77.521432, 12.952885], [77.520423, 12.95319], [77.519956, 12.953206]]]}}, {"type": "Feature", "properties": {"ward_name": "35 - Hombegowda Nagara", "Corporation": "Central", "valley": "Koramangala Challaghatta Valley", "subvalley": "KC_1", "Assembly": "169 - Chickpet"}, "geometry": {"type": "Polygon", "coordinates": [[[77.589543, 12.955942], [77.589143, 12.954584], [77.591437, 12.953809], [77.592289, 12.955999], [77.597522, 12.951969], [77.600237, 12.949775], [77.600536, 12.94974], [77.603456, 12.950552], [77.60263, 12.948358], [77.602132, 12.948557], [77.601737, 12.94843], [77.600262, 12.9489], [77.599303, 12.946243], [77.598227, 12.946696], [77.597678, 12.945924], [77.596236, 12.946881], [77.59558, 12.945913], [77.594883, 12.946517], [77.594176, 12.947418], [77.592906, 12.949978], [77.591794, 12.95106], [77.587142, 12.95272], [77.586914, 12.952838], [77.585669, 12.953894], [77.583462, 12.954616], [77.58369, 12.956307], [77.584841, 12.955808], [77.585719, 12.955555], [77.586272, 12.957806], [77.586565, 12.958731], [77.586764, 12.959064], [77.588373, 12.958584], [77.588102, 12.957789], [77.587489, 12.957975], [77.587358, 12.957566], [77.588036, 12.957369], [77.587853, 12.956674], [77.588536, 12.956464], [77.588715, 12.957056], [77.589636, 12.956774], [77.589429, 12.956018], [77.589543, 12.955942]]]}}, {"type": "Feature", "properties": {"ward_name": "70 - Iblur", "Corporation": "South", "valley": "Koramangala Challaghatta Valley", "subvalley": "KC_2,KC_1", "Assembly": "175 - Bommanahalli"}, "geometry": {"type": "Polygon", "coordinates": [[[77.644949, 12.91898], [77.645103, 12.921993], [77.645749, 12.922633], [77.646766, 12.923441], [77.647443, 12.92387], [77.648201, 12.924197], [77.649242, 12.924358], [77.650053, 12.924314], [77.650192, 12.924416], [77.651738, 12.924221], [77.651493, 12.923], [77.651501, 12.921184], [77.6536, 12.920962], [77.653612, 12.920451], [77.654664, 12.92045], [77.660354, 12.916345], [77.661995, 12.918261], [77.662216, 12.918791], [77.66279, 12.921198], [77.66116, 12.921612], [77.662472, 12.926142], [77.662758, 12.926729], [77.661947, 12.926523], [77.662209, 12.927936], [77.662631, 12.928537], [77.663763, 12.928038], [77.664594, 12.928052], [77.664933, 12.928137], [77.665115, 12.928355], [77.665855, 12.930351], [77.666402, 12.931006], [77.666921, 12.931199], [77.667529, 12.931281], [77.668045, 12.931239], [77.667782, 12.928816], [77.668496, 12.928682], [77.668803, 12.927435], [77.668926, 12.927195], [77.669013, 12.926123], [77.668874, 12.92475], [77.668867, 12.923227], [77.668077, 12.923298], [77.667782, 12.921661], [77.666762, 12.921013], [77.665382, 12.921094], [77.665153, 12.920777], [77.663632, 12.919244], [77.662005, 12.917722], [77.661206, 12.915716], [77.660513, 12.915326], [77.660044, 12.915151], [77.660574, 12.913922], [77.660141, 12.91252], [77.659865, 12.911078], [77.659825, 12.910164], [77.659948, 12.9099], [77.659014, 12.909453], [77.657918, 12.909509], [77.657056, 12.909639], [77.656546, 12.909193], [77.656098, 12.90732], [77.655082, 12.9038], [77.654796, 12.901776], [77.6547, 12.901803], [77.654796, 12.901776], [77.654932, 12.900212], [77.656207, 12.900157], [77.656839, 12.899876], [77.656826, 12.899543], [77.656605, 12.898982], [77.656014, 12.899162], [77.655067, 12.899623], [77.654951, 12.89927], [77.654023, 12.899411], [77.654041, 12.899755], [77.65328, 12.899929], [77.653437, 12.900605], [77.65179, 12.901185], [77.651772, 12.901127], [77.650714, 12.901774], [77.650436, 12.903489], [77.650271, 12.903658], [77.649506, 12.903546], [77.648733, 12.90353], [77.648983, 12.9048], [77.649053, 12.906671], [77.649346, 12.908992], [77.649028, 12.911946], [77.651896, 12.911987], [77.651689, 12.919744], [77.65069, 12.919721], [77.649292, 12.919488], [77.647223, 12.919448], [77.647102, 12.918917], [77.644949, 12.91898]]]}}, {"type": "Feature", "properties": {"ward_name": "42 - Priyadarshini Ward", "Corporation": "East", "valley": "Koramangala Challaghatta Valley", "subvalley": "KC_2", "Assembly": "174 - Mahadevapura"}, "geometry": {"type": "Polygon", "coordinates": [[[77.70215, 12.965819], [77.702468, 12.966029], [77.702953, 12.966554], [77.703098, 12.966601], [77.703193, 12.966549], [77.703226, 12.966202], [77.703305, 12.966132], [77.703502, 12.966175], [77.703431, 12.966977], [77.704173, 12.967738], [77.70524, 12.968571], [77.705663, 12.967428], [77.707036, 12.96779], [77.707236, 12.967651], [77.708105, 12.965624], [77.708231, 12.96511], [77.708211, 12.96483], [77.708375, 12.963738], [77.713639, 12.964759], [77.713561, 12.965163], [77.714109, 12.965269], [77.713982, 12.966075], [77.71407, 12.967704], [77.716314, 12.96753], [77.717212, 12.96718], [77.717682, 12.966915], [77.718145, 12.966457], [77.71836, 12.965898], [77.718377, 12.965457], [77.718351, 12.965111], [77.718193, 12.964784], [77.71683, 12.962374], [77.71642, 12.960447], [77.715633, 12.958151], [77.714754, 12.955884], [77.704882, 12.956645], [77.704871, 12.957157], [77.704624, 12.95779], [77.704034, 12.962283], [77.703628, 12.961783], [77.703429, 12.96165], [77.701625, 12.961887], [77.70215, 12.965819]]]}}, {"type": "Feature", "properties": {"ward_name": "95 - Swamy Vivekananda Ward", "Corporation": "West", "valley": "Vrishabhavati Valley", "subvalley": "VV_1", "Assembly": "170 - Basavanagudi"}, "geometry": {"type": "Polygon", "coordinates": [[[77.545555, 12.928628], [77.542484, 12.931381], [77.539252, 12.933658], [77.539836, 12.935666], [77.54058, 12.937607], [77.539326, 12.937935], [77.538921, 12.939818], [77.538725, 12.94184], [77.538649, 12.943516], [77.544954, 12.943175], [77.546412, 12.942763], [77.546023, 12.941756], [77.546329, 12.941687], [77.546385, 12.941776], [77.546894, 12.941628], [77.546803, 12.941327], [77.546435, 12.941416], [77.546303, 12.941136], [77.546729, 12.941008], [77.546674, 12.940642], [77.547369, 12.940642], [77.548758, 12.940372], [77.548649, 12.939896], [77.549419, 12.939606], [77.549422, 12.939186], [77.549512, 12.938971], [77.549058, 12.938781], [77.549489, 12.938158], [77.54973, 12.937985], [77.550734, 12.938754], [77.551169, 12.938984], [77.551502, 12.939068], [77.553208, 12.93859], [77.553009, 12.937362], [77.552843, 12.937169], [77.552541, 12.936298], [77.552163, 12.935561], [77.551886, 12.935713], [77.551744, 12.935445], [77.551045, 12.935764], [77.550779, 12.934885], [77.550916, 12.934718], [77.549406, 12.933308], [77.547049, 12.93037], [77.545555, 12.928628]]]}}, {"type": "Feature", "properties": {"ward_name": "32 - Kudlu", "Corporation": "South", "valley": "Koramangala Challaghatta Valley", "subvalley": "KC_2,KC_1", "Assembly": "177 - Anekal"}, "geometry": {"type": "Polygon", "coordinates": [[[77.641217, 12.887057], [77.643608, 12.887635], [77.643902, 12.891376], [77.644675, 12.89172], [77.644798, 12.891698], [77.644794, 12.891641], [77.649032, 12.890923], [77.65039, 12.893283], [77.652615, 12.894731], [77.653902, 12.894437], [77.65391, 12.894499], [77.653915, 12.894532], [77.656011, 12.89425], [77.657634, 12.894324], [77.659219, 12.894684], [77.66167, 12.894722], [77.666404, 12.894055], [77.667277, 12.893993], [77.671591, 12.89325], [77.673774, 12.893152], [77.673776, 12.89275], [77.673447, 12.890939], [77.672539, 12.88659], [77.672328, 12.88465], [77.670359, 12.884991], [77.667969, 12.885524], [77.667977, 12.885477], [77.667834, 12.885503], [77.66816, 12.883622], [77.66658, 12.884182], [77.662492, 12.884465], [77.661411, 12.884304], [77.661151, 12.884204], [77.660534, 12.884184], [77.659717, 12.884372], [77.659476, 12.884308], [77.65867, 12.88457], [77.656522, 12.884938], [77.655752, 12.883388], [77.654931, 12.88038], [77.654906, 12.880095], [77.653904, 12.88039], [77.653569, 12.881039], [77.652954, 12.880436], [77.652615, 12.88108], [77.652242, 12.882046], [77.651978, 12.882335], [77.651759, 12.882499], [77.650128, 12.882938], [77.649489, 12.883435], [77.649331, 12.883709], [77.649386, 12.886175], [77.648669, 12.886082], [77.647774, 12.885819], [77.646164, 12.885507], [77.645034, 12.88646], [77.644895, 12.886695], [77.643831, 12.885211], [77.642631, 12.884697], [77.641217, 12.887057]]]}}, {"type": "Feature", "properties": {"ward_name": "27 - K.G.Halli", "Corporation": "North", "valley": "Hebbal Nagawara Valley", "subvalley": "HN_1", "Assembly": "160 - Sarvagnanagar"}, "geometry": {"type": "Polygon", "coordinates": [[[77.619003, 13.016051], [77.618784, 13.015604], [77.618471, 13.015698], [77.618341, 13.015472], [77.617748, 13.015664], [77.617702, 13.015746], [77.618178, 13.016967], [77.618645, 13.018506], [77.618918, 13.019556], [77.619034, 13.020639], [77.62042, 13.020552], [77.620724, 13.021878], [77.621131, 13.021776], [77.62138, 13.022833], [77.620544, 13.022996], [77.620773, 13.024628], [77.619651, 13.02484], [77.620056, 13.026204], [77.620698, 13.025911], [77.621435, 13.025352], [77.621834, 13.024808], [77.622773, 13.023101], [77.623108, 13.022204], [77.623419, 13.020803], [77.623497, 13.0199], [77.62345, 13.018868], [77.623242, 13.017609], [77.623021, 13.016874], [77.622605, 13.017077], [77.622274, 13.016444], [77.621853, 13.016626], [77.621755, 13.01645], [77.622047, 13.016291], [77.621903, 13.016023], [77.622069, 13.015925], [77.621532, 13.015069], [77.621326, 13.015319], [77.62091, 13.015448], [77.620175, 13.015508], [77.619003, 13.016051]]]}}, {"type": "Feature", "properties": {"ward_name": "25 - National Games Village", "Corporation": "South", "valley": "Koramangala Challaghatta Valley", "subvalley": "KC_1", "Assembly": "172 - B.T.M Layout"}, "geometry": {"type": "Polygon", "coordinates": [[[77.617958, 12.944964], [77.61711, 12.945318], [77.616965, 12.944997], [77.616618, 12.945198], [77.616143, 12.94617], [77.616074, 12.947002], [77.616327, 12.947774], [77.616435, 12.948449], [77.616976, 12.949116], [77.619319, 12.947451], [77.620302, 12.949266], [77.621065, 12.94816], [77.621996, 12.9488], [77.622972, 12.947535], [77.623851, 12.946249], [77.623938, 12.946322], [77.624192, 12.946232], [77.626265, 12.94514], [77.62638, 12.944541], [77.625993, 12.94442], [77.626032, 12.942927], [77.626166, 12.941722], [77.626746, 12.941487], [77.626927, 12.941306], [77.627005, 12.940762], [77.625988, 12.940389], [77.625423, 12.939876], [77.623463, 12.941862], [77.621779, 12.943393], [77.620687, 12.944331], [77.618565, 12.94588], [77.618268, 12.945987], [77.617958, 12.944964]]]}}, {"type": "Feature", "properties": {"ward_name": "83 - Hampi Nagar", "Corporation": "West", "valley": "Vrishabhavati Valley", "subvalley": "VV_1", "Assembly": "167 - Vijayanagar"}, "geometry": {"type": "Polygon", "coordinates": [[[77.537467, 12.963333], [77.536847, 12.963412], [77.536908, 12.963751], [77.535765, 12.963853], [77.535242, 12.962628], [77.535216, 12.962363], [77.534945, 12.961662], [77.535318, 12.961653], [77.535193, 12.961319], [77.535586, 12.961307], [77.535468, 12.96095], [77.536075, 12.960977], [77.535488, 12.960259], [77.53526, 12.960367], [77.535131, 12.960039], [77.534436, 12.959999], [77.535229, 12.958237], [77.535612, 12.957155], [77.535249, 12.956938], [77.535487, 12.955662], [77.535571, 12.955484], [77.536244, 12.954909], [77.535654, 12.954259], [77.53587, 12.954051], [77.53538, 12.953608], [77.534592, 12.953074], [77.533788, 12.952737], [77.531988, 12.952264], [77.531352, 12.952021], [77.529945, 12.951222], [77.529141, 12.950219], [77.52716, 12.947325], [77.526384, 12.945816], [77.52665, 12.948017], [77.526687, 12.949151], [77.52708, 12.951427], [77.527771, 12.951301], [77.527941, 12.952405], [77.52881, 12.952225], [77.528915, 12.952738], [77.528822, 12.952783], [77.528914, 12.953379], [77.529558, 12.953251], [77.5299, 12.954956], [77.53103, 12.954762], [77.531081, 12.955122], [77.531809, 12.955013], [77.531844, 12.955476], [77.532644, 12.955327], [77.532704, 12.956587], [77.534196, 12.956212], [77.534531, 12.956207], [77.534325, 12.957008], [77.533453, 12.958891], [77.533076, 12.960031], [77.531611, 12.959931], [77.530971, 12.960176], [77.529642, 12.960537], [77.530026, 12.961736], [77.530379, 12.963594], [77.530387, 12.964696], [77.530627, 12.964627], [77.531316, 12.964622], [77.533111, 12.964748], [77.534312, 12.96452], [77.534689, 12.964384], [77.536082, 12.967234], [77.536668, 12.968788], [77.536825, 12.968764], [77.538803, 12.968171], [77.538564, 12.96687], [77.5391, 12.966714], [77.539099, 12.966428], [77.540743, 12.965766], [77.540552, 12.964354], [77.538188, 12.965066], [77.537568, 12.965317], [77.537297, 12.964046], [77.537613, 12.964013], [77.537467, 12.963333]]]}}, {"type": "Feature", "properties": {"ward_name": "68 - Mallasandra", "Corporation": "North", "valley": "Arkavathi Valley", "subvalley": "AV_2,AV_1", "Assembly": "155 - Dasarahalli"}, "geometry": {"type": "Polygon", "coordinates": [[[77.508101, 13.056811], [77.507247, 13.056782], [77.506862, 13.061018], [77.506889, 13.06094], [77.507165, 13.060857], [77.507606, 13.060017], [77.507992, 13.05946], [77.509547, 13.059267], [77.510191, 13.059033], [77.511247, 13.058831], [77.511463, 13.06001], [77.511903, 13.059821], [77.51216, 13.059918], [77.513485, 13.060724], [77.514112, 13.061226], [77.515438, 13.060842], [77.51737, 13.060454], [77.518203, 13.060192], [77.519746, 13.059159], [77.520535, 13.059209], [77.521047, 13.058178], [77.519726, 13.051412], [77.519335, 13.049936], [77.518703, 13.048381], [77.511596, 13.053477], [77.509363, 13.05714], [77.508101, 13.056811]]]}}, {"type": "Feature", "properties": {"ward_name": "70 - Manjunatha Nagar", "Corporation": "North", "valley": "Arkavathi Valley", "subvalley": "AV_2", "Assembly": "155 - Dasarahalli"}, "geometry": {"type": "Polygon", "coordinates": [[[77.498614, 13.057143], [77.498537, 13.056878], [77.501449, 13.056313], [77.50134, 13.055799], [77.501971, 13.055764], [77.501971, 13.055661], [77.502779, 13.055601], [77.502773, 13.055517], [77.503068, 13.055553], [77.503645, 13.055344], [77.503706, 13.055138], [77.5036, 13.054287], [77.505687, 13.053956], [77.505227, 13.052369], [77.506496, 13.051989], [77.507876, 13.051914], [77.507773, 13.051414], [77.507622, 13.049439], [77.508027, 13.047224], [77.507303, 13.045334], [77.502869, 13.046762], [77.496573, 13.048986], [77.497221, 13.050639], [77.494502, 13.051243], [77.492475, 13.051578], [77.492334, 13.054738], [77.490956, 13.056958], [77.49197, 13.060007], [77.493013, 13.05913], [77.493729, 13.058645], [77.495065, 13.057991], [77.495781, 13.057438], [77.496712, 13.057128], [77.496957, 13.057191], [77.498614, 13.057143]]]}}, {"type": "Feature", "properties": {"ward_name": "48 - Vasanthapura", "Corporation": "South", "valley": "Suvarnamukhi Valley,Vrishabhavati Valley", "subvalley": "SV_1,VV_1", "Assembly": "176 - Bangalore South"}, "geometry": {"type": "Polygon", "coordinates": [[[77.550144, 12.896866], [77.550831, 12.896255], [77.551102, 12.896287], [77.551802, 12.896588], [77.552537, 12.896277], [77.552709, 12.895904], [77.552645, 12.895224], [77.553006, 12.894943], [77.553366, 12.894938], [77.554483, 12.895113], [77.555251, 12.895018], [77.556207, 12.896095], [77.55682, 12.895697], [77.558325, 12.894994], [77.558463, 12.895309], [77.558937, 12.895187], [77.559091, 12.894778], [77.559115, 12.894334], [77.559712, 12.894126], [77.559998, 12.895603], [77.559987, 12.895855], [77.559926, 12.895896], [77.560118, 12.896144], [77.560165, 12.895732], [77.561716, 12.895359], [77.561709, 12.895021], [77.561477, 12.893931], [77.561831, 12.89385], [77.561986, 12.894231], [77.56259, 12.894264], [77.565785, 12.893888], [77.568161, 12.893844], [77.562693, 12.888918], [77.562342, 12.888563], [77.561603, 12.887489], [77.559908, 12.88571], [77.559455, 12.885533], [77.558939, 12.884805], [77.558203, 12.884347], [77.557652, 12.884099], [77.557326, 12.883774], [77.557079, 12.882722], [77.556836, 12.882337], [77.556882, 12.8817], [77.556775, 12.88138], [77.555497, 12.881593], [77.55531, 12.88151], [77.554618, 12.883721], [77.552904, 12.883691], [77.550955, 12.884028], [77.550897, 12.88412], [77.556292, 12.885726], [77.556663, 12.885915], [77.557342, 12.888768], [77.55746, 12.888965], [77.555958, 12.889505], [77.55588, 12.889272], [77.555238, 12.889485], [77.554576, 12.886897], [77.554007, 12.887324], [77.55274, 12.887548], [77.551875, 12.88755], [77.552349, 12.889511], [77.550931, 12.889961], [77.553053, 12.892411], [77.552119, 12.892706], [77.55127, 12.89283], [77.550959, 12.891684], [77.550277, 12.892014], [77.55014, 12.891758], [77.549606, 12.892095], [77.550073, 12.893294], [77.549852, 12.893392], [77.549678, 12.89359], [77.548962, 12.893566], [77.54861, 12.893125], [77.548342, 12.892602], [77.546804, 12.893249], [77.54716, 12.894184], [77.54767, 12.894013], [77.548069, 12.89497], [77.548186, 12.895596], [77.548814, 12.896796], [77.548933, 12.896766], [77.54899, 12.89761], [77.550144, 12.896866]]]}}, {"type": "Feature", "properties": {"ward_name": "63 - Rajajinagara", "Corporation": "West", "valley": "Vrishabhavati Valley", "subvalley": "VV_1", "Assembly": "165 - Rajajinagar"}, "geometry": {"type": "Polygon", "coordinates": [[[77.549081, 12.989074], [77.549209, 12.989143], [77.549327, 12.988954], [77.550045, 12.98831], [77.550637, 12.990086], [77.550973, 12.991388], [77.551076, 12.993462], [77.551021, 12.994398], [77.550282, 12.997587], [77.553055, 12.998182], [77.553385, 12.997495], [77.554605, 12.996011], [77.555206, 12.994767], [77.555505, 12.994322], [77.555318, 12.994159], [77.555587, 12.991527], [77.554516, 12.991564], [77.554403, 12.989964], [77.556059, 12.989911], [77.555948, 12.987503], [77.554318, 12.987521], [77.554156, 12.984353], [77.551596, 12.984563], [77.549306, 12.984977], [77.549201, 12.985085], [77.549079, 12.984416], [77.54517, 12.985014], [77.545463, 12.986769], [77.546308, 12.986587], [77.546272, 12.986508], [77.547202, 12.986371], [77.547235, 12.987336], [77.546658, 12.987434], [77.547128, 12.988839], [77.548634, 12.988334], [77.548819, 12.989159], [77.549081, 12.989074]]]}}, {"type": "Feature", "properties": {"ward_name": "12 - Andrahalli", "Corporation": "West", "valley": "Arkavathi Valley", "subvalley": "AV_2", "Assembly": "153 - Yeshwanthapura"}, "geometry": {"type": "Polygon", "coordinates": [[[77.487243, 13.021484], [77.487552, 13.022652], [77.488757, 13.022171], [77.488571, 13.02135], [77.488658, 13.021198], [77.489157, 13.021243], [77.490049, 13.021778], [77.490242, 13.021797], [77.490593, 13.020535], [77.491506, 13.02101], [77.491597, 13.020645], [77.491505, 13.019821], [77.492096, 13.019767], [77.492054, 13.019172], [77.493517, 13.018811], [77.493344, 13.017709], [77.493358, 13.016831], [77.493431, 13.015856], [77.4937, 13.014176], [77.495451, 13.014174], [77.497245, 13.013809], [77.499044, 13.01395], [77.499763, 13.013531], [77.499684, 13.012926], [77.499991, 13.011877], [77.499764, 13.01157], [77.499728, 13.010279], [77.499948, 13.009345], [77.499803, 13.009059], [77.499223, 13.00857], [77.498402, 13.00905], [77.497102, 13.009431], [77.49704, 13.009892], [77.496383, 13.010176], [77.495677, 13.010372], [77.492696, 13.010853], [77.492145, 13.010814], [77.491783, 13.009504], [77.490535, 13.009124], [77.490067, 13.008504], [77.489664, 13.008186], [77.487372, 13.00826], [77.486433, 13.008103], [77.484831, 13.008013], [77.485799, 13.006895], [77.486155, 13.006269], [77.485097, 13.006409], [77.485013, 13.005931], [77.48528, 13.005858], [77.485103, 13.004619], [77.486013, 13.004462], [77.485815, 13.003288], [77.48598, 13.003255], [77.48568, 13.001951], [77.48369, 13.002148], [77.480182, 13.002868], [77.479677, 13.000376], [77.478758, 12.998618], [77.477735, 12.998865], [77.477978, 13.00026], [77.476949, 13.000459], [77.476516, 12.999115], [77.474519, 12.999377], [77.474216, 12.999275], [77.474535, 13.000597], [77.474781, 13.000746], [77.475266, 13.002557], [77.47542, 13.003393], [77.475194, 13.003426], [77.475171, 13.004374], [77.474999, 13.004865], [77.475398, 13.006447], [77.474219, 13.006879], [77.472839, 13.007268], [77.4731, 13.008835], [77.473443, 13.008762], [77.473989, 13.009652], [77.474731, 13.011221], [77.475259, 13.013146], [77.476371, 13.014353], [77.477005, 13.014841], [77.476926, 13.015082], [77.476938, 13.015433], [77.477408, 13.017151], [77.478278, 13.018972], [77.478398, 13.019595], [77.478835, 13.022126], [77.47834, 13.022285], [77.478615, 13.026347], [77.479535, 13.029161], [77.476873, 13.031522], [77.478677, 13.035044], [77.479913, 13.035642], [77.480097, 13.037928], [77.480855, 13.038402], [77.48134, 13.039709], [77.482107, 13.040017], [77.482402, 13.040602], [77.482529, 13.040725], [77.483894, 13.040201], [77.484826, 13.039551], [77.485686, 13.039579], [77.487117, 13.040009], [77.487119, 13.039825], [77.488199, 13.039811], [77.488372, 13.039954], [77.488588, 13.040007], [77.488834, 13.039465], [77.489099, 13.039258], [77.489477, 13.038791], [77.489527, 13.038617], [77.489531, 13.038424], [77.489353, 13.038203], [77.489259, 13.036853], [77.487159, 13.036775], [77.486881, 13.036478], [77.486514, 13.036312], [77.486557, 13.036073], [77.486435, 13.035617], [77.486804, 13.035304], [77.486806, 13.034763], [77.486696, 13.034469], [77.486794, 13.033836], [77.486669, 13.033605], [77.487514, 13.033272], [77.487151, 13.031656], [77.487068, 13.031561], [77.487496, 13.030351], [77.48906, 13.030085], [77.488355, 13.02854], [77.486512, 13.028893], [77.485741, 13.025965], [77.486368, 13.025816], [77.486438, 13.025591], [77.486332, 13.025131], [77.486488, 13.024952], [77.485284, 13.024287], [77.484881, 13.023566], [77.48459, 13.022761], [77.484566, 13.022008], [77.483933, 13.019609], [77.483268, 13.018561], [77.485065, 13.018506], [77.485735, 13.019082], [77.48584, 13.0202], [77.487302, 13.020127], [77.487319, 13.021378], [77.487243, 13.021484]]]}}, {"type": "Feature", "properties": {"ward_name": "22 - S.G Palya", "Corporation": "South", "valley": "Koramangala Challaghatta Valley", "subvalley": "KC_1", "Assembly": "172 - B.T.M Layout"}, "geometry": {"type": "Polygon", "coordinates": [[[77.608442, 12.937235], [77.609389, 12.936968], [77.608679, 12.935436], [77.609678, 12.934775], [77.609828, 12.933317], [77.610072, 12.932785], [77.610061, 12.93271], [77.608459, 12.932848], [77.60838, 12.932224], [77.607342, 12.93224], [77.60738, 12.931366], [77.608121, 12.931333], [77.608254, 12.930896], [77.607957, 12.927573], [77.609136, 12.927573], [77.608894, 12.926222], [77.608766, 12.925861], [77.608742, 12.925408], [77.608812, 12.925094], [77.608271, 12.924784], [77.60734, 12.924932], [77.606882, 12.925029], [77.606935, 12.925083], [77.606926, 12.925476], [77.606192, 12.925619], [77.606033, 12.925583], [77.605807, 12.925328], [77.605321, 12.925178], [77.604943, 12.925145], [77.605105, 12.925949], [77.604423, 12.926314], [77.604672, 12.927005], [77.604546, 12.927052], [77.604604, 12.927227], [77.60436, 12.927312], [77.604435, 12.927513], [77.604736, 12.927435], [77.604915, 12.928039], [77.603976, 12.928069], [77.603291, 12.927986], [77.601305, 12.92693], [77.601111, 12.926607], [77.600435, 12.926614], [77.600705, 12.931517], [77.601698, 12.937089], [77.601591, 12.937109], [77.601665, 12.937118], [77.601973, 12.93871], [77.600559, 12.938985], [77.600948, 12.939645], [77.601004, 12.939698], [77.601355, 12.939619], [77.601426, 12.939843], [77.601545, 12.939817], [77.601695, 12.940311], [77.602347, 12.940206], [77.602295, 12.939849], [77.602354, 12.939838], [77.602536, 12.939976], [77.602656, 12.940581], [77.603882, 12.940487], [77.603825, 12.940245], [77.605814, 12.939631], [77.60846, 12.939229], [77.608499, 12.938788], [77.60813, 12.937609], [77.608473, 12.937513], [77.608442, 12.937235]]]}}, {"type": "Feature", "properties": {"ward_name": "23 - Sangama Ward", "Corporation": "East", "valley": "Koramangala Challaghatta Valley", "subvalley": "KC_2", "Assembly": "151 - K.R. Pura"}, "geometry": {"type": "Polygon", "coordinates": [[[77.681238, 12.974411], [77.682112, 12.976869], [77.68121, 12.977209], [77.681429, 12.977666], [77.679337, 12.97792], [77.679751, 12.980232], [77.680381, 12.982321], [77.680439, 12.982755], [77.680014, 12.983414], [77.679713, 12.983628], [77.679803, 12.983666], [77.687216, 12.979482], [77.687047, 12.979371], [77.686807, 12.979506], [77.686448, 12.979075], [77.686016, 12.978771], [77.685633, 12.978384], [77.6849, 12.978034], [77.684558, 12.977043], [77.684004, 12.975949], [77.684273, 12.975789], [77.684302, 12.975499], [77.685509, 12.974863], [77.685559, 12.974754], [77.685741, 12.974652], [77.685902, 12.973948], [77.686822, 12.973218], [77.686683, 12.972089], [77.686093, 12.970302], [77.68646, 12.970212], [77.686309, 12.969964], [77.686372, 12.969697], [77.687, 12.969448], [77.68737, 12.9694], [77.687524, 12.969206], [77.687806, 12.969069], [77.687746, 12.968822], [77.687794, 12.967275], [77.688405, 12.967012], [77.688865, 12.962324], [77.689348, 12.962168], [77.689568, 12.961735], [77.689609, 12.961437], [77.689594, 12.96115], [77.689237, 12.959997], [77.689519, 12.955825], [77.689635, 12.95542], [77.687534, 12.955059], [77.687581, 12.95501], [77.680304, 12.954352], [77.679861, 12.954424], [77.679962, 12.955015], [77.67963, 12.956369], [77.679753, 12.95686], [77.680332, 12.957947], [77.681024, 12.958412], [77.681015, 12.959902], [77.681313, 12.960638], [77.681796, 12.962762], [77.682057, 12.963471], [77.682115, 12.964117], [77.682988, 12.965817], [77.682989, 12.966309], [77.682635, 12.967071], [77.682567, 12.969049], [77.682437, 12.969623], [77.681849, 12.970669], [77.681729, 12.971724], [77.682262, 12.974139], [77.681238, 12.974411]]]}}, {"type": "Feature", "properties": {"ward_name": "21 - Mylasandra", "Corporation": "West", "valley": "Vrishabhavati Valley", "subvalley": "VV_2,VV_1", "Assembly": "153 - Yeshwanthapura"}, "geometry": {"type": "MultiPolygon", "coordinates": [[[[77.483188, 12.917217], [77.484388, 12.918915], [77.485025, 12.919585], [77.485793, 12.920094], [77.494731, 12.923986], [77.497199, 12.925109], [77.498939, 12.926009], [77.499205, 12.925235], [77.500028, 12.926004], [77.502124, 12.927458], [77.502521, 12.927782], [77.502795, 12.928128], [77.504069, 12.927132], [77.504469, 12.926405], [77.505154, 12.925541], [77.505982, 12.925495], [77.506592, 12.92557], [77.506657, 12.925376], [77.50785, 12.925075], [77.508274, 12.925152], [77.50888, 12.924773], [77.51043, 12.924653], [77.510501, 12.924349], [77.510426, 12.923851], [77.51144, 12.923683], [77.511707, 12.92203], [77.511656, 12.921821], [77.511711, 12.921355], [77.51154, 12.920729], [77.511722, 12.92063], [77.511819, 12.920315], [77.511725, 12.91984], [77.511536, 12.919735], [77.511488, 12.919283], [77.511622, 12.918152], [77.512303, 12.917104], [77.512565, 12.916248], [77.512407, 12.916204], [77.512273, 12.915937], [77.511966, 12.91366], [77.512531, 12.912208], [77.512505, 12.912006], [77.513002, 12.911832], [77.51276, 12.910886], [77.513556, 12.910836], [77.513484, 12.909993], [77.513173, 12.909192], [77.512168, 12.908485], [77.512024, 12.908009], [77.512039, 12.907274], [77.512338, 12.906472], [77.512403, 12.905327], [77.512315, 12.904026], [77.510883, 12.904037], [77.507104, 12.903802], [77.506044, 12.904418], [77.505558, 12.904576], [77.503222, 12.90506], [77.502403, 12.905542], [77.499061, 12.907108], [77.497348, 12.908195], [77.494959, 12.908753], [77.492507, 12.909756], [77.490567, 12.910253], [77.490168, 12.909036], [77.49004, 12.908834], [77.489826, 12.908675], [77.48788, 12.908364], [77.487373, 12.908357], [77.487135, 12.908932], [77.486918, 12.909947], [77.486641, 12.910521], [77.486323, 12.91111], [77.485194, 12.912791], [77.484662, 12.910974], [77.484333, 12.910616], [77.484071, 12.910481], [77.482206, 12.910368], [77.481253, 12.910121], [77.480284, 12.90976], [77.480162, 12.910836], [77.481507, 12.914491], [77.482034, 12.913979], [77.483188, 12.917217]]], [[[77.510233, 12.932808], [77.510974, 12.932454], [77.510868, 12.930557], [77.510999, 12.929953], [77.510967, 12.928905], [77.509855, 12.928901], [77.509842, 12.9291], [77.508283, 12.929143], [77.507625, 12.929036], [77.507185, 12.92909], [77.506124, 12.929554], [77.505371, 12.929663], [77.505628, 12.929899], [77.506271, 12.931112], [77.506918, 12.931647], [77.508262, 12.932466], [77.508969, 12.933112], [77.50918, 12.932939], [77.509585, 12.933013], [77.510233, 12.932808]]]]}}, {"type": "Feature", "properties": {"ward_name": "46 - Sagayapuram", "Corporation": "North", "valley": "Koramangala Challaghatta Valley,Hebbal Nagawara Valley", "subvalley": "KC_1,HN_1", "Assembly": "159 - Pulakeshinagar"}, "geometry": {"type": "Polygon", "coordinates": [[[77.613464, 13.001998], [77.612133, 13.001601], [77.612384, 13.006122], [77.61251, 13.006847], [77.613449, 13.006476], [77.613689, 13.006987], [77.614508, 13.006609], [77.614664, 13.006923], [77.61499, 13.006756], [77.61546, 13.007604], [77.615363, 13.007659], [77.615831, 13.008449], [77.616224, 13.008217], [77.616569, 13.009391], [77.614711, 13.010053], [77.615342, 13.010759], [77.616065, 13.010344], [77.618572, 13.009402], [77.618657, 13.009229], [77.619081, 13.008909], [77.620133, 13.009094], [77.620532, 13.009448], [77.620948, 13.009661], [77.621147, 13.009335], [77.621792, 13.008692], [77.622658, 13.008267], [77.621615, 13.007105], [77.619962, 13.004693], [77.61931, 13.003188], [77.619348, 13.003065], [77.618593, 13.001136], [77.617571, 13.001657], [77.61615, 13.002048], [77.614822, 13.002158], [77.613464, 13.001998]]]}}, {"type": "Feature", "properties": {"ward_name": "68 - Kamakshipalya", "Corporation": "West", "valley": "Vrishabhavati Valley", "subvalley": "VV_1", "Assembly": "165 - Rajajinagar"}, "geometry": {"type": "Polygon", "coordinates": [[[77.532924, 12.99096], [77.532752, 12.990063], [77.533566, 12.989654], [77.533008, 12.989099], [77.534462, 12.988436], [77.537506, 12.987915], [77.537046, 12.983471], [77.537267, 12.98271], [77.537239, 12.982116], [77.537152, 12.981579], [77.536785, 12.980647], [77.533798, 12.981769], [77.533075, 12.981939], [77.531397, 12.982109], [77.530948, 12.982406], [77.530691, 12.983051], [77.530365, 12.983358], [77.529554, 12.983717], [77.528739, 12.983832], [77.52909, 12.985252], [77.529106, 12.986172], [77.529949, 12.987285], [77.530301, 12.987954], [77.530623, 12.988337], [77.531329, 12.990002], [77.531479, 12.99111], [77.532924, 12.99096]]]}}, {"type": "Feature", "properties": {"ward_name": "36 - Someshwara Nagara", "Corporation": "Central", "valley": "Koramangala Challaghatta Valley", "subvalley": "KC_1", "Assembly": "169 - Chickpet"}, "geometry": {"type": "Polygon", "coordinates": [[[77.597667, 12.939937], [77.594091, 12.939548], [77.592537, 12.938517], [77.592488, 12.940491], [77.592603, 12.940703], [77.594034, 12.942222], [77.594507, 12.943002], [77.594738, 12.943572], [77.594511, 12.944227], [77.594521, 12.944456], [77.595211, 12.945373], [77.594604, 12.945806], [77.593089, 12.946622], [77.593216, 12.946798], [77.594176, 12.947418], [77.594883, 12.946517], [77.59558, 12.945913], [77.596236, 12.946881], [77.597678, 12.945924], [77.598227, 12.946696], [77.599303, 12.946243], [77.600262, 12.9489], [77.601737, 12.94843], [77.602132, 12.948557], [77.60263, 12.948358], [77.60245, 12.94758], [77.602415, 12.946974], [77.602552, 12.94552], [77.602844, 12.944096], [77.602864, 12.943545], [77.602862, 12.943161], [77.602629, 12.942139], [77.600935, 12.942495], [77.598143, 12.942938], [77.597255, 12.943187], [77.597667, 12.939937]]]}}, {"type": "Feature", "properties": {"ward_name": "47 - Pulakeshi Nagar", "Corporation": "North", "valley": "Koramangala Challaghatta Valley", "subvalley": "KC_1", "Assembly": "159 - Pulakeshinagar"}, "geometry": {"type": "Polygon", "coordinates": [[[77.617205, 12.988696], [77.612593, 12.991293], [77.611772, 12.991497], [77.611159, 12.991753], [77.610283, 12.992307], [77.609485, 12.992935], [77.608837, 12.993478], [77.608789, 12.99369], [77.607817, 12.994452], [77.609741, 12.997689], [77.61041, 12.999154], [77.611037, 13.000279], [77.612005, 13.00118], [77.612118, 13.00135], [77.612133, 13.001601], [77.61387, 13.00207], [77.615447, 13.002145], [77.617073, 13.001829], [77.617571, 13.001657], [77.618593, 13.001136], [77.619548, 13.003742], [77.619572, 13.003396], [77.619676, 13.003151], [77.620733, 13.002317], [77.620295, 13.001095], [77.620303, 13.00012], [77.620112, 12.999898], [77.619413, 12.99941], [77.618977, 12.99877], [77.617936, 12.998284], [77.617394, 12.99724], [77.61678, 12.99575], [77.617345, 12.995362], [77.617599, 12.99509], [77.618861, 12.992768], [77.619358, 12.991692], [77.619554, 12.989858], [77.619496, 12.988404], [77.619307, 12.987203], [77.619079, 12.987182], [77.61823, 12.987778], [77.617205, 12.988696]]]}}, {"type": "Feature", "properties": {"ward_name": "23 - Lakkasandra", "Corporation": "South", "valley": "Koramangala Challaghatta Valley", "subvalley": "KC_1", "Assembly": "172 - B.T.M Layout"}, "geometry": {"type": "Polygon", "coordinates": [[[77.608679, 12.935436], [77.609389, 12.936968], [77.608442, 12.937235], [77.608473, 12.937513], [77.60813, 12.937609], [77.608499, 12.938788], [77.60846, 12.939229], [77.605814, 12.939631], [77.603825, 12.940245], [77.603882, 12.940487], [77.602656, 12.940581], [77.602536, 12.939976], [77.602354, 12.939838], [77.602295, 12.939849], [77.602347, 12.940206], [77.601695, 12.940311], [77.601545, 12.939817], [77.601426, 12.939843], [77.601355, 12.939619], [77.601004, 12.939698], [77.600948, 12.939645], [77.600559, 12.938985], [77.601973, 12.93871], [77.601665, 12.937118], [77.599933, 12.937428], [77.599377, 12.937607], [77.599093, 12.937778], [77.598474, 12.938402], [77.598068, 12.939044], [77.597659, 12.939954], [77.597255, 12.943187], [77.598143, 12.942938], [77.600935, 12.942495], [77.602629, 12.942139], [77.602862, 12.943161], [77.602844, 12.944096], [77.602771, 12.944458], [77.606222, 12.944002], [77.60628, 12.943336], [77.60602, 12.942303], [77.606427, 12.942184], [77.606755, 12.942206], [77.60802, 12.942563], [77.60933, 12.93993], [77.613574, 12.93208], [77.613519, 12.932024], [77.613402, 12.931933], [77.609678, 12.934775], [77.608679, 12.935436]]]}}, {"type": "Feature", "properties": {"ward_name": "53 - Jaraganahalli", "Corporation": "South", "valley": "Koramangala Challaghatta Valley,Vrishabhavati Valley", "subvalley": "KC_1,VV_1", "Assembly": "175 - Bommanahalli"}, "geometry": {"type": "Polygon", "coordinates": [[[77.573233, 12.903426], [77.575083, 12.9033], [77.575986, 12.903379], [77.576002, 12.90323], [77.577675, 12.903384], [77.5779, 12.902828], [77.57791, 12.901992], [77.578444, 12.901997], [77.578989, 12.901878], [77.581263, 12.901788], [77.581314, 12.901697], [77.581744, 12.901695], [77.581855, 12.901598], [77.582324, 12.901702], [77.582737, 12.901913], [77.582894, 12.898681], [77.582688, 12.89861], [77.582649, 12.898195], [77.582717, 12.898045], [77.582653, 12.897879], [77.582122, 12.897795], [77.581069, 12.897845], [77.579447, 12.896885], [77.579226, 12.897245], [77.577729, 12.896544], [77.5772, 12.896228], [77.57726, 12.896132], [77.575481, 12.895242], [77.57548, 12.895159], [77.57515, 12.894973], [77.574299, 12.894597], [77.573397, 12.894572], [77.573527, 12.894345], [77.573284, 12.894249], [77.572904, 12.894797], [77.572396, 12.894546], [77.571882, 12.894493], [77.571876, 12.894263], [77.568892, 12.894004], [77.568414, 12.89412], [77.571146, 12.897156], [77.572644, 12.8992], [77.573003, 12.900079], [77.5734, 12.901627], [77.573414, 12.902271], [77.573233, 12.903426]]]}}, {"type": "Feature", "properties": {"ward_name": "24 - HBR Layout", "Corporation": "North", "valley": "Hebbal Nagawara Valley", "subvalley": "HN_2,HN_1", "Assembly": "160 - Sarvagnanagar"}, "geometry": {"type": "Polygon", "coordinates": [[[77.626285, 13.021198], [77.623346, 13.021223], [77.623108, 13.022204], [77.622773, 13.023101], [77.621699, 13.025021], [77.621435, 13.025352], [77.620923, 13.025768], [77.620056, 13.026204], [77.620604, 13.028095], [77.62089, 13.029919], [77.621826, 13.032046], [77.623777, 13.031251], [77.625065, 13.030846], [77.625656, 13.033291], [77.624304, 13.033706], [77.625613, 13.036408], [77.625889, 13.038037], [77.627076, 13.037335], [77.627757, 13.036644], [77.630135, 13.031898], [77.632702, 13.034397], [77.633308, 13.034053], [77.63338, 13.033921], [77.633377, 13.033581], [77.634078, 13.033375], [77.633932, 13.032712], [77.634673, 13.032501], [77.634734, 13.032798], [77.635287, 13.032793], [77.635915, 13.03165], [77.638815, 13.034295], [77.639371, 13.035014], [77.640213, 13.036432], [77.640759, 13.03685], [77.641177, 13.037003], [77.641375, 13.037747], [77.641458, 13.039511], [77.641808, 13.039434], [77.642167, 13.039034], [77.642368, 13.038977], [77.643768, 13.038966], [77.643837, 13.038492], [77.644138, 13.037737], [77.644421, 13.036226], [77.644907, 13.036024], [77.64494, 13.035881], [77.643231, 13.035907], [77.643179, 13.03524], [77.643274, 13.034111], [77.64337, 13.033866], [77.642568, 13.033831], [77.642152, 13.033897], [77.641195, 13.034224], [77.641243, 13.034336], [77.641032, 13.034259], [77.640769, 13.033682], [77.639852, 13.032578], [77.6396, 13.031751], [77.639398, 13.031385], [77.638188, 13.030334], [77.637916, 13.030015], [77.637744, 13.029501], [77.637605, 13.027986], [77.636948, 13.027909], [77.63658, 13.027773], [77.636354, 13.0278], [77.633496, 13.028689], [77.632716, 13.027773], [77.632122, 13.028013], [77.631944, 13.028175], [77.631437, 13.02915], [77.628879, 13.029918], [77.628671, 13.02953], [77.628423, 13.028604], [77.627852, 13.026221], [77.627852, 13.025855], [77.626774, 13.022492], [77.626285, 13.021198]]]}}, {"type": "Feature", "properties": {"ward_name": "27 - Ambedkarnagar", "Corporation": "Central", "valley": "Koramangala Challaghatta Valley", "subvalley": "KC_1", "Assembly": "163 - Shanthinagar"}, "geometry": {"type": "MultiPolygon", "coordinates": [[[[77.605792, 12.949798], [77.605735, 12.949974], [77.606194, 12.950022], [77.609647, 12.949492], [77.611219, 12.949383], [77.611313, 12.94979], [77.611503, 12.949866], [77.61177, 12.949873], [77.613757, 12.950331], [77.615347, 12.950837], [77.616946, 12.950654], [77.616995, 12.950745], [77.617478, 12.950763], [77.618519, 12.95224], [77.618646, 12.952123], [77.61887, 12.952124], [77.619135, 12.952902], [77.620181, 12.952422], [77.620309, 12.953236], [77.626018, 12.952135], [77.626292, 12.951174], [77.62712, 12.949653], [77.626839, 12.949449], [77.626187, 12.949982], [77.625653, 12.950269], [77.623326, 12.950812], [77.621499, 12.951664], [77.620903, 12.950283], [77.619319, 12.947451], [77.616858, 12.949246], [77.611665, 12.949307], [77.611436, 12.949021], [77.611037, 12.948966], [77.609929, 12.949166], [77.60898, 12.949306], [77.60898, 12.949306], [77.60596, 12.949772], [77.60596, 12.949772], [77.605859, 12.949787], [77.605859, 12.949787], [77.605858, 12.949787], [77.605858, 12.949787], [77.605792, 12.949798]]], [[[77.605858, 12.949787], [77.605862, 12.949774], [77.605858, 12.949787], [77.605858, 12.949787]]]]}}, {"type": "Feature", "properties": {"ward_name": "19 - Kengeri", "Corporation": "West", "valley": "Vrishabhavati Valley", "subvalley": "VV_2,VV_1", "Assembly": "153 - Yeshwanthapura"}, "geometry": {"type": "Polygon", "coordinates": [[[77.481507, 12.914491], [77.483928, 12.921049], [77.481192, 12.922071], [77.480729, 12.920764], [77.479996, 12.921037], [77.479778, 12.920405], [77.480161, 12.920247], [77.479863, 12.919456], [77.47937, 12.919764], [77.478648, 12.919952], [77.47946, 12.923298], [77.479533, 12.923495], [77.481037, 12.923088], [77.481294, 12.923793], [77.481316, 12.923916], [77.481239, 12.924061], [77.482407, 12.923589], [77.482822, 12.924769], [77.485009, 12.924043], [77.486939, 12.929432], [77.4879, 12.932529], [77.488076, 12.93277], [77.488418, 12.93285], [77.490456, 12.932301], [77.491365, 12.933381], [77.491434, 12.933282], [77.491419, 12.932014], [77.492737, 12.931873], [77.493066, 12.931621], [77.493427, 12.932139], [77.493726, 12.932086], [77.494251, 12.93292], [77.494435, 12.932761], [77.496283, 12.931851], [77.496406, 12.931526], [77.498625, 12.930907], [77.49869, 12.930704], [77.498602, 12.928314], [77.498785, 12.926472], [77.498902, 12.925988], [77.497199, 12.925109], [77.485793, 12.920094], [77.485285, 12.919762], [77.485025, 12.919585], [77.484388, 12.918915], [77.483434, 12.917677], [77.483188, 12.917217], [77.482034, 12.913979], [77.481507, 12.914491]]]}}, {"type": "Feature", "properties": {"ward_name": "12 - Pattabhirama Nagara", "Corporation": "South", "valley": "Koramangala Challaghatta Valley,Vrishabhavati Valley", "subvalley": "KC_1,VV_1", "Assembly": "173 - Jayanagar"}, "geometry": {"type": "Polygon", "coordinates": [[[77.59693, 12.912761], [77.595114, 12.912701], [77.59509, 12.91349], [77.594356, 12.913097], [77.594334, 12.913645], [77.594187, 12.914095], [77.59505, 12.914436], [77.59504, 12.914913], [77.593258, 12.91498], [77.591551, 12.914518], [77.591518, 12.91336], [77.590611, 12.913362], [77.590458, 12.914956], [77.589786, 12.914952], [77.589626, 12.916505], [77.589418, 12.916534], [77.589423, 12.916998], [77.590775, 12.916958], [77.590775, 12.916958], [77.590578, 12.917325], [77.590489, 12.917414], [77.590333, 12.917427], [77.590378, 12.918871], [77.589514, 12.918881], [77.589536, 12.920643], [77.588037, 12.92067], [77.588029, 12.920195], [77.585895, 12.920246], [77.585838, 12.917095], [77.578145, 12.917248], [77.577328, 12.917592], [77.573517, 12.917673], [77.573537, 12.917896], [77.574233, 12.919744], [77.574402, 12.920838], [77.573561, 12.921026], [77.573589, 12.923559], [77.585957, 12.923352], [77.585941, 12.922506], [77.589565, 12.92247], [77.589582, 12.923275], [77.593456, 12.923188], [77.593448, 12.921617], [77.591488, 12.921663], [77.591479, 12.919727], [77.592864, 12.919686], [77.592629, 12.918978], [77.595137, 12.918968], [77.595059, 12.916852], [77.596867, 12.916816], [77.596818, 12.915169], [77.59693, 12.912761]]]}}, {"type": "Feature", "properties": {"ward_name": "7 - K Kamaraj Ward", "Corporation": "Central", "valley": "Koramangala Challaghatta Valley", "subvalley": "KC_1", "Assembly": "162 - Shivajinagar"}, "geometry": {"type": "Polygon", "coordinates": [[[77.611277, 12.98389], [77.61064, 12.983056], [77.610087, 12.983212], [77.610373, 12.984541], [77.6104, 12.984765], [77.610323, 12.985061], [77.610228, 12.985293], [77.61004, 12.985494], [77.609152, 12.985728], [77.609745, 12.98863], [77.611112, 12.988429], [77.611319, 12.988328], [77.611873, 12.9895], [77.613259, 12.989219], [77.613945, 12.990604], [77.614996, 12.989931], [77.617205, 12.988696], [77.61823, 12.987778], [77.619079, 12.987182], [77.62002, 12.987265], [77.620077, 12.987374], [77.622546, 12.987692], [77.622493, 12.984115], [77.622928, 12.98174], [77.622855, 12.981459], [77.622314, 12.980974], [77.621581, 12.979211], [77.621168, 12.9789], [77.620561, 12.978643], [77.620287, 12.978084], [77.62022, 12.976949], [77.620301, 12.976295], [77.620038, 12.974709], [77.62013, 12.97271], [77.619684, 12.972705], [77.619323, 12.972479], [77.613853, 12.973727], [77.614387, 12.975303], [77.608729, 12.977165], [77.610062, 12.980958], [77.610905, 12.98069], [77.612966, 12.982893], [77.612795, 12.983049], [77.612466, 12.984201], [77.612055, 12.984561], [77.611869, 12.984544], [77.611687, 12.984254], [77.611277, 12.98389]]]}}, {"type": "Feature", "properties": {"ward_name": "33 - Lakshmi Devi Nagar", "Corporation": "West", "valley": "Vrishabhavati Valley", "subvalley": "VV_1", "Assembly": "154 - Rajarajeshwarinagar"}, "geometry": {"type": "Polygon", "coordinates": [[[77.529253, 13.019453], [77.529271, 13.018821], [77.530442, 13.018678], [77.530377, 13.018428], [77.531671, 13.018246], [77.531068, 13.01588], [77.530396, 13.014117], [77.529976, 13.013386], [77.528837, 13.011842], [77.527636, 13.010676], [77.527465, 13.010832], [77.527374, 13.011134], [77.52687, 13.011637], [77.526763, 13.011686], [77.526437, 13.011642], [77.526344, 13.011985], [77.526306, 13.01267], [77.526403, 13.013116], [77.526236, 13.013503], [77.526383, 13.014405], [77.526265, 13.014838], [77.526363, 13.015075], [77.526195, 13.015235], [77.526144, 13.015474], [77.526382, 13.015754], [77.526494, 13.015778], [77.526576, 13.016858], [77.525297, 13.016995], [77.525221, 13.01742], [77.523606, 13.018307], [77.522761, 13.018878], [77.52428, 13.019797], [77.526507, 13.021261], [77.526786, 13.02152], [77.527935, 13.021149], [77.527414, 13.020893], [77.527431, 13.020654], [77.527907, 13.020293], [77.528132, 13.019826], [77.528615, 13.019784], [77.528687, 13.01955], [77.528658, 13.019381], [77.529253, 13.019453]]]}}, {"type": "Feature", "properties": {"ward_name": "92 - Muneshwara Block", "Corporation": "West", "valley": "Vrishabhavati Valley", "subvalley": "VV_1", "Assembly": "167 - Vijayanagar"}, "geometry": {"type": "Polygon", "coordinates": [[[77.548687, 12.944187], [77.547931, 12.944265], [77.547982, 12.944701], [77.546251, 12.945026], [77.546096, 12.945035], [77.545884, 12.944908], [77.545689, 12.94495], [77.54531, 12.945065], [77.545376, 12.945308], [77.544176, 12.945686], [77.544482, 12.946207], [77.544273, 12.946314], [77.544664, 12.947005], [77.544189, 12.947332], [77.543006, 12.94794], [77.54325, 12.94824], [77.543431, 12.948614], [77.544484, 12.952215], [77.545457, 12.951721], [77.545764, 12.95174], [77.546224, 12.951905], [77.546368, 12.955517], [77.546304, 12.956037], [77.546914, 12.956295], [77.548386, 12.956604], [77.549307, 12.955044], [77.549581, 12.954711], [77.549346, 12.954731], [77.549123, 12.952348], [77.549503, 12.952284], [77.549305, 12.951329], [77.550029, 12.950914], [77.550069, 12.950327], [77.54996, 12.949769], [77.54999, 12.949403], [77.549794, 12.948802], [77.549813, 12.948425], [77.54955, 12.947799], [77.549824, 12.947725], [77.549567, 12.946432], [77.549459, 12.945014], [77.548812, 12.945093], [77.548687, 12.944187]]]}}, {"type": "Feature", "properties": {"ward_name": "18 - Kengal Hanumanthaiah West", "Corporation": "West", "valley": "Vrishabhavati Valley", "subvalley": "VV_2", "Assembly": "153 - Yeshwanthapura"}, "geometry": {"type": "Polygon", "coordinates": [[[77.473264, 12.914828], [77.473183, 12.916917], [77.472977, 12.91747], [77.472859, 12.917653], [77.472527, 12.917875], [77.470959, 12.918664], [77.472592, 12.923673], [77.473388, 12.926639], [77.475887, 12.926696], [77.477397, 12.92647], [77.479595, 12.925917], [77.479623, 12.926218], [77.479733, 12.926399], [77.479475, 12.926564], [77.479259, 12.926904], [77.479109, 12.927015], [77.479119, 12.927227], [77.479523, 12.927488], [77.480263, 12.927641], [77.480987, 12.927406], [77.481244, 12.928003], [77.481461, 12.928129], [77.481645, 12.928378], [77.481917, 12.928913], [77.482316, 12.928955], [77.48252, 12.929272], [77.482872, 12.93014], [77.483229, 12.93069], [77.483204, 12.930876], [77.482895, 12.931261], [77.483345, 12.931381], [77.483134, 12.93239], [77.483459, 12.932812], [77.483612, 12.933919], [77.483895, 12.933889], [77.483767, 12.934174], [77.484244, 12.936921], [77.482102, 12.9372], [77.47884, 12.937508], [77.47939, 12.939234], [77.479536, 12.940294], [77.47961, 12.940366], [77.480615, 12.94016], [77.482296, 12.939583], [77.483366, 12.939741], [77.483549, 12.939825], [77.48357, 12.940124], [77.484606, 12.940097], [77.485731, 12.939866], [77.486898, 12.939514], [77.486753, 12.938846], [77.486613, 12.938852], [77.486579, 12.937914], [77.486476, 12.937511], [77.486378, 12.937524], [77.486245, 12.936537], [77.486687, 12.936442], [77.486027, 12.93374], [77.487824, 12.933273], [77.488172, 12.932823], [77.4879, 12.932529], [77.486939, 12.929432], [77.485009, 12.924043], [77.482822, 12.924769], [77.482407, 12.923589], [77.481239, 12.924061], [77.481316, 12.923916], [77.481294, 12.923793], [77.481037, 12.923088], [77.479533, 12.923495], [77.478648, 12.919952], [77.47937, 12.919764], [77.479863, 12.919456], [77.480161, 12.920247], [77.479778, 12.920405], [77.479996, 12.921037], [77.480729, 12.920764], [77.481192, 12.922071], [77.483928, 12.921049], [77.480229, 12.911037], [77.480162, 12.910836], [77.480186, 12.910583], [77.478949, 12.910724], [77.478967, 12.911671], [77.477956, 12.911713], [77.477738, 12.912753], [77.477075, 12.914041], [77.47701, 12.914314], [77.47713, 12.914652], [77.476381, 12.914943], [77.476281, 12.914683], [77.475272, 12.914915], [77.475131, 12.914422], [77.473264, 12.914828]]]}}, {"type": "Feature", "properties": {"ward_name": "56 - Gayathri Nagara", "Corporation": "West", "valley": "Vrishabhavati Valley", "subvalley": "VV_1", "Assembly": "157 - Malleshwaram"}, "geometry": {"type": "Polygon", "coordinates": [[[77.561441, 13.00396], [77.560713, 13.001076], [77.562128, 13.000937], [77.562316, 13.00084], [77.562292, 13.000349], [77.562132, 13.000361], [77.561938, 12.999051], [77.561673, 12.99908], [77.561447, 12.998597], [77.561596, 12.998573], [77.561467, 12.997941], [77.561084, 12.998021], [77.561025, 12.997689], [77.560875, 12.997428], [77.560584, 12.997176], [77.558203, 12.998123], [77.556361, 12.998603], [77.555438, 12.99863], [77.553078, 12.998185], [77.552735, 12.999146], [77.552703, 12.999356], [77.552888, 13.000406], [77.553232, 13.001861], [77.553495, 13.001854], [77.555827, 13.001306], [77.556791, 13.001259], [77.556931, 13.002326], [77.557994, 13.002103], [77.558308, 13.003345], [77.559814, 13.002948], [77.559953, 13.003165], [77.560189, 13.00331], [77.560119, 13.003392], [77.560113, 13.003845], [77.560565, 13.003735], [77.560669, 13.004133], [77.561242, 13.003969], [77.561416, 13.004016], [77.561441, 13.00396]]]}}, {"type": "Feature", "properties": {"ward_name": "55 - Subramanyanagara", "Corporation": "West", "valley": "Vrishabhavati Valley", "subvalley": "VV_1", "Assembly": "157 - Malleshwaram"}, "geometry": {"type": "Polygon", "coordinates": [[[77.554288, 13.006165], [77.554493, 13.008073], [77.554457, 13.012412], [77.554395, 13.012465], [77.554366, 13.01304], [77.554095, 13.013707], [77.55402, 13.014875], [77.554199, 13.015197], [77.55504, 13.015383], [77.555606, 13.015664], [77.557779, 13.013259], [77.558373, 13.012442], [77.558814, 13.0116], [77.559278, 13.010474], [77.560739, 13.005811], [77.561416, 13.004016], [77.561242, 13.003969], [77.560669, 13.004133], [77.560565, 13.003735], [77.560113, 13.003845], [77.560119, 13.003392], [77.560189, 13.00331], [77.559953, 13.003165], [77.559814, 13.002948], [77.558308, 13.003345], [77.557994, 13.002103], [77.556931, 13.002326], [77.556791, 13.001259], [77.555827, 13.001306], [77.553495, 13.001854], [77.553232, 13.001861], [77.553435, 13.003013], [77.554288, 13.006165]]]}}, {"type": "Feature", "properties": {"ward_name": "32 - Channasandra", "Corporation": "East", "valley": "Hebbal Nagawara Valley,Koramangala Challaghatta Valley", "subvalley": "HN_3,KC_2", "Assembly": "174 - Mahadevapura"}, "geometry": {"type": "Polygon", "coordinates": [[[77.76412, 12.984232], [77.764189, 12.984687], [77.764489, 12.984648], [77.764575, 12.985299], [77.764292, 12.985353], [77.764552, 12.986177], [77.764753, 12.986018], [77.765539, 12.985979], [77.766257, 12.985801], [77.766776, 12.985462], [77.767071, 12.985634], [77.767612, 12.985491], [77.767863, 12.985106], [77.767986, 12.98504], [77.76805, 12.983404], [77.76867, 12.983551], [77.769527, 12.983878], [77.771462, 12.983895], [77.771568, 12.985077], [77.771541, 12.98547], [77.771354, 12.986656], [77.771008, 12.988011], [77.770722, 12.988885], [77.769827, 12.990365], [77.769113, 12.991385], [77.769691, 12.991415], [77.769807, 12.991968], [77.772522, 12.991725], [77.772798, 12.992159], [77.773618, 12.992208], [77.77411, 12.99198], [77.774118, 12.991886], [77.774469, 12.991861], [77.775073, 12.99195], [77.775453, 12.99176], [77.775606, 12.99151], [77.775543, 12.990287], [77.775721, 12.990031], [77.775886, 12.989503], [77.776152, 12.988261], [77.776098, 12.987579], [77.775866, 12.986448], [77.776159, 12.985778], [77.776913, 12.985195], [77.776043, 12.982722], [77.775634, 12.982398], [77.775374, 12.98208], [77.775238, 12.981558], [77.775247, 12.98131], [77.774865, 12.980877], [77.774668, 12.980459], [77.775835, 12.979896], [77.77703, 12.978489], [77.777276, 12.978402], [77.777928, 12.97851], [77.778149, 12.978429], [77.778376, 12.977963], [77.778483, 12.977537], [77.778531, 12.977232], [77.778463, 12.976789], [77.778219, 12.976975], [77.77794, 12.977034], [77.777552, 12.977249], [77.776681, 12.977464], [77.776484, 12.977604], [77.776179, 12.977463], [77.775448, 12.977551], [77.77544, 12.977413], [77.774441, 12.977651], [77.773908, 12.977438], [77.773064, 12.977245], [77.770435, 12.97716], [77.771238, 12.975937], [77.771307, 12.975614], [77.771302, 12.975187], [77.771086, 12.974482], [77.770686, 12.974412], [77.769774, 12.974825], [77.766301, 12.975055], [77.765495, 12.975045], [77.761327, 12.975631], [77.760756, 12.975766], [77.759256, 12.976414], [77.758293, 12.976641], [77.75707, 12.976714], [77.758048, 12.9818], [77.75824, 12.982489], [77.759609, 12.982631], [77.761754, 12.982979], [77.763294, 12.982664], [77.763907, 12.98271], [77.764068, 12.984241], [77.76412, 12.984232]]]}}, {"type": "Feature", "properties": {"ward_name": "60 - Jalahalli", "Corporation": "North", "valley": "Hebbal Nagawara Valley,Arkavathi Valley", "subvalley": "HN_1,AV_2,AV_1", "Assembly": "154 - Rajarajeshwarinagar"}, "geometry": {"type": "Polygon", "coordinates": [[[77.544041, 13.044586], [77.543763, 13.044312], [77.542839, 13.044844], [77.542995, 13.045168], [77.541646, 13.046398], [77.540131, 13.044312], [77.539689, 13.044022], [77.538869, 13.045186], [77.536426, 13.04905], [77.535568, 13.048616], [77.53564, 13.048321], [77.535479, 13.048172], [77.529984, 13.04655], [77.530013, 13.046386], [77.531223, 13.044251], [77.526917, 13.045107], [77.526373, 13.044563], [77.525547, 13.044136], [77.525314, 13.043755], [77.522192, 13.045901], [77.52289, 13.04699], [77.523589, 13.048601], [77.523974, 13.049174], [77.525209, 13.049895], [77.526839, 13.051138], [77.528282, 13.051552], [77.528805, 13.051872], [77.530532, 13.053153], [77.531284, 13.054434], [77.531756, 13.054673], [77.532249, 13.054758], [77.533203, 13.054855], [77.534841, 13.054879], [77.537539, 13.054495], [77.53767, 13.051467], [77.53724, 13.051487], [77.53723, 13.05131], [77.537616, 13.049585], [77.541735, 13.050689], [77.542571, 13.050753], [77.542724, 13.050707], [77.542841, 13.05048], [77.54269, 13.049249], [77.544511, 13.049225], [77.544653, 13.049111], [77.544809, 13.049163], [77.550154, 13.048854], [77.549829, 13.047948], [77.552302, 13.045403], [77.551895, 13.044259], [77.550159, 13.04458], [77.550139, 13.044451], [77.550855, 13.044135], [77.550831, 13.043209], [77.550911, 13.042912], [77.547218, 13.041679], [77.547488, 13.043582], [77.545916, 13.043993], [77.546203, 13.044464], [77.546389, 13.044562], [77.546513, 13.044808], [77.544466, 13.045723], [77.544041, 13.044586]]]}}, {"type": "Feature", "properties": {"ward_name": "40 - Ashoka Pillar", "Corporation": "Central", "valley": "Koramangala Challaghatta Valley,Vrishabhavati Valley", "subvalley": "KC_1,VV_1", "Assembly": "169 - Chickpet"}, "geometry": {"type": "Polygon", "coordinates": [[[77.584001, 12.93666], [77.580037, 12.936775], [77.580108, 12.937478], [77.58007, 12.94058], [77.579271, 12.94058], [77.579244, 12.942118], [77.580073, 12.94214], [77.579975, 12.951304], [77.580095, 12.955153], [77.580761, 12.954996], [77.583462, 12.954616], [77.585669, 12.953894], [77.586914, 12.952838], [77.587142, 12.95272], [77.591794, 12.95106], [77.592906, 12.949978], [77.593502, 12.948739], [77.592064, 12.947904], [77.590813, 12.947331], [77.589868, 12.946408], [77.58956, 12.94631], [77.588, 12.946159], [77.586867, 12.945853], [77.586091, 12.945527], [77.585814, 12.94534], [77.585319, 12.944511], [77.585206, 12.943794], [77.585318, 12.943731], [77.585274, 12.943602], [77.585167, 12.943602], [77.585035, 12.943723], [77.584798, 12.943736], [77.582846, 12.943706], [77.582844, 12.94322], [77.584448, 12.942822], [77.584089, 12.941885], [77.584001, 12.93666]]]}}, {"type": "Feature", "properties": {"ward_name": "19 - K.S. Nissar Ahmed Ward", "Corporation": "East", "valley": "Koramangala Challaghatta Valley,Hebbal Nagawara Valley", "subvalley": "KC_2,HN_2", "Assembly": "151 - K.R. Pura"}, "geometry": {"type": "Polygon", "coordinates": [[[77.668699, 12.995463], [77.668358, 12.993736], [77.668808, 12.993719], [77.668926, 12.993653], [77.669067, 12.993807], [77.668989, 12.992749], [77.668789, 12.9927], [77.66894, 12.992338], [77.668703, 12.992218], [77.668964, 12.991681], [77.669059, 12.991677], [77.669045, 12.991401], [77.668532, 12.991201], [77.668705, 12.990807], [77.668373, 12.990639], [77.668475, 12.990443], [77.668436, 12.9903], [77.668307, 12.990227], [77.666907, 12.991053], [77.66626, 12.991582], [77.665532, 12.992383], [77.664164, 12.994475], [77.663206, 12.996162], [77.662791, 12.99676], [77.66407, 12.997484], [77.664044, 12.997526], [77.664391, 12.997756], [77.667102, 12.999143], [77.667135, 12.999203], [77.667023, 12.999393], [77.667592, 12.999631], [77.667646, 12.999704], [77.667547, 13.001867], [77.667669, 13.002699], [77.668015, 13.003385], [77.669152, 13.003221], [77.669157, 13.00301], [77.669501, 13.003008], [77.670826, 13.003081], [77.671333, 13.003144], [77.671434, 13.003251], [77.672716, 13.003366], [77.672705, 13.002593], [77.674162, 13.00239], [77.675455, 13.002364], [77.675357, 13.001515], [77.675463, 13.00138], [77.675629, 13.000755], [77.677111, 13.000741], [77.676672, 13.000413], [77.675576, 12.99995], [77.66784, 12.996159], [77.668199, 12.995678], [77.668699, 12.995463]]]}}, {"type": "Feature", "properties": {"ward_name": "31 - Kadugodi", "Corporation": "East", "valley": "Hebbal Nagawara Valley,Hebbal Nagawara Valley", "subvalley": "HN_3,HN_2", "Assembly": "174 - Mahadevapura"}, "geometry": {"type": "Polygon", "coordinates": [[[77.767986, 12.98504], [77.767863, 12.985106], [77.767612, 12.985491], [77.767071, 12.985634], [77.766776, 12.985462], [77.766257, 12.985801], [77.765539, 12.985979], [77.764753, 12.986018], [77.764552, 12.986177], [77.764292, 12.985353], [77.764575, 12.985299], [77.764489, 12.984648], [77.764189, 12.984687], [77.76412, 12.984232], [77.764068, 12.984241], [77.763907, 12.98271], [77.763294, 12.982664], [77.761754, 12.982979], [77.759609, 12.982631], [77.757856, 12.982472], [77.755851, 12.982898], [77.754397, 12.983506], [77.752132, 12.983838], [77.747644, 12.985356], [77.748766, 12.985847], [77.748624, 12.987655], [77.748746, 12.988618], [77.749893, 12.988978], [77.751821, 12.988957], [77.752829, 12.98914], [77.753346, 12.989308], [77.754828, 12.990038], [77.755292, 12.99071], [77.755884, 12.991327], [77.757175, 12.992954], [77.757841, 12.994622], [77.758409, 12.996746], [77.759819, 12.996539], [77.759982, 12.997117], [77.760125, 12.998069], [77.759578, 12.998087], [77.759534, 12.998169], [77.759685, 12.99911], [77.759757, 12.999105], [77.75981, 12.999366], [77.760881, 12.999544], [77.761136, 12.999753], [77.761288, 13.000047], [77.761307, 13.00038], [77.761379, 13.000497], [77.7617, 13.000542], [77.761787, 13.000616], [77.761951, 13.000977], [77.761968, 13.0014], [77.762108, 13.001746], [77.762695, 13.001308], [77.762936, 13.001656], [77.763053, 13.002159], [77.763498, 13.002291], [77.763491, 13.002713], [77.764062, 13.003128], [77.763871, 13.003239], [77.764121, 13.004074], [77.766081, 13.003497], [77.767788, 13.003106], [77.768583, 13.002653], [77.76936, 13.004537], [77.769233, 13.004638], [77.769721, 13.007552], [77.769701, 13.008864], [77.769869, 13.008853], [77.769928, 13.009136], [77.769893, 13.009328], [77.769772, 13.009369], [77.770354, 13.011086], [77.77037, 13.011559], [77.770456, 13.011614], [77.77067, 13.012336], [77.770858, 13.0126], [77.771462, 13.015048], [77.771672, 13.015141], [77.771719, 13.015238], [77.772847, 13.014859], [77.773478, 13.013888], [77.774144, 13.01316], [77.773901, 13.010799], [77.7734, 13.010288], [77.773214, 13.009553], [77.773168, 13.008804], [77.77345, 13.008119], [77.773354, 13.006398], [77.773568, 13.00617], [77.773861, 13.006178], [77.774178, 13.006347], [77.774359, 13.00636], [77.775105, 13.006041], [77.775755, 13.005867], [77.775836, 13.005755], [77.77557, 13.003553], [77.774781, 13.002969], [77.774483, 13.002934], [77.774039, 13.003091], [77.773503, 13.003107], [77.772739, 13.00297], [77.772617, 13.002878], [77.772559, 13.002527], [77.772922, 13.002062], [77.773652, 13.00177], [77.7738, 13.001274], [77.774199, 13.001155], [77.774748, 13.001116], [77.774738, 12.999788], [77.774951, 12.998178], [77.774454, 12.997915], [77.774639, 12.997082], [77.774502, 12.996448], [77.774656, 12.995758], [77.774406, 12.995291], [77.774161, 12.993909], [77.774407, 12.99372], [77.77411, 12.99198], [77.773618, 12.992208], [77.772798, 12.992159], [77.772522, 12.991725], [77.772135, 12.991723], [77.769807, 12.991968], [77.769691, 12.991415], [77.769113, 12.991385], [77.769827, 12.990365], [77.770722, 12.988885], [77.771008, 12.988011], [77.771354, 12.986656], [77.771541, 12.98547], [77.771568, 12.985077], [77.771462, 12.983895], [77.769527, 12.983878], [77.76867, 12.983551], [77.76805, 12.983404], [77.767986, 12.98504]]]}}, {"type": "Feature", "properties": {"ward_name": "49 - Uttarahalli", "Corporation": "South", "valley": "Vrishabhavati Valley", "subvalley": "VV_1", "Assembly": "176 - Bangalore South"}, "geometry": {"type": "Polygon", "coordinates": [[[77.549916, 12.891899], [77.548896, 12.890427], [77.548684, 12.88954], [77.547969, 12.88858], [77.54794, 12.888446], [77.547626, 12.888608], [77.547521, 12.888277], [77.548311, 12.887912], [77.548727, 12.887616], [77.546518, 12.88531], [77.546199, 12.885135], [77.545945, 12.884779], [77.54533, 12.884816], [77.545418, 12.886013], [77.545252, 12.886077], [77.545256, 12.887458], [77.54532, 12.887898], [77.545536, 12.888399], [77.5455, 12.888725], [77.545337, 12.888888], [77.545364, 12.889025], [77.545577, 12.888996], [77.545624, 12.889372], [77.544818, 12.889538], [77.544077, 12.889971], [77.544335, 12.890839], [77.544243, 12.891109], [77.5437, 12.892023], [77.543501, 12.892919], [77.543382, 12.893133], [77.54312, 12.893], [77.543477, 12.893819], [77.543484, 12.895141], [77.54381, 12.895547], [77.543874, 12.895757], [77.544018, 12.896602], [77.543983, 12.897627], [77.54295, 12.897863], [77.54252, 12.897009], [77.542251, 12.896919], [77.54127, 12.897122], [77.541264, 12.897194], [77.540004, 12.897723], [77.539439, 12.898451], [77.539651, 12.899141], [77.539193, 12.899178], [77.539078, 12.899338], [77.539265, 12.900014], [77.539595, 12.900001], [77.539824, 12.900395], [77.540421, 12.90027], [77.540596, 12.900366], [77.540916, 12.900732], [77.541353, 12.901474], [77.541402, 12.901643], [77.540789, 12.902085], [77.541206, 12.902794], [77.541107, 12.902843], [77.54145, 12.903462], [77.540985, 12.903736], [77.541366, 12.904381], [77.541597, 12.904973], [77.541737, 12.905091], [77.541979, 12.905881], [77.542714, 12.905775], [77.544104, 12.906537], [77.545752, 12.906865], [77.546214, 12.907018], [77.547044, 12.907405], [77.548064, 12.90821], [77.549251, 12.907711], [77.548778, 12.906648], [77.54835, 12.905361], [77.548247, 12.904519], [77.548311, 12.903645], [77.548398, 12.90345], [77.548685, 12.903709], [77.54909, 12.903916], [77.549073, 12.904205], [77.550317, 12.903981], [77.550329, 12.904148], [77.55016, 12.904308], [77.55025, 12.904474], [77.550892, 12.904351], [77.55103, 12.903919], [77.551463, 12.903646], [77.551829, 12.903574], [77.55242, 12.903818], [77.553034, 12.903512], [77.553166, 12.903525], [77.553432, 12.903348], [77.554226, 12.90329], [77.554963, 12.903409], [77.556233, 12.90303], [77.556347, 12.902938], [77.556227, 12.902571], [77.556512, 12.902501], [77.555652, 12.898564], [77.555814, 12.898401], [77.555826, 12.898193], [77.555611, 12.897974], [77.555867, 12.897554], [77.55538, 12.896949], [77.555915, 12.896276], [77.556207, 12.896095], [77.555251, 12.895018], [77.554483, 12.895113], [77.553366, 12.894938], [77.553006, 12.894943], [77.552645, 12.895224], [77.552709, 12.895904], [77.552537, 12.896277], [77.551802, 12.896588], [77.551102, 12.896287], [77.550831, 12.896255], [77.550144, 12.896866], [77.54899, 12.89761], [77.548933, 12.896766], [77.548814, 12.896796], [77.548186, 12.895596], [77.548069, 12.89497], [77.54767, 12.894013], [77.54716, 12.894184], [77.546804, 12.893249], [77.548342, 12.892602], [77.54861, 12.893125], [77.548962, 12.893566], [77.549678, 12.89359], [77.549852, 12.893392], [77.550073, 12.893294], [77.549606, 12.892095], [77.549916, 12.891899]]]}}, {"type": "Feature", "properties": {"ward_name": "90 - Krishnadevaraya ward", "Corporation": "West", "valley": "Vrishabhavati Valley", "subvalley": "VV_1", "Assembly": "167 - Vijayanagar"}, "geometry": {"type": "Polygon", "coordinates": [[[77.537805, 12.955233], [77.53805, 12.955203], [77.538098, 12.955759], [77.537904, 12.95579], [77.537933, 12.956076], [77.537449, 12.956237], [77.538262, 12.957302], [77.537349, 12.957961], [77.537474, 12.958266], [77.538197, 12.958179], [77.538283, 12.958923], [77.537199, 12.959978], [77.537077, 12.959471], [77.536549, 12.959667], [77.536926, 12.96015], [77.537516, 12.96179], [77.537557, 12.962089], [77.537209, 12.962087], [77.537613, 12.964013], [77.537297, 12.964046], [77.537568, 12.965317], [77.540101, 12.964463], [77.541027, 12.964267], [77.540453, 12.961854], [77.54066, 12.960639], [77.541082, 12.960296], [77.540945, 12.960098], [77.541365, 12.959823], [77.541677, 12.959184], [77.541588, 12.958489], [77.541914, 12.958443], [77.542001, 12.958955], [77.542054, 12.958967], [77.542398, 12.958761], [77.543495, 12.958497], [77.542814, 12.957092], [77.542574, 12.957177], [77.542461, 12.956888], [77.541351, 12.957083], [77.541216, 12.95519], [77.540918, 12.955209], [77.540823, 12.953999], [77.538896, 12.954204], [77.538876, 12.954133], [77.538712, 12.954148], [77.537731, 12.954313], [77.537805, 12.955233]]]}}, {"type": "Feature", "properties": {"ward_name": "15 - Byatarayanapura", "Corporation": "North", "valley": "Hebbal Nagawara Valley", "subvalley": "HN_1", "Assembly": "152 - Byatarayanapura"}, "geometry": {"type": "Polygon", "coordinates": [[[77.594608, 13.066336], [77.594557, 13.066354], [77.594385, 13.065984], [77.594225, 13.065507], [77.594961, 13.065301], [77.594683, 13.064487], [77.596387, 13.064068], [77.596166, 13.062384], [77.596204, 13.061217], [77.599286, 13.060424], [77.60004, 13.060127], [77.599383, 13.059048], [77.598861, 13.058945], [77.598463, 13.057285], [77.600729, 13.056726], [77.600985, 13.057334], [77.602003, 13.05861], [77.602101, 13.059241], [77.602105, 13.06022], [77.60296, 13.060278], [77.603626, 13.060902], [77.603391, 13.058383], [77.604378, 13.058179], [77.603034, 13.056441], [77.602954, 13.056181], [77.603252, 13.056099], [77.602824, 13.054485], [77.602581, 13.053883], [77.602013, 13.054077], [77.601907, 13.05355], [77.599086, 13.054094], [77.598911, 13.053361], [77.597986, 13.053521], [77.597727, 13.052008], [77.597537, 13.050047], [77.596941, 13.049182], [77.596296, 13.049146], [77.595241, 13.049252], [77.595082, 13.049067], [77.594539, 13.049071], [77.593735, 13.049195], [77.592787, 13.049601], [77.592748, 13.049983], [77.593404, 13.052243], [77.59348, 13.054345], [77.593449, 13.058595], [77.591753, 13.058969], [77.591317, 13.059156], [77.590011, 13.060213], [77.589935, 13.059557], [77.587293, 13.061418], [77.587109, 13.062316], [77.585671, 13.063411], [77.585283, 13.062896], [77.585984, 13.062344], [77.585129, 13.06113], [77.585516, 13.060845], [77.585316, 13.060373], [77.585103, 13.058372], [77.581047, 13.058883], [77.577553, 13.05971], [77.576807, 13.059817], [77.57668, 13.059887], [77.576514, 13.060253], [77.57646, 13.060722], [77.576057, 13.061798], [77.575784, 13.062886], [77.583545, 13.068032], [77.586701, 13.070255], [77.587947, 13.071534], [77.588692, 13.072825], [77.589163, 13.073867], [77.593722, 13.084655], [77.593968, 13.087383], [77.594701, 13.087199], [77.594917, 13.087241], [77.5965, 13.086878], [77.602144, 13.085908], [77.602525, 13.086133], [77.602861, 13.085839], [77.602145, 13.082395], [77.602093, 13.082008], [77.602353, 13.081924], [77.602004, 13.080127], [77.60182, 13.078155], [77.602278, 13.078087], [77.602055, 13.077089], [77.601601, 13.076887], [77.601292, 13.073209], [77.601321, 13.072929], [77.598651, 13.072803], [77.598016, 13.070401], [77.597441, 13.068705], [77.598497, 13.068023], [77.598238, 13.066059], [77.594816, 13.066922], [77.594608, 13.066336]]]}}, {"type": "Feature", "properties": {"ward_name": "65 - Garvebavi Palya", "Corporation": "South", "valley": "Koramangala Challaghatta Valley", "subvalley": "KC_1", "Assembly": "175 - Bommanahalli"}, "geometry": {"type": "Polygon", "coordinates": [[[77.627483, 12.904362], [77.629343, 12.903902], [77.629296, 12.903595], [77.631138, 12.903424], [77.631891, 12.902199], [77.632039, 12.902279], [77.63264, 12.901219], [77.632644, 12.900972], [77.640327, 12.888474], [77.637774, 12.888313], [77.639353, 12.886724], [77.63955, 12.886604], [77.639058, 12.885331], [77.638928, 12.885218], [77.638211, 12.885417], [77.638307, 12.885768], [77.637507, 12.885971], [77.637546, 12.886157], [77.637052, 12.886367], [77.636982, 12.88629], [77.636839, 12.886374], [77.636844, 12.886451], [77.636074, 12.886969], [77.635716, 12.887309], [77.635396, 12.887758], [77.635174, 12.887821], [77.634946, 12.887763], [77.635195, 12.886382], [77.634569, 12.886259], [77.632331, 12.886098], [77.631495, 12.888614], [77.631474, 12.889255], [77.632874, 12.88941], [77.632724, 12.890701], [77.632801, 12.892407], [77.630215, 12.892765], [77.630196, 12.892654], [77.628718, 12.892835], [77.628799, 12.893285], [77.628585, 12.893309], [77.628598, 12.893732], [77.629586, 12.89369], [77.629657, 12.894586], [77.629763, 12.894697], [77.63065, 12.894535], [77.630727, 12.894571], [77.630828, 12.895549], [77.631404, 12.895475], [77.631474, 12.895764], [77.632175, 12.895626], [77.632222, 12.89587], [77.632503, 12.895824], [77.632572, 12.895894], [77.630519, 12.897238], [77.630225, 12.897837], [77.629705, 12.899417], [77.628503, 12.89967], [77.628488, 12.899504], [77.628229, 12.899524], [77.628105, 12.89903], [77.62748, 12.899145], [77.627292, 12.898162], [77.626468, 12.898284], [77.627266, 12.901195], [77.627398, 12.901979], [77.627458, 12.902757], [77.627421, 12.903087], [77.627265, 12.903416], [77.627267, 12.903649], [77.627483, 12.904362]]]}}, {"type": "Feature", "properties": {"ward_name": "13 - Nada prabhu Kempegowda Nagara", "Corporation": "West", "valley": "Vrishabhavati Valley,Arkavathi Valley", "subvalley": "VV_2,AV_2", "Assembly": "153 - Yeshwanthapura"}, "geometry": {"type": "Polygon", "coordinates": [[[77.477735, 12.998865], [77.478758, 12.998618], [77.479677, 13.000376], [77.480182, 13.002868], [77.48369, 13.002148], [77.48568, 13.001951], [77.48598, 13.003255], [77.485815, 13.003288], [77.486013, 13.004462], [77.485103, 13.004619], [77.48528, 13.005858], [77.485013, 13.005931], [77.485097, 13.006409], [77.486155, 13.006269], [77.485799, 13.006895], [77.484831, 13.008013], [77.486433, 13.008103], [77.487372, 13.00826], [77.489664, 13.008186], [77.490067, 13.008504], [77.490535, 13.009124], [77.491783, 13.009504], [77.492145, 13.010814], [77.492485, 13.010858], [77.495677, 13.010372], [77.496383, 13.010176], [77.49704, 13.009892], [77.497102, 13.009431], [77.498393, 13.009028], [77.49797, 13.007691], [77.497569, 13.003859], [77.496303, 13.00413], [77.495738, 13.00433], [77.49306, 13.000704], [77.494283, 13.000597], [77.495123, 13.000392], [77.49461, 12.998724], [77.493472, 12.998939], [77.493245, 12.998168], [77.494891, 12.997967], [77.494858, 12.997761], [77.493781, 12.996442], [77.49344, 12.996697], [77.49303, 12.996085], [77.494336, 12.995316], [77.493862, 12.994483], [77.494745, 12.993897], [77.494611, 12.993484], [77.491787, 12.994475], [77.490143, 12.99467], [77.490093, 12.994186], [77.488972, 12.994335], [77.488732, 12.993746], [77.488276, 12.993888], [77.488428, 12.994306], [77.487988, 12.994425], [77.487558, 12.992968], [77.487503, 12.992417], [77.48816, 12.992236], [77.487945, 12.991877], [77.48763, 12.991574], [77.485225, 12.99209], [77.48508, 12.991294], [77.485084, 12.989487], [77.48499, 12.98817], [77.484773, 12.986871], [77.485123, 12.985276], [77.483745, 12.984971], [77.482276, 12.985067], [77.478651, 12.98587], [77.470064, 12.989879], [77.470363, 12.990654], [77.471096, 12.993303], [77.47133, 12.993857], [77.47123, 12.994236], [77.471253, 12.994604], [77.471657, 12.99541], [77.471807, 12.995489], [77.47245, 12.996806], [77.472882, 12.996726], [77.473567, 12.998871], [77.474475, 12.999378], [77.476516, 12.999115], [77.476949, 13.000459], [77.477978, 13.00026], [77.477735, 12.998865]]]}}, {"type": "Feature", "properties": {"ward_name": "31 - Kasavanahalli", "Corporation": "South", "valley": "Koramangala Challaghatta Valley", "subvalley": "KC_2,KC_1", "Assembly": "174 - Mahadevapura"}, "geometry": {"type": "Polygon", "coordinates": [[[77.665132, 12.920595], [77.668725, 12.918861], [77.670291, 12.918418], [77.672761, 12.917302], [77.673284, 12.916967], [77.673515, 12.916735], [77.673641, 12.916232], [77.673843, 12.9159], [77.675801, 12.914489], [77.677215, 12.91413], [77.677769, 12.91392], [77.67873, 12.913517], [77.682824, 12.911437], [77.688818, 12.909052], [77.694869, 12.907433], [77.698835, 12.906279], [77.702887, 12.904088], [77.702396, 12.903576], [77.700818, 12.904032], [77.697853, 12.904545], [77.697659, 12.90418], [77.696964, 12.904068], [77.69636, 12.904126], [77.696261, 12.903994], [77.695877, 12.904021], [77.69563, 12.904237], [77.695341, 12.90407], [77.693935, 12.904296], [77.693394, 12.904489], [77.693094, 12.904446], [77.69281, 12.90414], [77.691568, 12.903998], [77.691411, 12.904428], [77.691328, 12.904431], [77.691285, 12.904789], [77.691123, 12.904915], [77.691116, 12.90524], [77.691024, 12.905465], [77.690925, 12.905525], [77.689923, 12.905487], [77.689925, 12.905413], [77.688363, 12.905485], [77.68832, 12.905875], [77.688221, 12.906084], [77.687664, 12.906483], [77.687264, 12.906536], [77.686848, 12.906449], [77.687311, 12.904728], [77.685717, 12.904438], [77.686289, 12.90391], [77.687582, 12.903338], [77.68747, 12.902561], [77.687271, 12.902447], [77.686172, 12.902437], [77.685551, 12.902232], [77.685445, 12.902041], [77.684519, 12.901922], [77.682545, 12.901414], [77.682402, 12.900851], [77.682409, 12.900195], [77.682277, 12.899959], [77.679592, 12.897598], [77.677354, 12.89426], [77.673773, 12.89314], [77.671591, 12.89325], [77.667277, 12.893993], [77.666404, 12.894055], [77.66167, 12.894722], [77.659219, 12.894684], [77.657634, 12.894324], [77.656011, 12.89425], [77.65391, 12.894499], [77.654061, 12.89556], [77.654497, 12.89665], [77.655671, 12.897798], [77.656543, 12.89745], [77.656576, 12.897548], [77.656682, 12.897477], [77.65698, 12.898675], [77.656956, 12.898818], [77.656605, 12.898982], [77.656826, 12.899543], [77.656839, 12.899876], [77.656207, 12.900157], [77.654932, 12.900212], [77.654796, 12.901776], [77.6547, 12.901803], [77.654796, 12.901776], [77.655082, 12.9038], [77.656098, 12.90732], [77.656546, 12.909193], [77.657056, 12.909639], [77.657918, 12.909509], [77.659014, 12.909453], [77.659948, 12.9099], [77.659825, 12.910164], [77.659865, 12.911078], [77.660141, 12.91252], [77.660574, 12.913922], [77.660044, 12.915151], [77.660513, 12.915326], [77.661206, 12.915716], [77.662005, 12.917722], [77.664978, 12.920604], [77.665132, 12.920595]]]}}, {"type": "Feature", "properties": {"ward_name": "41 - Munnenkolalu", "Corporation": "East", "valley": "Koramangala Challaghatta Valley", "subvalley": "KC_2", "Assembly": "174 - Mahadevapura"}, "geometry": {"type": "Polygon", "coordinates": [[[77.706118, 12.942088], [77.705432, 12.94194], [77.705096, 12.942249], [77.704687, 12.943107], [77.704276, 12.943453], [77.70385, 12.943626], [77.703795, 12.944544], [77.703421, 12.945157], [77.703296, 12.945142], [77.702749, 12.945412], [77.701389, 12.945336], [77.701024, 12.945439], [77.700504, 12.945763], [77.699464, 12.945776], [77.699194, 12.945708], [77.698422, 12.945955], [77.69913, 12.948188], [77.700211, 12.953435], [77.702243, 12.953322], [77.702326, 12.953218], [77.704333, 12.953093], [77.704331, 12.953829], [77.705028, 12.95388], [77.704673, 12.956671], [77.714761, 12.955884], [77.714863, 12.954631], [77.715115, 12.954396], [77.715751, 12.948899], [77.715194, 12.946923], [77.716675, 12.946807], [77.716524, 12.944909], [77.716622, 12.944877], [77.716873, 12.944279], [77.718213, 12.942643], [77.718062, 12.942456], [77.716809, 12.942085], [77.716513, 12.942057], [77.716205, 12.942189], [77.715917, 12.942213], [77.714964, 12.941951], [77.714465, 12.941893], [77.714136, 12.941757], [77.713994, 12.9415], [77.713661, 12.94164], [77.712608, 12.941305], [77.71186, 12.941229], [77.71127, 12.941302], [77.710526, 12.941568], [77.708616, 12.941665], [77.707843, 12.941199], [77.707678, 12.941027], [77.707484, 12.941129], [77.707259, 12.941857], [77.706691, 12.94207], [77.706118, 12.942088]]]}}, {"type": "Feature", "properties": {"ward_name": "37 - BHEL Ward", "Corporation": "Central", "valley": "Koramangala Challaghatta Valley", "subvalley": "KC_1", "Assembly": "169 - Chickpet"}, "geometry": {"type": "Polygon", "coordinates": [[[77.592498, 12.928475], [77.592728, 12.935275], [77.592537, 12.938517], [77.594091, 12.939548], [77.597667, 12.939937], [77.598068, 12.939044], [77.598474, 12.938402], [77.599093, 12.937778], [77.599377, 12.937607], [77.599933, 12.937428], [77.601698, 12.937089], [77.600705, 12.931517], [77.600496, 12.928295], [77.592498, 12.928475]]]}}, {"type": "Feature", "properties": {"ward_name": "52 - Kodandarampura", "Corporation": "West", "valley": "Vrishabhavati Valley", "subvalley": "VV_1", "Assembly": "157 - Malleshwaram"}, "geometry": {"type": "Polygon", "coordinates": [[[77.571295, 13.003321], [77.571212, 13.006367], [77.573921, 13.006344], [77.573948, 13.007145], [77.573818, 13.007151], [77.57233, 13.007878], [77.572427, 13.008074], [77.573386, 13.007689], [77.574103, 13.007691], [77.575738, 13.007879], [77.576382, 13.007752], [77.578803, 13.006466], [77.578562, 13.005331], [77.57847, 13.001848], [77.577077, 13.001883], [77.577084, 13.002835], [77.576214, 13.002808], [77.576167, 13.001858], [77.575711, 13.001867], [77.575705, 13.001027], [77.575387, 13.001035], [77.575365, 13.001866], [77.575057, 13.001869], [77.575137, 12.998908], [77.573975, 12.998906], [77.573799, 13.000961], [77.572249, 13.001007], [77.572277, 13.001862], [77.572166, 13.003372], [77.571295, 13.003321]]]}}, {"type": "Feature", "properties": {"ward_name": "71 - Agara", "Corporation": "South", "valley": "Koramangala Challaghatta Valley", "subvalley": "KC_1", "Assembly": "175 - Bommanahalli"}, "geometry": {"type": "Polygon", "coordinates": [[[77.644949, 12.91898], [77.647102, 12.918917], [77.647223, 12.919448], [77.649292, 12.919488], [77.65069, 12.919721], [77.651689, 12.919744], [77.651896, 12.911987], [77.649028, 12.911946], [77.649346, 12.908992], [77.649053, 12.906671], [77.648983, 12.9048], [77.648733, 12.90353], [77.649506, 12.903546], [77.650271, 12.903658], [77.650436, 12.903489], [77.650714, 12.901774], [77.651775, 12.901126], [77.651203, 12.898857], [77.649212, 12.899741], [77.648655, 12.899447], [77.647818, 12.899398], [77.647406, 12.899459], [77.64731, 12.899544], [77.64719, 12.900043], [77.647006, 12.900305], [77.646449, 12.900741], [77.645548, 12.901361], [77.643843, 12.902377], [77.639146, 12.9055], [77.639018, 12.905731], [77.638627, 12.9059], [77.638692, 12.907233], [77.639022, 12.907836], [77.638994, 12.908333], [77.638413, 12.90835], [77.638407, 12.909313], [77.638017, 12.909327], [77.63804, 12.90984], [77.641599, 12.909714], [77.64172, 12.911394], [77.641689, 12.912187], [77.644646, 12.912059], [77.644949, 12.91898]]]}}, {"type": "Feature", "properties": {"ward_name": "40 - Varthur", "Corporation": "East", "valley": "Koramangala Challaghatta Valley", "subvalley": "KC_2", "Assembly": "174 - Mahadevapura"}, "geometry": {"type": "Polygon", "coordinates": [[[77.742781, 12.932936], [77.73791, 12.926605], [77.737183, 12.925181], [77.718041, 12.927987], [77.718787, 12.929395], [77.721465, 12.930254], [77.724065, 12.930577], [77.724933, 12.931123], [77.725231, 12.931393], [77.725884, 12.931438], [77.727294, 12.931005], [77.72736, 12.931223], [77.728835, 12.930735], [77.728813, 12.930552], [77.729994, 12.930369], [77.73013, 12.931192], [77.730326, 12.933443], [77.730326, 12.935426], [77.732089, 12.935749], [77.732637, 12.935978], [77.733102, 12.935986], [77.733245, 12.935863], [77.733503, 12.935963], [77.733639, 12.936501], [77.733994, 12.937043], [77.733967, 12.937381], [77.73376, 12.937383], [77.733732, 12.93788], [77.733402, 12.93838], [77.733, 12.939305], [77.733058, 12.939747], [77.732911, 12.940266], [77.732817, 12.94124], [77.732395, 12.941244], [77.732274, 12.941942], [77.731603, 12.942625], [77.728622, 12.943585], [77.726314, 12.943166], [77.725648, 12.943247], [77.725144, 12.943463], [77.723283, 12.943514], [77.722163, 12.94341], [77.720355, 12.943407], [77.719847, 12.943223], [77.719424, 12.942942], [77.718213, 12.942643], [77.716873, 12.944279], [77.716944, 12.944677], [77.718062, 12.945292], [77.718639, 12.945494], [77.719274, 12.945562], [77.720037, 12.945809], [77.721004, 12.946469], [77.722217, 12.94696], [77.723219, 12.947132], [77.723209, 12.946476], [77.7249, 12.946447], [77.724917, 12.946633], [77.725071, 12.94667], [77.725164, 12.946414], [77.725881, 12.946582], [77.726737, 12.946889], [77.727592, 12.947051], [77.728369, 12.947666], [77.72881, 12.947767], [77.729423, 12.947778], [77.730977, 12.948196], [77.731138, 12.948189], [77.731362, 12.948054], [77.732451, 12.948237], [77.732922, 12.948491], [77.733316, 12.949304], [77.734083, 12.949534], [77.734954, 12.949586], [77.735757, 12.950225], [77.73747, 12.951119], [77.737584, 12.951233], [77.737532, 12.951533], [77.738149, 12.952143], [77.738538, 12.952248], [77.739235, 12.952177], [77.739396, 12.952236], [77.73985, 12.952648], [77.741374, 12.953112], [77.741557, 12.953277], [77.741875, 12.953308], [77.742991, 12.953824], [77.74364, 12.954668], [77.743747, 12.955075], [77.744315, 12.956395], [77.743435, 12.956587], [77.74351, 12.956949], [77.74489, 12.956696], [77.745458, 12.95714], [77.745718, 12.957516], [77.746215, 12.958593], [77.747235, 12.95819], [77.747341, 12.957667], [77.747536, 12.957622], [77.747678, 12.957497], [77.747727, 12.956407], [77.747913, 12.955792], [77.749772, 12.955847], [77.750427, 12.955952], [77.751597, 12.956576], [77.75246, 12.957151], [77.752665, 12.955944], [77.751787, 12.954818], [77.750876, 12.953019], [77.7484, 12.952312], [77.748586, 12.949859], [77.749066, 12.947716], [77.749779, 12.946035], [77.749587, 12.945343], [77.749907, 12.942835], [77.751102, 12.943437], [77.752603, 12.945364], [77.753527, 12.94641], [77.753881, 12.946503], [77.754278, 12.946724], [77.754393, 12.947416], [77.755848, 12.948255], [77.756145, 12.94905], [77.758015, 12.95169], [77.758793, 12.952434], [77.759943, 12.953227], [77.760958, 12.95422], [77.761763, 12.954766], [77.762184, 12.954876], [77.764499, 12.955928], [77.764623, 12.955678], [77.764544, 12.954499], [77.76455, 12.952212], [77.764708, 12.951575], [77.764985, 12.951171], [77.76499, 12.950539], [77.765116, 12.950101], [77.765588, 12.946555], [77.765135, 12.942389], [77.765282, 12.9423], [77.765532, 12.939977], [77.765503, 12.93705], [77.766413, 12.934964], [77.765764, 12.933332], [77.76565, 12.932076], [77.765498, 12.931258], [77.765058, 12.930138], [77.760481, 12.932448], [77.758563, 12.932786], [77.755291, 12.934361], [77.754545, 12.934596], [77.753622, 12.934651], [77.751443, 12.935698], [77.750068, 12.936618], [77.749059, 12.937109], [77.7466, 12.938014], [77.743951, 12.935768], [77.743495, 12.934585], [77.742733, 12.932951], [77.742781, 12.932936]]]}}, {"type": "Feature", "properties": {"ward_name": "47 - Chandranagara", "Corporation": "South", "valley": "Vrishabhavati Valley", "subvalley": "VV_1", "Assembly": "176 - Bangalore South"}, "geometry": {"type": "Polygon", "coordinates": [[[77.560093, 12.900315], [77.570213, 12.908694], [77.570789, 12.907891], [77.571216, 12.907433], [77.571091, 12.906292], [77.568429, 12.904826], [77.568826, 12.904763], [77.568762, 12.903576], [77.567457, 12.903561], [77.567305, 12.903039], [77.56646, 12.903408], [77.566356, 12.903107], [77.565796, 12.902213], [77.565555, 12.902158], [77.56523, 12.90078], [77.5653, 12.900675], [77.565073, 12.90046], [77.565052, 12.899847], [77.564916, 12.899536], [77.56511, 12.898714], [77.56688, 12.898648], [77.567567, 12.898375], [77.566649, 12.895741], [77.564167, 12.896418], [77.564109, 12.896084], [77.563427, 12.896328], [77.562568, 12.896415], [77.562197, 12.896365], [77.561892, 12.896715], [77.561661, 12.896794], [77.561181, 12.895523], [77.560165, 12.895732], [77.560097, 12.896248], [77.561243, 12.89924], [77.560093, 12.900315]]]}}, {"type": "Feature", "properties": {"ward_name": "10 - Sunkadakatte", "Corporation": "West", "valley": "Vrishabhavati Valley,Arkavathi Valley", "subvalley": "VV_2,VV_1,AV_2", "Assembly": "155 - Dasarahalli"}, "geometry": {"type": "Polygon", "coordinates": [[[77.500074, 12.988957], [77.498493, 12.988893], [77.496995, 12.98857], [77.496937, 12.989501], [77.498106, 12.990309], [77.498374, 12.990953], [77.499236, 12.991315], [77.500183, 12.994282], [77.500501, 12.995749], [77.501469, 12.996558], [77.501343, 12.99666], [77.501478, 12.996893], [77.499785, 12.997999], [77.499953, 12.998533], [77.499112, 12.998769], [77.499045, 12.99857], [77.498684, 12.998758], [77.498845, 12.999057], [77.4979, 12.999213], [77.496896, 12.999683], [77.49643, 12.999979], [77.496365, 13.000112], [77.495034, 13.000414], [77.49546, 13.001743], [77.49612, 13.001563], [77.498327, 13.001273], [77.498265, 13.000671], [77.499454, 13.000438], [77.499566, 13.001024], [77.500183, 13.000877], [77.500083, 13.000301], [77.500429, 13.000237], [77.501204, 12.999809], [77.501563, 13.000356], [77.502126, 13.00008], [77.502248, 13.000373], [77.503607, 12.999896], [77.503615, 12.999789], [77.504901, 12.999614], [77.504809, 12.999065], [77.506031, 12.998834], [77.505812, 12.997907], [77.505001, 12.995298], [77.504733, 12.995152], [77.504076, 12.995225], [77.504041, 12.994988], [77.50404, 12.994756], [77.504277, 12.994311], [77.504465, 12.99428], [77.504741, 12.991313], [77.505008, 12.990846], [77.505484, 12.990243], [77.505725, 12.98967], [77.504784, 12.990146], [77.503823, 12.990245], [77.502871, 12.990024], [77.500074, 12.988957]]]}}, {"type": "Feature", "properties": {"ward_name": "31 - Kalyanagar", "Corporation": "North", "valley": "Hebbal Nagawara Valley", "subvalley": "HN_2,HN_1", "Assembly": "160 - Sarvagnanagar"}, "geometry": {"type": "Polygon", "coordinates": [[[77.639298, 13.014044], [77.639396, 13.016116], [77.638481, 13.016263], [77.638535, 13.016624], [77.636743, 13.017147], [77.636306, 13.017213], [77.636858, 13.019429], [77.636914, 13.02081], [77.637217, 13.022773], [77.640053, 13.021813], [77.640346, 13.02469], [77.639881, 13.024883], [77.639937, 13.025775], [77.645207, 13.023472], [77.645277, 13.023154], [77.645132, 13.01955], [77.644837, 13.014979], [77.646146, 13.014889], [77.647494, 13.01468], [77.649024, 13.014333], [77.648311, 13.01325], [77.647757, 13.012558], [77.647123, 13.012051], [77.648138, 13.010482], [77.648914, 13.009677], [77.649484, 13.009246], [77.650062, 13.00918], [77.650884, 13.008847], [77.650009, 13.007327], [77.649737, 13.00746], [77.648969, 13.007549], [77.647982, 13.007595], [77.647981, 13.007529], [77.646704, 13.007991], [77.645793, 13.006925], [77.645528, 13.00639], [77.643405, 13.006298], [77.643753, 13.007867], [77.643061, 13.007907], [77.643052, 13.008945], [77.641888, 13.008269], [77.641923, 13.010134], [77.642084, 13.010794], [77.641973, 13.011699], [77.641787, 13.012446], [77.641786, 13.014091], [77.639298, 13.014044]]]}}, {"type": "Feature", "properties": {"ward_name": "46 - Yelachenahalli", "Corporation": "South", "valley": "Vrishabhavati Valley", "subvalley": "VV_1", "Assembly": "176 - Bangalore South"}, "geometry": {"type": "Polygon", "coordinates": [[[77.565796, 12.902213], [77.566356, 12.903107], [77.56646, 12.903408], [77.567305, 12.903039], [77.567457, 12.903561], [77.568762, 12.903576], [77.568826, 12.904763], [77.568429, 12.904826], [77.571091, 12.906292], [77.571216, 12.907433], [77.571947, 12.906723], [77.573264, 12.90648], [77.573372, 12.905192], [77.573198, 12.903746], [77.573423, 12.901845], [77.573306, 12.901119], [77.572842, 12.89961], [77.572445, 12.898898], [77.571146, 12.897156], [77.569055, 12.89477], [77.568161, 12.893844], [77.565785, 12.893888], [77.56259, 12.894264], [77.561986, 12.894231], [77.561831, 12.89385], [77.561477, 12.893931], [77.561709, 12.895021], [77.561716, 12.895359], [77.561181, 12.895523], [77.561661, 12.896794], [77.561892, 12.896715], [77.562197, 12.896365], [77.562568, 12.896415], [77.563427, 12.896328], [77.564109, 12.896084], [77.564167, 12.896418], [77.566649, 12.895741], [77.567567, 12.898375], [77.56688, 12.898648], [77.56511, 12.898714], [77.564913, 12.899442], [77.565052, 12.899847], [77.565073, 12.90046], [77.5653, 12.900675], [77.56523, 12.90078], [77.565555, 12.902158], [77.565796, 12.902213]]]}}, {"type": "Feature", "properties": {"ward_name": "37 - Yelenahalli", "Corporation": "South", "valley": "Koramangala Challaghatta Valley,Suvarnamukhi Valley", "subvalley": "KC_1,SV_1", "Assembly": "176 - Bangalore South"}, "geometry": {"type": "Polygon", "coordinates": [[[77.585166, 12.862581], [77.58518, 12.863393], [77.585374, 12.863906], [77.585584, 12.864181], [77.585867, 12.865814], [77.585389, 12.866026], [77.585561, 12.866873], [77.585767, 12.866822], [77.586034, 12.867374], [77.586422, 12.867903], [77.586469, 12.867888], [77.587408, 12.869042], [77.58791, 12.869319], [77.587994, 12.869469], [77.590358, 12.870532], [77.592658, 12.872099], [77.592954, 12.872719], [77.593958, 12.87285], [77.594203, 12.87297], [77.594256, 12.873145], [77.59568, 12.872961], [77.596107, 12.872682], [77.596348, 12.872026], [77.596785, 12.870284], [77.597573, 12.868863], [77.598063, 12.866775], [77.599034, 12.866728], [77.599271, 12.866546], [77.599264, 12.866383], [77.59954, 12.866317], [77.599638, 12.866384], [77.601537, 12.866285], [77.601601, 12.866467], [77.601485, 12.86677], [77.602633, 12.866655], [77.602823, 12.866504], [77.603399, 12.865371], [77.603539, 12.865234], [77.60351, 12.864655], [77.603858, 12.864803], [77.604286, 12.864779], [77.604332, 12.865093], [77.604468, 12.865135], [77.604662, 12.867033], [77.604865, 12.866996], [77.605005, 12.867636], [77.6052, 12.868119], [77.605325, 12.868236], [77.605895, 12.869264], [77.60607, 12.869215], [77.606143, 12.86928], [77.606418, 12.869897], [77.607142, 12.869933], [77.608024, 12.869674], [77.608093, 12.869016], [77.608077, 12.868129], [77.608379, 12.866998], [77.610271, 12.866878], [77.610332, 12.86752], [77.611105, 12.867422], [77.611139, 12.866646], [77.611458, 12.866145], [77.612056, 12.865748], [77.6128, 12.865406], [77.61295, 12.867114], [77.613123, 12.868173], [77.613275, 12.868186], [77.613322, 12.869811], [77.61358, 12.8713], [77.614535, 12.871131], [77.614986, 12.871128], [77.615156, 12.871588], [77.615278, 12.871616], [77.615209, 12.872332], [77.615341, 12.873078], [77.615131, 12.874285], [77.614919, 12.876257], [77.616019, 12.876257], [77.617526, 12.87606], [77.618259, 12.877366], [77.619023, 12.877578], [77.619229, 12.877983], [77.620214, 12.877903], [77.621232, 12.877717], [77.621296, 12.877568], [77.62206, 12.877316], [77.624377, 12.877178], [77.624528, 12.877309], [77.624788, 12.877277], [77.624869, 12.876506], [77.624781, 12.876042], [77.62483, 12.875817], [77.624291, 12.875822], [77.624066, 12.874017], [77.623667, 12.874057], [77.622945, 12.874432], [77.6224, 12.874506], [77.621719, 12.873417], [77.622309, 12.873326], [77.622376, 12.872764], [77.622376, 12.872622], [77.621951, 12.871971], [77.621752, 12.871305], [77.62167, 12.870704], [77.62181, 12.870343], [77.622054, 12.870062], [77.622182, 12.869519], [77.62177, 12.869396], [77.620582, 12.8671], [77.61967, 12.866004], [77.618445, 12.865223], [77.617723, 12.86459], [77.616654, 12.863828], [77.616969, 12.862907], [77.617267, 12.861692], [77.616974, 12.860328], [77.619362, 12.860062], [77.620436, 12.86074], [77.619594, 12.857953], [77.619184, 12.857956], [77.619017, 12.857884], [77.618987, 12.857649], [77.618906, 12.857596], [77.618057, 12.857431], [77.616839, 12.857534], [77.616494, 12.855714], [77.615489, 12.855164], [77.614359, 12.854215], [77.613703, 12.853176], [77.613245, 12.852662], [77.612745, 12.85175], [77.611555, 12.851425], [77.609181, 12.851212], [77.608951, 12.851271], [77.608957, 12.851851], [77.609261, 12.853847], [77.609534, 12.854872], [77.606825, 12.854397], [77.605804, 12.854077], [77.604589, 12.853853], [77.604608, 12.854173], [77.604729, 12.854269], [77.604891, 12.855146], [77.604861, 12.85595], [77.605012, 12.857033], [77.604838, 12.857885], [77.605428, 12.857941], [77.60524, 12.859708], [77.606241, 12.859788], [77.606268, 12.860924], [77.604681, 12.861184], [77.599722, 12.861685], [77.59988, 12.863086], [77.599619, 12.863631], [77.599242, 12.863877], [77.598977, 12.86395], [77.598796, 12.864153], [77.598546, 12.864667], [77.598202, 12.865685], [77.598015, 12.865677], [77.596998, 12.862903], [77.597342, 12.86274], [77.596992, 12.861858], [77.596101, 12.862181], [77.595464, 12.863408], [77.595189, 12.863639], [77.594998, 12.863713], [77.594954, 12.863489], [77.594193, 12.863634], [77.594037, 12.863161], [77.593409, 12.863295], [77.594015, 12.865672], [77.594521, 12.865249], [77.595538, 12.867001], [77.594371, 12.867315], [77.594501, 12.867802], [77.592549, 12.868269], [77.590595, 12.862343], [77.590892, 12.862222], [77.591188, 12.862237], [77.592131, 12.862027], [77.594094, 12.861893], [77.59403, 12.861303], [77.594083, 12.8606], [77.593718, 12.860611], [77.59369, 12.859983], [77.593394, 12.85933], [77.593289, 12.858913], [77.592525, 12.85913], [77.592373, 12.85869], [77.590363, 12.858923], [77.589026, 12.858508], [77.588846, 12.856405], [77.587534, 12.856393], [77.587514, 12.855968], [77.58681, 12.85606], [77.586956, 12.856739], [77.586395, 12.856891], [77.586089, 12.855766], [77.585401, 12.855654], [77.585153, 12.855674], [77.585022, 12.855762], [77.585297, 12.857335], [77.585331, 12.858319], [77.585504, 12.859487], [77.585032, 12.859381], [77.583984, 12.858191], [77.582341, 12.858613], [77.581986, 12.858188], [77.581321, 12.858279], [77.581514, 12.859118], [77.581593, 12.859858], [77.583086, 12.859597], [77.583794, 12.860538], [77.585383, 12.860159], [77.585419, 12.860885], [77.584991, 12.862197], [77.585166, 12.862581]]]}}, {"type": "Feature", "properties": {"ward_name": "51 - Rajamahal", "Corporation": "West", "valley": "Koramangala Challaghatta Valley,Hebbal Nagawara Valley,Vrishabhavati Valley", "subvalley": "KC_1,HN_1,VV_1", "Assembly": "157 - Malleshwaram"}, "geometry": {"type": "Polygon", "coordinates": [[[77.575137, 12.998908], [77.575057, 13.001869], [77.575365, 13.001866], [77.575387, 13.001035], [77.575705, 13.001027], [77.575711, 13.001867], [77.576167, 13.001858], [77.576214, 13.002808], [77.577084, 13.002835], [77.577077, 13.001883], [77.57847, 13.001848], [77.578562, 13.005331], [77.578645, 13.005766], [77.583394, 13.002934], [77.583718, 13.002957], [77.583942, 13.003089], [77.58406, 13.002954], [77.583901, 13.008979], [77.58404, 13.014512], [77.585251, 13.014489], [77.586667, 13.014298], [77.587583, 13.013931], [77.588287, 13.01331], [77.589112, 13.012233], [77.591701, 13.008419], [77.592965, 13.00634], [77.593263, 13.005655], [77.593555, 13.00446], [77.595659, 12.997747], [77.596254, 12.994974], [77.596103, 12.99469], [77.594676, 12.995357], [77.59395, 12.995482], [77.589679, 12.995329], [77.589491, 12.995701], [77.587996, 12.996474], [77.586552, 12.997505], [77.584361, 12.997827], [77.584172, 12.999098], [77.584186, 12.999463], [77.582998, 12.999251], [77.582084, 12.998507], [77.580839, 12.997235], [77.579445, 12.997331], [77.579446, 12.997462], [77.578316, 12.997504], [77.578433, 12.999127], [77.577947, 12.999184], [77.576907, 12.998921], [77.575137, 12.998908]]]}}, {"type": "Feature", "properties": {"ward_name": "14 - Rajiv Gandhi Nagar", "Corporation": "North", "valley": "Hebbal Nagawara Valley", "subvalley": "HN_1", "Assembly": "152 - Byatarayanapura"}, "geometry": {"type": "Polygon", "coordinates": [[[77.580852, 13.046321], [77.579554, 13.047293], [77.578853, 13.047568], [77.57824, 13.047651], [77.575958, 13.047442], [77.57601, 13.04847], [77.575752, 13.049597], [77.575142, 13.050306], [77.574839, 13.05088], [77.57475, 13.051397], [77.574903, 13.052589], [77.575717, 13.054546], [77.576123, 13.055248], [77.576827, 13.057349], [77.57896, 13.056387], [77.579744, 13.058193], [77.581634, 13.057464], [77.581969, 13.058381], [77.583828, 13.058145], [77.583983, 13.058533], [77.585103, 13.058372], [77.585316, 13.060373], [77.585516, 13.060845], [77.585129, 13.06113], [77.585984, 13.062344], [77.585283, 13.062896], [77.585671, 13.063411], [77.587109, 13.062316], [77.587293, 13.061418], [77.589935, 13.059557], [77.590011, 13.060213], [77.591317, 13.059156], [77.591753, 13.058969], [77.593449, 13.058595], [77.59348, 13.054345], [77.593404, 13.052243], [77.592748, 13.049983], [77.592787, 13.049601], [77.592147, 13.048189], [77.592022, 13.047663], [77.590877, 13.045426], [77.590691, 13.043867], [77.590483, 13.043086], [77.590572, 13.043111], [77.588958, 13.042651], [77.588403, 13.04258], [77.585678, 13.043095], [77.58522, 13.043266], [77.58237, 13.045042], [77.580852, 13.046321]]]}}, {"type": "Feature", "properties": {"ward_name": "2 - Chokkasandra", "Corporation": "West", "valley": "Arkavathi Valley", "subvalley": "AV_2", "Assembly": "155 - Dasarahalli"}, "geometry": {"type": "Polygon", "coordinates": [[[77.510442, 13.037012], [77.507997, 13.036985], [77.50736, 13.037348], [77.506997, 13.037388], [77.506906, 13.037475], [77.506733, 13.037993], [77.505955, 13.038112], [77.504543, 13.038476], [77.504981, 13.042362], [77.504956, 13.043119], [77.505211, 13.043861], [77.505534, 13.045653], [77.505484, 13.045896], [77.505422, 13.045916], [77.507781, 13.04519], [77.508417, 13.045055], [77.511617, 13.043411], [77.51628, 13.041794], [77.51673, 13.041484], [77.517621, 13.040578], [77.518441, 13.03989], [77.518275, 13.038966], [77.518332, 13.036125], [77.518071, 13.035119], [77.515061, 13.035534], [77.514765, 13.038452], [77.514585, 13.038447], [77.514621, 13.038132], [77.514361, 13.038137], [77.51421, 13.037506], [77.513526, 13.037647], [77.5131, 13.035926], [77.510444, 13.036444], [77.510442, 13.037012]]]}}, {"type": "Feature", "properties": {"ward_name": "31 - Freedom Fighter Ward", "Corporation": "West", "valley": "Vrishabhavati Valley", "subvalley": "VV_1", "Assembly": "154 - Rajarajeshwarinagar"}, "geometry": {"type": "Polygon", "coordinates": [[[77.526496, 13.010883], [77.526437, 13.011642], [77.526763, 13.011686], [77.527374, 13.011134], [77.527525, 13.010751], [77.527806, 13.010573], [77.52781, 13.01022], [77.527974, 13.009759], [77.528744, 13.008968], [77.530302, 13.00881], [77.530423, 13.008503], [77.530462, 13.008076], [77.530416, 13.007881], [77.530096, 13.007574], [77.529879, 13.006423], [77.529884, 13.006049], [77.529815, 13.006043], [77.528622, 13.007207], [77.52792, 13.007702], [77.527632, 13.007321], [77.527528, 13.007337], [77.526993, 13.00686], [77.526954, 13.006682], [77.526754, 13.006679], [77.526769, 13.006117], [77.52646, 13.006168], [77.525413, 13.006603], [77.523858, 13.006957], [77.523181, 13.007036], [77.523218, 13.006083], [77.522211, 13.005996], [77.522115, 13.006174], [77.521611, 13.006147], [77.521613, 13.005946], [77.521092, 13.005953], [77.52108, 13.005866], [77.519065, 13.006013], [77.519067, 13.006092], [77.517496, 13.006359], [77.517552, 13.006221], [77.517406, 13.00635], [77.517325, 13.006612], [77.517493, 13.006899], [77.51751, 13.007143], [77.517311, 13.008257], [77.518174, 13.008915], [77.518801, 13.010084], [77.520479, 13.009563], [77.520514, 13.009661], [77.521978, 13.009305], [77.5221, 13.010039], [77.522639, 13.009784], [77.524832, 13.009248], [77.525047, 13.010351], [77.52645, 13.010045], [77.526496, 13.010883]]]}}, {"type": "Feature", "properties": {"ward_name": "35 - Garudachar Palya", "Corporation": "East", "valley": "Koramangala Challaghatta Valley,Hebbal Nagawara Valley", "subvalley": "KC_2,HN_2", "Assembly": "174 - Mahadevapura"}, "geometry": {"type": "Polygon", "coordinates": [[[77.697389, 12.985857], [77.697785, 12.984489], [77.697736, 12.984442], [77.698228, 12.984033], [77.698387, 12.983982], [77.698687, 12.984105], [77.699229, 12.984027], [77.699947, 12.984031], [77.700708, 12.983912], [77.700944, 12.983701], [77.700795, 12.982725], [77.695849, 12.983922], [77.695593, 12.986698], [77.695577, 12.98767], [77.695715, 12.988771], [77.695555, 12.98899], [77.695563, 12.990279], [77.695145, 12.990375], [77.694782, 12.990324], [77.694522, 12.990388], [77.694289, 12.990297], [77.693494, 12.990415], [77.690894, 12.991561], [77.690612, 12.991634], [77.689681, 12.991663], [77.688509, 12.992046], [77.688806, 12.992415], [77.689622, 12.994913], [77.689877, 12.995475], [77.690406, 12.996331], [77.690604, 12.996856], [77.690672, 12.997264], [77.691628, 12.996836], [77.693134, 12.99636], [77.694967, 12.995599], [77.695983, 12.99533], [77.69801, 12.995015], [77.69985, 12.99439], [77.703628, 12.993475], [77.705218, 12.993012], [77.705745, 12.992964], [77.707279, 12.987995], [77.702766, 12.988636], [77.701175, 12.989054], [77.700006, 12.989558], [77.69989, 12.989551], [77.699689, 12.989199], [77.699624, 12.988692], [77.698734, 12.987236], [77.699114, 12.986756], [77.698659, 12.986677], [77.697915, 12.986268], [77.697763, 12.985857], [77.697389, 12.985857]]]}}, {"type": "Feature", "properties": {"ward_name": "5 - Rajeshwarinagar", "Corporation": "West", "valley": "Vrishabhavati Valley", "subvalley": "VV_1", "Assembly": "155 - Dasarahalli"}, "geometry": {"type": "Polygon", "coordinates": [[[77.513685, 13.01137], [77.5138, 13.01199], [77.513305, 13.012133], [77.513082, 13.012294], [77.513586, 13.013581], [77.513789, 13.013461], [77.513849, 13.01367], [77.513955, 13.013663], [77.515064, 13.013209], [77.514551, 13.015205], [77.513876, 13.017116], [77.513946, 13.017702], [77.515009, 13.018002], [77.515532, 13.018914], [77.51723, 13.018316], [77.517523, 13.018174], [77.517508, 13.018025], [77.518811, 13.018074], [77.518803, 13.017256], [77.517655, 13.017396], [77.517492, 13.016145], [77.517699, 13.015891], [77.517808, 13.015874], [77.517769, 13.015669], [77.518294, 13.015591], [77.518147, 13.01477], [77.518704, 13.014701], [77.518546, 13.013554], [77.517942, 13.013643], [77.517871, 13.013383], [77.518223, 13.013246], [77.518125, 13.012785], [77.518422, 13.012745], [77.5187, 13.012572], [77.518682, 13.012098], [77.518833, 13.011736], [77.518818, 13.011611], [77.518967, 13.011533], [77.519142, 13.010918], [77.519132, 13.010489], [77.51887, 13.010233], [77.518315, 13.009191], [77.517953, 13.008801], [77.515607, 13.009625], [77.515553, 13.009472], [77.514426, 13.009657], [77.513967, 13.010125], [77.513949, 13.01031], [77.513584, 13.010411], [77.513853, 13.011342], [77.513685, 13.01137]]]}}, {"type": "Feature", "properties": {"ward_name": "37 - Kundalahalli", "Corporation": "East", "valley": "Koramangala Challaghatta Valley,Hebbal Nagawara Valley", "subvalley": "KC_2,HN_2", "Assembly": "174 - Mahadevapura"}, "geometry": {"type": "Polygon", "coordinates": [[[77.715421, 12.969603], [77.715567, 12.971326], [77.715614, 12.973301], [77.71795, 12.973261], [77.718262, 12.97729], [77.72311, 12.976764], [77.72709, 12.97645], [77.727054, 12.974224], [77.726852, 12.971502], [77.730359, 12.970949], [77.731013, 12.970706], [77.731633, 12.970284], [77.732059, 12.969675], [77.731766, 12.96938], [77.731453, 12.968677], [77.731147, 12.968252], [77.731022, 12.967822], [77.730893, 12.967214], [77.730604, 12.964153], [77.73086, 12.963748], [77.733123, 12.963545], [77.732964, 12.962248], [77.732637, 12.961073], [77.731877, 12.958664], [77.730988, 12.956168], [77.73414, 12.956671], [77.736598, 12.956981], [77.736746, 12.95593], [77.735863, 12.955609], [77.735977, 12.954809], [77.735953, 12.954042], [77.736018, 12.953576], [77.735462, 12.953417], [77.735463, 12.952253], [77.736049, 12.95237], [77.736134, 12.952113], [77.736855, 12.952342], [77.736839, 12.952468], [77.737289, 12.952633], [77.737584, 12.951233], [77.735757, 12.950225], [77.734954, 12.949586], [77.734083, 12.949534], [77.733316, 12.949304], [77.732922, 12.948491], [77.732451, 12.948237], [77.731362, 12.948054], [77.731138, 12.948189], [77.730977, 12.948196], [77.729423, 12.947778], [77.72881, 12.947767], [77.728369, 12.947666], [77.727592, 12.947051], [77.726737, 12.946889], [77.725881, 12.946582], [77.725164, 12.946414], [77.725071, 12.94667], [77.724917, 12.946633], [77.7249, 12.946447], [77.723209, 12.946476], [77.723219, 12.947132], [77.722217, 12.94696], [77.721004, 12.946469], [77.720037, 12.945809], [77.719274, 12.945562], [77.718639, 12.945494], [77.718062, 12.945292], [77.716944, 12.944677], [77.716873, 12.944279], [77.716622, 12.944877], [77.716524, 12.944909], [77.716675, 12.946807], [77.715194, 12.946923], [77.715751, 12.948899], [77.715115, 12.954396], [77.714863, 12.954631], [77.714761, 12.955884], [77.71642, 12.960447], [77.71683, 12.962374], [77.717692, 12.963808], [77.718351, 12.965111], [77.71836, 12.965898], [77.718145, 12.966457], [77.71795, 12.966676], [77.717682, 12.966915], [77.716935, 12.967312], [77.717153, 12.969435], [77.715421, 12.969603]]]}}, {"type": "Feature", "properties": {"ward_name": "74 - Pattegar Palya", "Corporation": "West", "valley": "Vrishabhavati Valley", "subvalley": "VV_1", "Assembly": "166 - Govindraj Nagar"}, "geometry": {"type": "Polygon", "coordinates": [[[77.523288, 12.977904], [77.524548, 12.977921], [77.524521, 12.978522], [77.525274, 12.978524], [77.525275, 12.978801], [77.52579, 12.978792], [77.525805, 12.979337], [77.526859, 12.979304], [77.527195, 12.980796], [77.527889, 12.9807], [77.527893, 12.980969], [77.528154, 12.981019], [77.529413, 12.980949], [77.529757, 12.980848], [77.529679, 12.980402], [77.530495, 12.9803], [77.529516, 12.977896], [77.529174, 12.977863], [77.529129, 12.976776], [77.528757, 12.976756], [77.52872, 12.976319], [77.526578, 12.976249], [77.526556, 12.975926], [77.526501, 12.97592], [77.524611, 12.976061], [77.524641, 12.976386], [77.524272, 12.9764], [77.524115, 12.975037], [77.523804, 12.975066], [77.523736, 12.974664], [77.523659, 12.974669], [77.523524, 12.973913], [77.522361, 12.974265], [77.522236, 12.973981], [77.521473, 12.974207], [77.520518, 12.974356], [77.520568, 12.974535], [77.518209, 12.975354], [77.518519, 12.975425], [77.518603, 12.975512], [77.518436, 12.976532], [77.518693, 12.977267], [77.520268, 12.977038], [77.521802, 12.976659], [77.522657, 12.976562], [77.522648, 12.977661], [77.522699, 12.977749], [77.523288, 12.977904]]]}}, {"type": "Feature", "properties": {"ward_name": "11 - Dodda Bidarakallu", "Corporation": "West", "valley": "Arkavathi Valley", "subvalley": "AV_2", "Assembly": "153 - Yeshwanthapura"}, "geometry": {"type": "Polygon", "coordinates": [[[77.487302, 13.020127], [77.48584, 13.0202], [77.485735, 13.019082], [77.485065, 13.018506], [77.483268, 13.018561], [77.483933, 13.019609], [77.484566, 13.022008], [77.48459, 13.022761], [77.484881, 13.023566], [77.485284, 13.024287], [77.486488, 13.024952], [77.486332, 13.025131], [77.486438, 13.025591], [77.486368, 13.025816], [77.485741, 13.025965], [77.486512, 13.028893], [77.488355, 13.02854], [77.48906, 13.030085], [77.487496, 13.030351], [77.487068, 13.031561], [77.487151, 13.031656], [77.487514, 13.033272], [77.486669, 13.033605], [77.486794, 13.033836], [77.486696, 13.034469], [77.486806, 13.034763], [77.486804, 13.035304], [77.486435, 13.035617], [77.486557, 13.036073], [77.486514, 13.036312], [77.486881, 13.036478], [77.487159, 13.036775], [77.489259, 13.036853], [77.489353, 13.038203], [77.489531, 13.038424], [77.489527, 13.038617], [77.489477, 13.038791], [77.489099, 13.039258], [77.488834, 13.039465], [77.488588, 13.040007], [77.488372, 13.039954], [77.488199, 13.039811], [77.487119, 13.039825], [77.487117, 13.040009], [77.485686, 13.039579], [77.484826, 13.039551], [77.483894, 13.040201], [77.482529, 13.040725], [77.482463, 13.040885], [77.482143, 13.041171], [77.481679, 13.041764], [77.481475, 13.042616], [77.481262, 13.042876], [77.480306, 13.043372], [77.479624, 13.044763], [77.479796, 13.045516], [77.480059, 13.048638], [77.480241, 13.048985], [77.481156, 13.048279], [77.482139, 13.048413], [77.48619, 13.046639], [77.487551, 13.046234], [77.48756, 13.046124], [77.489504, 13.045743], [77.489541, 13.045596], [77.490973, 13.045103], [77.49199, 13.04822], [77.492213, 13.050378], [77.492579, 13.051565], [77.494502, 13.051243], [77.497221, 13.050639], [77.496503, 13.048806], [77.496131, 13.046607], [77.495701, 13.04511], [77.495684, 13.044468], [77.498012, 13.043912], [77.49794, 13.043863], [77.498017, 13.043795], [77.498069, 13.04253], [77.498028, 13.04223], [77.496659, 13.041975], [77.496643, 13.04179], [77.496288, 13.041808], [77.496138, 13.040665], [77.496111, 13.039749], [77.496227, 13.039221], [77.49689, 13.037895], [77.497292, 13.037864], [77.497428, 13.037189], [77.497714, 13.037035], [77.49792, 13.036503], [77.498136, 13.036485], [77.498187, 13.035845], [77.49809, 13.035629], [77.498143, 13.035124], [77.499203, 13.034937], [77.499077, 13.034416], [77.498944, 13.034422], [77.498807, 13.033695], [77.498406, 13.033464], [77.498185, 13.032656], [77.497277, 13.031794], [77.496559, 13.029357], [77.496316, 13.028249], [77.495294, 13.024554], [77.495119, 13.023584], [77.4948, 13.022934], [77.495616, 13.022546], [77.499115, 13.013937], [77.497245, 13.013809], [77.495451, 13.014174], [77.4937, 13.014176], [77.493431, 13.015856], [77.493358, 13.016831], [77.493344, 13.017709], [77.493517, 13.018811], [77.492054, 13.019172], [77.492096, 13.019767], [77.491505, 13.019821], [77.491597, 13.020645], [77.491506, 13.02101], [77.490593, 13.020535], [77.490242, 13.021797], [77.490049, 13.021778], [77.489157, 13.021243], [77.488658, 13.021198], [77.488571, 13.02135], [77.488757, 13.022171], [77.487552, 13.022652], [77.487243, 13.021484], [77.487319, 13.021378], [77.487302, 13.020127]]]}}, {"type": "Feature", "properties": {"ward_name": "45 - K.R Market", "Corporation": "Central", "valley": "Koramangala Challaghatta Valley,Vrishabhavati Valley", "subvalley": "KC_1,VV_1", "Assembly": "168 - Chamrajapet"}, "geometry": {"type": "Polygon", "coordinates": [[[77.571812, 12.960596], [77.56491, 12.960386], [77.564824, 12.962412], [77.56713, 12.963161], [77.568227, 12.963803], [77.568277, 12.963616], [77.57003, 12.964193], [77.570221, 12.967956], [77.572221, 12.967068], [77.57328, 12.966732], [77.573454, 12.966575], [77.573864, 12.966385], [77.574877, 12.968352], [77.577071, 12.967177], [77.578055, 12.966737], [77.576853, 12.96416], [77.576344, 12.962859], [77.576026, 12.96226], [77.575078, 12.961084], [77.574502, 12.959738], [77.571812, 12.960596]]]}}, {"type": "Feature", "properties": {"ward_name": "112 - Hosakerehalli", "Corporation": "West", "valley": "Vrishabhavati Valley", "subvalley": "VV_1", "Assembly": "171 - Padmanabanagar"}, "geometry": {"type": "Polygon", "coordinates": [[[77.536683, 12.923973], [77.536805, 12.924621], [77.536642, 12.925323], [77.536651, 12.925646], [77.536907, 12.926556], [77.536891, 12.926765], [77.535468, 12.927074], [77.53507, 12.927319], [77.534939, 12.927608], [77.534882, 12.928072], [77.534925, 12.928706], [77.535052, 12.929235], [77.534878, 12.92932], [77.534779, 12.929594], [77.534241, 12.930406], [77.534166, 12.930685], [77.534152, 12.933013], [77.533816, 12.933247], [77.533547, 12.934091], [77.53343, 12.934188], [77.533096, 12.935089], [77.53365, 12.935057], [77.533908, 12.935977], [77.534296, 12.936466], [77.534508, 12.936269], [77.53624, 12.935393], [77.539181, 12.933702], [77.541418, 12.93215], [77.540588, 12.930369], [77.540463, 12.930442], [77.540017, 12.928606], [77.539467, 12.928744], [77.538714, 12.926155], [77.539046, 12.92594], [77.539135, 12.925623], [77.539132, 12.925365], [77.538937, 12.924841], [77.538584, 12.92464], [77.538567, 12.924502], [77.538381, 12.924339], [77.537971, 12.923743], [77.537293, 12.923402], [77.536901, 12.923507], [77.536743, 12.923679], [77.536683, 12.923973]]]}}, {"type": "Feature", "properties": {"ward_name": "63 - J.P PARK", "Corporation": "North", "valley": "Hebbal Nagawara Valley,Vrishabhavati Valley", "subvalley": "HN_1,VV_1", "Assembly": "154 - Rajarajeshwarinagar"}, "geometry": {"type": "Polygon", "coordinates": [[[77.550053, 13.039663], [77.552204, 13.038885], [77.552688, 13.038763], [77.553415, 13.038707], [77.55339, 13.037863], [77.553242, 13.037202], [77.553274, 13.036553], [77.553532, 13.035707], [77.553845, 13.033607], [77.554283, 13.032711], [77.552673, 13.031671], [77.551928, 13.031075], [77.551633, 13.030735], [77.553585, 13.030663], [77.553531, 13.029419], [77.555089, 13.029385], [77.555074, 13.028397], [77.555595, 13.028386], [77.555612, 13.02814], [77.555191, 13.028162], [77.555166, 13.027785], [77.554431, 13.027808], [77.554456, 13.027188], [77.55363, 13.027211], [77.554027, 13.024763], [77.553519, 13.024704], [77.553524, 13.024604], [77.552755, 13.024555], [77.552856, 13.024159], [77.552351, 13.024147], [77.551405, 13.024846], [77.551302, 13.025016], [77.550774, 13.02471], [77.55004, 13.026052], [77.548802, 13.029062], [77.547688, 13.031476], [77.546949, 13.032896], [77.546865, 13.033262], [77.547596, 13.033898], [77.54837, 13.03486], [77.54899, 13.035474], [77.550037, 13.036841], [77.549977, 13.036882], [77.550173, 13.037527], [77.549896, 13.037577], [77.550201, 13.039023], [77.549885, 13.039094], [77.550053, 13.039663]]]}}, {"type": "Feature", "properties": {"ward_name": "41 - Kothanur", "Corporation": "South", "valley": "Koramangala Challaghatta Valley,Suvarnamukhi Valley,Vrishabhavati Valley", "subvalley": "KC_1,SV_1,VV_1", "Assembly": "176 - Bangalore South"}, "geometry": {"type": "Polygon", "coordinates": [[[77.585584, 12.864181], [77.585374, 12.863906], [77.58518, 12.863393], [77.585166, 12.862581], [77.584991, 12.862197], [77.585419, 12.860885], [77.585383, 12.860159], [77.583794, 12.860538], [77.583086, 12.859597], [77.581593, 12.859858], [77.581514, 12.859118], [77.581321, 12.858279], [77.579921, 12.858369], [77.577798, 12.858729], [77.57783, 12.859619], [77.576415, 12.860136], [77.575958, 12.860172], [77.575614, 12.858814], [77.573921, 12.859207], [77.57409, 12.860345], [77.571977, 12.860783], [77.571937, 12.86049], [77.571837, 12.860473], [77.570978, 12.860716], [77.571164, 12.861183], [77.571239, 12.862308], [77.571617, 12.862274], [77.571673, 12.863615], [77.57046, 12.863862], [77.569298, 12.863997], [77.569138, 12.863389], [77.568158, 12.863649], [77.566929, 12.863704], [77.566887, 12.86354], [77.566728, 12.863492], [77.566252, 12.862431], [77.565428, 12.862631], [77.565246, 12.862305], [77.564768, 12.862338], [77.564405, 12.862511], [77.564958, 12.863169], [77.565672, 12.864546], [77.56571, 12.865254], [77.565432, 12.866051], [77.565184, 12.866484], [77.565802, 12.867772], [77.56612, 12.868674], [77.566187, 12.869019], [77.566162, 12.86944], [77.566863, 12.869333], [77.56824, 12.868534], [77.569716, 12.86794], [77.569811, 12.868262], [77.571112, 12.868019], [77.572208, 12.867899], [77.573718, 12.867426], [77.574366, 12.869884], [77.575087, 12.869698], [77.575307, 12.870803], [77.579459, 12.871149], [77.57943, 12.871904], [77.579655, 12.872018], [77.579845, 12.872589], [77.580264, 12.873316], [77.580439, 12.873827], [77.580715, 12.874102], [77.581151, 12.874108], [77.581466, 12.874957], [77.581468, 12.875222], [77.581325, 12.87529], [77.581071, 12.875284], [77.579586, 12.874993], [77.578848, 12.875367], [77.578175, 12.875845], [77.57816, 12.876153], [77.577409, 12.87609], [77.57726, 12.876386], [77.577151, 12.877117], [77.576557, 12.878001], [77.576439, 12.878485], [77.57635, 12.879967], [77.575776, 12.881422], [77.576361, 12.881365], [77.57644, 12.881927], [77.576507, 12.881938], [77.578498, 12.881812], [77.579016, 12.881909], [77.57941, 12.880865], [77.58198, 12.881367], [77.583033, 12.881367], [77.583767, 12.881496], [77.584229, 12.879819], [77.583954, 12.877609], [77.585294, 12.877591], [77.585435, 12.878607], [77.590613, 12.881358], [77.590192, 12.879182], [77.589595, 12.877836], [77.589593, 12.876927], [77.589174, 12.876441], [77.586244, 12.874457], [77.586083, 12.874036], [77.586785, 12.873631], [77.587295, 12.873193], [77.587559, 12.873056], [77.588834, 12.872646], [77.588889, 12.869843], [77.587994, 12.869469], [77.58791, 12.869319], [77.587408, 12.869042], [77.586469, 12.867888], [77.586422, 12.867903], [77.586034, 12.867374], [77.585767, 12.866822], [77.585561, 12.866873], [77.585389, 12.866026], [77.585867, 12.865814], [77.585584, 12.864181]]]}}, {"type": "Feature", "properties": {"ward_name": "22 - Domluru", "Corporation": "Central", "valley": "Koramangala Challaghatta Valley", "subvalley": "KC_1", "Assembly": "163 - Shanthinagar"}, "geometry": {"type": "Polygon", "coordinates": [[[77.637527, 12.956944], [77.638067, 12.95743], [77.63813, 12.957419], [77.638203, 12.957746], [77.63584, 12.957947], [77.635242, 12.959532], [77.634752, 12.961148], [77.634686, 12.961278], [77.634512, 12.961313], [77.634271, 12.961713], [77.63453, 12.961728], [77.634688, 12.962568], [77.634845, 12.9626], [77.635221, 12.962503], [77.635142, 12.963402], [77.634284, 12.96336], [77.634242, 12.963439], [77.63421, 12.963958], [77.634349, 12.964617], [77.634281, 12.965417], [77.634895, 12.96539], [77.635059, 12.965213], [77.637051, 12.966869], [77.637094, 12.966803], [77.637309, 12.968302], [77.641324, 12.968613], [77.641705, 12.961901], [77.641671, 12.960567], [77.642411, 12.96052], [77.642851, 12.959222], [77.643061, 12.958348], [77.643754, 12.957907], [77.643313, 12.957888], [77.643575, 12.957222], [77.643738, 12.956369], [77.643328, 12.954664], [77.641293, 12.954698], [77.641262, 12.954297], [77.640769, 12.953205], [77.640418, 12.952541], [77.640123, 12.952243], [77.640124, 12.95202], [77.639771, 12.951498], [77.638377, 12.953289], [77.636668, 12.955218], [77.636344, 12.956581], [77.636959, 12.956486], [77.637206, 12.956974], [77.637527, 12.956944]]]}}, {"type": "Feature", "properties": {"ward_name": "48 - S.K Garden", "Corporation": "North", "valley": "Koramangala Challaghatta Valley,Hebbal Nagawara Valley", "subvalley": "KC_1,HN_1", "Assembly": "159 - Pulakeshinagar"}, "geometry": {"type": "Polygon", "coordinates": [[[77.607274, 12.993017], [77.607162, 12.99032], [77.606393, 12.990151], [77.605363, 12.99015], [77.605287, 12.990642], [77.604981, 12.99135], [77.60457, 12.991957], [77.604276, 12.992091], [77.603872, 12.992727], [77.603352, 12.992497], [77.602857, 12.992405], [77.602395, 12.992392], [77.601821, 12.992485], [77.601264, 12.992632], [77.596593, 12.994442], [77.596577, 12.994543], [77.600676, 12.9957], [77.603138, 12.995114], [77.605629, 12.994241], [77.608769, 12.998973], [77.607372, 12.999429], [77.606851, 12.999492], [77.606746, 12.999425], [77.606468, 12.997823], [77.606251, 12.997759], [77.605093, 12.997795], [77.6048, 12.99851], [77.604598, 12.998673], [77.603775, 12.999084], [77.602395, 12.999516], [77.601849, 12.999876], [77.601702, 13.000554], [77.60159, 13.000505], [77.601516, 13.001436], [77.602332, 13.001324], [77.602587, 13.001559], [77.60387, 13.003528], [77.603797, 13.004316], [77.604705, 13.006065], [77.60494, 13.005981], [77.605237, 13.006671], [77.608459, 13.005101], [77.60815, 13.004539], [77.608506, 13.004375], [77.608291, 13.003896], [77.608861, 13.003691], [77.60864, 13.002783], [77.60878, 13.002751], [77.60906, 13.002495], [77.609323, 13.001966], [77.609204, 13.001535], [77.609612, 13.00125], [77.610019, 13.000818], [77.61043, 13.000673], [77.611233, 13.001183], [77.612133, 13.001601], [77.612118, 13.00135], [77.612005, 13.00118], [77.611037, 13.000279], [77.61041, 12.999154], [77.609741, 12.997689], [77.607817, 12.994452], [77.608789, 12.99369], [77.608837, 12.993478], [77.608951, 12.993383], [77.608684, 12.993466], [77.607536, 12.993538], [77.607404, 12.993485], [77.607274, 12.993017]]]}}, {"type": "Feature", "properties": {"ward_name": "6 - Bharathi Nagar", "Corporation": "Central", "valley": "Koramangala Challaghatta Valley", "subvalley": "KC_1", "Assembly": "162 - Shivajinagar"}, "geometry": {"type": "Polygon", "coordinates": [[[77.607139, 12.986796], [77.607042, 12.989152], [77.607205, 12.990983], [77.607274, 12.993017], [77.607404, 12.993485], [77.607536, 12.993538], [77.608815, 12.993457], [77.610283, 12.992307], [77.611159, 12.991753], [77.611772, 12.991497], [77.612593, 12.991293], [77.613945, 12.990604], [77.613259, 12.989219], [77.611873, 12.9895], [77.611319, 12.988328], [77.611112, 12.988429], [77.609745, 12.98863], [77.609152, 12.985728], [77.608784, 12.98597], [77.608243, 12.986474], [77.607758, 12.98668], [77.607139, 12.986796]]]}}, {"type": "Feature", "properties": {"ward_name": "17 - N.S Palya", "Corporation": "South", "valley": "Koramangala Challaghatta Valley", "subvalley": "KC_1", "Assembly": "172 - B.T.M Layout"}, "geometry": {"type": "Polygon", "coordinates": [[[77.613183, 12.909948], [77.613085, 12.909439], [77.614048, 12.909256], [77.614158, 12.909222], [77.614137, 12.909172], [77.615039, 12.908909], [77.614893, 12.908474], [77.614691, 12.90841], [77.614392, 12.907791], [77.614071, 12.90734], [77.613968, 12.906839], [77.613483, 12.906321], [77.612997, 12.905488], [77.612636, 12.904609], [77.609314, 12.905031], [77.609463, 12.905409], [77.608394, 12.905898], [77.607536, 12.905732], [77.60625, 12.905633], [77.603851, 12.905809], [77.604017, 12.908696], [77.600228, 12.908526], [77.599928, 12.911728], [77.6013, 12.911843], [77.602703, 12.911785], [77.603057, 12.911671], [77.603727, 12.911726], [77.603756, 12.910934], [77.604909, 12.910832], [77.605993, 12.910923], [77.605965, 12.911688], [77.606389, 12.911684], [77.606489, 12.910379], [77.606958, 12.910358], [77.60697, 12.910514], [77.608223, 12.910455], [77.608097, 12.909429], [77.608919, 12.909306], [77.610198, 12.909202], [77.61011, 12.90949], [77.610556, 12.909463], [77.610679, 12.910078], [77.613183, 12.909948]]]}}, {"type": "Feature", "properties": {"ward_name": "32 - Laggere", "Corporation": "West", "valley": "Vrishabhavati Valley", "subvalley": "VV_1", "Assembly": "154 - Rajarajeshwarinagar"}, "geometry": {"type": "Polygon", "coordinates": [[[77.526344, 13.011985], [77.526496, 13.010883], [77.52645, 13.010045], [77.525047, 13.010351], [77.524832, 13.009248], [77.522639, 13.009784], [77.5221, 13.010039], [77.521978, 13.009305], [77.520514, 13.009661], [77.520479, 13.009563], [77.518813, 13.010051], [77.518946, 13.010348], [77.519132, 13.010489], [77.519142, 13.010918], [77.518967, 13.011533], [77.518818, 13.011611], [77.518833, 13.011736], [77.518682, 13.012098], [77.5187, 13.012572], [77.51855, 13.012672], [77.519663, 13.012653], [77.520482, 13.012466], [77.521014, 13.012534], [77.521225, 13.012644], [77.521401, 13.012465], [77.522806, 13.012786], [77.523034, 13.012931], [77.522379, 13.014934], [77.522035, 13.016969], [77.521983, 13.017932], [77.522005, 13.018269], [77.522136, 13.018311], [77.522761, 13.018878], [77.523606, 13.018307], [77.525221, 13.01742], [77.525297, 13.016995], [77.526576, 13.016858], [77.526494, 13.015778], [77.526382, 13.015754], [77.526144, 13.015474], [77.526195, 13.015235], [77.526363, 13.015075], [77.526265, 13.014838], [77.526383, 13.014405], [77.526236, 13.013503], [77.526403, 13.013116], [77.526306, 13.01267], [77.526344, 13.011985]]]}}, {"type": "Feature", "properties": {"ward_name": "100 - Srinagar", "Corporation": "West", "valley": "Vrishabhavati Valley", "subvalley": "VV_1", "Assembly": "170 - Basavanagudi"}, "geometry": {"type": "Polygon", "coordinates": [[[77.549459, 12.945014], [77.549567, 12.946432], [77.549824, 12.947725], [77.54955, 12.947799], [77.549813, 12.948425], [77.549794, 12.948802], [77.54999, 12.949403], [77.54996, 12.949769], [77.55007, 12.950191], [77.550029, 12.950914], [77.549305, 12.951329], [77.549503, 12.952284], [77.550723, 12.952133], [77.550898, 12.952059], [77.551212, 12.952132], [77.551477, 12.951982], [77.551583, 12.952071], [77.552767, 12.950563], [77.553266, 12.950829], [77.554332, 12.949356], [77.55398, 12.949114], [77.554504, 12.948356], [77.553241, 12.948605], [77.553169, 12.948406], [77.552928, 12.948374], [77.552862, 12.947531], [77.552992, 12.947149], [77.553089, 12.946023], [77.552489, 12.946078], [77.552434, 12.94464], [77.549459, 12.945014]]]}}, {"type": "Feature", "properties": {"ward_name": "60 - Seshadripuram", "Corporation": "Central", "valley": "Vrishabhavati Valley", "subvalley": "VV_1", "Assembly": "164 - Gandhinagara"}, "geometry": {"type": "Polygon", "coordinates": [[[77.578155, 12.997594], [77.579446, 12.997462], [77.579445, 12.997331], [77.580839, 12.997235], [77.579232, 12.995456], [77.578264, 12.994555], [77.577108, 12.993657], [77.577951, 12.992089], [77.577571, 12.991737], [77.576394, 12.992082], [77.576448, 12.992591], [77.57624, 12.99277], [77.575408, 12.99191], [77.574183, 12.992788], [77.573932, 12.993911], [77.57354, 12.993675], [77.572836, 12.993506], [77.57106, 12.993383], [77.571023, 12.996311], [77.574057, 12.996398], [77.574033, 12.996914], [77.574892, 12.996846], [77.575393, 12.996932], [77.575454, 12.996859], [77.575939, 12.997028], [77.575941, 12.997159], [77.576482, 12.997178], [77.576494, 12.997611], [77.578155, 12.997594]]]}}, {"type": "Feature", "properties": {"ward_name": "34 - D.V Gundappa Ward", "Corporation": "Central", "valley": "Koramangala Challaghatta Valley,Vrishabhavati Valley", "subvalley": "KC_1,VV_1", "Assembly": "169 - Chickpet"}, "geometry": {"type": "Polygon", "coordinates": [[[77.577306, 12.956291], [77.573529, 12.957358], [77.57374, 12.957582], [77.574502, 12.959738], [77.575078, 12.961084], [77.576026, 12.96226], [77.576344, 12.962859], [77.576853, 12.96416], [77.578242, 12.963709], [77.578859, 12.96362], [77.579813, 12.963605], [77.579675, 12.961898], [77.580489, 12.961734], [77.581792, 12.961319], [77.583128, 12.960621], [77.582333, 12.959146], [77.582788, 12.958924], [77.582864, 12.959065], [77.584527, 12.958526], [77.584548, 12.95858], [77.584722, 12.958538], [77.585053, 12.959609], [77.586764, 12.959064], [77.586565, 12.958731], [77.586272, 12.957806], [77.585719, 12.955555], [77.584841, 12.955808], [77.58369, 12.956307], [77.583462, 12.954616], [77.582432, 12.954775], [77.582716, 12.957399], [77.580144, 12.958962], [77.580105, 12.956605], [77.579621, 12.955244], [77.578824, 12.955552], [77.577306, 12.956291]]]}}, {"type": "Feature", "properties": {"ward_name": "96 - Kathriguppe", "Corporation": "West", "valley": "Vrishabhavati Valley", "subvalley": "VV_1", "Assembly": "170 - Basavanagudi"}, "geometry": {"type": "Polygon", "coordinates": [[[77.549406, 12.933308], [77.550916, 12.934718], [77.550779, 12.934885], [77.551105, 12.934819], [77.550796, 12.934009], [77.550347, 12.933621], [77.550636, 12.933314], [77.551069, 12.933669], [77.55161, 12.933496], [77.551459, 12.933128], [77.551557, 12.933101], [77.551396, 12.932805], [77.551659, 12.93273], [77.551567, 12.932327], [77.552423, 12.932099], [77.552508, 12.932232], [77.552866, 12.932101], [77.553311, 12.933399], [77.554794, 12.932842], [77.555502, 12.934579], [77.556525, 12.934515], [77.556492, 12.934043], [77.556611, 12.932779], [77.55616, 12.932506], [77.555008, 12.931377], [77.554248, 12.930844], [77.553545, 12.930472], [77.553275, 12.929066], [77.553574, 12.929061], [77.55376, 12.929268], [77.554691, 12.928943], [77.554641, 12.928521], [77.555115, 12.928552], [77.555932, 12.928857], [77.555997, 12.928659], [77.556309, 12.928686], [77.556277, 12.929499], [77.556174, 12.929843], [77.556332, 12.930792], [77.556509, 12.93139], [77.557202, 12.931709], [77.557092, 12.931921], [77.558017, 12.932372], [77.558411, 12.932432], [77.558596, 12.932131], [77.559645, 12.932737], [77.559879, 12.932243], [77.559274, 12.931787], [77.560949, 12.930053], [77.560949, 12.929979], [77.560111, 12.929373], [77.559582, 12.928626], [77.559139, 12.928195], [77.558288, 12.927795], [77.556212, 12.926414], [77.555141, 12.92551], [77.55492, 12.925203], [77.55447, 12.923589], [77.552186, 12.924313], [77.551444, 12.924599], [77.550399, 12.925145], [77.548711, 12.926147], [77.545555, 12.928628], [77.547049, 12.93037], [77.549406, 12.933308]]]}}, {"type": "Feature", "properties": {"ward_name": "10 - Cox Town", "Corporation": "Central", "valley": "Koramangala Challaghatta Valley", "subvalley": "KC_1", "Assembly": "161 - C.V. Raman Nagar"}, "geometry": {"type": "Polygon", "coordinates": [[[77.618613, 12.993235], [77.617599, 12.99509], [77.617345, 12.995362], [77.61678, 12.99575], [77.617394, 12.99724], [77.617936, 12.998284], [77.618977, 12.99877], [77.619413, 12.99941], [77.620183, 12.999965], [77.624617, 12.99605], [77.625426, 12.995548], [77.626952, 12.99494], [77.629155, 12.994475], [77.628892, 12.994186], [77.629098, 12.994275], [77.631783, 12.993814], [77.631002, 12.99012], [77.630836, 12.989675], [77.627139, 12.988903], [77.622546, 12.987692], [77.620077, 12.987374], [77.62002, 12.987265], [77.619307, 12.987203], [77.619496, 12.988404], [77.619554, 12.989858], [77.619479, 12.990833], [77.619358, 12.991692], [77.618613, 12.993235]]]}}, {"type": "Feature", "properties": {"ward_name": "17 - Nagadevanahalli", "Corporation": "West", "valley": "Vrishabhavati Valley", "subvalley": "VV_2,VV_1", "Assembly": "153 - Yeshwanthapura"}, "geometry": {"type": "Polygon", "coordinates": [[[77.486027, 12.93374], [77.486687, 12.936442], [77.486245, 12.936537], [77.486378, 12.937524], [77.486476, 12.937511], [77.486579, 12.937914], [77.486613, 12.938852], [77.486753, 12.938846], [77.486898, 12.939514], [77.485731, 12.939866], [77.484606, 12.940097], [77.484295, 12.940405], [77.483391, 12.940759], [77.483251, 12.940863], [77.483131, 12.941098], [77.483225, 12.942007], [77.484841, 12.942098], [77.48518, 12.943678], [77.485393, 12.944089], [77.486133, 12.94539], [77.48665, 12.946038], [77.488612, 12.949062], [77.490598, 12.947346], [77.490717, 12.947591], [77.492666, 12.947707], [77.496726, 12.947288], [77.496769, 12.94744], [77.498561, 12.947332], [77.500741, 12.946656], [77.500308, 12.944315], [77.49993, 12.944455], [77.499823, 12.943966], [77.499539, 12.944044], [77.499484, 12.943794], [77.499417, 12.943813], [77.497758, 12.941321], [77.49719, 12.940052], [77.497201, 12.939943], [77.499404, 12.938414], [77.499534, 12.938144], [77.499684, 12.938026], [77.499143, 12.935711], [77.500079, 12.935366], [77.499549, 12.932454], [77.499356, 12.931881], [77.499144, 12.930803], [77.496406, 12.931526], [77.496283, 12.931851], [77.494435, 12.932761], [77.494251, 12.93292], [77.493726, 12.932086], [77.493427, 12.932139], [77.493066, 12.931621], [77.492737, 12.931873], [77.491419, 12.932014], [77.491434, 12.933282], [77.491365, 12.933381], [77.49056, 12.932355], [77.490363, 12.932298], [77.488917, 12.932743], [77.48838, 12.932855], [77.488172, 12.932823], [77.487824, 12.933273], [77.486027, 12.93374]]]}}, {"type": "Feature", "properties": {"ward_name": "30 - Vinayakanagar", "Corporation": "Central", "valley": "Koramangala Challaghatta Valley", "subvalley": "KC_1", "Assembly": "163 - Shanthinagar"}, "geometry": {"type": "Polygon", "coordinates": [[[77.600709, 12.949817], [77.600613, 12.949852], [77.600053, 12.951029], [77.599869, 12.950986], [77.599712, 12.951435], [77.600159, 12.952819], [77.600477, 12.953486], [77.601795, 12.953013], [77.601851, 12.953094], [77.602904, 12.95256], [77.602836, 12.952139], [77.602906, 12.951866], [77.603035, 12.951735], [77.603781, 12.95146], [77.604164, 12.95218], [77.605174, 12.952803], [77.605402, 12.954661], [77.606604, 12.961473], [77.606739, 12.962878], [77.606677, 12.963462], [77.606802, 12.966251], [77.608769, 12.966671], [77.61123, 12.963262], [77.612475, 12.961774], [77.611831, 12.956146], [77.611364, 12.954938], [77.611328, 12.954639], [77.611525, 12.954375], [77.612328, 12.954056], [77.612501, 12.95388], [77.612529, 12.953666], [77.61189, 12.952028], [77.611567, 12.950522], [77.611503, 12.949866], [77.611313, 12.94979], [77.611219, 12.949383], [77.61024, 12.949442], [77.607369, 12.949805], [77.606194, 12.950022], [77.605735, 12.949974], [77.60569, 12.950116], [77.60391, 12.950392], [77.603456, 12.950552], [77.600709, 12.949817]]]}}, {"type": "Feature", "properties": {"ward_name": "34 - Kaveri Nagara", "Corporation": "East", "valley": "Koramangala Challaghatta Valley,Hebbal Nagawara Valley", "subvalley": "KC_2,HN_2", "Assembly": "174 - Mahadevapura"}, "geometry": {"type": "Polygon", "coordinates": [[[77.731859, 12.986558], [77.730231, 12.985517], [77.728885, 12.984033], [77.728487, 12.983366], [77.727842, 12.98201], [77.727441, 12.980224], [77.721383, 12.980473], [77.71724, 12.980957], [77.717086, 12.981024], [77.717063, 12.980871], [77.716016, 12.980941], [77.715767, 12.981464], [77.715528, 12.981417], [77.715435, 12.981562], [77.714995, 12.981441], [77.7149, 12.982036], [77.714729, 12.982033], [77.713876, 12.982413], [77.713525, 12.983029], [77.712594, 12.983845], [77.712353, 12.983912], [77.713038, 12.984673], [77.713479, 12.98505], [77.713522, 12.98649], [77.713461, 12.986513], [77.713439, 12.986762], [77.711909, 12.986826], [77.71192, 12.987278], [77.712185, 12.987332], [77.712294, 12.988621], [77.711552, 12.988693], [77.710991, 12.988363], [77.710797, 12.988431], [77.710193, 12.988128], [77.710068, 12.984828], [77.708292, 12.984262], [77.708283, 12.98486], [77.708037, 12.985367], [77.705745, 12.992964], [77.705218, 12.993012], [77.702249, 12.993798], [77.702769, 12.995194], [77.702828, 12.995689], [77.702609, 12.995813], [77.702763, 12.996338], [77.702904, 12.996435], [77.703007, 12.997029], [77.703207, 12.997276], [77.703441, 12.997409], [77.704047, 12.99832], [77.704238, 12.999532], [77.706363, 12.999233], [77.708743, 12.998687], [77.708623, 12.997943], [77.708673, 12.997838], [77.709346, 12.99785], [77.709347, 12.997666], [77.709296, 12.997486], [77.708943, 12.997529], [77.708258, 12.996728], [77.70826, 12.996083], [77.70929, 12.995009], [77.709289, 12.993966], [77.709067, 12.992842], [77.709946, 12.992841], [77.710954, 12.992735], [77.711836, 12.992534], [77.714062, 12.991812], [77.714442, 12.991808], [77.716385, 12.992305], [77.717022, 12.99223], [77.719573, 12.992189], [77.721494, 12.99102], [77.722929, 12.990522], [77.724553, 12.990079], [77.725159, 12.989831], [77.726161, 12.989245], [77.730061, 12.988413], [77.731761, 12.988153], [77.731767, 12.986843], [77.731859, 12.986558]]]}}, {"type": "Feature", "properties": {"ward_name": "39 - Venkat Reddy Nagara", "Corporation": "Central", "valley": "Koramangala Challaghatta Valley", "subvalley": "KC_1", "Assembly": "169 - Chickpet"}, "geometry": {"type": "Polygon", "coordinates": [[[77.591827, 12.944255], [77.591668, 12.944284], [77.591414, 12.943625], [77.591169, 12.943745], [77.590679, 12.942768], [77.590052, 12.943131], [77.590542, 12.943338], [77.59093, 12.944009], [77.59042, 12.944232], [77.590625, 12.944712], [77.589594, 12.945093], [77.58983, 12.945769], [77.588155, 12.945746], [77.588, 12.946159], [77.58956, 12.94631], [77.589868, 12.946408], [77.590813, 12.947331], [77.592064, 12.947904], [77.593502, 12.948739], [77.594176, 12.947418], [77.593396, 12.946935], [77.593089, 12.946622], [77.594604, 12.945806], [77.595211, 12.945373], [77.594651, 12.944702], [77.594442, 12.94432], [77.593377, 12.944167], [77.592205, 12.944236], [77.591858, 12.944381], [77.591827, 12.944255]]]}}, {"type": "Feature", "properties": {"ward_name": "50 - Dinnur", "Corporation": "North", "valley": "Hebbal Nagawara Valley", "subvalley": "HN_1", "Assembly": "158 - Hebbal"}, "geometry": {"type": "Polygon", "coordinates": [[[77.602027, 13.034047], [77.601942, 13.033432], [77.602904, 13.0333], [77.603469, 13.03329], [77.603535, 13.034025], [77.604656, 13.033989], [77.60481, 13.032811], [77.604795, 13.032188], [77.601984, 13.032609], [77.600187, 13.032778], [77.600291, 13.031103], [77.60013, 13.030714], [77.599687, 13.030188], [77.599392, 13.028704], [77.600087, 13.026705], [77.60055, 13.026496], [77.600671, 13.026219], [77.600434, 13.0257], [77.600506, 13.025136], [77.600432, 13.02467], [77.599904, 13.02351], [77.59978, 13.023571], [77.599733, 13.023474], [77.599249, 13.023596], [77.598878, 13.023484], [77.598543, 13.02244], [77.598113, 13.022549], [77.59778, 13.021355], [77.597953, 13.021298], [77.597698, 13.020645], [77.597456, 13.020093], [77.597153, 13.020177], [77.596968, 13.019666], [77.596885, 13.019608], [77.593598, 13.020463], [77.59452, 13.023758], [77.596119, 13.023247], [77.596239, 13.023665], [77.59681, 13.023496], [77.59687, 13.023551], [77.59708, 13.024435], [77.597164, 13.027272], [77.596801, 13.027324], [77.596783, 13.028899], [77.597274, 13.028866], [77.597245, 13.029463], [77.597991, 13.029467], [77.598026, 13.030124], [77.598644, 13.030013], [77.598711, 13.030342], [77.598612, 13.030368], [77.599026, 13.032132], [77.599162, 13.032135], [77.59926, 13.033262], [77.600363, 13.033294], [77.600658, 13.033444], [77.600909, 13.03368], [77.601317, 13.033811], [77.601705, 13.034141], [77.602027, 13.034047]]]}}, {"type": "Feature", "properties": {"ward_name": "44 - Doddanna Nagar", "Corporation": "North", "valley": "Koramangala Challaghatta Valley,Hebbal Nagawara Valley", "subvalley": "KC_1,HN_1", "Assembly": "159 - Pulakeshinagar"}, "geometry": {"type": "Polygon", "coordinates": [[[77.610203, 13.004179], [77.611333, 13.005933], [77.610633, 13.006095], [77.610915, 13.007672], [77.610822, 13.007689], [77.610794, 13.00885], [77.610441, 13.008933], [77.610161, 13.009271], [77.606525, 13.009456], [77.606723, 13.010495], [77.607096, 13.011353], [77.604905, 13.012284], [77.604518, 13.012293], [77.603755, 13.012498], [77.60359, 13.013016], [77.603853, 13.014508], [77.604395, 13.014454], [77.604575, 13.015214], [77.605506, 13.015111], [77.605752, 13.015191], [77.605979, 13.014629], [77.606412, 13.014649], [77.607414, 13.014376], [77.60714, 13.013469], [77.607881, 13.01316], [77.607553, 13.012416], [77.608469, 13.012], [77.608137, 13.011178], [77.609484, 13.010946], [77.609727, 13.010298], [77.610583, 13.010113], [77.610638, 13.010331], [77.61111, 13.010125], [77.611298, 13.010177], [77.612061, 13.009996], [77.61184, 13.009169], [77.612661, 13.00899], [77.612693, 13.008896], [77.612908, 13.008875], [77.61286, 13.008559], [77.612264, 13.00865], [77.612136, 13.008211], [77.61288, 13.007897], [77.61251, 13.006847], [77.612384, 13.006122], [77.612133, 13.001601], [77.611233, 13.001183], [77.61043, 13.000673], [77.610019, 13.000818], [77.609612, 13.00125], [77.609204, 13.001535], [77.609323, 13.001966], [77.60906, 13.002495], [77.60878, 13.002751], [77.60864, 13.002783], [77.608861, 13.003691], [77.608291, 13.003896], [77.608506, 13.004375], [77.60815, 13.004539], [77.608459, 13.005101], [77.608358, 13.004902], [77.610203, 13.004179]]]}}, {"type": "Feature", "properties": {"ward_name": "66 - Kammagondanahalli", "Corporation": "North", "valley": "Arkavathi Valley", "subvalley": "AV_1", "Assembly": "155 - Dasarahalli"}, "geometry": {"type": "Polygon", "coordinates": [[[77.524503, 13.064391], [77.524814, 13.065342], [77.524649, 13.065416], [77.524991, 13.066833], [77.525137, 13.067116], [77.525548, 13.067027], [77.525705, 13.06928], [77.525474, 13.06949], [77.524915, 13.069706], [77.523516, 13.069866], [77.523444, 13.070089], [77.523549, 13.070871], [77.524807, 13.071036], [77.525151, 13.071238], [77.525486, 13.071176], [77.525578, 13.071723], [77.525349, 13.071936], [77.523597, 13.072507], [77.524016, 13.073928], [77.524171, 13.074805], [77.525451, 13.07348], [77.525542, 13.073594], [77.525824, 13.075523], [77.525966, 13.076041], [77.526733, 13.075954], [77.526568, 13.07659], [77.530102, 13.076121], [77.530366, 13.077843], [77.530404, 13.077914], [77.530775, 13.077871], [77.530888, 13.077301], [77.530956, 13.076302], [77.531117, 13.075861], [77.531521, 13.075609], [77.53127, 13.07456], [77.531248, 13.073915], [77.531377, 13.073187], [77.53183, 13.072479], [77.531619, 13.07228], [77.530976, 13.069773], [77.531848, 13.069156], [77.532119, 13.069048], [77.532343, 13.068646], [77.532472, 13.06861], [77.533956, 13.067317], [77.533938, 13.066033], [77.534731, 13.063743], [77.5352, 13.063251], [77.535007, 13.063157], [77.533855, 13.06005], [77.534453, 13.059128], [77.534277, 13.059016], [77.533565, 13.058875], [77.533472, 13.059538], [77.532694, 13.05973], [77.532658, 13.059272], [77.532744, 13.059058], [77.532796, 13.058346], [77.532252, 13.058166], [77.531752, 13.059356], [77.531205, 13.061041], [77.531066, 13.061793], [77.529909, 13.061647], [77.529743, 13.061565], [77.528535, 13.062454], [77.527194, 13.063115], [77.527348, 13.063241], [77.524503, 13.064391]]]}}, {"type": "Feature", "properties": {"ward_name": "31 - Shanthinagar", "Corporation": "Central", "valley": "Koramangala Challaghatta Valley", "subvalley": "KC_1", "Assembly": "163 - Shanthinagar"}, "geometry": {"type": "Polygon", "coordinates": [[[77.600159, 12.952819], [77.599712, 12.951435], [77.599869, 12.950986], [77.600053, 12.951029], [77.600613, 12.949852], [77.600688, 12.949862], [77.600709, 12.949817], [77.600536, 12.94974], [77.600237, 12.949775], [77.599879, 12.95003], [77.597522, 12.951969], [77.592226, 12.956046], [77.594516, 12.962022], [77.595985, 12.963277], [77.596624, 12.964192], [77.596916, 12.964847], [77.602637, 12.965641], [77.602591, 12.964789], [77.602165, 12.962971], [77.603039, 12.962851], [77.602594, 12.961379], [77.602961, 12.961239], [77.602464, 12.959756], [77.603784, 12.959269], [77.604204, 12.959012], [77.604606, 12.958619], [77.60598, 12.958031], [77.605777, 12.956524], [77.605402, 12.954661], [77.605174, 12.952803], [77.604164, 12.95218], [77.603781, 12.95146], [77.603035, 12.951735], [77.602906, 12.951866], [77.602836, 12.952139], [77.602904, 12.95256], [77.601851, 12.953094], [77.601795, 12.953013], [77.600477, 12.953486], [77.600159, 12.952819]]]}}, {"type": "Feature", "properties": {"ward_name": "59 - Geddalahalli", "Corporation": "North", "valley": "Hebbal Nagawara Valley", "subvalley": "HN_1", "Assembly": "158 - Hebbal"}, "geometry": {"type": "Polygon", "coordinates": [[[77.573463, 13.027994], [77.571251, 13.028462], [77.569989, 13.031996], [77.569477, 13.032876], [77.56787, 13.034985], [77.566458, 13.036443], [77.56544, 13.037669], [77.562112, 13.041976], [77.564145, 13.045593], [77.564929, 13.046148], [77.56575, 13.046512], [77.566663, 13.046667], [77.569029, 13.046877], [77.570166, 13.047078], [77.572761, 13.047239], [77.572713, 13.046804], [77.571577, 13.046702], [77.571389, 13.04657], [77.570032, 13.041952], [77.570098, 13.040517], [77.570012, 13.039709], [77.570092, 13.037888], [77.568905, 13.037901], [77.569016, 13.036036], [77.570132, 13.034482], [77.571916, 13.033395], [77.57188, 13.034688], [77.571716, 13.034731], [77.571696, 13.035119], [77.573776, 13.035259], [77.573834, 13.035083], [77.57432, 13.03498], [77.574382, 13.034598], [77.57492, 13.034555], [77.575496, 13.034656], [77.575858, 13.033825], [77.576928, 13.031794], [77.577488, 13.030923], [77.577747, 13.030373], [77.578176, 13.029928], [77.578971, 13.028794], [77.579719, 13.027105], [77.580105, 13.026511], [77.579104, 13.026719], [77.577727, 13.026888], [77.577684, 13.027259], [77.573463, 13.027994]]]}}, {"type": "Feature", "properties": {"ward_name": "26 - Samadhana Nagar", "Corporation": "North", "valley": "Hebbal Nagawara Valley", "subvalley": "HN_1", "Assembly": "160 - Sarvagnanagar"}, "geometry": {"type": "Polygon", "coordinates": [[[77.617585, 13.020596], [77.617374, 13.020371], [77.617219, 13.020352], [77.615429, 13.02052], [77.614906, 13.020752], [77.614549, 13.020817], [77.614247, 13.020764], [77.614074, 13.020651], [77.613891, 13.020213], [77.613817, 13.020192], [77.612757, 13.02039], [77.612731, 13.022168], [77.612557, 13.023613], [77.613159, 13.025042], [77.613549, 13.025776], [77.614028, 13.026215], [77.614859, 13.02674], [77.616122, 13.027835], [77.61613, 13.028122], [77.615658, 13.028732], [77.615759, 13.028797], [77.616644, 13.027817], [77.616981, 13.027561], [77.618365, 13.026875], [77.620056, 13.026204], [77.619651, 13.02484], [77.620773, 13.024628], [77.620544, 13.022996], [77.62138, 13.022833], [77.621131, 13.021776], [77.620724, 13.021878], [77.62042, 13.020552], [77.619034, 13.020639], [77.61901, 13.020571], [77.61911, 13.021304], [77.617853, 13.021111], [77.617585, 13.020596]]]}}, {"type": "Feature", "properties": {"ward_name": "62 - Brundavana Nagara", "Corporation": "North", "valley": "Hebbal Nagawara Valley", "subvalley": "HN_1", "Assembly": "154 - Rajarajeshwarinagar"}, "geometry": {"type": "Polygon", "coordinates": [[[77.554767, 13.027534], [77.55478, 13.027791], [77.555166, 13.027785], [77.555191, 13.028162], [77.555612, 13.02814], [77.555595, 13.028386], [77.555074, 13.028397], [77.555089, 13.029385], [77.553531, 13.029419], [77.553585, 13.030663], [77.551633, 13.030735], [77.551928, 13.031075], [77.552673, 13.031671], [77.554283, 13.032711], [77.553845, 13.033607], [77.553532, 13.035707], [77.553274, 13.036553], [77.553242, 13.037202], [77.55339, 13.037863], [77.553415, 13.038707], [77.557302, 13.038543], [77.557576, 13.03611], [77.557372, 13.035004], [77.557381, 13.034678], [77.559976, 13.030931], [77.557721, 13.025714], [77.557506, 13.024973], [77.557386, 13.024926], [77.557057, 13.026249], [77.556677, 13.026158], [77.556578, 13.026697], [77.5556, 13.026804], [77.55569, 13.027517], [77.554767, 13.027534]]]}}, {"type": "Feature", "properties": {"ward_name": "103 - N.R Colony", "Corporation": "West", "valley": "Vrishabhavati Valley", "subvalley": "VV_1", "Assembly": "170 - Basavanagudi"}, "geometry": {"type": "Polygon", "coordinates": [[[77.56617, 12.940182], [77.566648, 12.940176], [77.566728, 12.941148], [77.566849, 12.941529], [77.567493, 12.942269], [77.567845, 12.942803], [77.567835, 12.943601], [77.57378, 12.943681], [77.573788, 12.940695], [77.573843, 12.940695], [77.573863, 12.939811], [77.573822, 12.934775], [77.573073, 12.9349], [77.57167, 12.934961], [77.571508, 12.933374], [77.57073, 12.933447], [77.56928, 12.933846], [77.569198, 12.93357], [77.567717, 12.933824], [77.567578, 12.933176], [77.565468, 12.933549], [77.565188, 12.932581], [77.565037, 12.932608], [77.564877, 12.932177], [77.563972, 12.932472], [77.56349, 12.93274], [77.563398, 12.932546], [77.561797, 12.933169], [77.561945, 12.933817], [77.562274, 12.934389], [77.562749, 12.934249], [77.562504, 12.933811], [77.56268, 12.933438], [77.563511, 12.935547], [77.563839, 12.936623], [77.564043, 12.936652], [77.56425, 12.936917], [77.564497, 12.937447], [77.564523, 12.939303], [77.565907, 12.939332], [77.56595, 12.93991], [77.56617, 12.940182]]]}}, {"type": "Feature", "properties": {"ward_name": "104 - Thyagarajnagar", "Corporation": "West", "valley": "Vrishabhavati Valley", "subvalley": "VV_1", "Assembly": "170 - Basavanagudi"}, "geometry": {"type": "Polygon", "coordinates": [[[77.568074, 12.933351], [77.567747, 12.932383], [77.567484, 12.931911], [77.567376, 12.931851], [77.566676, 12.929949], [77.563687, 12.930498], [77.563668, 12.930394], [77.562525, 12.930713], [77.562378, 12.930623], [77.561913, 12.930592], [77.560925, 12.92996], [77.560906, 12.93011], [77.559274, 12.931787], [77.559879, 12.932243], [77.559645, 12.932737], [77.558596, 12.932131], [77.558411, 12.932432], [77.558017, 12.932372], [77.557092, 12.931921], [77.557202, 12.931709], [77.556509, 12.93139], [77.556332, 12.930792], [77.556174, 12.929843], [77.556277, 12.929499], [77.556309, 12.928686], [77.555997, 12.928659], [77.555932, 12.928857], [77.555115, 12.928552], [77.554641, 12.928521], [77.554691, 12.928943], [77.55376, 12.929268], [77.553574, 12.929061], [77.553275, 12.929066], [77.553545, 12.930472], [77.554248, 12.930844], [77.555008, 12.931377], [77.55616, 12.932506], [77.558015, 12.933582], [77.557722, 12.935518], [77.557572, 12.935813], [77.558494, 12.935653], [77.558452, 12.935275], [77.559477, 12.935048], [77.559325, 12.934281], [77.560325, 12.934567], [77.560198, 12.933404], [77.56007, 12.932999], [77.560855, 12.933067], [77.561458, 12.932925], [77.561694, 12.932772], [77.561797, 12.933169], [77.563398, 12.932546], [77.56349, 12.93274], [77.563972, 12.932472], [77.564877, 12.932177], [77.565037, 12.932608], [77.565188, 12.932581], [77.565468, 12.933549], [77.567578, 12.933176], [77.567717, 12.933824], [77.568116, 12.933793], [77.568074, 12.933351]]]}}, {"type": "Feature", "properties": {"ward_name": "105 - Yediyuru", "Corporation": "West", "valley": "Koramangala Challaghatta Valley,Vrishabhavati Valley", "subvalley": "KC_1,VV_1", "Assembly": "171 - Padmanabanagar"}, "geometry": {"type": "Polygon", "coordinates": [[[77.584861, 12.9329], [77.578229, 12.933091], [77.577774, 12.932935], [77.577063, 12.932441], [77.577075, 12.930869], [77.576162, 12.930875], [77.576312, 12.930407], [77.575265, 12.930297], [77.575045, 12.929214], [77.572093, 12.929717], [77.572237, 12.930275], [77.571173, 12.930278], [77.5714, 12.932505], [77.571337, 12.932515], [77.570924, 12.93183], [77.568886, 12.932374], [77.568918, 12.932495], [77.567973, 12.932728], [77.567855, 12.932703], [77.568151, 12.933739], [77.569198, 12.93357], [77.56928, 12.933846], [77.57073, 12.933447], [77.571508, 12.933374], [77.57167, 12.934961], [77.573073, 12.9349], [77.573822, 12.934775], [77.573845, 12.940628], [77.577757, 12.940596], [77.577676, 12.939689], [77.580035, 12.936775], [77.584909, 12.936633], [77.584861, 12.9329]]]}}, {"type": "Feature", "properties": {"ward_name": "99 - T.R Shamanna Nagar", "Corporation": "West", "valley": "Vrishabhavati Valley", "subvalley": "VV_1", "Assembly": "170 - Basavanagudi"}, "geometry": {"type": "Polygon", "coordinates": [[[77.564239, 12.946199], [77.564255, 12.944246], [77.563845, 12.944206], [77.563478, 12.943915], [77.563212, 12.943882], [77.563149, 12.944198], [77.562019, 12.944222], [77.56191, 12.945683], [77.561498, 12.945657], [77.561534, 12.944787], [77.560719, 12.944701], [77.560685, 12.945732], [77.559849, 12.94572], [77.559941, 12.944644], [77.558418, 12.944542], [77.55852, 12.945414], [77.557386, 12.945489], [77.557332, 12.944927], [77.557259, 12.944861], [77.556112, 12.9463], [77.554946, 12.946358], [77.554888, 12.945667], [77.553956, 12.945864], [77.55348, 12.945886], [77.553461, 12.944701], [77.55319, 12.944673], [77.553254, 12.944255], [77.553745, 12.9443], [77.553695, 12.943822], [77.553198, 12.943819], [77.55257, 12.943952], [77.552409, 12.941982], [77.550834, 12.94209], [77.551097, 12.94303], [77.550793, 12.943086], [77.550665, 12.942631], [77.550285, 12.942692], [77.550259, 12.942628], [77.550281, 12.942906], [77.550008, 12.94304], [77.549791, 12.943485], [77.549459, 12.945014], [77.552434, 12.94464], [77.552489, 12.946078], [77.553089, 12.946023], [77.552992, 12.947149], [77.552862, 12.947531], [77.552876, 12.947869], [77.552928, 12.948374], [77.553169, 12.948406], [77.553227, 12.948605], [77.554504, 12.948356], [77.555226, 12.947462], [77.555358, 12.9482], [77.556856, 12.94791], [77.55662, 12.946348], [77.557099, 12.946321], [77.558598, 12.945966], [77.558623, 12.946115], [77.559528, 12.946002], [77.559693, 12.946103], [77.559793, 12.946587], [77.56014, 12.946568], [77.560168, 12.946929], [77.561248, 12.946819], [77.561282, 12.947149], [77.562275, 12.946946], [77.561978, 12.946506], [77.563336, 12.94653], [77.563332, 12.946235], [77.564239, 12.946199]]]}}, {"type": "Feature", "properties": {"ward_name": "28 - Venkateshpuram", "Corporation": "North", "valley": "Hebbal Nagawara Valley", "subvalley": "HN_1", "Assembly": "160 - Sarvagnanagar"}, "geometry": {"type": "Polygon", "coordinates": [[[77.620532, 13.009448], [77.620133, 13.009094], [77.619081, 13.008909], [77.618657, 13.009229], [77.618572, 13.009402], [77.616065, 13.010344], [77.615342, 13.010759], [77.616168, 13.012038], [77.617702, 13.015746], [77.617748, 13.015664], [77.618341, 13.015472], [77.618471, 13.015698], [77.618784, 13.015604], [77.619003, 13.016051], [77.620175, 13.015508], [77.62091, 13.015448], [77.621326, 13.015319], [77.621532, 13.015069], [77.622069, 13.015925], [77.621903, 13.016023], [77.622047, 13.016291], [77.621755, 13.01645], [77.621853, 13.016626], [77.622274, 13.016444], [77.622605, 13.017077], [77.623021, 13.016874], [77.620704, 13.011494], [77.620655, 13.010577], [77.620948, 13.009661], [77.620532, 13.009448]]]}}, {"type": "Feature", "properties": {"ward_name": "101 - Kempambudhi Ward", "Corporation": "West", "valley": "Vrishabhavati Valley", "subvalley": "VV_1", "Assembly": "170 - Basavanagudi"}, "geometry": {"type": "Polygon", "coordinates": [[[77.563336, 12.94653], [77.561978, 12.946506], [77.562275, 12.946946], [77.561282, 12.947149], [77.561248, 12.946819], [77.560168, 12.946929], [77.56014, 12.946568], [77.559793, 12.946587], [77.559693, 12.946103], [77.559528, 12.946002], [77.558623, 12.946115], [77.558598, 12.945966], [77.557099, 12.946321], [77.55662, 12.946348], [77.556856, 12.94791], [77.555358, 12.9482], [77.555226, 12.947462], [77.55398, 12.949114], [77.554332, 12.949356], [77.553387, 12.95067], [77.553768, 12.950801], [77.55384, 12.951291], [77.554152, 12.951332], [77.55427, 12.951786], [77.554927, 12.951831], [77.555598, 12.951735], [77.555391, 12.950457], [77.556354, 12.950251], [77.556767, 12.949969], [77.558073, 12.950142], [77.558064, 12.950314], [77.557665, 12.950415], [77.557613, 12.950785], [77.55714, 12.951181], [77.556308, 12.951372], [77.55565, 12.951658], [77.555969, 12.952405], [77.556534, 12.95326], [77.558482, 12.953132], [77.558478, 12.953187], [77.558808, 12.953219], [77.559811, 12.95368], [77.560357, 12.953655], [77.561024, 12.953365], [77.561692, 12.953368], [77.561794, 12.95165], [77.562293, 12.95081], [77.562272, 12.950358], [77.562121, 12.949909], [77.561495, 12.949356], [77.561495, 12.949258], [77.562354, 12.948939], [77.562826, 12.949106], [77.563441, 12.948795], [77.564239, 12.948519], [77.564239, 12.946199], [77.563332, 12.946235], [77.563336, 12.94653]]]}}, {"type": "Feature", "properties": {"ward_name": "25 - Ashokanagar", "Corporation": "Central", "valley": "Koramangala Challaghatta Valley", "subvalley": "KC_1", "Assembly": "163 - Shanthinagar"}, "geometry": {"type": "Polygon", "coordinates": [[[77.602479, 12.959792], [77.602961, 12.961239], [77.602594, 12.961379], [77.603039, 12.962851], [77.602165, 12.962971], [77.602591, 12.964789], [77.602637, 12.965641], [77.596929, 12.964846], [77.596399, 12.964893], [77.596107, 12.964995], [77.595811, 12.965282], [77.595221, 12.966173], [77.595066, 12.966569], [77.594947, 12.967505], [77.593953, 12.972024], [77.595052, 12.973444], [77.596636, 12.974721], [77.599321, 12.976665], [77.597512, 12.980544], [77.59776, 12.980748], [77.614387, 12.975303], [77.613853, 12.973727], [77.619301, 12.972493], [77.619488, 12.97238], [77.619527, 12.972217], [77.619505, 12.971678], [77.619965, 12.968234], [77.62052, 12.966673], [77.620012, 12.966189], [77.619637, 12.965559], [77.619193, 12.965437], [77.617672, 12.965322], [77.618935, 12.962457], [77.616029, 12.96158], [77.614159, 12.961535], [77.61271, 12.961631], [77.612418, 12.961825], [77.61123, 12.963262], [77.608769, 12.966671], [77.606802, 12.966251], [77.606677, 12.963462], [77.606739, 12.962878], [77.606604, 12.961473], [77.60598, 12.958031], [77.604606, 12.958619], [77.604204, 12.959012], [77.603784, 12.959269], [77.602479, 12.959792]]]}}, {"type": "Feature", "properties": {"ward_name": "64 - Yeshwanthpura", "Corporation": "North", "valley": "Hebbal Nagawara Valley,Vrishabhavati Valley", "subvalley": "HN_1,VV_1", "Assembly": "154 - Rajarajeshwarinagar"}, "geometry": {"type": "Polygon", "coordinates": [[[77.556185, 13.021302], [77.555486, 13.019842], [77.554342, 13.019816], [77.553888, 13.01919], [77.553341, 13.020309], [77.552094, 13.022311], [77.550774, 13.02471], [77.551302, 13.025016], [77.551405, 13.024846], [77.552351, 13.024147], [77.552563, 13.02414], [77.552856, 13.024159], [77.552755, 13.024555], [77.553524, 13.024604], [77.553519, 13.024704], [77.554027, 13.024763], [77.55363, 13.027211], [77.554456, 13.027188], [77.554431, 13.027808], [77.55478, 13.027791], [77.554767, 13.027534], [77.55569, 13.027517], [77.5556, 13.026804], [77.556578, 13.026697], [77.556677, 13.026158], [77.557057, 13.026249], [77.557386, 13.024926], [77.557506, 13.024973], [77.556931, 13.023191], [77.556185, 13.021302]]]}}, {"type": "Feature", "properties": {"ward_name": "36 - Maruthi Seva Nagara", "Corporation": "North", "valley": "Koramangala Challaghatta Valley,Hebbal Nagawara Valley", "subvalley": "KC_1,HN_1", "Assembly": "160 - Sarvagnanagar"}, "geometry": {"type": "Polygon", "coordinates": [[[77.625254, 12.999819], [77.624561, 12.999094], [77.623214, 12.998047], [77.622816, 12.99796], [77.622395, 12.997998], [77.620183, 12.999965], [77.620303, 13.00012], [77.620346, 13.00135], [77.620739, 13.002285], [77.619676, 13.003151], [77.619572, 13.003396], [77.619546, 13.003768], [77.619962, 13.004693], [77.621615, 13.007105], [77.623241, 13.008963], [77.623961, 13.010205], [77.625056, 13.011282], [77.625639, 13.012092], [77.626824, 13.011774], [77.627094, 13.011759], [77.626979, 13.011208], [77.627044, 13.011144], [77.626686, 13.009596], [77.627456, 13.009456], [77.627293, 13.008829], [77.627414, 13.00824], [77.627774, 13.008195], [77.62838, 13.007936], [77.629054, 13.007787], [77.62896, 13.007386], [77.629827, 13.007137], [77.629494, 13.006414], [77.627749, 13.006935], [77.627491, 13.006232], [77.631368, 13.004723], [77.633714, 13.004119], [77.634921, 13.003969], [77.636646, 13.004227], [77.635298, 13.00312], [77.634147, 13.002373], [77.629952, 13.001477], [77.627299, 13.001082], [77.625254, 12.999819]]]}}, {"type": "Feature", "properties": {"ward_name": "111 - Ittamadu", "Corporation": "West", "valley": "Vrishabhavati Valley", "subvalley": "VV_1", "Assembly": "171 - Padmanabanagar"}, "geometry": {"type": "Polygon", "coordinates": [[[77.541593, 12.92907], [77.541311, 12.927876], [77.541153, 12.926691], [77.541799, 12.926574], [77.541723, 12.926297], [77.542321, 12.926144], [77.542409, 12.926444], [77.543074, 12.926635], [77.543256, 12.926339], [77.5439, 12.926239], [77.544379, 12.926052], [77.543438, 12.923252], [77.543495, 12.922496], [77.543425, 12.921798], [77.542873, 12.920475], [77.542267, 12.919525], [77.541998, 12.918797], [77.541685, 12.918788], [77.541346, 12.918529], [77.540965, 12.918366], [77.540577, 12.918049], [77.540361, 12.918051], [77.539308, 12.917519], [77.538488, 12.917988], [77.538364, 12.918094], [77.538323, 12.918279], [77.538782, 12.91865], [77.538774, 12.918928], [77.538538, 12.919411], [77.538558, 12.919638], [77.538692, 12.919751], [77.538885, 12.920168], [77.53894, 12.920745], [77.53922, 12.921274], [77.539307, 12.921872], [77.539695, 12.921973], [77.53989, 12.922249], [77.540244, 12.923237], [77.540276, 12.92405], [77.540126, 12.924251], [77.53968, 12.92452], [77.538869, 12.924728], [77.538567, 12.924502], [77.538584, 12.92464], [77.538937, 12.924841], [77.539147, 12.925473], [77.539046, 12.92594], [77.538714, 12.926155], [77.539467, 12.928744], [77.540811, 12.92841], [77.541024, 12.929211], [77.541593, 12.92907]]]}}, {"type": "Feature", "properties": {"ward_name": "109 - Kamakya Layout", "Corporation": "West", "valley": "Vrishabhavati Valley", "subvalley": "VV_1", "Assembly": "171 - Padmanabanagar"}, "geometry": {"type": "Polygon", "coordinates": [[[77.548447, 12.91966], [77.547564, 12.919661], [77.547507, 12.92057], [77.54811, 12.920618], [77.548009, 12.921431], [77.548642, 12.921375], [77.548847, 12.922162], [77.548951, 12.92296], [77.548844, 12.92304], [77.548696, 12.922966], [77.548534, 12.921968], [77.547754, 12.922051], [77.54774, 12.922642], [77.547224, 12.922575], [77.547186, 12.922255], [77.546642, 12.922261], [77.546663, 12.922694], [77.545354, 12.922805], [77.545333, 12.922644], [77.545107, 12.92266], [77.545287, 12.92364], [77.545138, 12.924376], [77.545186, 12.924796], [77.545375, 12.925362], [77.545041, 12.925481], [77.545132, 12.92576], [77.5439, 12.926239], [77.543256, 12.926339], [77.543074, 12.926635], [77.542409, 12.926444], [77.542321, 12.926144], [77.541723, 12.926297], [77.541799, 12.926574], [77.541153, 12.926691], [77.541311, 12.927876], [77.541593, 12.92907], [77.541024, 12.929211], [77.540811, 12.92841], [77.540017, 12.928606], [77.540463, 12.930442], [77.540588, 12.930369], [77.541418, 12.93215], [77.542484, 12.931381], [77.544492, 12.929528], [77.546053, 12.928207], [77.548152, 12.926565], [77.549271, 12.925793], [77.551444, 12.924599], [77.556257, 12.922986], [77.555692, 12.921179], [77.555699, 12.921023], [77.554199, 12.921045], [77.553982, 12.920965], [77.553138, 12.920375], [77.552787, 12.920055], [77.552641, 12.919679], [77.552152, 12.919753], [77.551923, 12.91866], [77.552032, 12.91812], [77.552008, 12.917911], [77.551609, 12.917076], [77.550896, 12.916408], [77.550705, 12.916121], [77.550604, 12.915784], [77.548036, 12.916492], [77.548101, 12.91716], [77.548455, 12.917175], [77.548558, 12.917806], [77.549327, 12.917618], [77.549797, 12.91942], [77.548447, 12.91966]]]}}, {"type": "Feature", "properties": {"ward_name": "110 - Chikkalasandra", "Corporation": "West", "valley": "Vrishabhavati Valley", "subvalley": "VV_1", "Assembly": "171 - Padmanabanagar"}, "geometry": {"type": "Polygon", "coordinates": [[[77.548447, 12.91966], [77.549797, 12.91942], [77.549327, 12.917618], [77.548558, 12.917806], [77.548624, 12.91803], [77.546844, 12.918327], [77.546724, 12.91803], [77.544764, 12.918287], [77.544698, 12.917519], [77.543172, 12.917643], [77.541929, 12.918221], [77.541976, 12.918769], [77.542129, 12.919215], [77.542873, 12.920475], [77.543425, 12.921798], [77.543495, 12.922496], [77.543438, 12.923252], [77.544379, 12.926052], [77.545132, 12.92576], [77.545041, 12.925481], [77.545375, 12.925362], [77.545186, 12.924796], [77.545138, 12.924376], [77.545287, 12.92364], [77.545107, 12.92266], [77.545333, 12.922644], [77.545354, 12.922805], [77.546663, 12.922694], [77.546642, 12.922261], [77.547186, 12.922255], [77.547224, 12.922575], [77.54774, 12.922642], [77.547754, 12.922051], [77.548534, 12.921968], [77.548696, 12.922966], [77.548844, 12.92304], [77.548951, 12.92296], [77.548847, 12.922162], [77.548642, 12.921375], [77.548009, 12.921431], [77.54811, 12.920618], [77.547507, 12.92057], [77.547564, 12.919661], [77.548447, 12.91966]]]}}, {"type": "Feature", "properties": {"ward_name": "61 - Dattatreya Ward", "Corporation": "Central", "valley": "Vrishabhavati Valley", "subvalley": "VV_1", "Assembly": "164 - Gandhinagara"}, "geometry": {"type": "Polygon", "coordinates": [[[77.576494, 12.997611], [77.576482, 12.997178], [77.575941, 12.997159], [77.575939, 12.997028], [77.575454, 12.996859], [77.575393, 12.996932], [77.574892, 12.996846], [77.574033, 12.996914], [77.574057, 12.996398], [77.571023, 12.996311], [77.57106, 12.993383], [77.571483, 12.993415], [77.571609, 12.990955], [77.571902, 12.989579], [77.571648, 12.989578], [77.571514, 12.989482], [77.568816, 12.993171], [77.568575, 12.993393], [77.568318, 12.993384], [77.567179, 12.994788], [77.5661, 12.996609], [77.566787, 12.996857], [77.568728, 12.996753], [77.571456, 12.996856], [77.571295, 13.003321], [77.572166, 13.003372], [77.572277, 13.001862], [77.572249, 13.001007], [77.573799, 13.000961], [77.573975, 12.998906], [77.576907, 12.998921], [77.577947, 12.999184], [77.578433, 12.999127], [77.57832, 12.997581], [77.576494, 12.997611]]]}}, {"type": "Feature", "properties": {"ward_name": "58 - Arakere", "Corporation": "South", "valley": "Koramangala Challaghatta Valley", "subvalley": "KC_1", "Assembly": "175 - Bommanahalli"}, "geometry": {"type": "Polygon", "coordinates": [[[77.60947, 12.880418], [77.609506, 12.880947], [77.607097, 12.881165], [77.606554, 12.881287], [77.606677, 12.882242], [77.605332, 12.882373], [77.605178, 12.88135], [77.604273, 12.881478], [77.602301, 12.882148], [77.602305, 12.882572], [77.601271, 12.882672], [77.601079, 12.880718], [77.598284, 12.881024], [77.596733, 12.88161], [77.596024, 12.88162], [77.597135, 12.887973], [77.597533, 12.889122], [77.598157, 12.890574], [77.599533, 12.890349], [77.599885, 12.890076], [77.601825, 12.889377], [77.602054, 12.890153], [77.601928, 12.890193], [77.601998, 12.890494], [77.603294, 12.890258], [77.603173, 12.88948], [77.603433, 12.889398], [77.603814, 12.889775], [77.604464, 12.889488], [77.60749, 12.888464], [77.608801, 12.888294], [77.608813, 12.8868], [77.610505, 12.886847], [77.610203, 12.885597], [77.610084, 12.884444], [77.610097, 12.88333], [77.609981, 12.88213], [77.610031, 12.880456], [77.60947, 12.880418]]]}}, {"type": "Feature", "properties": {"ward_name": "22 - Mahadevapura", "Corporation": "East", "valley": "Koramangala Challaghatta Valley", "subvalley": "KC_2", "Assembly": "151 - K.R. Pura"}, "geometry": {"type": "Polygon", "coordinates": [[[77.675563, 12.991546], [77.676569, 12.991263], [77.676683, 12.991703], [77.676409, 12.99176], [77.67663, 12.992567], [77.675933, 12.992702], [77.675806, 12.993267], [77.67596, 12.993603], [77.676732, 12.994469], [77.677102, 12.995045], [77.677565, 12.994898], [77.6791, 12.994729], [77.682092, 12.994857], [77.682132, 12.994796], [77.68253, 12.994824], [77.682542, 12.994977], [77.682918, 12.99503], [77.683202, 12.995157], [77.68326, 12.995727], [77.683422, 12.996226], [77.683647, 12.996329], [77.68743, 12.991197], [77.687657, 12.991394], [77.687851, 12.991416], [77.688021, 12.991531], [77.68849, 12.992072], [77.688773, 12.991923], [77.689681, 12.991663], [77.690612, 12.991634], [77.690894, 12.991561], [77.693494, 12.990415], [77.694289, 12.990297], [77.694522, 12.990388], [77.694782, 12.990324], [77.695145, 12.990375], [77.695563, 12.990279], [77.695555, 12.98899], [77.695715, 12.988771], [77.695577, 12.98767], [77.695593, 12.986698], [77.695849, 12.983922], [77.695673, 12.982349], [77.695375, 12.98179], [77.695183, 12.981121], [77.695056, 12.981232], [77.694499, 12.981384], [77.694372, 12.981566], [77.694008, 12.981527], [77.693501, 12.981583], [77.693316, 12.981873], [77.69223, 12.98186], [77.691604, 12.981538], [77.690178, 12.981799], [77.688822, 12.978507], [77.687187, 12.97943], [77.687216, 12.979482], [77.679803, 12.983666], [77.679704, 12.983617], [77.679068, 12.983989], [77.678591, 12.984081], [77.678472, 12.984269], [77.678242, 12.984439], [77.677719, 12.984657], [77.676457, 12.985476], [77.67579, 12.985821], [77.674459, 12.98673], [77.674656, 12.986726], [77.674722, 12.98702], [77.675027, 12.987162], [77.674927, 12.990098], [77.674802, 12.990094], [77.675036, 12.991366], [77.675475, 12.991255], [77.675563, 12.991546]]]}}, {"type": "Feature", "properties": {"ward_name": "38 - Shampura", "Corporation": "North", "valley": "Hebbal Nagawara Valley", "subvalley": "HN_1", "Assembly": "159 - Pulakeshinagar"}, "geometry": {"type": "Polygon", "coordinates": [[[77.609436, 13.02391], [77.608245, 13.024146], [77.608961, 13.0259], [77.607553, 13.026262], [77.606955, 13.024846], [77.605677, 13.025341], [77.605104, 13.024395], [77.603424, 13.024738], [77.604295, 13.027423], [77.606454, 13.026852], [77.6074, 13.028997], [77.608071, 13.030066], [77.608364, 13.031343], [77.609157, 13.034076], [77.609821, 13.036868], [77.610279, 13.038206], [77.610772, 13.036125], [77.61115, 13.034942], [77.611559, 13.034114], [77.611852, 13.033664], [77.615759, 13.028797], [77.615658, 13.028732], [77.615893, 13.028476], [77.616161, 13.028], [77.616122, 13.027835], [77.615827, 13.027523], [77.614717, 13.026632], [77.614028, 13.026215], [77.613549, 13.025776], [77.613159, 13.025042], [77.612615, 13.023757], [77.609624, 13.024522], [77.609436, 13.02391]]]}}, {"type": "Feature", "properties": {"ward_name": "57 - Bhoopasandra", "Corporation": "North", "valley": "Hebbal Nagawara Valley", "subvalley": "HN_1", "Assembly": "158 - Hebbal"}, "geometry": {"type": "Polygon", "coordinates": [[[77.580657, 13.025926], [77.580105, 13.026511], [77.579719, 13.027105], [77.578971, 13.028794], [77.578176, 13.029928], [77.577747, 13.030373], [77.576112, 13.033323], [77.575266, 13.035227], [77.575891, 13.035273], [77.575916, 13.035637], [77.578932, 13.035736], [77.579018, 13.036924], [77.578516, 13.036947], [77.578501, 13.036998], [77.579005, 13.038667], [77.578403, 13.03878], [77.578521, 13.03911], [77.577101, 13.039172], [77.577098, 13.038802], [77.57641, 13.038792], [77.576354, 13.039844], [77.576173, 13.039837], [77.576115, 13.040413], [77.576158, 13.040757], [77.577, 13.04267], [77.574782, 13.042434], [77.575023, 13.043322], [77.57538, 13.043226], [77.575508, 13.043799], [77.574428, 13.044224], [77.575122, 13.045579], [77.575603, 13.046817], [77.575837, 13.047099], [77.575839, 13.047432], [77.57824, 13.047651], [77.578853, 13.047568], [77.579302, 13.047415], [77.579992, 13.046983], [77.581322, 13.04596], [77.58237, 13.045042], [77.584794, 13.043479], [77.585678, 13.043095], [77.588559, 13.042579], [77.590572, 13.043111], [77.590264, 13.042433], [77.59002, 13.041605], [77.589903, 13.041633], [77.5898, 13.0412], [77.589696, 13.040167], [77.589308, 13.037915], [77.58917, 13.036238], [77.588805, 13.035237], [77.588243, 13.033302], [77.587589, 13.031958], [77.58593, 13.027929], [77.584655, 13.022913], [77.583685, 13.023671], [77.582737, 13.024551], [77.582349, 13.02479], [77.581279, 13.025215], [77.581096, 13.025412], [77.581016, 13.025696], [77.580657, 13.025926]]]}}, {"type": "Feature", "properties": {"ward_name": "42 - Sunkenahalli", "Corporation": "Central", "valley": "Koramangala Challaghatta Valley,Vrishabhavati Valley", "subvalley": "KC_1,VV_1", "Assembly": "169 - Chickpet"}, "geometry": {"type": "Polygon", "coordinates": [[[77.56694, 12.941659], [77.566728, 12.941148], [77.566648, 12.940176], [77.56617, 12.940182], [77.566076, 12.940124], [77.56595, 12.93991], [77.565907, 12.939332], [77.563973, 12.939305], [77.564979, 12.941007], [77.565099, 12.941748], [77.564296, 12.941738], [77.564217, 12.947287], [77.567769, 12.947333], [77.567672, 12.950641], [77.56636, 12.950771], [77.566608, 12.952789], [77.567586, 12.952822], [77.567405, 12.957095], [77.573085, 12.957243], [77.573529, 12.957358], [77.573698, 12.95317], [77.573796, 12.944547], [77.576839, 12.944546], [77.577066, 12.944364], [77.577243, 12.944382], [77.577485, 12.944278], [77.577718, 12.943957], [77.577738, 12.943619], [77.57886, 12.943657], [77.578881, 12.942554], [77.57775, 12.942563], [77.577782, 12.940582], [77.58007, 12.94058], [77.580108, 12.937478], [77.580037, 12.936775], [77.580089, 12.936774], [77.580035, 12.936775], [77.577676, 12.939689], [77.577757, 12.940596], [77.573845, 12.940628], [77.573788, 12.940689], [77.57378, 12.943681], [77.567835, 12.943601], [77.567845, 12.942803], [77.567493, 12.942269], [77.56694, 12.941659]]]}}, {"type": "Feature", "properties": {"ward_name": "106 - Devagiri Temple Ward", "Corporation": "West", "valley": "Vrishabhavati Valley", "subvalley": "VV_1", "Assembly": "171 - Padmanabanagar"}, "geometry": {"type": "Polygon", "coordinates": [[[77.568088, 12.929973], [77.56668, 12.92996], [77.567376, 12.931851], [77.567484, 12.931911], [77.567855, 12.932703], [77.567973, 12.932728], [77.568918, 12.932495], [77.568886, 12.932374], [77.570924, 12.93183], [77.571337, 12.932515], [77.5714, 12.932505], [77.571173, 12.930278], [77.572237, 12.930275], [77.572093, 12.929717], [77.575045, 12.929214], [77.575265, 12.930297], [77.576312, 12.930407], [77.576162, 12.930875], [77.577075, 12.930869], [77.577063, 12.932441], [77.577774, 12.932935], [77.578229, 12.933091], [77.579617, 12.93306], [77.579702, 12.923436], [77.573601, 12.923558], [77.573575, 12.925304], [77.572579, 12.925355], [77.571396, 12.925613], [77.571548, 12.924816], [77.571433, 12.924357], [77.570469, 12.924608], [77.570554, 12.924981], [77.570314, 12.92584], [77.570138, 12.926069], [77.569739, 12.926376], [77.569536, 12.926451], [77.570751, 12.926472], [77.571125, 12.929838], [77.568088, 12.929973]]]}}, {"type": "Feature", "properties": {"ward_name": "108 - Ganesh Mandira Ward", "Corporation": "West", "valley": "Vrishabhavati Valley", "subvalley": "VV_1", "Assembly": "171 - Padmanabanagar"}, "geometry": {"type": "Polygon", "coordinates": [[[77.56565, 12.92259], [77.565218, 12.921135], [77.565726, 12.920995], [77.565212, 12.919426], [77.564474, 12.917705], [77.564102, 12.91844], [77.563433, 12.919424], [77.562088, 12.920481], [77.561768, 12.921294], [77.561524, 12.921612], [77.558752, 12.92217], [77.556253, 12.922973], [77.554463, 12.923566], [77.554508, 12.923897], [77.55492, 12.925203], [77.555141, 12.92551], [77.556212, 12.926414], [77.558288, 12.927795], [77.559139, 12.928195], [77.559582, 12.928626], [77.56019, 12.929452], [77.561476, 12.930363], [77.561913, 12.930592], [77.562378, 12.930623], [77.562525, 12.930713], [77.563668, 12.930394], [77.563687, 12.930498], [77.566676, 12.929949], [77.569348, 12.929949], [77.571125, 12.929838], [77.570751, 12.926472], [77.569536, 12.926451], [77.569739, 12.926376], [77.570138, 12.926069], [77.570314, 12.92584], [77.570554, 12.924981], [77.570126, 12.922954], [77.569579, 12.921052], [77.569062, 12.921195], [77.569256, 12.921877], [77.56565, 12.92259]]]}}, {"type": "Feature", "properties": {"ward_name": "76 - Moodalapalya", "Corporation": "West", "valley": "Vrishabhavati Valley", "subvalley": "VV_1", "Assembly": "166 - Govindraj Nagar"}, "geometry": {"type": "Polygon", "coordinates": [[[77.517724, 12.969699], [77.51794, 12.969823], [77.518332, 12.970322], [77.518542, 12.970715], [77.518535, 12.970905], [77.517907, 12.97189], [77.517908, 12.972245], [77.518168, 12.972764], [77.518102, 12.972909], [77.517793, 12.973172], [77.517627, 12.973207], [77.517395, 12.973118], [77.517296, 12.973362], [77.517338, 12.973703], [77.517822, 12.975128], [77.518036, 12.975194], [77.518209, 12.975354], [77.520568, 12.974535], [77.520518, 12.974356], [77.521473, 12.974207], [77.522236, 12.973981], [77.522361, 12.974265], [77.524802, 12.973538], [77.524593, 12.972844], [77.525337, 12.9727], [77.525097, 12.971561], [77.525507, 12.97151], [77.525453, 12.970757], [77.524961, 12.970758], [77.524644, 12.96988], [77.524622, 12.969359], [77.521397, 12.97001], [77.521369, 12.969952], [77.520789, 12.970022], [77.520778, 12.969892], [77.519591, 12.97003], [77.519545, 12.969894], [77.519126, 12.969996], [77.51883, 12.968945], [77.51749, 12.969243], [77.517441, 12.969307], [77.517724, 12.969699]]]}}, {"type": "Feature", "properties": {"ward_name": "21 - Uday Nagar", "Corporation": "East", "valley": "Koramangala Challaghatta Valley", "subvalley": "KC_2", "Assembly": "151 - K.R. Pura"}, "geometry": {"type": "Polygon", "coordinates": [[[77.676683, 12.991703], [77.676569, 12.991263], [77.675563, 12.991546], [77.675475, 12.991255], [77.675036, 12.991366], [77.674802, 12.990094], [77.674927, 12.990098], [77.675027, 12.987162], [77.674722, 12.98702], [77.674656, 12.986726], [77.674459, 12.98673], [77.674924, 12.986368], [77.672933, 12.98637], [77.672139, 12.985994], [77.671712, 12.985878], [77.671353, 12.986026], [77.671283, 12.9859], [77.669796, 12.986156], [77.66948, 12.986122], [77.668884, 12.985976], [77.667973, 12.985491], [77.667817, 12.985874], [77.667526, 12.985937], [77.667492, 12.987219], [77.667366, 12.988], [77.66741, 12.988671], [77.667629, 12.989526], [77.667885, 12.989757], [77.668164, 12.989842], [77.668364, 12.990195], [77.668307, 12.990227], [77.668436, 12.9903], [77.668475, 12.990443], [77.668373, 12.990639], [77.668705, 12.990807], [77.668532, 12.991201], [77.669045, 12.991401], [77.669059, 12.991677], [77.668964, 12.991681], [77.668703, 12.992218], [77.66894, 12.992338], [77.668789, 12.9927], [77.668989, 12.992749], [77.669067, 12.993807], [77.669623, 12.994026], [77.670216, 12.993942], [77.670406, 12.994262], [77.670631, 12.994305], [77.670758, 12.994691], [77.671051, 12.994666], [77.671084, 12.994751], [77.672072, 12.995123], [77.672113, 12.995508], [77.672004, 12.996168], [77.672167, 12.996195], [77.672295, 12.995839], [77.672916, 12.996014], [77.672941, 12.995888], [77.673444, 12.995712], [77.674448, 12.995159], [77.674592, 12.995219], [77.67542, 12.994995], [77.675448, 12.995398], [77.675517, 12.995516], [77.675651, 12.995473], [77.676732, 12.994469], [77.67596, 12.993603], [77.675795, 12.993181], [77.675933, 12.992702], [77.67663, 12.992567], [77.676409, 12.99176], [77.676683, 12.991703]]]}}, {"type": "Feature", "properties": {"ward_name": "91 - Gali Anjaneya Temple Ward", "Corporation": "West", "valley": "Vrishabhavati Valley", "subvalley": "VV_1", "Assembly": "167 - Vijayanagar"}, "geometry": {"type": "Polygon", "coordinates": [[[77.540823, 12.953999], [77.540813, 12.953304], [77.541194, 12.953134], [77.541699, 12.953048], [77.542476, 12.95364], [77.543791, 12.954145], [77.545509, 12.955569], [77.546304, 12.956037], [77.546368, 12.955517], [77.546224, 12.951905], [77.545764, 12.95174], [77.545457, 12.951721], [77.544484, 12.952215], [77.543431, 12.948614], [77.54325, 12.94824], [77.543006, 12.94794], [77.542718, 12.948056], [77.541958, 12.948054], [77.541218, 12.948165], [77.540208, 12.948567], [77.539399, 12.948789], [77.538864, 12.948768], [77.538657, 12.948659], [77.538502, 12.948726], [77.538442, 12.948787], [77.538491, 12.949117], [77.538716, 12.949705], [77.538101, 12.949912], [77.538219, 12.949996], [77.538318, 12.950231], [77.538407, 12.950862], [77.537676, 12.950442], [77.53739, 12.951074], [77.536753, 12.953055], [77.536564, 12.953355], [77.535654, 12.954259], [77.536244, 12.954909], [77.535571, 12.955484], [77.535487, 12.955662], [77.535249, 12.956938], [77.535612, 12.957155], [77.535229, 12.958237], [77.534436, 12.959999], [77.535131, 12.960039], [77.53526, 12.960367], [77.535488, 12.960259], [77.536075, 12.960977], [77.535468, 12.96095], [77.535586, 12.961307], [77.535193, 12.961319], [77.535318, 12.961653], [77.534945, 12.961662], [77.535216, 12.962363], [77.535242, 12.962628], [77.535765, 12.963853], [77.536908, 12.963751], [77.536847, 12.963412], [77.537467, 12.963333], [77.537209, 12.962087], [77.537557, 12.962089], [77.537516, 12.96179], [77.536926, 12.96015], [77.536549, 12.959667], [77.537077, 12.959471], [77.537199, 12.959978], [77.538283, 12.958923], [77.538197, 12.958179], [77.537474, 12.958266], [77.537349, 12.957961], [77.538262, 12.957302], [77.537449, 12.956237], [77.537933, 12.956076], [77.537904, 12.95579], [77.538098, 12.955759], [77.53805, 12.955203], [77.537805, 12.955233], [77.537731, 12.954313], [77.538712, 12.954148], [77.538876, 12.954133], [77.538896, 12.954204], [77.540823, 12.953999]]]}}, {"type": "Feature", "properties": {"ward_name": "40 - Mahalakshmipuram", "Corporation": "West", "valley": "Vrishabhavati Valley", "subvalley": "VV_1", "Assembly": "156 - Mahalakshmi Layout"}, "geometry": {"type": "Polygon", "coordinates": [[[77.534518, 13.00719], [77.535296, 13.005366], [77.53604, 13.006776], [77.53633, 13.006443], [77.536485, 13.006658], [77.537254, 13.006192], [77.537444, 13.006514], [77.537911, 13.006747], [77.53742, 13.006992], [77.537441, 13.007096], [77.538693, 13.006844], [77.538864, 13.007993], [77.539226, 13.007952], [77.539349, 13.009004], [77.54114, 13.008751], [77.541284, 13.009438], [77.541224, 13.00952], [77.541257, 13.009701], [77.540056, 13.009858], [77.540481, 13.012557], [77.540643, 13.012489], [77.541371, 13.012565], [77.541633, 13.012514], [77.54202, 13.012357], [77.542276, 13.01203], [77.542792, 13.011932], [77.545205, 13.012589], [77.546591, 13.013054], [77.546796, 13.013043], [77.546965, 13.014346], [77.547254, 13.015765], [77.548421, 13.014957], [77.547934, 13.013868], [77.547579, 13.013706], [77.547489, 13.013568], [77.54756, 13.012419], [77.54767, 13.012288], [77.547277, 13.01209], [77.546882, 13.011737], [77.545187, 13.011496], [77.543877, 13.010637], [77.543545, 13.008614], [77.543153, 13.008665], [77.543041, 13.008414], [77.543023, 13.008016], [77.54262, 13.008091], [77.542349, 13.007171], [77.542707, 13.007054], [77.542211, 13.005872], [77.541888, 13.006017], [77.54112, 13.006158], [77.540865, 13.004193], [77.53947, 13.004501], [77.538123, 13.005078], [77.537988, 13.00482], [77.537717, 13.004559], [77.536825, 13.003867], [77.536566, 13.003341], [77.535819, 13.00372], [77.535894, 13.003473], [77.533993, 13.005027], [77.534559, 13.005467], [77.533372, 13.006337], [77.534518, 13.00719]]]}}, {"type": "Feature", "properties": {"ward_name": "56 - Doresanipalya", "Corporation": "South", "valley": "Koramangala Challaghatta Valley,Vrishabhavati Valley", "subvalley": "KC_1,VV_1", "Assembly": "175 - Bommanahalli"}, "geometry": {"type": "Polygon", "coordinates": [[[77.59023, 12.889453], [77.590531, 12.890138], [77.59159, 12.889869], [77.592064, 12.891441], [77.590082, 12.892344], [77.589802, 12.894392], [77.589838, 12.895532], [77.589771, 12.89585], [77.590023, 12.895855], [77.59001, 12.897566], [77.591572, 12.898021], [77.59134, 12.899306], [77.591321, 12.8998], [77.589545, 12.899583], [77.589468, 12.899732], [77.589327, 12.901134], [77.589671, 12.901121], [77.589507, 12.903192], [77.589468, 12.903401], [77.588936, 12.903324], [77.588759, 12.904992], [77.590051, 12.904795], [77.590234, 12.905711], [77.59147, 12.905602], [77.591461, 12.905436], [77.591903, 12.905366], [77.592936, 12.905292], [77.593408, 12.905272], [77.593415, 12.905567], [77.593562, 12.90557], [77.593763, 12.904898], [77.593992, 12.902662], [77.594911, 12.902642], [77.595011, 12.901706], [77.595773, 12.901578], [77.596695, 12.901317], [77.598027, 12.900832], [77.598124, 12.900576], [77.598672, 12.900223], [77.598628, 12.899702], [77.597687, 12.896945], [77.598051, 12.896819], [77.598669, 12.896445], [77.599499, 12.896263], [77.599614, 12.896477], [77.599837, 12.896441], [77.599247, 12.894369], [77.59882, 12.892418], [77.597135, 12.887973], [77.594827, 12.874775], [77.594277, 12.873142], [77.594203, 12.87297], [77.593958, 12.87285], [77.592954, 12.872719], [77.592658, 12.872099], [77.590358, 12.870532], [77.588889, 12.869843], [77.588834, 12.872646], [77.587559, 12.873056], [77.587295, 12.873193], [77.586785, 12.873631], [77.586083, 12.874036], [77.586244, 12.874457], [77.589174, 12.876441], [77.589593, 12.876927], [77.589595, 12.877836], [77.590192, 12.879182], [77.590612, 12.881308], [77.590569, 12.882695], [77.591197, 12.884157], [77.591628, 12.885857], [77.591796, 12.8883], [77.590709, 12.888603], [77.588281, 12.889016], [77.59023, 12.889453]]]}}, {"type": "Feature", "properties": {"ward_name": "56 - Hebbal", "Corporation": "North", "valley": "Hebbal Nagawara Valley", "subvalley": "HN_1", "Assembly": "158 - Hebbal"}, "geometry": {"type": "Polygon", "coordinates": [[[77.596892, 13.040124], [77.596527, 13.039685], [77.596365, 13.039239], [77.59626, 13.039184], [77.596257, 13.039033], [77.596947, 13.037185], [77.597357, 13.037039], [77.597478, 13.036706], [77.596902, 13.03536], [77.596756, 13.034023], [77.596579, 13.034028], [77.596453, 13.032506], [77.595289, 13.032137], [77.595235, 13.032531], [77.594626, 13.032502], [77.594576, 13.032587], [77.594294, 13.032568], [77.594403, 13.031625], [77.593957, 13.031527], [77.593771, 13.03068], [77.59376, 13.030252], [77.593891, 13.030022], [77.593892, 13.029829], [77.593799, 13.029707], [77.593358, 13.029754], [77.593264, 13.0295], [77.593123, 13.029491], [77.588465, 13.029818], [77.588304, 13.028726], [77.588228, 13.028716], [77.588259, 13.028233], [77.586611, 13.028086], [77.586584, 13.028515], [77.586182, 13.02855], [77.587589, 13.031958], [77.588243, 13.033302], [77.588805, 13.035237], [77.58917, 13.036238], [77.589308, 13.037915], [77.589903, 13.041633], [77.592669, 13.04106], [77.593194, 13.041049], [77.595055, 13.041277], [77.598046, 13.041205], [77.597888, 13.040603], [77.598172, 13.040604], [77.598261, 13.039997], [77.597428, 13.039928], [77.59742, 13.039811], [77.597143, 13.03984], [77.597169, 13.040078], [77.596892, 13.040124]]]}}, {"type": "Feature", "properties": {"ward_name": "38 - Whitefield", "Corporation": "East", "valley": "Koramangala Challaghatta Valley", "subvalley": "KC_2", "Assembly": "174 - Mahadevapura"}, "geometry": {"type": "Polygon", "coordinates": [[[77.755541, 12.975124], [77.75614, 12.976174], [77.756317, 12.976741], [77.75707, 12.976714], [77.758293, 12.976641], [77.759256, 12.976414], [77.760756, 12.975766], [77.761327, 12.975631], [77.763404, 12.975372], [77.762671, 12.972912], [77.762566, 12.971586], [77.762613, 12.971117], [77.762439, 12.970242], [77.762449, 12.969194], [77.762623, 12.968318], [77.7626, 12.967866], [77.762725, 12.967403], [77.763095, 12.966714], [77.762168, 12.96676], [77.760267, 12.967114], [77.756872, 12.968112], [77.753667, 12.969445], [77.752851, 12.969668], [77.752386, 12.969712], [77.752555, 12.970644], [77.751562, 12.970736], [77.750149, 12.971027], [77.749785, 12.968585], [77.749505, 12.967498], [77.747854, 12.962306], [77.74763, 12.96137], [77.747841, 12.961439], [77.750509, 12.96308], [77.750483, 12.961521], [77.750179, 12.960604], [77.749603, 12.96058], [77.749522, 12.960652], [77.749277, 12.960664], [77.749091, 12.960603], [77.748971, 12.959949], [77.749039, 12.958288], [77.747644, 12.95816], [77.747235, 12.95819], [77.746215, 12.958593], [77.745718, 12.957516], [77.745458, 12.95714], [77.74489, 12.956696], [77.74351, 12.956949], [77.743435, 12.956587], [77.744315, 12.956395], [77.743747, 12.955075], [77.74364, 12.954668], [77.742991, 12.953824], [77.741875, 12.953308], [77.741557, 12.953277], [77.741374, 12.953112], [77.73985, 12.952648], [77.739396, 12.952236], [77.739235, 12.952177], [77.738538, 12.952248], [77.738149, 12.952143], [77.737532, 12.951533], [77.737289, 12.952633], [77.736839, 12.952468], [77.736855, 12.952342], [77.736134, 12.952113], [77.736049, 12.95237], [77.735463, 12.952253], [77.735462, 12.953417], [77.736018, 12.953576], [77.735953, 12.954042], [77.735977, 12.954809], [77.735863, 12.955609], [77.736746, 12.95593], [77.736598, 12.956981], [77.73414, 12.956671], [77.730988, 12.956168], [77.731877, 12.958664], [77.732964, 12.962248], [77.733289, 12.965056], [77.733859, 12.967324], [77.734137, 12.967811], [77.734649, 12.967762], [77.735441, 12.968542], [77.735612, 12.969346], [77.738914, 12.969183], [77.73904, 12.969704], [77.738775, 12.96975], [77.738815, 12.970004], [77.738386, 12.970158], [77.73862, 12.971286], [77.739015, 12.971872], [77.73975, 12.973391], [77.739988, 12.973714], [77.740654, 12.974202], [77.740857, 12.974275], [77.741011, 12.975073], [77.741327, 12.97604], [77.743454, 12.975455], [77.743749, 12.975435], [77.744547, 12.975666], [77.744986, 12.975683], [77.745323, 12.97565], [77.745996, 12.975411], [77.746156, 12.975334], [77.746395, 12.975028], [77.747278, 12.973332], [77.747762, 12.973029], [77.748477, 12.973132], [77.749354, 12.972894], [77.750282, 12.972168], [77.750461, 12.973917], [77.753365, 12.973304], [77.754191, 12.974785], [77.754704, 12.975456], [77.755541, 12.975124]]]}}, {"type": "Feature", "properties": {"ward_name": "32 - SilverJubilee Park Ward", "Corporation": "Central", "valley": "Koramangala Challaghatta Valley", "subvalley": "KC_1", "Assembly": "169 - Chickpet"}, "geometry": {"type": "Polygon", "coordinates": [[[77.588536, 12.956464], [77.587853, 12.956674], [77.588036, 12.957369], [77.587358, 12.957566], [77.587489, 12.957975], [77.588102, 12.957789], [77.588373, 12.958584], [77.585053, 12.959609], [77.584722, 12.958538], [77.584332, 12.958563], [77.582864, 12.959065], [77.582788, 12.958924], [77.582333, 12.959146], [77.583128, 12.960621], [77.581792, 12.961319], [77.580489, 12.961734], [77.579675, 12.961898], [77.579813, 12.963605], [77.582375, 12.963373], [77.585236, 12.963836], [77.584097, 12.961492], [77.58827, 12.961036], [77.587133, 12.95955], [77.58937, 12.959038], [77.589894, 12.96081], [77.590659, 12.960599], [77.590743, 12.960841], [77.591357, 12.96065], [77.59157, 12.961383], [77.590917, 12.961538], [77.591168, 12.962582], [77.593515, 12.96218], [77.594132, 12.962187], [77.594828, 12.962336], [77.594516, 12.962022], [77.592954, 12.958], [77.592226, 12.956046], [77.592289, 12.955999], [77.591437, 12.953809], [77.589143, 12.954584], [77.589543, 12.955942], [77.589429, 12.956018], [77.589636, 12.956774], [77.588715, 12.957056], [77.588536, 12.956464]]]}}, {"type": "Feature", "properties": {"ward_name": "52 - Vishwanatha Nagenahalli", "Corporation": "North", "valley": "Hebbal Nagawara Valley", "subvalley": "HN_1", "Assembly": "158 - Hebbal"}, "geometry": {"type": "Polygon", "coordinates": [[[77.596892, 13.040124], [77.597169, 13.040078], [77.597143, 13.03984], [77.59742, 13.039811], [77.597428, 13.039928], [77.598261, 13.039997], [77.598172, 13.040604], [77.597888, 13.040603], [77.598046, 13.041205], [77.606726, 13.040936], [77.607792, 13.04072], [77.608836, 13.040166], [77.609664, 13.039377], [77.610036, 13.038835], [77.610279, 13.038206], [77.609821, 13.036868], [77.609157, 13.034076], [77.608642, 13.03228], [77.606498, 13.032842], [77.606327, 13.034017], [77.606425, 13.034788], [77.60339, 13.034928], [77.601835, 13.035166], [77.600639, 13.035033], [77.599092, 13.035299], [77.59706, 13.035786], [77.597427, 13.036543], [77.597478, 13.036706], [77.597436, 13.036949], [77.597357, 13.037039], [77.596947, 13.037185], [77.596257, 13.039033], [77.59626, 13.039184], [77.596365, 13.039239], [77.596527, 13.039685], [77.596892, 13.040124]]]}}, {"type": "Feature", "properties": {"ward_name": "29 - Lingarajpura", "Corporation": "North", "valley": "Hebbal Nagawara Valley", "subvalley": "HN_1", "Assembly": "160 - Sarvagnanagar"}, "geometry": {"type": "Polygon", "coordinates": [[[77.628274, 13.014779], [77.628754, 13.015082], [77.628814, 13.01419], [77.628786, 13.012744], [77.628697, 13.012615], [77.628675, 13.011985], [77.629598, 13.011702], [77.629676, 13.011372], [77.630069, 13.011261], [77.630104, 13.010016], [77.631455, 13.009182], [77.630719, 13.008214], [77.63047, 13.007639], [77.629992, 13.00759], [77.62838, 13.007936], [77.627774, 13.008195], [77.627414, 13.00824], [77.627293, 13.008829], [77.627456, 13.009456], [77.626686, 13.009596], [77.627044, 13.011144], [77.626979, 13.011208], [77.627094, 13.011759], [77.626824, 13.011774], [77.625639, 13.012092], [77.625056, 13.011282], [77.623961, 13.010205], [77.623241, 13.008963], [77.622604, 13.008288], [77.621792, 13.008692], [77.621147, 13.009335], [77.620815, 13.009958], [77.620655, 13.010577], [77.620704, 13.011494], [77.620851, 13.011944], [77.622775, 13.016221], [77.623194, 13.017424], [77.623413, 13.018538], [77.623498, 13.01941], [77.623462, 13.020438], [77.623346, 13.021223], [77.628649, 13.0211], [77.627661, 13.015448], [77.627589, 13.015122], [77.62721, 13.014564], [77.627797, 13.014641], [77.628274, 13.014779]]]}}, {"type": "Feature", "properties": {"ward_name": "23 - Hennur", "Corporation": "North", "valley": "Hebbal Nagawara Valley", "subvalley": "HN_2,HN_1", "Assembly": "160 - Sarvagnanagar"}, "geometry": {"type": "Polygon", "coordinates": [[[77.621826, 13.032046], [77.622808, 13.034586], [77.622149, 13.034834], [77.622044, 13.034759], [77.62123, 13.035027], [77.621514, 13.035868], [77.621446, 13.035929], [77.622116, 13.036685], [77.622232, 13.037062], [77.622291, 13.037064], [77.622408, 13.037587], [77.623369, 13.037458], [77.623471, 13.038259], [77.623639, 13.038836], [77.624364, 13.040177], [77.624862, 13.04183], [77.625602, 13.043205], [77.626197, 13.044102], [77.627489, 13.045509], [77.627845, 13.045186], [77.628081, 13.044382], [77.6285, 13.044201], [77.628668, 13.044034], [77.628642, 13.043854], [77.628186, 13.043507], [77.628129, 13.043307], [77.628151, 13.043211], [77.628499, 13.042922], [77.628541, 13.042394], [77.628681, 13.042315], [77.62895, 13.042378], [77.629239, 13.042576], [77.629527, 13.042252], [77.629696, 13.042217], [77.630336, 13.04263], [77.631044, 13.042511], [77.631316, 13.042924], [77.631544, 13.042919], [77.631783, 13.042812], [77.632368, 13.042102], [77.632987, 13.041856], [77.633455, 13.041826], [77.633541, 13.041848], [77.633635, 13.042601], [77.634637, 13.042578], [77.634733, 13.042541], [77.634727, 13.042369], [77.634908, 13.04218], [77.634826, 13.041771], [77.635275, 13.041065], [77.636063, 13.040718], [77.636327, 13.040937], [77.636563, 13.040944], [77.636744, 13.041033], [77.636769, 13.041424], [77.636554, 13.042109], [77.636694, 13.042379], [77.638008, 13.043218], [77.639381, 13.043292], [77.640391, 13.042959], [77.640722, 13.04266], [77.641075, 13.042642], [77.641391, 13.042415], [77.641471, 13.041794], [77.6413, 13.041376], [77.641394, 13.041259], [77.641465, 13.040318], [77.641418, 13.038356], [77.641375, 13.037747], [77.641177, 13.037003], [77.640759, 13.03685], [77.640213, 13.036432], [77.639371, 13.035014], [77.638815, 13.034295], [77.635915, 13.03165], [77.635287, 13.032793], [77.634734, 13.032798], [77.634673, 13.032501], [77.633932, 13.032712], [77.634078, 13.033375], [77.633377, 13.033581], [77.63338, 13.033921], [77.633308, 13.034053], [77.632702, 13.034397], [77.630135, 13.031898], [77.627757, 13.036644], [77.627076, 13.037335], [77.625889, 13.038037], [77.625613, 13.036408], [77.624304, 13.033706], [77.625656, 13.033291], [77.625065, 13.030846], [77.623777, 13.031251], [77.621826, 13.032046]]]}}, {"type": "Feature", "properties": {"ward_name": "33 - HRBR Layout", "Corporation": "North", "valley": "Hebbal Nagawara Valley", "subvalley": "HN_2,HN_1", "Assembly": "160 - Sarvagnanagar"}, "geometry": {"type": "Polygon", "coordinates": [[[77.628754, 13.015082], [77.629674, 13.017137], [77.629808, 13.017735], [77.633897, 13.016635], [77.635277, 13.01634], [77.635005, 13.015265], [77.635918, 13.015122], [77.636306, 13.017213], [77.636743, 13.017147], [77.638535, 13.016624], [77.638481, 13.016263], [77.639396, 13.016116], [77.639298, 13.014044], [77.641786, 13.014091], [77.641787, 13.012446], [77.641932, 13.01183], [77.641162, 13.0116], [77.640078, 13.011413], [77.639576, 13.011512], [77.639606, 13.011114], [77.638776, 13.011228], [77.638692, 13.010672], [77.636173, 13.010878], [77.635174, 13.010877], [77.635124, 13.011157], [77.635214, 13.011867], [77.634024, 13.011874], [77.632899, 13.011749], [77.632995, 13.010733], [77.631873, 13.010552], [77.631649, 13.012136], [77.631708, 13.012979], [77.630267, 13.012922], [77.63038, 13.011709], [77.629637, 13.011649], [77.62914, 13.011884], [77.628675, 13.011985], [77.628697, 13.012615], [77.628786, 13.012744], [77.628814, 13.01419], [77.628754, 13.015082]]]}}, {"type": "Feature", "properties": {"ward_name": "50 - Gunjur", "Corporation": "East", "valley": "Koramangala Challaghatta Valley", "subvalley": "KC_2", "Assembly": "174 - Mahadevapura"}, "geometry": {"type": "Polygon", "coordinates": [[[77.696561, 12.916123], [77.698711, 12.915486], [77.698727, 12.91554], [77.701723, 12.914458], [77.702089, 12.915205], [77.703536, 12.915173], [77.703764, 12.915397], [77.703708, 12.915725], [77.704963, 12.916994], [77.705022, 12.918106], [77.705542, 12.920535], [77.70737, 12.928098], [77.707986, 12.931017], [77.707927, 12.932532], [77.70865, 12.932273], [77.709266, 12.931929], [77.710192, 12.931598], [77.71111, 12.931045], [77.71242, 12.929602], [77.714236, 12.928468], [77.718041, 12.927987], [77.737183, 12.925181], [77.73791, 12.926605], [77.742781, 12.932936], [77.742733, 12.932951], [77.743495, 12.934585], [77.743951, 12.935768], [77.7466, 12.938014], [77.749059, 12.937109], [77.750068, 12.936618], [77.751443, 12.935698], [77.753622, 12.934651], [77.754545, 12.934596], [77.755291, 12.934361], [77.758563, 12.932786], [77.760481, 12.932448], [77.765058, 12.930138], [77.76463, 12.928873], [77.764835, 12.928783], [77.762353, 12.928379], [77.758436, 12.92702], [77.756521, 12.926255], [77.752272, 12.925299], [77.751339, 12.922011], [77.747484, 12.9206], [77.746141, 12.920032], [77.745949, 12.919736], [77.745786, 12.919774], [77.74557, 12.918796], [77.745498, 12.917545], [77.745293, 12.916163], [77.745232, 12.916089], [77.744944, 12.914252], [77.744781, 12.91429], [77.744669, 12.913633], [77.744568, 12.913795], [77.742352, 12.913978], [77.741931, 12.914264], [77.741703, 12.914299], [77.741603, 12.914133], [77.740992, 12.914448], [77.739062, 12.914646], [77.738465, 12.914599], [77.738019, 12.914818], [77.73784, 12.91474], [77.737565, 12.914768], [77.737423, 12.914686], [77.737396, 12.913492], [77.734934, 12.913292], [77.734447, 12.913197], [77.734322, 12.913537], [77.734365, 12.914035], [77.732454, 12.914214], [77.732071, 12.913906], [77.728818, 12.91447], [77.728525, 12.914413], [77.727783, 12.914499], [77.727612, 12.910887], [77.726275, 12.906568], [77.722696, 12.907284], [77.722006, 12.907633], [77.721312, 12.907847], [77.720792, 12.908154], [77.720796, 12.908823], [77.720423, 12.908835], [77.719778, 12.908655], [77.719705, 12.907986], [77.717856, 12.908374], [77.717913, 12.908872], [77.71764, 12.908966], [77.717289, 12.908746], [77.716122, 12.907387], [77.715604, 12.907494], [77.714228, 12.908083], [77.713388, 12.907942], [77.7113, 12.907863], [77.708354, 12.908063], [77.707997, 12.906449], [77.707092, 12.903301], [77.706871, 12.902026], [77.706095, 12.902321], [77.70355, 12.90365], [77.702847, 12.904041], [77.702887, 12.904088], [77.698835, 12.906279], [77.694869, 12.907433], [77.689775, 12.908759], [77.688818, 12.909052], [77.686349, 12.910025], [77.686493, 12.91067], [77.686914, 12.911659], [77.687024, 12.911616], [77.687265, 12.912072], [77.687127, 12.912145], [77.687648, 12.913189], [77.687935, 12.913351], [77.688494, 12.915441], [77.689357, 12.915344], [77.692117, 12.915572], [77.694703, 12.915842], [77.696561, 12.916123]]]}}, {"type": "Feature", "properties": {"ward_name": "57 - Hulimavu", "Corporation": "South", "valley": "Koramangala Challaghatta Valley", "subvalley": "KC_1", "Assembly": "175 - Bommanahalli"}, "geometry": {"type": "Polygon", "coordinates": [[[77.609506, 12.880947], [77.60947, 12.880418], [77.610031, 12.880456], [77.609993, 12.879972], [77.6097, 12.878713], [77.608912, 12.876725], [77.607171, 12.876519], [77.607095, 12.875829], [77.607278, 12.875327], [77.606286, 12.875066], [77.606189, 12.875212], [77.605745, 12.8753], [77.604387, 12.875432], [77.604115, 12.874037], [77.603554, 12.874469], [77.603191, 12.874545], [77.602906, 12.874386], [77.602264, 12.871871], [77.60218, 12.87177], [77.599769, 12.871945], [77.596367, 12.871948], [77.596107, 12.872682], [77.595772, 12.872927], [77.594277, 12.873142], [77.594827, 12.874775], [77.596024, 12.88162], [77.596733, 12.88161], [77.598284, 12.881024], [77.601079, 12.880718], [77.601271, 12.882672], [77.602305, 12.882572], [77.602301, 12.882148], [77.604273, 12.881478], [77.605178, 12.88135], [77.605332, 12.882373], [77.606677, 12.882242], [77.606554, 12.881287], [77.607097, 12.881165], [77.609506, 12.880947]]]}}, {"type": "Feature", "properties": {"ward_name": "6 - Doddabettahalli", "Corporation": "North", "valley": "Hebbal Nagawara Valley,Arkavathi Valley", "subvalley": "HN_1,AV_1", "Assembly": "150 - Yelahanka"}, "geometry": {"type": "Polygon", "coordinates": [[[77.577279, 13.105204], [77.575316, 13.105511], [77.575125, 13.103847], [77.5756, 13.103809], [77.575951, 13.103496], [77.575929, 13.102537], [77.574728, 13.102709], [77.574683, 13.102362], [77.57455, 13.10236], [77.574308, 13.101088], [77.573593, 13.1016], [77.572996, 13.10156], [77.57281, 13.101673], [77.57233, 13.10111], [77.572068, 13.101005], [77.571613, 13.101075], [77.571183, 13.100801], [77.57082, 13.100409], [77.570768, 13.100084], [77.570443, 13.100432], [77.570111, 13.100177], [77.570025, 13.100334], [77.569956, 13.100843], [77.56979, 13.10289], [77.570075, 13.104392], [77.570644, 13.106601], [77.567301, 13.10734], [77.565463, 13.107664], [77.565462, 13.107359], [77.565696, 13.106984], [77.565729, 13.106576], [77.566379, 13.105203], [77.566584, 13.104553], [77.566936, 13.102926], [77.566926, 13.102434], [77.565907, 13.102812], [77.565778, 13.101648], [77.565487, 13.1017], [77.565376, 13.101259], [77.564844, 13.10126], [77.564842, 13.101358], [77.563161, 13.101365], [77.56296, 13.100755], [77.562777, 13.10076], [77.562149, 13.101009], [77.561028, 13.098403], [77.557966, 13.09976], [77.557434, 13.097692], [77.557802, 13.097645], [77.557666, 13.09679], [77.557697, 13.096656], [77.557909, 13.09658], [77.558061, 13.096341], [77.557599, 13.09632], [77.556661, 13.09642], [77.557021, 13.095716], [77.557929, 13.095732], [77.557987, 13.095003], [77.557925, 13.094309], [77.558246, 13.094264], [77.558231, 13.093937], [77.55569, 13.094396], [77.555633, 13.094175], [77.555561, 13.094175], [77.5554, 13.093332], [77.555311, 13.093189], [77.55477, 13.093886], [77.554691, 13.094126], [77.554526, 13.094242], [77.554187, 13.094287], [77.554024, 13.094238], [77.553557, 13.093946], [77.552144, 13.094036], [77.551194, 13.093702], [77.550349, 13.09362], [77.548895, 13.094222], [77.546114, 13.094869], [77.546115, 13.09182], [77.546642, 13.088393], [77.548677, 13.085777], [77.548481, 13.085203], [77.548739, 13.084211], [77.548268, 13.081765], [77.547217, 13.081945], [77.547495, 13.083222], [77.546391, 13.083393], [77.546433, 13.083548], [77.545187, 13.083528], [77.545164, 13.084304], [77.545259, 13.085272], [77.544655, 13.085876], [77.544026, 13.086237], [77.542434, 13.087938], [77.541566, 13.089076], [77.540714, 13.089973], [77.540724, 13.091776], [77.542124, 13.094018], [77.54243, 13.095583], [77.542386, 13.095597], [77.544081, 13.100103], [77.544429, 13.100788], [77.544245, 13.100803], [77.544229, 13.101319], [77.544901, 13.101381], [77.545174, 13.101274], [77.54715, 13.101177], [77.548072, 13.101031], [77.549662, 13.101032], [77.550721, 13.100952], [77.550993, 13.100829], [77.551887, 13.100825], [77.554999, 13.100273], [77.555086, 13.100379], [77.555714, 13.100169], [77.556024, 13.100144], [77.556499, 13.10089], [77.558213, 13.102951], [77.559334, 13.105097], [77.560134, 13.10641], [77.56095, 13.108573], [77.56096, 13.108917], [77.560535, 13.109035], [77.560047, 13.10931], [77.560284, 13.11056], [77.560313, 13.111151], [77.56013, 13.111744], [77.559812, 13.111794], [77.55971, 13.1119], [77.559675, 13.112111], [77.559814, 13.112403], [77.560089, 13.112359], [77.560403, 13.112959], [77.561062, 13.113775], [77.56142, 13.113761], [77.561453, 13.11385], [77.561591, 13.113824], [77.562147, 13.11523], [77.562522, 13.116426], [77.563968, 13.115831], [77.565843, 13.115284], [77.56653, 13.117304], [77.566678, 13.118755], [77.569064, 13.118444], [77.569261, 13.118497], [77.5742, 13.11847], [77.574193, 13.11654], [77.574877, 13.116538], [77.574892, 13.11617], [77.578266, 13.116451], [77.579472, 13.113821], [77.579423, 13.113789], [77.579543, 13.112271], [77.580737, 13.108494], [77.579726, 13.108344], [77.579665, 13.108674], [77.578118, 13.106886], [77.577279, 13.105204]]]}}, {"type": "Feature", "properties": {"ward_name": "44 - Chamarajpet", "Corporation": "Central", "valley": "Vrishabhavati Valley", "subvalley": "VV_1", "Assembly": "168 - Chamrajapet"}, "geometry": {"type": "Polygon", "coordinates": [[[77.561085, 12.953357], [77.560357, 12.953655], [77.559811, 12.95368], [77.558808, 12.953219], [77.558478, 12.953187], [77.558482, 12.953132], [77.556534, 12.95326], [77.556749, 12.953558], [77.556979, 12.954094], [77.557188, 12.954988], [77.557447, 12.95545], [77.559294, 12.956882], [77.559221, 12.960719], [77.563281, 12.960794], [77.563255, 12.961817], [77.564824, 12.962412], [77.56491, 12.960386], [77.571812, 12.960596], [77.574513, 12.959771], [77.57374, 12.957582], [77.573652, 12.957439], [77.573379, 12.957273], [77.563355, 12.956987], [77.563429, 12.953946], [77.562744, 12.953757], [77.562296, 12.953409], [77.561085, 12.953357]]]}}, {"type": "Feature", "properties": {"ward_name": "30 - Kacharakanahalli", "Corporation": "North", "valley": "Hebbal Nagawara Valley", "subvalley": "HN_2,HN_1", "Assembly": "160 - Sarvagnanagar"}, "geometry": {"type": "Polygon", "coordinates": [[[77.628274, 13.014779], [77.62721, 13.014564], [77.627589, 13.015122], [77.627661, 13.015448], [77.628649, 13.0211], [77.626248, 13.021165], [77.626774, 13.022492], [77.627852, 13.025855], [77.627852, 13.026221], [77.628423, 13.028604], [77.628671, 13.02953], [77.628879, 13.029918], [77.631437, 13.02915], [77.631944, 13.028175], [77.632122, 13.028013], [77.633887, 13.027262], [77.635815, 13.026632], [77.63715, 13.02632], [77.63965, 13.025885], [77.639937, 13.025775], [77.639881, 13.024883], [77.640346, 13.02469], [77.640053, 13.021813], [77.637217, 13.022773], [77.636914, 13.02081], [77.636858, 13.019429], [77.636306, 13.017213], [77.635918, 13.015122], [77.635005, 13.015265], [77.635277, 13.01634], [77.633897, 13.016635], [77.629808, 13.017735], [77.629674, 13.017137], [77.629057, 13.015662], [77.628754, 13.015082], [77.628274, 13.014779]]]}}, {"type": "Feature", "properties": {"ward_name": "55 - Ganganagar", "Corporation": "North", "valley": "Hebbal Nagawara Valley", "subvalley": "HN_1", "Assembly": "158 - Hebbal"}, "geometry": {"type": "Polygon", "coordinates": [[[77.59376, 13.030252], [77.593771, 13.03068], [77.593957, 13.031527], [77.594403, 13.031625], [77.594294, 13.032568], [77.594576, 13.032587], [77.594626, 13.032502], [77.595235, 13.032531], [77.595289, 13.032137], [77.596453, 13.032506], [77.596514, 13.030134], [77.596466, 13.029875], [77.596076, 13.029885], [77.595841, 13.028349], [77.595483, 13.028413], [77.594767, 13.024745], [77.593497, 13.024959], [77.592001, 13.025063], [77.59185, 13.02401], [77.591063, 13.023852], [77.590473, 13.023819], [77.590287, 13.022993], [77.590407, 13.022602], [77.590331, 13.022588], [77.589421, 13.022509], [77.589589, 13.023257], [77.589033, 13.023344], [77.589017, 13.023518], [77.588923, 13.023567], [77.588909, 13.023394], [77.588728, 13.023058], [77.588438, 13.023181], [77.588128, 13.022562], [77.587088, 13.022987], [77.586913, 13.022598], [77.586551, 13.022727], [77.586524, 13.022665], [77.585254, 13.022993], [77.58529, 13.023148], [77.584716, 13.023286], [77.58593, 13.027929], [77.586182, 13.02855], [77.586584, 13.028515], [77.586611, 13.028086], [77.588259, 13.028233], [77.588228, 13.028716], [77.588304, 13.028726], [77.588465, 13.029818], [77.593264, 13.0295], [77.593358, 13.029754], [77.593799, 13.029707], [77.593892, 13.029829], [77.593891, 13.030022], [77.59376, 13.030252]]]}}, {"type": "Feature", "properties": {"ward_name": "54 - Gangenahalli", "Corporation": "North", "valley": "Hebbal Nagawara Valley", "subvalley": "HN_1", "Assembly": "158 - Hebbal"}, "geometry": {"type": "Polygon", "coordinates": [[[77.583973, 13.014513], [77.583918, 13.01969], [77.583971, 13.020389], [77.584716, 13.023286], [77.58529, 13.023148], [77.585254, 13.022993], [77.586524, 13.022665], [77.586551, 13.022727], [77.586913, 13.022598], [77.587088, 13.022987], [77.588128, 13.022562], [77.588438, 13.023181], [77.588728, 13.023058], [77.588909, 13.023394], [77.588923, 13.023567], [77.589017, 13.023518], [77.589033, 13.023344], [77.589589, 13.023257], [77.589421, 13.022509], [77.590407, 13.022602], [77.590287, 13.022993], [77.590473, 13.023819], [77.591063, 13.023852], [77.59185, 13.02401], [77.592001, 13.025063], [77.592999, 13.024988], [77.592563, 13.022518], [77.592503, 13.021051], [77.592306, 13.019139], [77.591445, 13.016271], [77.591406, 13.015749], [77.591537, 13.015605], [77.591821, 13.015559], [77.592632, 13.015063], [77.592777, 13.014655], [77.593267, 13.014423], [77.593457, 13.014208], [77.593639, 13.013864], [77.593571, 13.012985], [77.593892, 13.012287], [77.593493, 13.011896], [77.590604, 13.010019], [77.589112, 13.012233], [77.588287, 13.01331], [77.587795, 13.013791], [77.587175, 13.014115], [77.586522, 13.014326], [77.585251, 13.014489], [77.583973, 13.014513]]]}}, {"type": "Feature", "properties": {"ward_name": "28 - Kormangala East", "Corporation": "South", "valley": "Koramangala Challaghatta Valley", "subvalley": "KC_1", "Assembly": "172 - B.T.M Layout"}, "geometry": {"type": "Polygon", "coordinates": [[[77.621014, 12.927529], [77.621979, 12.930312], [77.622563, 12.931776], [77.623427, 12.933559], [77.623801, 12.934628], [77.624048, 12.934978], [77.627526, 12.93775], [77.628685, 12.938358], [77.628873, 12.937616], [77.629143, 12.937661], [77.629736, 12.936364], [77.630171, 12.934865], [77.630558, 12.935135], [77.630245, 12.936043], [77.630915, 12.936825], [77.630698, 12.936982], [77.631558, 12.937742], [77.631682, 12.938367], [77.63289, 12.937981], [77.633302, 12.937341], [77.634567, 12.936237], [77.634577, 12.936123], [77.637169, 12.933254], [77.637873, 12.932326], [77.638094, 12.931844], [77.638812, 12.930904], [77.639523, 12.930556], [77.639466, 12.93025], [77.639579, 12.929686], [77.641004, 12.9294], [77.641245, 12.929449], [77.641901, 12.929255], [77.64187, 12.928211], [77.64132, 12.926164], [77.641096, 12.925967], [77.64055, 12.92594], [77.639738, 12.926032], [77.639166, 12.925843], [77.639116, 12.92567], [77.639316, 12.924823], [77.639276, 12.924144], [77.638512, 12.924433], [77.637255, 12.925199], [77.636694, 12.925322], [77.630411, 12.924306], [77.629454, 12.924187], [77.629023, 12.924203], [77.621014, 12.927529]]]}}, {"type": "Feature", "properties": {"ward_name": "22 - Nagavara", "Corporation": "North", "valley": "Hebbal Nagawara Valley", "subvalley": "HN_1", "Assembly": "160 - Sarvagnanagar"}, "geometry": {"type": "Polygon", "coordinates": [[[77.62123, 13.035027], [77.622044, 13.034759], [77.622149, 13.034834], [77.622808, 13.034586], [77.621821, 13.032034], [77.61954, 13.032871], [77.614486, 13.0343], [77.613993, 13.033117], [77.613148, 13.033399], [77.613429, 13.034224], [77.613699, 13.035808], [77.611889, 13.036157], [77.61187, 13.035931], [77.611701, 13.035968], [77.611747, 13.036491], [77.610827, 13.036682], [77.610702, 13.036412], [77.610279, 13.038206], [77.610763, 13.039173], [77.611355, 13.039992], [77.611617, 13.040655], [77.612001, 13.042527], [77.613868, 13.042102], [77.614541, 13.0417], [77.615944, 13.041202], [77.617347, 13.040891], [77.61848, 13.040955], [77.619756, 13.040344], [77.620246, 13.040006], [77.620053, 13.039137], [77.620763, 13.039103], [77.62079, 13.038912], [77.621392, 13.038783], [77.621469, 13.039252], [77.621864, 13.039181], [77.621839, 13.038576], [77.622514, 13.038514], [77.622504, 13.038323], [77.623534, 13.03832], [77.623471, 13.038259], [77.623369, 13.037458], [77.622408, 13.037587], [77.622291, 13.037064], [77.622232, 13.037062], [77.622116, 13.036685], [77.621446, 13.035929], [77.621514, 13.035868], [77.62123, 13.035027]]]}}, {"type": "Feature", "properties": {"ward_name": "30 - Kempegowda Layout", "Corporation": "West", "valley": "Vrishabhavati Valley", "subvalley": "VV_1", "Assembly": "154 - Rajarajeshwarinagar"}, "geometry": {"type": "Polygon", "coordinates": [[[77.523847, 13.001739], [77.523494, 13.001685], [77.523697, 13.002458], [77.521327, 13.003084], [77.521354, 13.003545], [77.521026, 13.003577], [77.520996, 13.003298], [77.520183, 13.003407], [77.519879, 13.002363], [77.517979, 13.002271], [77.518289, 13.002626], [77.51831, 13.002874], [77.518269, 13.003022], [77.517983, 13.003297], [77.517738, 13.003787], [77.517704, 13.006116], [77.517484, 13.006287], [77.517496, 13.006359], [77.519067, 13.006092], [77.519065, 13.006013], [77.52108, 13.005866], [77.521092, 13.005953], [77.521613, 13.005946], [77.521611, 13.006147], [77.522115, 13.006174], [77.522211, 13.005996], [77.523218, 13.006083], [77.523181, 13.007036], [77.523858, 13.006957], [77.525413, 13.006603], [77.52646, 13.006168], [77.526769, 13.006117], [77.526754, 13.006679], [77.526954, 13.006682], [77.526993, 13.00686], [77.527528, 13.007337], [77.527632, 13.007321], [77.52792, 13.007702], [77.528622, 13.007207], [77.529815, 13.006043], [77.529884, 13.006049], [77.52991, 13.005748], [77.529602, 13.005151], [77.529609, 13.00427], [77.529098, 13.003743], [77.52898, 13.003421], [77.529005, 13.003008], [77.52922, 13.00246], [77.529176, 13.002279], [77.528765, 13.001879], [77.528122, 13.00162], [77.527826, 13.001357], [77.527877, 13.000756], [77.527827, 12.999679], [77.526176, 13.000462], [77.526308, 13.000738], [77.52497, 13.001335], [77.523847, 13.001739]]]}}, {"type": "Feature", "properties": {"ward_name": "43 - Kethamaranahalli", "Corporation": "West", "valley": "Vrishabhavati Valley", "subvalley": "VV_1", "Assembly": "156 - Mahalakshmi Layout"}, "geometry": {"type": "Polygon", "coordinates": [[[77.537748, 12.999536], [77.538442, 12.999075], [77.53854, 13.000073], [77.537819, 13.000233], [77.535842, 13.00087], [77.535718, 13.001027], [77.539458, 13.001891], [77.540672, 13.002434], [77.540682, 13.002251], [77.541103, 13.002419], [77.541502, 13.000841], [77.544321, 13.000579], [77.544348, 13.00008], [77.544896, 12.999922], [77.545466, 12.999828], [77.546283, 12.999951], [77.546386, 12.998987], [77.547725, 12.998854], [77.54989, 12.999484], [77.548631, 13.006651], [77.548751, 13.0077], [77.547296, 13.007944], [77.547797, 13.010495], [77.549483, 13.010078], [77.550665, 13.01127], [77.552708, 13.012282], [77.553568, 13.012834], [77.553777, 13.013118], [77.554074, 13.014026], [77.554095, 13.013707], [77.554366, 13.01304], [77.554395, 13.012465], [77.554457, 13.012412], [77.554493, 13.008073], [77.554288, 13.006165], [77.553435, 13.003013], [77.552703, 12.999356], [77.553078, 12.998185], [77.550469, 12.9976], [77.546618, 12.997417], [77.545386, 12.997453], [77.544806, 12.997567], [77.542996, 12.998317], [77.542457, 12.998566], [77.541158, 12.999385], [77.54044, 12.996974], [77.538447, 12.991583], [77.535927, 12.991994], [77.536242, 12.992786], [77.538163, 12.993319], [77.538116, 12.993924], [77.538463, 12.995314], [77.538066, 12.995309], [77.537327, 12.995444], [77.53727, 12.994684], [77.53543, 12.994905], [77.535563, 12.995696], [77.535101, 12.995767], [77.534568, 12.995742], [77.534763, 12.99656], [77.534216, 12.996547], [77.534216, 12.997031], [77.535388, 12.997078], [77.536856, 12.997348], [77.536548, 12.998131], [77.537782, 12.998244], [77.537672, 12.998845], [77.537748, 12.999536]]]}}, {"type": "Feature", "properties": {"ward_name": "1 - Nagasandra", "Corporation": "West", "valley": "Arkavathi Valley", "subvalley": "AV_2", "Assembly": "155 - Dasarahalli"}, "geometry": {"type": "Polygon", "coordinates": [[[77.510339, 13.03638], [77.510436, 13.033992], [77.508552, 13.033835], [77.508404, 13.034661], [77.50801, 13.034303], [77.507602, 13.034502], [77.507186, 13.033402], [77.507625, 13.033314], [77.507386, 13.03203], [77.506247, 13.032218], [77.506198, 13.032039], [77.506007, 13.032071], [77.505804, 13.031547], [77.505122, 13.031692], [77.505094, 13.031409], [77.503715, 13.031603], [77.500646, 13.030034], [77.497295, 13.028814], [77.496316, 13.028249], [77.496559, 13.029357], [77.497277, 13.031794], [77.498185, 13.032656], [77.498406, 13.033464], [77.498807, 13.033695], [77.498944, 13.034422], [77.499077, 13.034416], [77.499203, 13.034937], [77.498143, 13.035124], [77.49809, 13.035629], [77.498187, 13.035845], [77.498136, 13.036485], [77.49792, 13.036503], [77.497714, 13.037035], [77.497428, 13.037189], [77.497292, 13.037864], [77.49689, 13.037895], [77.496149, 13.039474], [77.496138, 13.040665], [77.496288, 13.041808], [77.496643, 13.04179], [77.496659, 13.041975], [77.498028, 13.04223], [77.498075, 13.042654], [77.498017, 13.043795], [77.49794, 13.043863], [77.498012, 13.043912], [77.495684, 13.044468], [77.495701, 13.04511], [77.496131, 13.046607], [77.496573, 13.048986], [77.505484, 13.045896], [77.505534, 13.045653], [77.505211, 13.043861], [77.504956, 13.043119], [77.504981, 13.042362], [77.504543, 13.038476], [77.505955, 13.038112], [77.506733, 13.037993], [77.506906, 13.037475], [77.506997, 13.037388], [77.50736, 13.037348], [77.507997, 13.036985], [77.510442, 13.037012], [77.510444, 13.036444], [77.510339, 13.03638]]]}}, {"type": "Feature", "properties": {"ward_name": "72 - Kaveripura", "Corporation": "West", "valley": "Vrishabhavati Valley", "subvalley": "VV_1", "Assembly": "166 - Govindraj Nagar"}, "geometry": {"type": "Polygon", "coordinates": [[[77.524548, 12.977921], [77.523288, 12.977904], [77.522699, 12.977749], [77.522648, 12.977661], [77.522657, 12.976562], [77.521802, 12.976659], [77.520268, 12.977038], [77.518693, 12.977267], [77.519063, 12.9786], [77.519569, 12.979141], [77.51973, 12.979587], [77.519456, 12.980059], [77.5194, 12.980298], [77.51927, 12.980402], [77.519099, 12.980413], [77.518959, 12.980562], [77.518832, 12.980816], [77.518696, 12.981492], [77.518496, 12.981697], [77.51839, 12.9822], [77.518256, 12.982264], [77.518225, 12.982385], [77.518326, 12.982636], [77.518626, 12.982921], [77.518829, 12.983464], [77.519315, 12.98396], [77.519796, 12.985295], [77.519806, 12.986263], [77.520308, 12.986905], [77.522334, 12.986014], [77.522795, 12.985743], [77.523705, 12.985013], [77.52399, 12.985041], [77.525392, 12.985473], [77.525944, 12.985943], [77.526409, 12.985888], [77.527736, 12.984795], [77.528522, 12.983903], [77.529868, 12.983621], [77.530572, 12.983202], [77.530948, 12.982406], [77.531397, 12.982109], [77.533075, 12.981939], [77.533798, 12.981769], [77.534854, 12.981381], [77.53418, 12.979256], [77.531738, 12.980032], [77.53177, 12.980151], [77.5306, 12.980549], [77.530495, 12.9803], [77.529679, 12.980402], [77.529757, 12.980848], [77.529413, 12.980949], [77.528154, 12.981019], [77.527893, 12.980969], [77.527889, 12.9807], [77.527195, 12.980796], [77.526859, 12.979304], [77.525805, 12.979337], [77.52579, 12.978792], [77.525275, 12.978801], [77.525274, 12.978524], [77.524521, 12.978522], [77.524548, 12.977921]]]}}, {"type": "Feature", "properties": {"ward_name": "45 - Shakthi Ganapathi Nagara", "Corporation": "West", "valley": "Vrishabhavati Valley", "subvalley": "VV_1", "Assembly": "156 - Mahalakshmi Layout"}, "geometry": {"type": "Polygon", "coordinates": [[[77.530881, 12.992266], [77.529106, 12.992455], [77.528983, 12.992569], [77.527283, 12.992983], [77.52758, 12.993952], [77.526732, 12.994154], [77.526806, 12.994468], [77.527089, 12.994393], [77.527531, 12.996317], [77.528085, 12.996178], [77.528197, 12.996757], [77.528498, 12.996693], [77.528038, 12.994535], [77.528973, 12.994139], [77.529132, 12.994868], [77.52961, 12.994693], [77.529574, 12.994541], [77.53017, 12.994333], [77.530644, 12.996055], [77.530919, 12.995984], [77.53127, 12.9971], [77.532531, 12.996752], [77.532773, 12.997071], [77.533116, 12.996875], [77.533536, 12.996777], [77.533515, 12.99525], [77.534787, 12.994984], [77.53727, 12.994684], [77.537327, 12.995444], [77.538066, 12.995309], [77.538463, 12.995314], [77.538116, 12.993924], [77.538163, 12.993319], [77.536242, 12.992786], [77.535927, 12.991994], [77.531655, 12.992575], [77.531601, 12.992112], [77.531593, 12.992166], [77.530881, 12.992266]]]}}, {"type": "Feature", "properties": {"ward_name": "78 - Anubhava Nagara", "Corporation": "West", "valley": "Vrishabhavati Valley", "subvalley": "VV_1", "Assembly": "166 - Govindraj Nagar"}, "geometry": {"type": "Polygon", "coordinates": [[[77.519247, 12.964622], [77.519539, 12.966618], [77.518228, 12.966693], [77.518222, 12.966634], [77.517611, 12.966618], [77.517998, 12.967055], [77.518145, 12.967472], [77.518026, 12.967736], [77.51748, 12.968275], [77.517424, 12.968887], [77.51749, 12.969243], [77.51883, 12.968945], [77.519126, 12.969996], [77.519545, 12.969894], [77.519591, 12.97003], [77.520778, 12.969892], [77.520789, 12.970022], [77.521369, 12.969952], [77.521397, 12.97001], [77.524622, 12.969359], [77.52448, 12.968828], [77.523885, 12.967582], [77.52501, 12.967347], [77.525866, 12.967068], [77.526001, 12.966995], [77.525909, 12.966746], [77.526479, 12.966597], [77.52634, 12.966015], [77.525751, 12.9662], [77.52564, 12.965647], [77.526394, 12.965434], [77.526429, 12.964457], [77.526729, 12.96364], [77.52671, 12.963224], [77.526572, 12.962784], [77.526714, 12.961993], [77.526303, 12.962005], [77.5263, 12.962216], [77.524398, 12.96173], [77.523951, 12.961679], [77.523281, 12.961726], [77.523162, 12.962236], [77.522596, 12.962131], [77.522118, 12.961775], [77.521969, 12.961743], [77.520644, 12.961794], [77.520851, 12.963402], [77.520482, 12.963473], [77.520517, 12.963754], [77.519832, 12.963966], [77.520049, 12.964546], [77.519247, 12.964622]]]}}, {"type": "Feature", "properties": {"ward_name": "4 - Nyayanga Badavane", "Corporation": "North", "valley": "Hebbal Nagawara Valley", "subvalley": "HN_1", "Assembly": "150 - Yelahanka"}, "geometry": {"type": "Polygon", "coordinates": [[[77.579865, 13.087873], [77.580812, 13.09126], [77.580396, 13.091793], [77.57919, 13.092382], [77.579297, 13.092531], [77.578909, 13.09271], [77.579032, 13.092964], [77.578939, 13.093012], [77.578936, 13.093603], [77.578549, 13.093568], [77.578398, 13.093925], [77.578713, 13.094237], [77.578462, 13.094464], [77.579477, 13.095496], [77.580698, 13.094496], [77.581883, 13.093788], [77.582563, 13.093497], [77.583996, 13.093077], [77.585971, 13.092696], [77.587537, 13.092767], [77.588932, 13.093056], [77.58975, 13.093477], [77.590146, 13.09254], [77.590982, 13.093031], [77.591004, 13.093267], [77.591536, 13.094308], [77.592122, 13.096988], [77.592318, 13.097189], [77.59349, 13.096114], [77.594174, 13.095371], [77.594334, 13.095072], [77.595389, 13.09642], [77.595613, 13.095962], [77.59616, 13.09427], [77.596367, 13.09268], [77.596232, 13.09111], [77.596051, 13.090337], [77.594798, 13.087218], [77.593968, 13.087383], [77.593722, 13.084655], [77.590092, 13.076069], [77.58291, 13.078184], [77.584465, 13.083631], [77.579166, 13.085139], [77.579366, 13.085587], [77.579865, 13.087873]]]}}, {"type": "Feature", "properties": {"ward_name": "8 - Singapura", "Corporation": "North", "valley": "Hebbal Nagawara Valley,Arkavathi Valley", "subvalley": "HN_1,AV_1", "Assembly": "152 - Byatarayanapura"}, "geometry": {"type": "Polygon", "coordinates": [[[77.536808, 13.078202], [77.535132, 13.078381], [77.534342, 13.078733], [77.533082, 13.078781], [77.531445, 13.078635], [77.53036, 13.07819], [77.530296, 13.078601], [77.529905, 13.078595], [77.529809, 13.078778], [77.529527, 13.078772], [77.529422, 13.079021], [77.52984, 13.081356], [77.529935, 13.081516], [77.529946, 13.082128], [77.53084, 13.082811], [77.531717, 13.083065], [77.53507, 13.083796], [77.536885, 13.083787], [77.537954, 13.085761], [77.539094, 13.087005], [77.540714, 13.089973], [77.541566, 13.089076], [77.542434, 13.087938], [77.544026, 13.086237], [77.544655, 13.085876], [77.545259, 13.085272], [77.545164, 13.084304], [77.545187, 13.083528], [77.546433, 13.083548], [77.546391, 13.083393], [77.547495, 13.083222], [77.547217, 13.081945], [77.548597, 13.081703], [77.549015, 13.082057], [77.550098, 13.082164], [77.55035, 13.082376], [77.550771, 13.083047], [77.551251, 13.083392], [77.552068, 13.084376], [77.552409, 13.08459], [77.553002, 13.084719], [77.553706, 13.085237], [77.555608, 13.086057], [77.555709, 13.085881], [77.558715, 13.084722], [77.558909, 13.084963], [77.560334, 13.084023], [77.561669, 13.081212], [77.560723, 13.081227], [77.559721, 13.081508], [77.558819, 13.078125], [77.559313, 13.077961], [77.558782, 13.076529], [77.558739, 13.076477], [77.55835, 13.076622], [77.558073, 13.075791], [77.557177, 13.073943], [77.553516, 13.075514], [77.553721, 13.076006], [77.551061, 13.077765], [77.550194, 13.078054], [77.550134, 13.077861], [77.547566, 13.07854], [77.548186, 13.081477], [77.547419, 13.081399], [77.546155, 13.081446], [77.545197, 13.082399], [77.544985, 13.082268], [77.544551, 13.082544], [77.544341, 13.082236], [77.54378, 13.08278], [77.543225, 13.082721], [77.54296, 13.082601], [77.541644, 13.081807], [77.541773, 13.080594], [77.54112, 13.079679], [77.541066, 13.079385], [77.542518, 13.079005], [77.542736, 13.078841], [77.54267, 13.077571], [77.542413, 13.076166], [77.538693, 13.076687], [77.538856, 13.076421], [77.537098, 13.076572], [77.537194, 13.077014], [77.536591, 13.077109], [77.536808, 13.078202]]]}}, {"type": "Feature", "properties": {"ward_name": "84 - Hosahalli", "Corporation": "West", "valley": "Vrishabhavati Valley", "subvalley": "VV_1", "Assembly": "167 - Vijayanagar"}, "geometry": {"type": "Polygon", "coordinates": [[[77.543969, 12.959445], [77.543495, 12.958497], [77.542398, 12.958761], [77.542054, 12.958967], [77.542001, 12.958955], [77.541914, 12.958443], [77.541588, 12.958489], [77.541677, 12.959184], [77.541365, 12.959823], [77.540945, 12.960098], [77.541082, 12.960296], [77.54066, 12.960639], [77.540481, 12.961494], [77.540453, 12.961854], [77.541027, 12.964267], [77.540552, 12.964354], [77.540743, 12.965766], [77.539099, 12.966428], [77.5391, 12.966714], [77.538564, 12.96687], [77.538803, 12.968171], [77.536668, 12.968788], [77.537903, 12.972279], [77.538338, 12.972737], [77.538943, 12.973072], [77.541327, 12.973625], [77.541033, 12.972585], [77.542596, 12.972043], [77.54216, 12.97069], [77.542126, 12.970128], [77.543647, 12.969651], [77.543496, 12.969374], [77.543471, 12.969105], [77.543029, 12.96919], [77.542385, 12.96772], [77.543025, 12.967476], [77.543157, 12.967834], [77.543847, 12.967581], [77.543609, 12.966821], [77.543294, 12.966935], [77.54285, 12.965634], [77.543169, 12.965526], [77.543393, 12.96617], [77.544242, 12.965874], [77.543541, 12.964356], [77.542375, 12.964259], [77.542333, 12.96345], [77.542983, 12.963448], [77.542801, 12.963057], [77.542092, 12.962098], [77.542326, 12.961909], [77.544025, 12.961075], [77.543969, 12.959445]]]}}, {"type": "Feature", "properties": {"ward_name": "1 - Raja Kempegowda Ward", "Corporation": "North", "valley": "Hebbal Nagawara Valley", "subvalley": "HN_1", "Assembly": "150 - Yelahanka"}, "geometry": {"type": "Polygon", "coordinates": [[[77.566678, 13.118755], [77.56653, 13.117304], [77.565843, 13.115284], [77.563968, 13.115831], [77.562522, 13.116426], [77.562889, 13.118168], [77.563193, 13.120502], [77.565557, 13.125963], [77.569663, 13.125022], [77.569959, 13.12739], [77.570797, 13.130577], [77.571317, 13.133296], [77.571334, 13.133936], [77.571766, 13.135267], [77.571911, 13.135973], [77.572227, 13.135897], [77.572384, 13.136252], [77.572733, 13.136294], [77.573418, 13.136044], [77.573867, 13.13772], [77.573991, 13.139384], [77.574002, 13.141029], [77.57389, 13.141141], [77.574364, 13.141286], [77.574308, 13.141519], [77.577327, 13.142115], [77.578241, 13.142454], [77.579911, 13.14262], [77.582481, 13.14003], [77.582993, 13.138029], [77.583499, 13.136634], [77.583793, 13.135219], [77.584011, 13.135117], [77.584333, 13.133959], [77.584527, 13.133817], [77.58485, 13.133103], [77.585195, 13.132767], [77.585133, 13.132619], [77.584776, 13.132404], [77.585153, 13.131834], [77.585487, 13.132025], [77.586113, 13.129819], [77.58606, 13.129505], [77.586143, 13.129199], [77.585649, 13.126902], [77.585595, 13.125989], [77.585642, 13.125229], [77.586973, 13.114649], [77.587255, 13.113573], [77.587817, 13.112471], [77.588578, 13.112921], [77.589683, 13.112753], [77.590057, 13.112797], [77.590366, 13.112445], [77.591488, 13.111535], [77.591978, 13.111311], [77.592886, 13.110546], [77.593311, 13.110297], [77.59403, 13.109129], [77.59468, 13.108381], [77.595527, 13.106474], [77.595776, 13.105535], [77.595923, 13.105533], [77.596173, 13.104794], [77.596259, 13.104177], [77.595386, 13.104431], [77.595004, 13.104436], [77.59316, 13.104335], [77.592409, 13.104182], [77.591933, 13.103996], [77.591554, 13.104832], [77.590222, 13.104925], [77.589968, 13.104793], [77.589581, 13.104739], [77.587214, 13.103988], [77.584804, 13.103715], [77.584611, 13.103618], [77.58245, 13.105779], [77.581711, 13.106616], [77.581071, 13.107529], [77.579647, 13.111848], [77.579543, 13.112271], [77.579423, 13.113789], [77.579472, 13.113821], [77.578266, 13.116451], [77.574892, 13.11617], [77.574877, 13.116538], [77.574193, 13.11654], [77.5742, 13.11847], [77.569261, 13.118497], [77.569064, 13.118444], [77.566678, 13.118755]]]}}, {"type": "Feature", "properties": {"ward_name": "94 - Deepanjali Nagara", "Corporation": "West", "valley": "Vrishabhavati Valley", "subvalley": "VV_1", "Assembly": "167 - Vijayanagar"}, "geometry": {"type": "Polygon", "coordinates": [[[77.538219, 12.949996], [77.537466, 12.949538], [77.537431, 12.948843], [77.538147, 12.948102], [77.537422, 12.945452], [77.53942, 12.94529], [77.539466, 12.944538], [77.540356, 12.94462], [77.540921, 12.94482], [77.541008, 12.944449], [77.541554, 12.944548], [77.541483, 12.944862], [77.542958, 12.944754], [77.542962, 12.944414], [77.543388, 12.944393], [77.543364, 12.943274], [77.538649, 12.943516], [77.538725, 12.94184], [77.538921, 12.939818], [77.539326, 12.937935], [77.54058, 12.937607], [77.539836, 12.935666], [77.539252, 12.933658], [77.53624, 12.935393], [77.534508, 12.936269], [77.534249, 12.93651], [77.534132, 12.93666], [77.533823, 12.937608], [77.531877, 12.940753], [77.530423, 12.943361], [77.530114, 12.94365], [77.529505, 12.944625], [77.528915, 12.944962], [77.528258, 12.945166], [77.52789, 12.945185], [77.528019, 12.945316], [77.527915, 12.945475], [77.526384, 12.94581], [77.52716, 12.947325], [77.529141, 12.950219], [77.529945, 12.951222], [77.531352, 12.952021], [77.531988, 12.952264], [77.533788, 12.952737], [77.534592, 12.953074], [77.53538, 12.953608], [77.53587, 12.954051], [77.536564, 12.953355], [77.536753, 12.953055], [77.53739, 12.951074], [77.537676, 12.950442], [77.538407, 12.950862], [77.538318, 12.950231], [77.538219, 12.949996]]]}}, {"type": "Feature", "properties": {"ward_name": "38 - Doddakammanahalli", "Corporation": "South", "valley": "Koramangala Challaghatta Valley,Suvarnamukhi Valley", "subvalley": "KC_1,SV_1", "Assembly": "176 - Bangalore South"}, "geometry": {"type": "Polygon", "coordinates": [[[77.599619, 12.863631], [77.59988, 12.863086], [77.599722, 12.861685], [77.604681, 12.861184], [77.606268, 12.860924], [77.606241, 12.859788], [77.60524, 12.859708], [77.605428, 12.857941], [77.604838, 12.857885], [77.605012, 12.857033], [77.604861, 12.85595], [77.604891, 12.855146], [77.604729, 12.854269], [77.604608, 12.854173], [77.604589, 12.853853], [77.605804, 12.854077], [77.606825, 12.854397], [77.609534, 12.854872], [77.609261, 12.853847], [77.608957, 12.851851], [77.608951, 12.851271], [77.6091, 12.851268], [77.609015, 12.848389], [77.609221, 12.846066], [77.607084, 12.847472], [77.604473, 12.848173], [77.602672, 12.848398], [77.60128, 12.848104], [77.600547, 12.848124], [77.600187, 12.847912], [77.598157, 12.848233], [77.595609, 12.849191], [77.59485, 12.84745], [77.59431, 12.845464], [77.594416, 12.843992], [77.594167, 12.841978], [77.594081, 12.841984], [77.59402, 12.841653], [77.593992, 12.840886], [77.593915, 12.840573], [77.593987, 12.84036], [77.593497, 12.839574], [77.593066, 12.838541], [77.592746, 12.837232], [77.591677, 12.835059], [77.59153, 12.834584], [77.590759, 12.834838], [77.590628, 12.834965], [77.590563, 12.835589], [77.589666, 12.835474], [77.587016, 12.833491], [77.584211, 12.835032], [77.58223, 12.836382], [77.582012, 12.836453], [77.582089, 12.836895], [77.581993, 12.83695], [77.582019, 12.837047], [77.581658, 12.837283], [77.579041, 12.838263], [77.578796, 12.838279], [77.579131, 12.838691], [77.580374, 12.839833], [77.581637, 12.84078], [77.581877, 12.842112], [77.581851, 12.842431], [77.58204, 12.842408], [77.582581, 12.842565], [77.583462, 12.844454], [77.584435, 12.844346], [77.585106, 12.845343], [77.585391, 12.845201], [77.585609, 12.845547], [77.58629, 12.845565], [77.587369, 12.846822], [77.587586, 12.84689], [77.587611, 12.847145], [77.58815, 12.847134], [77.588321, 12.849905], [77.588264, 12.849913], [77.588269, 12.851032], [77.589026, 12.858508], [77.590363, 12.858923], [77.592373, 12.85869], [77.592525, 12.85913], [77.593289, 12.858913], [77.593394, 12.85933], [77.59369, 12.859983], [77.593718, 12.860611], [77.594083, 12.8606], [77.59403, 12.861303], [77.594094, 12.861893], [77.592131, 12.862027], [77.591188, 12.862237], [77.590892, 12.862222], [77.590595, 12.862343], [77.592549, 12.868269], [77.594501, 12.867802], [77.594371, 12.867315], [77.595538, 12.867001], [77.594521, 12.865249], [77.594015, 12.865672], [77.593409, 12.863295], [77.594037, 12.863161], [77.594193, 12.863634], [77.594954, 12.863489], [77.594998, 12.863713], [77.595189, 12.863639], [77.595464, 12.863408], [77.596101, 12.862181], [77.596992, 12.861858], [77.597342, 12.86274], [77.596998, 12.862903], [77.598015, 12.865677], [77.598202, 12.865685], [77.598546, 12.864667], [77.598796, 12.864153], [77.598977, 12.86395], [77.599242, 12.863877], [77.599619, 12.863631]]]}}, {"type": "Feature", "properties": {"ward_name": "10 - Vidyaranyapura", "Corporation": "North", "valley": "Hebbal Nagawara Valley", "subvalley": "HN_1", "Assembly": "152 - Byatarayanapura"}, "geometry": {"type": "Polygon", "coordinates": [[[77.551053, 13.063488], [77.552038, 13.063197], [77.552207, 13.064016], [77.553026, 13.066438], [77.553154, 13.066492], [77.5536, 13.066442], [77.554512, 13.068528], [77.555369, 13.070181], [77.551816, 13.071681], [77.553516, 13.075514], [77.557177, 13.073943], [77.558073, 13.075791], [77.55835, 13.076622], [77.558739, 13.076477], [77.558782, 13.076529], [77.559313, 13.077961], [77.558819, 13.078125], [77.559721, 13.081508], [77.560723, 13.081227], [77.561669, 13.081212], [77.560334, 13.084023], [77.56306, 13.086186], [77.564284, 13.084569], [77.564835, 13.084185], [77.562626, 13.080055], [77.562584, 13.079855], [77.562804, 13.079363], [77.563999, 13.07806], [77.5639, 13.077231], [77.563982, 13.07708], [77.565456, 13.076545], [77.567637, 13.075347], [77.56689, 13.073822], [77.566776, 13.073389], [77.566531, 13.073284], [77.56651, 13.073061], [77.566138, 13.073166], [77.565854, 13.073157], [77.565605, 13.071959], [77.563536, 13.07231], [77.563429, 13.07228], [77.563339, 13.071077], [77.562168, 13.071335], [77.561858, 13.069861], [77.561767, 13.069036], [77.560733, 13.068895], [77.560468, 13.068752], [77.559958, 13.06562], [77.557609, 13.066246], [77.557502, 13.06593], [77.556552, 13.066273], [77.555864, 13.064253], [77.55606, 13.064249], [77.556115, 13.063661], [77.555212, 13.063562], [77.555667, 13.061946], [77.553447, 13.062266], [77.552045, 13.062605], [77.551687, 13.062579], [77.551455, 13.062284], [77.551148, 13.062125], [77.550834, 13.06228], [77.551053, 13.063488]]]}}, {"type": "Feature", "properties": {"ward_name": "29 - Chowdeshwari Nagar", "Corporation": "West", "valley": "Vrishabhavati Valley", "subvalley": "VV_2,VV_1", "Assembly": "154 - Rajarajeshwarinagar"}, "geometry": {"type": "Polygon", "coordinates": [[[77.505286, 12.994191], [77.505259, 12.99375], [77.506517, 12.99359], [77.506439, 12.993143], [77.505845, 12.993235], [77.505798, 12.992802], [77.505201, 12.992869], [77.505174, 12.991989], [77.504694, 12.991829], [77.504465, 12.99428], [77.504277, 12.994311], [77.504083, 12.994651], [77.504076, 12.995225], [77.504733, 12.995152], [77.505001, 12.995298], [77.505812, 12.997907], [77.506044, 12.998888], [77.507307, 12.99852], [77.507292, 12.99842], [77.508834, 12.997894], [77.510371, 12.997489], [77.510648, 12.998394], [77.512788, 12.99795], [77.513301, 13.000097], [77.514094, 13.000157], [77.514191, 13.000274], [77.514373, 13.000321], [77.514447, 13.00052], [77.514789, 13.000576], [77.515187, 13.000275], [77.515152, 12.999724], [77.515441, 12.999338], [77.515934, 12.999233], [77.516088, 12.999002], [77.516303, 12.9989], [77.516767, 12.998903], [77.517004, 12.998753], [77.517417, 12.998778], [77.517705, 12.998678], [77.517697, 12.998557], [77.517489, 12.99856], [77.517446, 12.998499], [77.517387, 12.99729], [77.517435, 12.997152], [77.518364, 12.997119], [77.518831, 12.997272], [77.519068, 12.997422], [77.518866, 12.997681], [77.518873, 12.998605], [77.518964, 12.998731], [77.519309, 12.9987], [77.519369, 12.99886], [77.519209, 12.999205], [77.519131, 13.000003], [77.518453, 13.00003], [77.518218, 13.000325], [77.518235, 13.000521], [77.517958, 13.000995], [77.517898, 13.001476], [77.517951, 13.001595], [77.517935, 13.002177], [77.517979, 13.002271], [77.519879, 13.002363], [77.520183, 13.003407], [77.520996, 13.003298], [77.521026, 13.003577], [77.521354, 13.003545], [77.521327, 13.003084], [77.523697, 13.002458], [77.523494, 13.001685], [77.523847, 13.001739], [77.524094, 13.001657], [77.526308, 13.000738], [77.526176, 13.000462], [77.527827, 12.999679], [77.527814, 12.999408], [77.527977, 12.999336], [77.528205, 12.999087], [77.521282, 12.997468], [77.520106, 12.996781], [77.519097, 12.996408], [77.516367, 12.995217], [77.515647, 12.99508], [77.51441, 12.994382], [77.513397, 12.993925], [77.508213, 12.992701], [77.508287, 12.992937], [77.508422, 12.994712], [77.507192, 12.995093], [77.506918, 12.994028], [77.505286, 12.994191]]]}}, {"type": "Feature", "properties": {"ward_name": "15 - Indiranagar", "Corporation": "Central", "valley": "Koramangala Challaghatta Valley", "subvalley": "KC_2,KC_1", "Assembly": "161 - C.V. Raman Nagar"}, "geometry": {"type": "Polygon", "coordinates": [[[77.63779, 12.982033], [77.637664, 12.982143], [77.637406, 12.982866], [77.636522, 12.982621], [77.634809, 12.982467], [77.634616, 12.984214], [77.635328, 12.984869], [77.635646, 12.985062], [77.63625, 12.985782], [77.636707, 12.986825], [77.636764, 12.987474], [77.635527, 12.987655], [77.635142, 12.987479], [77.634559, 12.98706], [77.63407, 12.986974], [77.633719, 12.98721], [77.633602, 12.987743], [77.632809, 12.989121], [77.631022, 12.988742], [77.630836, 12.989675], [77.631002, 12.99012], [77.631783, 12.993814], [77.63734, 12.992682], [77.637896, 12.992644], [77.639809, 12.992214], [77.642733, 12.991771], [77.643549, 12.991545], [77.642436, 12.984764], [77.646116, 12.9861], [77.647935, 12.986851], [77.648052, 12.986773], [77.648106, 12.986058], [77.648416, 12.985186], [77.650847, 12.981118], [77.652481, 12.979297], [77.656161, 12.975487], [77.656772, 12.974662], [77.655759, 12.973922], [77.655145, 12.974781], [77.654237, 12.975744], [77.653446, 12.975402], [77.652595, 12.976256], [77.652189, 12.976053], [77.652084, 12.975618], [77.651767, 12.975684], [77.651337, 12.973571], [77.648758, 12.974601], [77.648634, 12.974434], [77.648036, 12.974386], [77.647985, 12.975027], [77.647929, 12.975064], [77.646847, 12.975017], [77.646966, 12.973124], [77.647699, 12.973045], [77.648736, 12.972517], [77.649322, 12.972383], [77.649836, 12.972353], [77.6507, 12.972495], [77.650906, 12.97001], [77.650428, 12.968418], [77.648613, 12.968784], [77.647758, 12.968872], [77.647443, 12.970447], [77.641227, 12.970194], [77.640776, 12.980013], [77.6379, 12.979974], [77.63779, 12.982033]]]}}, {"type": "Feature", "properties": {"ward_name": "13 - Devasandra", "Corporation": "East", "valley": "Koramangala Challaghatta Valley,Hebbal Nagawara Valley", "subvalley": "KC_2,HN_2", "Assembly": "151 - K.R. Pura"}, "geometry": {"type": "Polygon", "coordinates": [[[77.694188, 12.997778], [77.693745, 12.99612], [77.691628, 12.996836], [77.689215, 12.997906], [77.688405, 12.998551], [77.687369, 12.999596], [77.686497, 13.000183], [77.68318, 13.000547], [77.683405, 13.001661], [77.682326, 13.003617], [77.688414, 13.006913], [77.690551, 13.007802], [77.692442, 13.008169], [77.692531, 13.007622], [77.692842, 13.002825], [77.695232, 13.002663], [77.695332, 13.003114], [77.695554, 13.003252], [77.695918, 13.004141], [77.697189, 13.006562], [77.69775, 13.007338], [77.698675, 13.006938], [77.699024, 13.006644], [77.700189, 13.006217], [77.699991, 13.005659], [77.700072, 13.00531], [77.700004, 13.004449], [77.69956, 13.00146], [77.699395, 13.000776], [77.699332, 12.999821], [77.694126, 12.999941], [77.694188, 12.997778]]]}}, {"type": "Feature", "properties": {"ward_name": "18 - Kempapura", "Corporation": "North", "valley": "Hebbal Nagawara Valley", "subvalley": "HN_1", "Assembly": "152 - Byatarayanapura"}, "geometry": {"type": "Polygon", "coordinates": [[[77.592787, 13.049601], [77.593735, 13.049195], [77.594539, 13.049071], [77.595082, 13.049067], [77.595241, 13.049252], [77.596296, 13.049146], [77.596941, 13.049182], [77.597537, 13.050047], [77.597727, 13.052008], [77.597986, 13.053521], [77.598911, 13.053361], [77.599086, 13.054094], [77.601907, 13.05355], [77.602013, 13.054077], [77.604323, 13.053221], [77.606544, 13.052501], [77.606989, 13.05199], [77.607186, 13.053869], [77.60702, 13.053896], [77.607091, 13.054396], [77.611146, 13.053436], [77.611255, 13.053806], [77.611879, 13.053672], [77.611884, 13.053263], [77.61247, 13.053151], [77.612605, 13.05366], [77.61281, 13.053766], [77.615432, 13.053216], [77.61562, 13.053933], [77.616277, 13.053821], [77.616354, 13.053862], [77.616434, 13.054244], [77.618713, 13.054175], [77.619855, 13.055796], [77.619969, 13.05573], [77.62202, 13.055586], [77.623425, 13.055581], [77.623451, 13.055506], [77.624726, 13.055202], [77.625284, 13.055146], [77.625517, 13.055256], [77.626235, 13.057577], [77.627626, 13.057293], [77.626631, 13.055051], [77.625781, 13.053736], [77.625047, 13.052338], [77.626411, 13.052006], [77.626076, 13.050871], [77.628438, 13.050682], [77.628076, 13.049662], [77.627339, 13.049836], [77.627019, 13.048812], [77.626938, 13.048791], [77.626816, 13.048149], [77.627245, 13.048042], [77.627151, 13.047823], [77.627057, 13.047812], [77.62692, 13.045868], [77.627451, 13.045455], [77.626273, 13.044208], [77.625602, 13.043205], [77.624862, 13.04183], [77.624364, 13.040177], [77.623778, 13.039158], [77.623534, 13.03832], [77.622504, 13.038323], [77.622514, 13.038514], [77.621839, 13.038576], [77.621864, 13.039181], [77.621469, 13.039252], [77.621392, 13.038783], [77.62079, 13.038912], [77.620763, 13.039103], [77.620053, 13.039137], [77.620246, 13.040006], [77.619756, 13.040344], [77.61848, 13.040955], [77.617347, 13.040891], [77.615944, 13.041202], [77.614541, 13.0417], [77.613868, 13.042102], [77.612001, 13.042527], [77.611617, 13.040655], [77.611355, 13.039992], [77.610763, 13.039173], [77.610279, 13.038206], [77.610036, 13.038835], [77.609444, 13.03965], [77.608836, 13.040166], [77.608234, 13.040529], [77.607368, 13.040846], [77.606726, 13.040936], [77.595418, 13.041272], [77.593194, 13.041049], [77.592669, 13.04106], [77.59002, 13.041605], [77.590264, 13.042433], [77.590572, 13.043111], [77.590483, 13.043086], [77.590691, 13.043867], [77.590877, 13.045426], [77.592022, 13.047663], [77.592147, 13.048189], [77.592787, 13.049601]]]}}, {"type": "Feature", "properties": {"ward_name": "66 - Singasandra", "Corporation": "South", "valley": "Koramangala Challaghatta Valley", "subvalley": "KC_2,KC_1", "Assembly": "175 - Bommanahalli"}, "geometry": {"type": "Polygon", "coordinates": [[[77.639117, 12.886953], [77.637774, 12.888313], [77.640327, 12.888474], [77.645744, 12.879723], [77.645836, 12.879441], [77.647372, 12.877167], [77.650088, 12.874273], [77.650649, 12.874325], [77.651844, 12.874145], [77.653623, 12.875424], [77.654206, 12.875663], [77.654368, 12.876681], [77.654005, 12.876476], [77.653546, 12.877353], [77.652885, 12.878322], [77.653805, 12.878822], [77.652955, 12.880437], [77.653569, 12.881039], [77.653904, 12.88039], [77.654906, 12.880095], [77.655013, 12.88057], [77.65505, 12.880443], [77.654911, 12.880093], [77.654655, 12.875682], [77.654146, 12.873665], [77.655578, 12.872897], [77.655546, 12.872852], [77.656752, 12.871555], [77.65766, 12.870809], [77.65758, 12.870438], [77.657702, 12.870424], [77.65767, 12.868981], [77.657139, 12.868974], [77.657123, 12.869586], [77.656645, 12.869578], [77.656645, 12.869017], [77.655447, 12.869058], [77.655483, 12.869747], [77.653727, 12.869657], [77.653578, 12.869552], [77.65319, 12.869535], [77.651729, 12.869903], [77.650629, 12.870404], [77.649586, 12.870437], [77.649581, 12.870356], [77.648839, 12.870382], [77.642462, 12.871613], [77.641959, 12.871826], [77.641047, 12.87199], [77.640243, 12.872498], [77.640041, 12.873544], [77.640157, 12.874438], [77.639697, 12.87602], [77.639141, 12.877005], [77.637956, 12.878608], [77.63779, 12.878798], [77.637575, 12.878892], [77.636959, 12.879958], [77.63731, 12.882852], [77.637556, 12.8837], [77.638254, 12.883698], [77.638928, 12.885218], [77.639058, 12.885331], [77.63955, 12.886604], [77.639117, 12.886953]]]}}, {"type": "Feature", "properties": {"ward_name": "43 - Varalakshmi Nagar", "Corporation": "North", "valley": "Koramangala Challaghatta Valley,Hebbal Nagawara Valley", "subvalley": "KC_1,HN_1", "Assembly": "159 - Pulakeshinagar"}, "geometry": {"type": "Polygon", "coordinates": [[[77.595851, 13.012646], [77.597175, 13.014704], [77.597645, 13.01558], [77.59768, 13.016215], [77.598461, 13.017891], [77.598644, 13.018224], [77.599258, 13.018884], [77.599741, 13.019715], [77.599842, 13.020184], [77.600362, 13.021348], [77.600944, 13.022992], [77.599904, 13.02351], [77.600432, 13.02467], [77.600506, 13.025136], [77.600434, 13.0257], [77.600671, 13.026219], [77.60055, 13.026496], [77.600087, 13.026705], [77.599698, 13.027863], [77.601163, 13.027811], [77.604265, 13.027356], [77.603584, 13.025147], [77.602423, 13.022152], [77.603308, 13.021765], [77.604711, 13.021506], [77.604681, 13.021298], [77.604804, 13.021278], [77.604607, 13.020292], [77.604566, 13.019369], [77.60503, 13.019292], [77.604887, 13.018465], [77.605371, 13.018402], [77.60523, 13.017397], [77.605368, 13.017272], [77.606845, 13.01713], [77.606679, 13.015561], [77.607282, 13.015527], [77.607291, 13.015218], [77.605876, 13.015291], [77.605506, 13.015111], [77.604575, 13.015214], [77.604395, 13.014454], [77.603853, 13.014508], [77.60359, 13.013016], [77.603755, 13.012498], [77.604518, 13.012293], [77.604905, 13.012284], [77.607096, 13.011353], [77.606723, 13.010495], [77.606525, 13.009456], [77.610161, 13.009271], [77.610441, 13.008933], [77.610794, 13.00885], [77.610822, 13.007689], [77.610915, 13.007672], [77.610633, 13.006095], [77.611333, 13.005933], [77.610203, 13.004179], [77.608358, 13.004902], [77.608459, 13.005101], [77.598156, 13.010122], [77.596861, 13.01081], [77.595391, 13.011382], [77.595851, 13.012646]]]}}, {"type": "Feature", "properties": {"ward_name": "16 - Sarakki", "Corporation": "South", "valley": "Koramangala Challaghatta Valley,Vrishabhavati Valley", "subvalley": "KC_1,VV_1", "Assembly": "173 - Jayanagar"}, "geometry": {"type": "Polygon", "coordinates": [[[77.573511, 12.912529], [77.574141, 12.912475], [77.574627, 12.913076], [77.574637, 12.912482], [77.575559, 12.912519], [77.579096, 12.912162], [77.578986, 12.911468], [77.579167, 12.911451], [77.579098, 12.910858], [77.581792, 12.91062], [77.581755, 12.90938], [77.580617, 12.909397], [77.580615, 12.90856], [77.580643, 12.908485], [77.582032, 12.90845], [77.582027, 12.907088], [77.583037, 12.907086], [77.58305, 12.906357], [77.58039, 12.906426], [77.580327, 12.904359], [77.579668, 12.90454], [77.579689, 12.904713], [77.578665, 12.904954], [77.578696, 12.905368], [77.576909, 12.905317], [77.576972, 12.904389], [77.577235, 12.903869], [77.577005, 12.903831], [77.576571, 12.904177], [77.576125, 12.904399], [77.575458, 12.905051], [77.575488, 12.906456], [77.573258, 12.90648], [77.572988, 12.908505], [77.572901, 12.911026], [77.572969, 12.912371], [77.573274, 12.913463], [77.573498, 12.913313], [77.573567, 12.912885], [77.573511, 12.912529]]]}}, {"type": "Feature", "properties": {"ward_name": "15 - Shakambarinagara", "Corporation": "South", "valley": "Koramangala Challaghatta Valley,Vrishabhavati Valley", "subvalley": "KC_1,VV_1", "Assembly": "173 - Jayanagar"}, "geometry": {"type": "Polygon", "coordinates": [[[77.573498, 12.913313], [77.573274, 12.913463], [77.573447, 12.914297], [77.573538, 12.915409], [77.573517, 12.917673], [77.577328, 12.917592], [77.578145, 12.917248], [77.585838, 12.917095], [77.585704, 12.910568], [77.593322, 12.910229], [77.593289, 12.909029], [77.595149, 12.909005], [77.59495, 12.903905], [77.593851, 12.903933], [77.593763, 12.904898], [77.593562, 12.90557], [77.593415, 12.905567], [77.593408, 12.905272], [77.592936, 12.905292], [77.591903, 12.905366], [77.591461, 12.905436], [77.59147, 12.905602], [77.590234, 12.905711], [77.590051, 12.904795], [77.588118, 12.905082], [77.588153, 12.905237], [77.588062, 12.905266], [77.588048, 12.905546], [77.586447, 12.905577], [77.586436, 12.904645], [77.58497, 12.904665], [77.584953, 12.905166], [77.584289, 12.905173], [77.583877, 12.905319], [77.582998, 12.905384], [77.583007, 12.905497], [77.58173, 12.905569], [77.581755, 12.903738], [77.580297, 12.904129], [77.580384, 12.904755], [77.58039, 12.906426], [77.58305, 12.906357], [77.583037, 12.907086], [77.582027, 12.907088], [77.582032, 12.90845], [77.580643, 12.908485], [77.580615, 12.90856], [77.580617, 12.909397], [77.581755, 12.90938], [77.581792, 12.91062], [77.579098, 12.910858], [77.579167, 12.911451], [77.578986, 12.911468], [77.579096, 12.912162], [77.575559, 12.912519], [77.574637, 12.912482], [77.574627, 12.913076], [77.574141, 12.912475], [77.573511, 12.912529], [77.573567, 12.912885], [77.573498, 12.913313]]]}}, {"type": "Feature", "properties": {"ward_name": "19 - Jeevan Bhimanagar", "Corporation": "Central", "valley": "Koramangala Challaghatta Valley", "subvalley": "KC_1", "Assembly": "161 - C.V. Raman Nagar"}, "geometry": {"type": "Polygon", "coordinates": [[[77.649761, 12.959086], [77.649891, 12.959684], [77.65045, 12.959631], [77.650383, 12.963302], [77.652266, 12.968023], [77.651595, 12.96814], [77.65218, 12.970537], [77.654984, 12.970178], [77.655772, 12.969985], [77.655752, 12.969646], [77.656027, 12.969598], [77.656097, 12.970197], [77.656205, 12.970377], [77.656484, 12.970056], [77.656423, 12.969984], [77.657397, 12.968972], [77.657274, 12.968244], [77.657952, 12.968165], [77.658492, 12.967434], [77.658461, 12.967192], [77.661645, 12.966804], [77.661965, 12.966306], [77.661787, 12.966192], [77.66163, 12.965605], [77.661508, 12.965511], [77.661069, 12.965453], [77.661, 12.965178], [77.66072, 12.965194], [77.660534, 12.9649], [77.660796, 12.964853], [77.661087, 12.964154], [77.661791, 12.964272], [77.66168, 12.962783], [77.661539, 12.96253], [77.661447, 12.962137], [77.660947, 12.962212], [77.66082, 12.961607], [77.659968, 12.961689], [77.659773, 12.961026], [77.660164, 12.96087], [77.6599, 12.960255], [77.659791, 12.960217], [77.659669, 12.959198], [77.659454, 12.959119], [77.654287, 12.959432], [77.653007, 12.954442], [77.651143, 12.955111], [77.65108, 12.954862], [77.64986, 12.955302], [77.649805, 12.955205], [77.648507, 12.955608], [77.648469, 12.956073], [77.648918, 12.95673], [77.648748, 12.956844], [77.648734, 12.956962], [77.649179, 12.957555], [77.649761, 12.959086]]]}}, {"type": "Feature", "properties": {"ward_name": "20 - Sampigehalli", "Corporation": "North", "valley": "Hebbal Nagawara Valley", "subvalley": "HN_2,HN_1", "Assembly": "152 - Byatarayanapura"}, "geometry": {"type": "Polygon", "coordinates": [[[77.633472, 13.062623], [77.633611, 13.064252], [77.633632, 13.06759], [77.631205, 13.067786], [77.631111, 13.067852], [77.631143, 13.069937], [77.630056, 13.069879], [77.630046, 13.071989], [77.628235, 13.072174], [77.628282, 13.072624], [77.626484, 13.072858], [77.626562, 13.073838], [77.624154, 13.074099], [77.624277, 13.074543], [77.623121, 13.074692], [77.622704, 13.073159], [77.618892, 13.073561], [77.618848, 13.071945], [77.612621, 13.077056], [77.610475, 13.079], [77.611174, 13.079256], [77.61186, 13.082061], [77.612189, 13.082039], [77.612739, 13.081711], [77.613382, 13.081518], [77.613992, 13.081105], [77.614426, 13.080121], [77.614845, 13.080231], [77.613617, 13.082732], [77.613419, 13.083707], [77.613217, 13.084287], [77.613114, 13.085454], [77.612542, 13.087519], [77.612428, 13.087682], [77.612143, 13.087828], [77.611909, 13.088171], [77.611655, 13.08835], [77.609981, 13.090626], [77.609044, 13.092227], [77.608122, 13.094347], [77.60786, 13.094453], [77.608098, 13.094447], [77.607823, 13.09476], [77.607726, 13.09511], [77.607681, 13.095456], [77.607448, 13.096136], [77.607318, 13.097276], [77.607311, 13.097635], [77.607525, 13.098192], [77.610679, 13.097727], [77.611327, 13.097419], [77.614053, 13.097422], [77.614047, 13.097476], [77.617212, 13.097845], [77.617371, 13.098044], [77.618416, 13.09803], [77.619677, 13.098134], [77.623259, 13.098604], [77.624089, 13.098052], [77.625196, 13.098334], [77.625282, 13.098108], [77.62922, 13.09886], [77.629763, 13.10004], [77.631995, 13.099143], [77.631503, 13.097988], [77.633461, 13.097023], [77.632863, 13.095768], [77.63297, 13.095659], [77.633541, 13.095433], [77.634582, 13.095226], [77.635177, 13.096833], [77.63594, 13.096006], [77.635851, 13.0917], [77.635646, 13.090074], [77.63464, 13.083936], [77.638007, 13.08351], [77.638759, 13.083347], [77.641837, 13.081889], [77.642576, 13.083428], [77.643557, 13.082988], [77.643605, 13.082664], [77.644514, 13.082238], [77.642528, 13.078655], [77.642146, 13.077826], [77.64142, 13.077216], [77.640974, 13.07696], [77.640237, 13.076931], [77.639559, 13.076668], [77.638309, 13.07516], [77.639491, 13.074935], [77.63944, 13.073218], [77.639527, 13.06969], [77.639023, 13.06758], [77.638696, 13.066544], [77.638219, 13.061814], [77.633472, 13.062623]]]}}, {"type": "Feature", "properties": {"ward_name": "3 - Kumaraswamy Layout", "Corporation": "South", "valley": "Vrishabhavati Valley", "subvalley": "VV_1", "Assembly": "171 - Padmanabanagar"}, "geometry": {"type": "Polygon", "coordinates": [[[77.564851, 12.916761], [77.565532, 12.917479], [77.566065, 12.918796], [77.568714, 12.91815], [77.568651, 12.917736], [77.568793, 12.917102], [77.569567, 12.915502], [77.569996, 12.915682], [77.570178, 12.915646], [77.570277, 12.914826], [77.570017, 12.914534], [77.569977, 12.913991], [77.569442, 12.912416], [77.5692, 12.912433], [77.568761, 12.911792], [77.56847, 12.911598], [77.568172, 12.911218], [77.565852, 12.914241], [77.564851, 12.916761]]]}}, {"type": "Feature", "properties": {"ward_name": "65 - Abbigere", "Corporation": "North", "valley": "Arkavathi Valley", "subvalley": "AV_2,AV_1", "Assembly": "155 - Dasarahalli"}, "geometry": {"type": "Polygon", "coordinates": [[[77.511064, 13.069635], [77.510964, 13.068479], [77.510911, 13.068413], [77.51045, 13.068408], [77.510322, 13.068304], [77.510256, 13.067838], [77.510041, 13.067831], [77.509979, 13.067201], [77.509822, 13.067161], [77.509454, 13.064796], [77.509028, 13.064789], [77.509012, 13.064095], [77.509211, 13.063755], [77.507544, 13.063818], [77.505221, 13.063569], [77.504963, 13.06407], [77.505024, 13.064097], [77.504252, 13.06531], [77.499598, 13.072032], [77.500371, 13.072464], [77.501004, 13.072636], [77.501433, 13.072845], [77.502143, 13.073869], [77.502471, 13.074165], [77.502707, 13.074655], [77.504108, 13.075394], [77.504796, 13.076477], [77.505457, 13.076932], [77.505722, 13.07702], [77.50601, 13.077422], [77.507177, 13.078007], [77.508385, 13.077613], [77.508817, 13.077852], [77.509413, 13.076995], [77.51064, 13.075994], [77.511132, 13.075724], [77.511284, 13.075877], [77.512541, 13.07559], [77.513077, 13.07555], [77.514288, 13.075158], [77.514442, 13.075356], [77.516148, 13.074865], [77.517957, 13.074181], [77.518276, 13.075455], [77.518339, 13.076942], [77.518701, 13.078171], [77.51898, 13.079665], [77.519143, 13.07962], [77.519419, 13.079358], [77.519629, 13.079438], [77.520883, 13.079151], [77.521281, 13.080405], [77.522067, 13.080352], [77.522243, 13.080547], [77.522795, 13.08081], [77.522877, 13.08091], [77.523202, 13.080873], [77.523445, 13.081827], [77.523586, 13.082875], [77.523436, 13.086038], [77.523448, 13.088114], [77.523779, 13.093068], [77.52642, 13.092875], [77.530043, 13.092415], [77.534394, 13.092137], [77.535452, 13.090174], [77.540714, 13.089973], [77.539094, 13.087005], [77.537954, 13.085761], [77.536885, 13.083787], [77.53507, 13.083796], [77.531717, 13.083065], [77.53084, 13.082811], [77.529946, 13.082128], [77.529935, 13.081516], [77.52984, 13.081356], [77.529422, 13.079021], [77.529527, 13.078772], [77.529809, 13.078778], [77.529905, 13.078595], [77.530296, 13.078601], [77.530404, 13.077914], [77.530102, 13.076121], [77.526568, 13.07659], [77.526733, 13.075954], [77.525966, 13.076041], [77.525824, 13.075523], [77.525542, 13.073594], [77.525451, 13.07348], [77.524171, 13.074805], [77.524016, 13.073928], [77.523597, 13.072507], [77.525349, 13.071936], [77.525578, 13.071723], [77.525486, 13.071176], [77.525151, 13.071238], [77.524807, 13.071036], [77.523549, 13.070871], [77.52071, 13.071113], [77.518418, 13.071587], [77.517602, 13.070056], [77.515904, 13.067767], [77.515911, 13.067551], [77.512742, 13.068696], [77.51193, 13.069078], [77.511064, 13.069635]]]}}, {"type": "Feature", "properties": {"ward_name": "67 - Bandepalya", "Corporation": "South", "valley": "Koramangala Challaghatta Valley", "subvalley": "KC_2,KC_1", "Assembly": "175 - Bommanahalli"}, "geometry": {"type": "MultiPolygon", "coordinates": [[[[77.653623, 12.875424], [77.651844, 12.874145], [77.650649, 12.874325], [77.650088, 12.874273], [77.647372, 12.877167], [77.645836, 12.879441], [77.645744, 12.879723], [77.642658, 12.884709], [77.643831, 12.885211], [77.644895, 12.886695], [77.645034, 12.88646], [77.646164, 12.885507], [77.647774, 12.885819], [77.648669, 12.886082], [77.649386, 12.886175], [77.649331, 12.883709], [77.649489, 12.883435], [77.650086, 12.882958], [77.651759, 12.882499], [77.652135, 12.882171], [77.652337, 12.881854], [77.652615, 12.88108], [77.65301, 12.880276], [77.653805, 12.878822], [77.652885, 12.878322], [77.653546, 12.877353], [77.654005, 12.876476], [77.654368, 12.876681], [77.654206, 12.875663], [77.653623, 12.875424]]], [[[77.643897, 12.891265], [77.643608, 12.887635], [77.641247, 12.887064], [77.637976, 12.892256], [77.632644, 12.900972], [77.63264, 12.901219], [77.632039, 12.902279], [77.63224, 12.902228], [77.632339, 12.902402], [77.63239, 12.902959], [77.632323, 12.903162], [77.632317, 12.90394], [77.632397, 12.904158], [77.632503, 12.904166], [77.632554, 12.904361], [77.632505, 12.905153], [77.633811, 12.905092], [77.633855, 12.906905], [77.635089, 12.907307], [77.63573, 12.907102], [77.635452, 12.906441], [77.635363, 12.906447], [77.635164, 12.905722], [77.634868, 12.905734], [77.634835, 12.905402], [77.634945, 12.905374], [77.634867, 12.90352], [77.636024, 12.903458], [77.635953, 12.901715], [77.635638, 12.899972], [77.6378, 12.899666], [77.638959, 12.899587], [77.639173, 12.899362], [77.639157, 12.897146], [77.638727, 12.896624], [77.638539, 12.895404], [77.638826, 12.895459], [77.639003, 12.895695], [77.640152, 12.896376], [77.641635, 12.896252], [77.642276, 12.896302], [77.642229, 12.89561], [77.641966, 12.895651], [77.641935, 12.895523], [77.641824, 12.895522], [77.641766, 12.89516], [77.641658, 12.895058], [77.64084, 12.895123], [77.640744, 12.894454], [77.641618, 12.894335], [77.641686, 12.893899], [77.641378, 12.893851], [77.64113, 12.893144], [77.641338, 12.893094], [77.641968, 12.893291], [77.642003, 12.893], [77.641254, 12.892658], [77.641276, 12.892545], [77.64235, 12.890797], [77.643828, 12.891414], [77.643897, 12.891265]]]]}}, {"type": "Feature", "properties": {"ward_name": "18 - G.M Palya", "Corporation": "Central", "valley": "Koramangala Challaghatta Valley", "subvalley": "KC_2", "Assembly": "161 - C.V. Raman Nagar"}, "geometry": {"type": "Polygon", "coordinates": [[[77.669948, 12.976874], [77.670669, 12.976577], [77.6705, 12.976189], [77.67112, 12.976093], [77.671287, 12.97631], [77.671675, 12.976306], [77.671746, 12.976493], [77.67105, 12.976821], [77.671291, 12.977202], [77.671896, 12.976867], [77.672014, 12.97697], [77.672686, 12.978732], [77.674165, 12.978295], [77.674401, 12.978886], [77.674745, 12.978838], [77.674837, 12.978917], [77.675362, 12.978811], [77.675591, 12.978899], [77.678159, 12.978137], [77.679338, 12.977976], [77.679314, 12.976894], [77.679378, 12.976514], [77.679299, 12.976162], [77.678916, 12.975287], [77.678116, 12.972709], [77.674491, 12.973488], [77.670295, 12.974827], [77.670101, 12.974954], [77.668847, 12.975403], [77.668135, 12.975547], [77.667314, 12.975574], [77.666516, 12.975333], [77.666611, 12.974425], [77.666902, 12.974381], [77.666914, 12.974301], [77.666792, 12.973347], [77.666842, 12.973258], [77.666732, 12.973192], [77.666661, 12.973009], [77.666965, 12.972618], [77.666573, 12.97245], [77.666512, 12.97192], [77.666158, 12.971446], [77.665531, 12.971578], [77.665335, 12.971844], [77.663057, 12.971538], [77.661984, 12.971787], [77.661566, 12.971979], [77.661477, 12.972715], [77.661538, 12.972915], [77.663591, 12.974695], [77.664165, 12.975068], [77.665604, 12.975068], [77.666029, 12.975169], [77.666075, 12.97615], [77.666019, 12.976563], [77.666145, 12.977602], [77.666443, 12.977988], [77.666633, 12.978039], [77.667123, 12.978356], [77.668688, 12.97946], [77.670075, 12.980034], [77.670135, 12.979602], [77.670836, 12.979372], [77.671035, 12.979127], [77.669948, 12.976874]]]}}, {"type": "Feature", "properties": {"ward_name": "68 - Mangammana Palya", "Corporation": "South", "valley": "Koramangala Challaghatta Valley", "subvalley": "KC_1", "Assembly": "175 - Bommanahalli"}, "geometry": {"type": "Polygon", "coordinates": [[[77.641053, 12.900738], [77.640372, 12.900834], [77.64023, 12.899629], [77.644179, 12.899156], [77.644085, 12.897366], [77.642813, 12.897443], [77.642741, 12.896514], [77.64239, 12.896516], [77.642276, 12.896302], [77.641635, 12.896252], [77.640152, 12.896376], [77.639003, 12.895695], [77.638826, 12.895459], [77.638539, 12.895404], [77.638727, 12.896624], [77.639157, 12.897146], [77.639173, 12.899362], [77.638959, 12.899587], [77.6378, 12.899666], [77.635638, 12.899972], [77.635953, 12.901715], [77.636024, 12.903458], [77.634867, 12.90352], [77.634945, 12.905374], [77.634835, 12.905402], [77.634868, 12.905734], [77.635164, 12.905722], [77.635363, 12.906447], [77.635452, 12.906441], [77.63573, 12.907102], [77.639018, 12.905731], [77.639146, 12.9055], [77.641322, 12.904056], [77.641391, 12.903622], [77.641336, 12.902904], [77.641053, 12.900738]]]}}, {"type": "Feature", "properties": {"ward_name": "12 - Thindlu", "Corporation": "North", "valley": "Hebbal Nagawara Valley", "subvalley": "HN_1", "Assembly": "152 - Byatarayanapura"}, "geometry": {"type": "Polygon", "coordinates": [[[77.565715, 13.064536], [77.5654, 13.065421], [77.565083, 13.06556], [77.563587, 13.068685], [77.563298, 13.068791], [77.562471, 13.068851], [77.560747, 13.068726], [77.560659, 13.068733], [77.56058, 13.068852], [77.561767, 13.069036], [77.561858, 13.069861], [77.562168, 13.071335], [77.563339, 13.071077], [77.563429, 13.07228], [77.563536, 13.07231], [77.565605, 13.071959], [77.565854, 13.073157], [77.566138, 13.073166], [77.56651, 13.073061], [77.566531, 13.073284], [77.566776, 13.073389], [77.56689, 13.073822], [77.567637, 13.075347], [77.565456, 13.076545], [77.563942, 13.077121], [77.5639, 13.077231], [77.563999, 13.07806], [77.562804, 13.079363], [77.562582, 13.079937], [77.564835, 13.084185], [77.564284, 13.084569], [77.56307, 13.086194], [77.560072, 13.088], [77.560476, 13.090326], [77.561509, 13.095198], [77.562849, 13.097785], [77.564329, 13.09758], [77.569836, 13.098079], [77.569932, 13.098065], [77.569959, 13.097866], [77.569536, 13.094381], [77.570294, 13.092309], [77.574174, 13.090438], [77.576603, 13.089923], [77.578801, 13.08934], [77.580206, 13.089092], [77.579865, 13.087873], [77.579366, 13.085587], [77.579166, 13.085139], [77.584465, 13.083631], [77.58291, 13.078184], [77.590092, 13.076069], [77.588802, 13.073055], [77.588442, 13.072377], [77.587947, 13.071534], [77.586701, 13.070255], [77.583545, 13.068032], [77.574141, 13.061792], [77.573035, 13.06078], [77.571983, 13.059405], [77.571565, 13.058651], [77.570024, 13.059831], [77.570618, 13.060801], [77.568829, 13.061775], [77.568357, 13.062077], [77.568193, 13.062301], [77.568385, 13.062833], [77.568531, 13.062888], [77.568411, 13.063089], [77.5662, 13.063854], [77.566008, 13.064275], [77.565715, 13.064536]]]}}, {"type": "Feature", "properties": {"ward_name": "75 - Marenahalli West", "Corporation": "West", "valley": "Vrishabhavati Valley", "subvalley": "VV_1", "Assembly": "166 - Govindraj Nagar"}, "geometry": {"type": "Polygon", "coordinates": [[[77.526558, 12.970587], [77.526453, 12.970552], [77.525453, 12.970757], [77.525507, 12.97151], [77.525097, 12.971561], [77.525337, 12.9727], [77.524593, 12.972844], [77.524802, 12.973538], [77.523524, 12.973913], [77.523659, 12.974669], [77.523736, 12.974664], [77.523804, 12.975066], [77.524115, 12.975037], [77.524272, 12.9764], [77.524641, 12.976386], [77.524611, 12.976061], [77.526556, 12.975926], [77.526494, 12.975343], [77.526559, 12.975336], [77.526541, 12.974385], [77.52713, 12.974358], [77.527063, 12.972916], [77.528717, 12.972835], [77.529536, 12.972896], [77.52957, 12.972958], [77.5338, 12.972087], [77.533341, 12.970544], [77.532825, 12.970649], [77.532777, 12.970419], [77.533115, 12.970359], [77.533083, 12.970224], [77.534851, 12.969868], [77.53623, 12.969436], [77.535555, 12.967696], [77.532642, 12.968581], [77.531721, 12.968483], [77.530573, 12.96868], [77.530794, 12.969689], [77.529726, 12.969916], [77.529388, 12.968272], [77.529336, 12.968214], [77.528272, 12.968224], [77.528379, 12.969523], [77.528533, 12.969981], [77.527827, 12.970434], [77.527729, 12.970123], [77.5275, 12.970167], [77.527541, 12.9704], [77.526558, 12.970587]]]}}, {"type": "Feature", "properties": {"ward_name": "21 - Konena Agrahara", "Corporation": "Central", "valley": "Koramangala Challaghatta Valley", "subvalley": "KC_1", "Assembly": "161 - C.V. Raman Nagar"}, "geometry": {"type": "Polygon", "coordinates": [[[77.649715, 12.958987], [77.649179, 12.957555], [77.648734, 12.956962], [77.648748, 12.956844], [77.648918, 12.95673], [77.648469, 12.956073], [77.648507, 12.955608], [77.649805, 12.955205], [77.64986, 12.955302], [77.65108, 12.954862], [77.651143, 12.955111], [77.653007, 12.954442], [77.654287, 12.959432], [77.659454, 12.959119], [77.659669, 12.959198], [77.659664, 12.959062], [77.660889, 12.959254], [77.661488, 12.959227], [77.662153, 12.959187], [77.663582, 12.958892], [77.663029, 12.956828], [77.66337, 12.955722], [77.660913, 12.955666], [77.660847, 12.955419], [77.661818, 12.955393], [77.661776, 12.954955], [77.662387, 12.954919], [77.6624, 12.954784], [77.662368, 12.954237], [77.660992, 12.954328], [77.660983, 12.952869], [77.658729, 12.952936], [77.652524, 12.952523], [77.652298, 12.951837], [77.651518, 12.95144], [77.650542, 12.950638], [77.649255, 12.949072], [77.649079, 12.948513], [77.649051, 12.947902], [77.649089, 12.947747], [77.649374, 12.947401], [77.649025, 12.946013], [77.648803, 12.946133], [77.648293, 12.9466], [77.647773, 12.947168], [77.646762, 12.947681], [77.646533, 12.947867], [77.645403, 12.949401], [77.645041, 12.949997], [77.644499, 12.951723], [77.644254, 12.953334], [77.642514, 12.953956], [77.642095, 12.953865], [77.641592, 12.95359], [77.641488, 12.953434], [77.641118, 12.953383], [77.640769, 12.953205], [77.640773, 12.953294], [77.641262, 12.954297], [77.641293, 12.954698], [77.643328, 12.954664], [77.643738, 12.956369], [77.643623, 12.956977], [77.644121, 12.956806], [77.644694, 12.957368], [77.64514, 12.957066], [77.645601, 12.95687], [77.647947, 12.957435], [77.648321, 12.957988], [77.649205, 12.959765], [77.649891, 12.959684], [77.649715, 12.958987]]]}}, {"type": "Feature", "properties": {"ward_name": "6 - Shivapura", "Corporation": "West", "valley": "Vrishabhavati Valley,Arkavathi Valley", "subvalley": "VV_1,AV_2", "Assembly": "155 - Dasarahalli"}, "geometry": {"type": "Polygon", "coordinates": [[[77.501675, 13.004875], [77.50141, 13.00361], [77.500006, 13.003969], [77.499668, 13.00275], [77.499, 13.002984], [77.499089, 13.00356], [77.497569, 13.003859], [77.49797, 13.007691], [77.498402, 13.00905], [77.499223, 13.00857], [77.499803, 13.009059], [77.499948, 13.009345], [77.499728, 13.010279], [77.499764, 13.01157], [77.499991, 13.011877], [77.499684, 13.012926], [77.499763, 13.013531], [77.499115, 13.013937], [77.495616, 13.022546], [77.4948, 13.022934], [77.495135, 13.023674], [77.495972, 13.023302], [77.49656, 13.023532], [77.498702, 13.02492], [77.49903, 13.02413], [77.499516, 13.024219], [77.499512, 13.024043], [77.500457, 13.023587], [77.500083, 13.022398], [77.501767, 13.021333], [77.50275, 13.02081], [77.503505, 13.022049], [77.504035, 13.022606], [77.504078, 13.022958], [77.504612, 13.023521], [77.504473, 13.025187], [77.504233, 13.025978], [77.504473, 13.02602], [77.504702, 13.026269], [77.505737, 13.026953], [77.506853, 13.026917], [77.506847, 13.026866], [77.507708, 13.026949], [77.507745, 13.026011], [77.509603, 13.025845], [77.50938, 13.024498], [77.51111, 13.025062], [77.510851, 13.024469], [77.509505, 13.022407], [77.514263, 13.019495], [77.513898, 13.019031], [77.513802, 13.018729], [77.515077, 13.018114], [77.515009, 13.018002], [77.514663, 13.017864], [77.513946, 13.017702], [77.513876, 13.017116], [77.514551, 13.015205], [77.515064, 13.013209], [77.513849, 13.01367], [77.513789, 13.013461], [77.513586, 13.013581], [77.513082, 13.012294], [77.512546, 13.012573], [77.512351, 13.011872], [77.511725, 13.012156], [77.511886, 13.012625], [77.512305, 13.013317], [77.512115, 13.013414], [77.512484, 13.014025], [77.513186, 13.015475], [77.511431, 13.01627], [77.510496, 13.01432], [77.5093, 13.012661], [77.508506, 13.01171], [77.508357, 13.011579], [77.50694, 13.010946], [77.506227, 13.009893], [77.503727, 13.009687], [77.503624, 13.008652], [77.503216, 13.008757], [77.503202, 13.008073], [77.502235, 13.008212], [77.502105, 13.007612], [77.503148, 13.007425], [77.5032, 13.007385], [77.503163, 13.006867], [77.502187, 13.007241], [77.50209, 13.006805], [77.50082, 13.007117], [77.500539, 13.006353], [77.50127, 13.006113], [77.501094, 13.005752], [77.501561, 13.005633], [77.502004, 13.005719], [77.502031, 13.005231], [77.502409, 13.005212], [77.502357, 13.004779], [77.501675, 13.004875]]]}}, {"type": "Feature", "properties": {"ward_name": "58 - Chickpete", "Corporation": "Central", "valley": "Koramangala Challaghatta Valley,Vrishabhavati Valley", "subvalley": "KC_1,VV_1", "Assembly": "164 - Gandhinagara"}, "geometry": {"type": "Polygon", "coordinates": [[[77.573313, 12.970101], [77.573494, 12.970668], [77.572876, 12.970881], [77.573203, 12.97163], [77.572301, 12.972506], [77.572597, 12.973011], [77.574465, 12.972355], [77.575105, 12.973562], [77.575251, 12.973597], [77.575403, 12.973997], [77.576856, 12.973525], [77.576668, 12.97303], [77.576616, 12.973059], [77.576436, 12.972698], [77.577063, 12.972489], [77.578222, 12.974321], [77.581087, 12.973067], [77.581669, 12.972747], [77.582871, 12.971843], [77.582791, 12.970324], [77.582979, 12.970125], [77.582343, 12.968406], [77.581295, 12.966508], [77.578677, 12.967982], [77.578055, 12.966737], [77.577071, 12.967177], [77.574877, 12.968352], [77.575426, 12.969364], [77.574463, 12.969738], [77.574524, 12.970036], [77.57364, 12.970431], [77.573452, 12.970053], [77.573313, 12.970101]]]}}, {"type": "Feature", "properties": {"ward_name": "16 - New Thippasandra", "Corporation": "Central", "valley": "Koramangala Challaghatta Valley", "subvalley": "KC_2,KC_1", "Assembly": "161 - C.V. Raman Nagar"}, "geometry": {"type": "Polygon", "coordinates": [[[77.665626, 12.98151], [77.66728, 12.981624], [77.668501, 12.98142], [77.669139, 12.981385], [77.668992, 12.980755], [77.669046, 12.980652], [77.670008, 12.980387], [77.670075, 12.980034], [77.668688, 12.97946], [77.667123, 12.978356], [77.666633, 12.978039], [77.666443, 12.977988], [77.666145, 12.977602], [77.666019, 12.976563], [77.666075, 12.97615], [77.666029, 12.975169], [77.665604, 12.975068], [77.664165, 12.975068], [77.663591, 12.974695], [77.661538, 12.972915], [77.661477, 12.972715], [77.661566, 12.971979], [77.661518, 12.97162], [77.659596, 12.971586], [77.658637, 12.971453], [77.658735, 12.971254], [77.657753, 12.970777], [77.657397, 12.968972], [77.656423, 12.969984], [77.656484, 12.970056], [77.656205, 12.970377], [77.656097, 12.970197], [77.656027, 12.969598], [77.655752, 12.969646], [77.655772, 12.969985], [77.654984, 12.970178], [77.65218, 12.970537], [77.651595, 12.96814], [77.650428, 12.968418], [77.650906, 12.97001], [77.6507, 12.972495], [77.649836, 12.972353], [77.649322, 12.972383], [77.648736, 12.972517], [77.647699, 12.973045], [77.646966, 12.973124], [77.646847, 12.975017], [77.647929, 12.975064], [77.647985, 12.975027], [77.648036, 12.974386], [77.648634, 12.974434], [77.648758, 12.974601], [77.651337, 12.973571], [77.651767, 12.975684], [77.652084, 12.975618], [77.652189, 12.976053], [77.652595, 12.976256], [77.653446, 12.975402], [77.654237, 12.975744], [77.655145, 12.974781], [77.655759, 12.973922], [77.656772, 12.974662], [77.656161, 12.975487], [77.655595, 12.976102], [77.655432, 12.976203], [77.652718, 12.979049], [77.65312, 12.979247], [77.653074, 12.9793], [77.65524, 12.980247], [77.658336, 12.981368], [77.658424, 12.981549], [77.658622, 12.982971], [77.658715, 12.983116], [77.65968, 12.983842], [77.660159, 12.984058], [77.660413, 12.984151], [77.660915, 12.984098], [77.661117, 12.983721], [77.661483, 12.983351], [77.662271, 12.983208], [77.662874, 12.983277], [77.663329, 12.983489], [77.663596, 12.98372], [77.663981, 12.983728], [77.664409, 12.983295], [77.664284, 12.982697], [77.664845, 12.982551], [77.665216, 12.982655], [77.665416, 12.982564], [77.665677, 12.982257], [77.665727, 12.981805], [77.665626, 12.98151]]]}}, {"type": "Feature", "properties": {"ward_name": "42 - Raja Mayura Varma Ward", "Corporation": "West", "valley": "Vrishabhavati Valley", "subvalley": "VV_1", "Assembly": "156 - Mahalakshmi Layout"}, "geometry": {"type": "Polygon", "coordinates": [[[77.533629, 13.006167], [77.534559, 13.005467], [77.533993, 13.005027], [77.535894, 13.003473], [77.536594, 13.001237], [77.535718, 13.001027], [77.535842, 13.00087], [77.536869, 13.000524], [77.53678, 12.999951], [77.536737, 12.999896], [77.536008, 12.999998], [77.534556, 13.0005], [77.534378, 13.000697], [77.528545, 12.999324], [77.528444, 12.99889], [77.527977, 12.999336], [77.527814, 12.999408], [77.527877, 13.000756], [77.527826, 13.001357], [77.528122, 13.00162], [77.528765, 13.001879], [77.529176, 13.002279], [77.52922, 13.00246], [77.529005, 13.003008], [77.52898, 13.003421], [77.529098, 13.003743], [77.529609, 13.00427], [77.529602, 13.005151], [77.529902, 13.005744], [77.530368, 13.005783], [77.531103, 13.005528], [77.531555, 13.005494], [77.532578, 13.006052], [77.533072, 13.006462], [77.533629, 13.006167]]]}}, {"type": "Feature", "properties": {"ward_name": "44 - Shankar Mutt", "Corporation": "West", "valley": "Vrishabhavati Valley", "subvalley": "VV_1", "Assembly": "156 - Mahalakshmi Layout"}, "geometry": {"type": "Polygon", "coordinates": [[[77.53854, 13.000073], [77.538442, 12.999075], [77.537748, 12.999536], [77.537672, 12.998845], [77.537782, 12.998244], [77.536548, 12.998131], [77.536856, 12.997348], [77.535388, 12.997078], [77.534216, 12.997031], [77.534216, 12.996547], [77.534763, 12.99656], [77.534568, 12.995742], [77.535101, 12.995767], [77.535563, 12.995696], [77.53543, 12.994905], [77.533515, 12.99525], [77.533536, 12.996777], [77.533116, 12.996875], [77.532773, 12.997071], [77.532531, 12.996752], [77.53127, 12.9971], [77.530919, 12.995984], [77.530644, 12.996055], [77.53017, 12.994333], [77.529574, 12.994541], [77.52961, 12.994693], [77.529132, 12.994868], [77.528973, 12.994139], [77.528038, 12.994535], [77.528498, 12.996693], [77.527351, 12.996976], [77.527296, 12.996695], [77.526412, 12.996917], [77.525642, 12.997156], [77.525767, 12.997396], [77.525471, 12.997487], [77.525573, 12.99783], [77.525909, 12.997758], [77.526126, 12.997778], [77.526277, 12.997875], [77.52625, 12.998168], [77.525993, 12.998544], [77.528205, 12.999087], [77.528148, 12.999149], [77.528444, 12.99889], [77.528545, 12.999324], [77.534378, 13.000697], [77.534556, 13.0005], [77.536008, 12.999998], [77.536535, 12.999913], [77.536737, 12.999896], [77.53678, 12.999951], [77.536869, 13.000524], [77.53854, 13.000073]]]}}, {"type": "Feature", "properties": {"ward_name": "36 - Bharath Aikya Ward", "Corporation": "East", "valley": "Koramangala Challaghatta Valley,Hebbal Nagawara Valley", "subvalley": "KC_2,HN_2", "Assembly": "174 - Mahadevapura"}, "geometry": {"type": "Polygon", "coordinates": [[[77.703767, 12.967377], [77.703431, 12.966977], [77.703502, 12.966175], [77.703305, 12.966132], [77.703226, 12.966202], [77.703193, 12.966549], [77.703098, 12.966601], [77.702953, 12.966554], [77.702468, 12.966029], [77.70215, 12.965819], [77.702124, 12.967019], [77.701519, 12.968372], [77.698686, 12.973024], [77.699048, 12.973052], [77.70011, 12.972456], [77.700493, 12.972534], [77.703098, 12.973513], [77.703295, 12.973728], [77.703645, 12.974533], [77.705092, 12.974355], [77.707142, 12.974289], [77.706816, 12.975182], [77.708268, 12.975787], [77.707497, 12.977943], [77.706783, 12.980481], [77.706582, 12.9803], [77.706298, 12.979244], [77.705301, 12.979522], [77.705512, 12.98009], [77.704494, 12.980368], [77.704178, 12.980684], [77.703819, 12.980742], [77.701664, 12.982039], [77.700844, 12.982661], [77.700795, 12.982725], [77.700944, 12.983701], [77.700708, 12.983912], [77.699947, 12.984031], [77.699229, 12.984027], [77.698687, 12.984105], [77.698387, 12.983982], [77.698228, 12.984033], [77.697736, 12.984442], [77.697785, 12.984489], [77.697389, 12.985857], [77.697763, 12.985857], [77.697915, 12.986268], [77.698659, 12.986677], [77.699114, 12.986756], [77.698734, 12.987236], [77.699624, 12.988692], [77.699689, 12.989199], [77.69989, 12.989551], [77.700006, 12.989558], [77.701175, 12.989054], [77.702766, 12.988636], [77.707279, 12.987995], [77.708037, 12.985367], [77.708283, 12.98486], [77.708292, 12.984262], [77.710068, 12.984828], [77.710193, 12.988128], [77.710797, 12.988431], [77.710991, 12.988363], [77.711552, 12.988693], [77.712294, 12.988621], [77.712185, 12.987332], [77.71192, 12.987278], [77.711909, 12.986826], [77.713439, 12.986762], [77.713461, 12.986513], [77.713522, 12.98649], [77.713479, 12.98505], [77.713038, 12.984673], [77.712353, 12.983912], [77.712594, 12.983845], [77.713525, 12.983029], [77.713876, 12.982413], [77.714729, 12.982033], [77.7149, 12.982036], [77.714995, 12.981441], [77.715435, 12.981562], [77.715528, 12.981417], [77.715767, 12.981464], [77.716016, 12.980941], [77.717063, 12.980871], [77.717086, 12.981024], [77.71724, 12.980957], [77.721383, 12.980473], [77.727441, 12.980224], [77.727282, 12.976511], [77.727224, 12.976474], [77.725937, 12.976509], [77.72311, 12.976764], [77.718262, 12.97729], [77.71795, 12.973261], [77.715614, 12.973301], [77.715567, 12.971326], [77.715421, 12.969603], [77.717153, 12.969435], [77.716935, 12.967312], [77.716314, 12.96753], [77.71407, 12.967704], [77.713982, 12.966075], [77.714109, 12.965269], [77.713561, 12.965163], [77.713639, 12.964759], [77.708375, 12.963738], [77.708211, 12.96483], [77.708231, 12.96511], [77.708105, 12.965624], [77.707236, 12.967651], [77.707036, 12.96779], [77.705663, 12.967428], [77.70524, 12.968571], [77.703767, 12.967377]]]}}, {"type": "Feature", "properties": {"ward_name": "51 - Old Guddadahalli", "Corporation": "Central", "valley": "Vrishabhavati Valley", "subvalley": "VV_1", "Assembly": "168 - Chamrajapet"}, "geometry": {"type": "Polygon", "coordinates": [[[77.54638, 12.960296], [77.545166, 12.962246], [77.545444, 12.962494], [77.545528, 12.96269], [77.544749, 12.963099], [77.54455, 12.963313], [77.544424, 12.963281], [77.543865, 12.963993], [77.544353, 12.96422], [77.54477, 12.964291], [77.546001, 12.96424], [77.546372, 12.964301], [77.547789, 12.964787], [77.548503, 12.965147], [77.548768, 12.964823], [77.549065, 12.964673], [77.548624, 12.962481], [77.549247, 12.962351], [77.549788, 12.961938], [77.551061, 12.961624], [77.550943, 12.961254], [77.550723, 12.961295], [77.550682, 12.960891], [77.550384, 12.960937], [77.548462, 12.960835], [77.548122, 12.960104], [77.54638, 12.960296]]]}}, {"type": "Feature", "properties": {"ward_name": "43 - Dodda Nekkundi", "Corporation": "East", "valley": "Koramangala Challaghatta Valley", "subvalley": "KC_2", "Assembly": "174 - Mahadevapura"}, "geometry": {"type": "Polygon", "coordinates": [[[77.703819, 12.980742], [77.704178, 12.980684], [77.704494, 12.980368], [77.705512, 12.98009], [77.705301, 12.979522], [77.706298, 12.979244], [77.706582, 12.9803], [77.706783, 12.980481], [77.707497, 12.977943], [77.708268, 12.975787], [77.706816, 12.975182], [77.707142, 12.974289], [77.705092, 12.974355], [77.703645, 12.974533], [77.703295, 12.973728], [77.703098, 12.973513], [77.700493, 12.972534], [77.70011, 12.972456], [77.699048, 12.973052], [77.698686, 12.973024], [77.701519, 12.968372], [77.702124, 12.967019], [77.702183, 12.966176], [77.702088, 12.965237], [77.701328, 12.964308], [77.70118, 12.964331], [77.700087, 12.963481], [77.698097, 12.96308], [77.697404, 12.96276], [77.69629, 12.962037], [77.69498, 12.961392], [77.694285, 12.961185], [77.69417, 12.961891], [77.690653, 12.96125], [77.690195, 12.963621], [77.691641, 12.963902], [77.691759, 12.963987], [77.692986, 12.966651], [77.693394, 12.968307], [77.692919, 12.968419], [77.692193, 12.968217], [77.692128, 12.968102], [77.691667, 12.967924], [77.691407, 12.967655], [77.690541, 12.967568], [77.690546, 12.967439], [77.68989, 12.967567], [77.689648, 12.96713], [77.688737, 12.9671], [77.688734, 12.96725], [77.688382, 12.967237], [77.688405, 12.967012], [77.687794, 12.967275], [77.687746, 12.968822], [77.687806, 12.969069], [77.687524, 12.969206], [77.68737, 12.9694], [77.687, 12.969448], [77.686372, 12.969697], [77.686309, 12.969964], [77.68646, 12.970212], [77.686093, 12.970302], [77.686683, 12.972089], [77.686822, 12.973218], [77.685902, 12.973948], [77.685741, 12.974652], [77.685559, 12.974754], [77.685509, 12.974863], [77.684302, 12.975499], [77.684273, 12.975789], [77.684004, 12.975949], [77.684558, 12.977043], [77.6849, 12.978034], [77.685633, 12.978384], [77.686016, 12.978771], [77.686448, 12.979075], [77.686807, 12.979506], [77.687047, 12.979371], [77.687187, 12.97943], [77.688822, 12.978507], [77.690178, 12.981799], [77.691604, 12.981538], [77.69223, 12.98186], [77.693316, 12.981873], [77.693501, 12.981583], [77.694008, 12.981527], [77.694372, 12.981566], [77.694499, 12.981384], [77.695056, 12.981232], [77.695183, 12.981121], [77.695375, 12.98179], [77.695673, 12.982349], [77.695849, 12.983922], [77.700795, 12.982725], [77.701664, 12.982039], [77.703819, 12.980742]]]}}, {"type": "Feature", "properties": {"ward_name": "9 - Bhattarahalli", "Corporation": "East", "valley": "Hebbal Nagawara Valley", "subvalley": "HN_2", "Assembly": "151 - K.R. Pura"}, "geometry": {"type": "Polygon", "coordinates": [[[77.696902, 13.019868], [77.696959, 13.021504], [77.697091, 13.022352], [77.69634, 13.022743], [77.696396, 13.026917], [77.701684, 13.027437], [77.701186, 13.024946], [77.703396, 13.025808], [77.705921, 13.026187], [77.70793, 13.025781], [77.709153, 13.025299], [77.710656, 13.025939], [77.711955, 13.028185], [77.714963, 13.031946], [77.715785, 13.031886], [77.715991, 13.031843], [77.716006, 13.031723], [77.717337, 13.031575], [77.717416, 13.032897], [77.719583, 13.033371], [77.720722, 13.033771], [77.721179, 13.033846], [77.721446, 13.034113], [77.721444, 13.034061], [77.722219, 13.033816], [77.723347, 13.033515], [77.723905, 13.033571], [77.72399, 13.033459], [77.724193, 13.03257], [77.724846, 13.032411], [77.724905, 13.031554], [77.72479, 13.030904], [77.724804, 13.030468], [77.724683, 13.030094], [77.724814, 13.028653], [77.71356, 13.022465], [77.708947, 13.019631], [77.704355, 13.017018], [77.701152, 13.017617], [77.697893, 13.017892], [77.696865, 13.0184], [77.697036, 13.019814], [77.696902, 13.019868]]]}}, {"type": "Feature", "properties": {"ward_name": "3 - Vasanth Nagar", "Corporation": "Central", "valley": "Koramangala Challaghatta Valley,Vrishabhavati Valley", "subvalley": "KC_1,VV_1", "Assembly": "162 - Shivajinagar"}, "geometry": {"type": "Polygon", "coordinates": [[[77.599619, 12.989428], [77.598727, 12.987526], [77.59964, 12.986933], [77.599716, 12.987086], [77.600359, 12.986798], [77.601065, 12.987739], [77.601493, 12.98763], [77.601472, 12.98691], [77.601637, 12.986703], [77.601911, 12.986648], [77.602091, 12.988536], [77.602218, 12.989184], [77.603191, 12.988094], [77.603102, 12.987955], [77.602841, 12.986202], [77.603578, 12.986099], [77.603573, 12.98515], [77.60182, 12.984784], [77.601628, 12.984643], [77.597796, 12.983974], [77.598541, 12.983281], [77.598781, 12.982861], [77.598878, 12.982472], [77.598866, 12.982119], [77.598323, 12.980577], [77.597746, 12.980737], [77.597104, 12.981099], [77.592332, 12.982665], [77.592291, 12.983114], [77.593275, 12.98574], [77.588894, 12.987667], [77.589041, 12.986527], [77.588884, 12.986366], [77.588289, 12.987176], [77.586116, 12.988928], [77.585798, 12.989524], [77.585583, 12.991319], [77.585207, 12.993187], [77.585063, 12.994711], [77.584766, 12.996005], [77.584026, 12.995919], [77.582974, 12.995558], [77.582611, 12.996218], [77.58058, 12.996944], [77.581604, 12.998058], [77.582998, 12.999251], [77.584186, 12.999463], [77.584172, 12.999098], [77.584361, 12.997827], [77.586552, 12.997505], [77.587996, 12.996474], [77.589491, 12.995701], [77.589679, 12.995329], [77.591746, 12.995399], [77.59173, 12.995311], [77.592719, 12.995066], [77.593477, 12.994747], [77.59581, 12.993554], [77.597416, 12.99145], [77.597675, 12.99125], [77.599541, 12.990507], [77.599949, 12.991833], [77.601119, 12.990249], [77.601003, 12.990088], [77.600944, 12.990128], [77.600604, 12.989171], [77.599619, 12.989428]]]}}, {"type": "Feature", "properties": {"ward_name": "36 - Nalwadi Krishnaraja Wadiyar Ward", "Corporation": "West", "valley": "Vrishabhavati Valley", "subvalley": "VV_1", "Assembly": "156 - Mahalakshmi Layout"}, "geometry": {"type": "Polygon", "coordinates": [[[77.544018, 13.013938], [77.543991, 13.014868], [77.542706, 13.014741], [77.542269, 13.014852], [77.541583, 13.015308], [77.540991, 13.013765], [77.540457, 13.014029], [77.540759, 13.014687], [77.540083, 13.014876], [77.540465, 13.016087], [77.541291, 13.017866], [77.541534, 13.018037], [77.540976, 13.018265], [77.539791, 13.019012], [77.542002, 13.02279], [77.544255, 13.026368], [77.548481, 13.023964], [77.55105, 13.022598], [77.551522, 13.022156], [77.552565, 13.020338], [77.553385, 13.018476], [77.553808, 13.016735], [77.553872, 13.015899], [77.554095, 13.015663], [77.554003, 13.015108], [77.554074, 13.014026], [77.553777, 13.013118], [77.553568, 13.012834], [77.552708, 13.012282], [77.550665, 13.01127], [77.549483, 13.010078], [77.547261, 13.01062], [77.547002, 13.009259], [77.545844, 13.009454], [77.545199, 13.009026], [77.545004, 13.009316], [77.544266, 13.008841], [77.54361, 13.008938], [77.543877, 13.010637], [77.545187, 13.011496], [77.546882, 13.011737], [77.547277, 13.01209], [77.54767, 13.012288], [77.54756, 13.012419], [77.547489, 13.013568], [77.547579, 13.013706], [77.547934, 13.013868], [77.548421, 13.014957], [77.547254, 13.015765], [77.546965, 13.014346], [77.546796, 13.013043], [77.546591, 13.013054], [77.544011, 13.012258], [77.543928, 13.012986], [77.543846, 13.013141], [77.544018, 13.013938]]]}}, {"type": "Feature", "properties": {"ward_name": "37 - Dr. Puneeth Rajkumar Ward", "Corporation": "West", "valley": "Vrishabhavati Valley", "subvalley": "VV_1", "Assembly": "156 - Mahalakshmi Layout"}, "geometry": {"type": "Polygon", "coordinates": [[[77.541583, 13.015308], [77.542269, 13.014852], [77.542706, 13.014741], [77.543991, 13.014868], [77.544018, 13.013938], [77.543846, 13.013141], [77.543928, 13.012986], [77.544011, 13.012258], [77.542792, 13.011932], [77.542276, 13.01203], [77.54202, 13.012357], [77.541479, 13.012546], [77.540724, 13.012487], [77.540225, 13.012583], [77.539882, 13.012512], [77.539785, 13.012747], [77.539659, 13.013573], [77.539108, 13.014218], [77.538186, 13.014881], [77.537246, 13.015192], [77.536663, 13.015261], [77.536723, 13.01569], [77.536941, 13.015842], [77.537021, 13.015806], [77.53756, 13.016464], [77.537553, 13.017149], [77.537214, 13.017306], [77.537263, 13.017622], [77.535784, 13.017923], [77.535566, 13.017341], [77.534329, 13.017745], [77.531609, 13.017992], [77.531671, 13.018246], [77.531841, 13.018511], [77.532375, 13.021392], [77.532635, 13.022147], [77.533158, 13.021951], [77.535227, 13.021615], [77.539808, 13.019038], [77.539932, 13.018881], [77.540976, 13.018265], [77.541534, 13.018037], [77.541291, 13.017866], [77.540465, 13.016087], [77.540083, 13.014876], [77.540759, 13.014687], [77.540457, 13.014029], [77.540991, 13.013765], [77.541583, 13.015308]]]}}, {"type": "Feature", "properties": {"ward_name": "2 - Jayamahal", "Corporation": "Central", "valley": "Koramangala Challaghatta Valley,Hebbal Nagawara Valley", "subvalley": "KC_1,HN_1", "Assembly": "162 - Shivajinagar"}, "geometry": {"type": "Polygon", "coordinates": [[[77.598727, 12.987526], [77.599619, 12.989428], [77.600604, 12.989171], [77.600944, 12.990128], [77.601003, 12.990088], [77.601119, 12.990249], [77.599949, 12.991833], [77.599541, 12.990507], [77.597675, 12.99125], [77.597416, 12.99145], [77.59581, 12.993554], [77.593179, 12.99488], [77.592719, 12.995066], [77.59173, 12.995311], [77.591746, 12.995399], [77.59395, 12.995482], [77.594676, 12.995357], [77.596103, 12.99469], [77.596254, 12.994974], [77.595659, 12.997747], [77.593555, 13.00446], [77.593263, 13.005655], [77.596424, 13.003301], [77.59878, 13.002073], [77.600009, 13.004695], [77.601329, 13.004329], [77.603628, 13.003134], [77.602435, 13.001388], [77.602239, 13.001321], [77.601516, 13.001436], [77.60159, 13.000505], [77.601702, 13.000554], [77.601849, 12.999876], [77.602395, 12.999516], [77.603775, 12.999084], [77.60475, 12.998572], [77.605093, 12.997795], [77.606251, 12.997759], [77.606468, 12.997823], [77.606746, 12.999425], [77.606851, 12.999492], [77.607372, 12.999429], [77.608769, 12.998973], [77.605629, 12.994241], [77.603138, 12.995114], [77.600676, 12.9957], [77.596577, 12.994543], [77.596593, 12.994442], [77.601264, 12.992632], [77.601821, 12.992485], [77.602395, 12.992392], [77.602857, 12.992405], [77.603352, 12.992497], [77.603872, 12.992727], [77.604276, 12.992091], [77.604631, 12.991893], [77.605129, 12.991063], [77.605287, 12.990642], [77.605368, 12.989968], [77.605641, 12.989234], [77.605457, 12.989154], [77.605238, 12.988368], [77.605004, 12.988476], [77.604468, 12.988532], [77.604509, 12.988961], [77.604657, 12.98902], [77.60472, 12.989475], [77.6046, 12.990172], [77.603772, 12.990069], [77.603921, 12.989304], [77.603973, 12.988564], [77.603199, 12.988616], [77.603179, 12.988412], [77.603037, 12.988276], [77.602218, 12.989184], [77.60218, 12.989137], [77.601911, 12.986648], [77.601637, 12.986703], [77.601472, 12.98691], [77.601493, 12.98763], [77.601065, 12.987739], [77.600359, 12.986798], [77.599716, 12.987086], [77.59964, 12.986933], [77.598727, 12.987526]]]}}, {"type": "Feature", "properties": {"ward_name": "28 - Neelasandra", "Corporation": "Central", "valley": "Koramangala Challaghatta Valley", "subvalley": "KC_1", "Assembly": "163 - Shanthinagar"}, "geometry": {"type": "Polygon", "coordinates": [[[77.61177, 12.949873], [77.611503, 12.949866], [77.611567, 12.950522], [77.61189, 12.952028], [77.612529, 12.953666], [77.612501, 12.95388], [77.612802, 12.953867], [77.612826, 12.954058], [77.613191, 12.954002], [77.613128, 12.953737], [77.613719, 12.953593], [77.614099, 12.955079], [77.615649, 12.954514], [77.617582, 12.953668], [77.617738, 12.953529], [77.617782, 12.95294], [77.617862, 12.952773], [77.618519, 12.95224], [77.617478, 12.950763], [77.616995, 12.950745], [77.616946, 12.950654], [77.615347, 12.950837], [77.613757, 12.950331], [77.61177, 12.949873]]]}}, {"type": "Feature", "properties": {"ward_name": "35 - Vishwapriya Nagara", "Corporation": "South", "valley": "Koramangala Challaghatta Valley", "subvalley": "KC_1", "Assembly": "176 - Bangalore South"}, "geometry": {"type": "Polygon", "coordinates": [[[77.632888, 12.878018], [77.632556, 12.878311], [77.632477, 12.878544], [77.631567, 12.878433], [77.631112, 12.878284], [77.630167, 12.87826], [77.626897, 12.87782], [77.627226, 12.879423], [77.627328, 12.880498], [77.627627, 12.880464], [77.627774, 12.881638], [77.624755, 12.881984], [77.624924, 12.884571], [77.625331, 12.885692], [77.625547, 12.886638], [77.625603, 12.888395], [77.62652, 12.888423], [77.627887, 12.888087], [77.628634, 12.88812], [77.628635, 12.888916], [77.628538, 12.889187], [77.628609, 12.890133], [77.628913, 12.890549], [77.629249, 12.890863], [77.629434, 12.891755], [77.629708, 12.892017], [77.629871, 12.892067], [77.630179, 12.892565], [77.630215, 12.892765], [77.632801, 12.892407], [77.632724, 12.890701], [77.632874, 12.88941], [77.631474, 12.889255], [77.631495, 12.888614], [77.632331, 12.886098], [77.634569, 12.886259], [77.635195, 12.886382], [77.634946, 12.887763], [77.635174, 12.887821], [77.635396, 12.887758], [77.635716, 12.887309], [77.636074, 12.886969], [77.636844, 12.886451], [77.636839, 12.886374], [77.636982, 12.88629], [77.637052, 12.886367], [77.637546, 12.886157], [77.637507, 12.885971], [77.638307, 12.885768], [77.638211, 12.885417], [77.638928, 12.885218], [77.638254, 12.883698], [77.637556, 12.8837], [77.63731, 12.882852], [77.636959, 12.879958], [77.637575, 12.878892], [77.63779, 12.878798], [77.637956, 12.878608], [77.639141, 12.877005], [77.639697, 12.87602], [77.640157, 12.874438], [77.640041, 12.873544], [77.640243, 12.872498], [77.640234, 12.872405], [77.639311, 12.872506], [77.639038, 12.870721], [77.638092, 12.870812], [77.637915, 12.869615], [77.636804, 12.869735], [77.636465, 12.867287], [77.634308, 12.867474], [77.634227, 12.866964], [77.63342, 12.86698], [77.631859, 12.866813], [77.630198, 12.866486], [77.63018, 12.867469], [77.630637, 12.86845], [77.631346, 12.868358], [77.631632, 12.869338], [77.631873, 12.869877], [77.631898, 12.870011], [77.6317, 12.870764], [77.632217, 12.872372], [77.632513, 12.872355], [77.632844, 12.87268], [77.633934, 12.87423], [77.633135, 12.875569], [77.633006, 12.875571], [77.632931, 12.875662], [77.632786, 12.87617], [77.632888, 12.878018]]]}}, {"type": "Feature", "properties": {"ward_name": "69 - Hosapalya", "Corporation": "South", "valley": "Koramangala Challaghatta Valley", "subvalley": "KC_2,KC_1", "Assembly": "175 - Bommanahalli"}, "geometry": {"type": "Polygon", "coordinates": [[[77.641053, 12.900738], [77.641391, 12.903622], [77.641322, 12.904056], [77.646449, 12.900741], [77.647006, 12.900305], [77.64719, 12.900043], [77.64731, 12.899544], [77.647406, 12.899459], [77.647818, 12.899398], [77.648655, 12.899447], [77.649212, 12.899741], [77.651203, 12.898857], [77.65179, 12.901185], [77.653437, 12.900605], [77.65328, 12.899929], [77.654041, 12.899755], [77.654023, 12.899411], [77.654951, 12.89927], [77.655067, 12.899623], [77.656014, 12.899162], [77.656956, 12.898818], [77.65698, 12.898675], [77.656682, 12.897477], [77.656576, 12.897548], [77.656543, 12.89745], [77.655671, 12.897798], [77.654497, 12.89665], [77.654061, 12.89556], [77.653902, 12.894437], [77.652615, 12.894731], [77.65039, 12.893283], [77.649032, 12.890923], [77.644794, 12.891641], [77.644798, 12.891698], [77.644675, 12.89172], [77.643902, 12.891376], [77.643897, 12.891265], [77.643828, 12.891414], [77.64235, 12.890797], [77.641254, 12.892658], [77.642003, 12.893], [77.641968, 12.893291], [77.641338, 12.893094], [77.64113, 12.893144], [77.641378, 12.893851], [77.641686, 12.893899], [77.641618, 12.894335], [77.640744, 12.894454], [77.64084, 12.895123], [77.641658, 12.895058], [77.641766, 12.89516], [77.641824, 12.895522], [77.641935, 12.895523], [77.641966, 12.895651], [77.642229, 12.89561], [77.642256, 12.896352], [77.64239, 12.896516], [77.642741, 12.896514], [77.642813, 12.897443], [77.644085, 12.897366], [77.644179, 12.899156], [77.64023, 12.899629], [77.640372, 12.900834], [77.641053, 12.900738]]]}}, {"type": "Feature", "properties": {"ward_name": "59 - Nehru Nagar", "Corporation": "Central", "valley": "Koramangala Challaghatta Valley,Vrishabhavati Valley", "subvalley": "KC_1,VV_1", "Assembly": "164 - Gandhinagara"}, "geometry": {"type": "Polygon", "coordinates": [[[77.578222, 12.974321], [77.577063, 12.972489], [77.576436, 12.972698], [77.576616, 12.973059], [77.576668, 12.97303], [77.576856, 12.973525], [77.575403, 12.973997], [77.575251, 12.973597], [77.575105, 12.973562], [77.574465, 12.972355], [77.572597, 12.973011], [77.572872, 12.973789], [77.572937, 12.973821], [77.573674, 12.973704], [77.574121, 12.973541], [77.574159, 12.974317], [77.572876, 12.974445], [77.571374, 12.974439], [77.570756, 12.97465], [77.570769, 12.974978], [77.570892, 12.975289], [77.57079, 12.975345], [77.570917, 12.976186], [77.570877, 12.976594], [77.57103, 12.979989], [77.570928, 12.980434], [77.57065, 12.980852], [77.570538, 12.981354], [77.571444, 12.982371], [77.57271, 12.983433], [77.572241, 12.984972], [77.572229, 12.988056], [77.571609, 12.990955], [77.571483, 12.993415], [77.572836, 12.993506], [77.57354, 12.993675], [77.573932, 12.993911], [77.574183, 12.992788], [77.575408, 12.99191], [77.57624, 12.99277], [77.576448, 12.992591], [77.576394, 12.992082], [77.579249, 12.991181], [77.579455, 12.991188], [77.579896, 12.990987], [77.5796, 12.990399], [77.57697, 12.986479], [77.576098, 12.985303], [77.57541, 12.984625], [77.574798, 12.984297], [77.574792, 12.984137], [77.577588, 12.983655], [77.577244, 12.983481], [77.57695, 12.983158], [77.576693, 12.982644], [77.576583, 12.982066], [77.576707, 12.981338], [77.577249, 12.980672], [77.577549, 12.980528], [77.57792, 12.980466], [77.580433, 12.980288], [77.581095, 12.980099], [77.584451, 12.977929], [77.583292, 12.976155], [77.581087, 12.973067], [77.578222, 12.974321]]]}}, {"type": "Feature", "properties": {"ward_name": "26 - Jagadish Nagar", "Corporation": "East", "valley": "Koramangala Challaghatta Valley", "subvalley": "KC_2,KC_1", "Assembly": "151 - K.R. Pura"}, "geometry": {"type": "Polygon", "coordinates": [[[77.659773, 12.961026], [77.659968, 12.961689], [77.66082, 12.961607], [77.660947, 12.962212], [77.661447, 12.962137], [77.661708, 12.962902], [77.661791, 12.964272], [77.661087, 12.964154], [77.660796, 12.964853], [77.660534, 12.9649], [77.66072, 12.965194], [77.661, 12.965178], [77.661069, 12.965453], [77.661559, 12.965532], [77.661646, 12.965633], [77.661787, 12.966192], [77.661965, 12.966306], [77.661645, 12.966804], [77.658461, 12.967192], [77.658492, 12.967434], [77.657952, 12.968165], [77.657274, 12.968244], [77.657753, 12.970777], [77.658735, 12.971254], [77.658637, 12.971453], [77.659596, 12.971586], [77.661518, 12.97162], [77.661566, 12.971979], [77.661984, 12.971787], [77.663057, 12.971538], [77.665335, 12.971844], [77.665531, 12.971578], [77.666158, 12.971446], [77.666198, 12.971495], [77.667009, 12.971284], [77.666769, 12.971006], [77.666648, 12.970734], [77.668844, 12.970956], [77.668952, 12.971226], [77.669072, 12.971259], [77.670353, 12.971088], [77.670136, 12.969785], [77.670357, 12.969728], [77.670283, 12.969518], [77.670151, 12.968023], [77.669759, 12.966151], [77.668574, 12.965962], [77.668686, 12.964936], [77.668554, 12.962847], [77.668392, 12.961813], [77.66813, 12.961049], [77.668064, 12.958396], [77.667941, 12.958153], [77.666379, 12.958338], [77.663756, 12.958965], [77.66356, 12.958897], [77.662153, 12.959187], [77.660889, 12.959254], [77.659664, 12.959062], [77.659791, 12.960217], [77.6599, 12.960255], [77.660164, 12.96087], [77.659773, 12.961026]]]}}, {"type": "Feature", "properties": {"ward_name": "53 - Rayapuram", "Corporation": "Central", "valley": "Vrishabhavati Valley", "subvalley": "VV_1", "Assembly": "168 - Chamrajapet"}, "geometry": {"type": "Polygon", "coordinates": [[[77.551474, 12.967971], [77.552073, 12.968225], [77.55558, 12.969176], [77.554797, 12.967352], [77.554874, 12.967327], [77.554845, 12.967237], [77.555341, 12.967095], [77.555869, 12.967186], [77.556329, 12.966797], [77.556771, 12.966651], [77.556978, 12.966309], [77.556911, 12.966027], [77.557233, 12.965931], [77.558313, 12.965302], [77.558525, 12.965091], [77.558371, 12.963819], [77.558233, 12.963357], [77.557737, 12.963633], [77.556661, 12.964053], [77.555325, 12.964435], [77.554678, 12.964776], [77.554849, 12.965352], [77.551688, 12.966367], [77.551675, 12.966762], [77.552188, 12.966685], [77.55226, 12.967092], [77.551676, 12.967204], [77.551861, 12.967858], [77.551474, 12.967971]]]}}, {"type": "Feature", "properties": {"ward_name": "33 - Naganathapura", "Corporation": "South", "valley": "Koramangala Challaghatta Valley", "subvalley": "KC_2", "Assembly": "176 - Bangalore South"}, "geometry": {"type": "Polygon", "coordinates": [[[77.656148, 12.876518], [77.656181, 12.877106], [77.655588, 12.877123], [77.655503, 12.877061], [77.654747, 12.877122], [77.654911, 12.880093], [77.65505, 12.880443], [77.655013, 12.88057], [77.655752, 12.883388], [77.656522, 12.884938], [77.65867, 12.88457], [77.659476, 12.884308], [77.659717, 12.884372], [77.660534, 12.884184], [77.661151, 12.884204], [77.661411, 12.884304], [77.662492, 12.884465], [77.66658, 12.884182], [77.66816, 12.883622], [77.667834, 12.885503], [77.667977, 12.885477], [77.667969, 12.885524], [77.670359, 12.884991], [77.673753, 12.88437], [77.674016, 12.88428], [77.673989, 12.884183], [77.674184, 12.884126], [77.673968, 12.879849], [77.673726, 12.879896], [77.673715, 12.879806], [77.671382, 12.880272], [77.673646, 12.877242], [77.673963, 12.876654], [77.673893, 12.876654], [77.67402, 12.876391], [77.674681, 12.875259], [77.675325, 12.872579], [77.672812, 12.869307], [77.672893, 12.868252], [77.672265, 12.868204], [77.671145, 12.867814], [77.669865, 12.867176], [77.667821, 12.866407], [77.667086, 12.866335], [77.667046, 12.866205], [77.666719, 12.866212], [77.666565, 12.865963], [77.665028, 12.866521], [77.661254, 12.868508], [77.659206, 12.870076], [77.658689, 12.870267], [77.658536, 12.870539], [77.659216, 12.871872], [77.659748, 12.873801], [77.660297, 12.876209], [77.659346, 12.876519], [77.658258, 12.876454], [77.65771, 12.876708], [77.656508, 12.87693], [77.656395, 12.876465], [77.656148, 12.876518]]]}}, {"type": "Feature", "properties": {"ward_name": "85 - Adi Chunchanagiri Ward", "Corporation": "West", "valley": "Vrishabhavati Valley", "subvalley": "VV_1", "Assembly": "167 - Vijayanagar"}, "geometry": {"type": "Polygon", "coordinates": [[[77.546077, 12.960826], [77.544429, 12.960923], [77.544403, 12.961034], [77.543733, 12.961185], [77.542326, 12.961909], [77.542092, 12.962098], [77.542801, 12.963057], [77.542983, 12.963448], [77.542333, 12.96345], [77.542375, 12.964259], [77.543541, 12.964356], [77.544242, 12.965874], [77.543393, 12.96617], [77.543169, 12.965526], [77.54285, 12.965634], [77.543294, 12.966935], [77.543609, 12.966821], [77.543847, 12.967581], [77.543157, 12.967834], [77.543025, 12.967476], [77.542385, 12.96772], [77.543029, 12.96919], [77.543471, 12.969105], [77.543496, 12.969374], [77.543647, 12.969651], [77.542126, 12.970128], [77.54216, 12.97069], [77.542596, 12.972043], [77.541033, 12.972585], [77.541327, 12.973625], [77.54366, 12.974119], [77.54741, 12.97423], [77.547738, 12.974289], [77.548037, 12.974621], [77.546266, 12.970457], [77.54643, 12.970387], [77.54598, 12.969385], [77.548457, 12.968682], [77.548425, 12.968518], [77.548084, 12.968018], [77.549337, 12.967121], [77.550208, 12.968297], [77.551165, 12.967749], [77.550063, 12.966389], [77.548495, 12.965141], [77.547789, 12.964787], [77.546372, 12.964301], [77.546001, 12.96424], [77.54477, 12.964291], [77.544353, 12.96422], [77.543865, 12.963993], [77.544424, 12.963281], [77.54455, 12.963313], [77.544749, 12.963099], [77.545528, 12.96269], [77.545444, 12.962494], [77.545166, 12.962246], [77.546077, 12.960826]]]}}, {"type": "Feature", "properties": {"ward_name": "52 - Padarayanapura", "Corporation": "Central", "valley": "Vrishabhavati Valley", "subvalley": "VV_1", "Assembly": "168 - Chamrajapet"}, "geometry": {"type": "Polygon", "coordinates": [[[77.551675, 12.966762], [77.551688, 12.966367], [77.554849, 12.965352], [77.554678, 12.964776], [77.554633, 12.964221], [77.552309, 12.964483], [77.551496, 12.961497], [77.549788, 12.961938], [77.549247, 12.962351], [77.548624, 12.962481], [77.549065, 12.964673], [77.548768, 12.964823], [77.548503, 12.965147], [77.550063, 12.966389], [77.551019, 12.967602], [77.551474, 12.967971], [77.551861, 12.967858], [77.551676, 12.967204], [77.55226, 12.967092], [77.552188, 12.966685], [77.551675, 12.966762]]]}}, {"type": "Feature", "properties": {"ward_name": "53 - Malleshwaram", "Corporation": "West", "valley": "Vrishabhavati Valley", "subvalley": "VV_1", "Assembly": "157 - Malleshwaram"}, "geometry": {"type": "Polygon", "coordinates": [[[77.571212, 13.006367], [77.571456, 12.996856], [77.568728, 12.996753], [77.566787, 12.996857], [77.566052, 12.996634], [77.564945, 12.998094], [77.563737, 12.999876], [77.563317, 13.000751], [77.561441, 13.00396], [77.560931, 13.005233], [77.559278, 13.010474], [77.558814, 13.0116], [77.558373, 13.012442], [77.557779, 13.013259], [77.555606, 13.015664], [77.55595, 13.015865], [77.556244, 13.016185], [77.557402, 13.018256], [77.557705, 13.018618], [77.557967, 13.018638], [77.558881, 13.018134], [77.559902, 13.017441], [77.566129, 13.013928], [77.568976, 13.0121], [77.569094, 13.011937], [77.569247, 13.006455], [77.571212, 13.006367]]]}}, {"type": "Feature", "properties": {"ward_name": "26 - Ejipura", "Corporation": "South", "valley": "Koramangala Challaghatta Valley", "subvalley": "KC_1", "Assembly": "172 - B.T.M Layout"}, "geometry": {"type": "Polygon", "coordinates": [[[77.627943, 12.941841], [77.627029, 12.941697], [77.626431, 12.941721], [77.62631, 12.941665], [77.626166, 12.941722], [77.626032, 12.942927], [77.625993, 12.94442], [77.62638, 12.944541], [77.626265, 12.94514], [77.624192, 12.946232], [77.623938, 12.946322], [77.623851, 12.946249], [77.622972, 12.947535], [77.621996, 12.9488], [77.621065, 12.94816], [77.620302, 12.949266], [77.620903, 12.950283], [77.621499, 12.951664], [77.623326, 12.950812], [77.625421, 12.950339], [77.625919, 12.950152], [77.627013, 12.949317], [77.627651, 12.948588], [77.628438, 12.947172], [77.629106, 12.946163], [77.630567, 12.943098], [77.629503, 12.942989], [77.629297, 12.942439], [77.628949, 12.942507], [77.629016, 12.94225], [77.628155, 12.942484], [77.627943, 12.941841]]]}}, {"type": "Feature", "properties": {"ward_name": "11 - Old Baiyappanahalli", "Corporation": "Central", "valley": "Koramangala Challaghatta Valley", "subvalley": "KC_1", "Assembly": "161 - C.V. Raman Nagar"}, "geometry": {"type": "Polygon", "coordinates": [[[77.645664, 12.994353], [77.646669, 12.991718], [77.647208, 12.991186], [77.648128, 12.990839], [77.64656, 12.991009], [77.646704, 12.990941], [77.64647, 12.988922], [77.647136, 12.988857], [77.647133, 12.988606], [77.64582, 12.988636], [77.645442, 12.98847], [77.645526, 12.98812], [77.645606, 12.988118], [77.645701, 12.987794], [77.645895, 12.986766], [77.646116, 12.9861], [77.642436, 12.984764], [77.643549, 12.991545], [77.642733, 12.991771], [77.640788, 12.992036], [77.637896, 12.992644], [77.63734, 12.992682], [77.637471, 12.993671], [77.63789, 12.993635], [77.637962, 12.993818], [77.638057, 12.994202], [77.637901, 12.994236], [77.637939, 12.995101], [77.640449, 12.994871], [77.640659, 12.995684], [77.641232, 12.995388], [77.641324, 12.995778], [77.642719, 12.995803], [77.642683, 12.995861], [77.643513, 12.995423], [77.643628, 12.995124], [77.643977, 12.994697], [77.644207, 12.994277], [77.644175, 12.993522], [77.645664, 12.994353]]]}}, {"type": "Feature", "properties": {"ward_name": "12 - Chikka Devasandra", "Corporation": "East", "valley": "Koramangala Challaghatta Valley,Hebbal Nagawara Valley", "subvalley": "KC_2,HN_2", "Assembly": "151 - K.R. Pura"}, "geometry": {"type": "Polygon", "coordinates": [[[77.701163, 13.010399], [77.702042, 13.010639], [77.702223, 13.010576], [77.702186, 13.009594], [77.701867, 13.008034], [77.702403, 13.007923], [77.702403, 13.007822], [77.704713, 13.00784], [77.704664, 13.007339], [77.70575, 13.007189], [77.705578, 13.006448], [77.705353, 13.006474], [77.705288, 13.006199], [77.705797, 13.006102], [77.705208, 13.004508], [77.706219, 13.004295], [77.707125, 13.004289], [77.706926, 13.002937], [77.706325, 13.001127], [77.705874, 12.999308], [77.706055, 12.99928], [77.704238, 12.999532], [77.704047, 12.99832], [77.703441, 12.997409], [77.703207, 12.997276], [77.703007, 12.997029], [77.702904, 12.996435], [77.702763, 12.996338], [77.702609, 12.995813], [77.702828, 12.995689], [77.702769, 12.995194], [77.702249, 12.993798], [77.69985, 12.99439], [77.69801, 12.995015], [77.695983, 12.99533], [77.694967, 12.995599], [77.693745, 12.99612], [77.694188, 12.997778], [77.694126, 12.999941], [77.699332, 12.999821], [77.699395, 13.000776], [77.69956, 13.00146], [77.700004, 13.004449], [77.700072, 13.00531], [77.699991, 13.005659], [77.700189, 13.006217], [77.699024, 13.006644], [77.698675, 13.006938], [77.698165, 13.007134], [77.698931, 13.008604], [77.699062, 13.008662], [77.699211, 13.009064], [77.698615, 13.009271], [77.699242, 13.009659], [77.701163, 13.010399]]]}}, {"type": "Feature", "properties": {"ward_name": "11 - Jayanagar East", "Corporation": "South", "valley": "Koramangala Challaghatta Valley", "subvalley": "KC_1", "Assembly": "173 - Jayanagar"}, "geometry": {"type": "Polygon", "coordinates": [[[77.605318, 12.920763], [77.605103, 12.920032], [77.605142, 12.919586], [77.604183, 12.919412], [77.604132, 12.919935], [77.603416, 12.919808], [77.603454, 12.917543], [77.603057, 12.917473], [77.603033, 12.917817], [77.602414, 12.917733], [77.602415, 12.918251], [77.602255, 12.919154], [77.601721, 12.919034], [77.601569, 12.920175], [77.600188, 12.920048], [77.600101, 12.918857], [77.596994, 12.91898], [77.592629, 12.918978], [77.592864, 12.919686], [77.591479, 12.919727], [77.591488, 12.921663], [77.596988, 12.921602], [77.596967, 12.920506], [77.600144, 12.920571], [77.600154, 12.920915], [77.602377, 12.92107], [77.602436, 12.921424], [77.603777, 12.921452], [77.604004, 12.921358], [77.604002, 12.921503], [77.604806, 12.921527], [77.604844, 12.921938], [77.606061, 12.921704], [77.606577, 12.923252], [77.607366, 12.923044], [77.607983, 12.924814], [77.608325, 12.924756], [77.608527, 12.924824], [77.608732, 12.923879], [77.608421, 12.923747], [77.6089, 12.922712], [77.608824, 12.922238], [77.608713, 12.922119], [77.608672, 12.921567], [77.608479, 12.921026], [77.608212, 12.920603], [77.60806, 12.920084], [77.605318, 12.920763]]]}}, {"type": "Feature", "properties": {"ward_name": "12 - Kasturi Nagar", "Corporation": "Central", "valley": "Koramangala Challaghatta Valley,Hebbal Nagawara Valley", "subvalley": "KC_2,HN_2,KC_1,HN_1", "Assembly": "161 - C.V. Raman Nagar"}, "geometry": {"type": "Polygon", "coordinates": [[[77.643977, 12.994697], [77.643628, 12.995124], [77.643513, 12.995423], [77.642683, 12.995861], [77.640962, 12.998323], [77.64058, 12.998919], [77.639469, 13.001055], [77.638908, 13.001764], [77.638566, 13.002633], [77.636339, 13.003884], [77.637458, 13.005054], [77.638068, 13.005438], [77.63882, 13.005441], [77.640674, 13.005983], [77.643363, 13.006296], [77.645528, 13.00639], [77.645793, 13.006925], [77.646704, 13.007991], [77.647981, 13.007529], [77.647982, 13.007595], [77.648569, 13.007576], [77.649737, 13.00746], [77.650634, 13.006961], [77.651568, 13.00669], [77.651262, 13.006079], [77.652876, 13.005815], [77.654086, 13.006789], [77.656203, 13.00907], [77.658131, 13.01045], [77.659514, 13.011217], [77.661798, 13.01205], [77.662298, 13.012389], [77.662504, 13.009977], [77.662569, 13.008193], [77.663189, 13.004557], [77.663592, 12.998259], [77.663317, 12.998322], [77.662552, 12.999912], [77.661613, 12.999393], [77.661259, 12.99997], [77.660734, 12.999689], [77.660549, 12.998571], [77.659875, 12.997083], [77.658935, 12.997385], [77.657454, 12.997603], [77.65608, 12.997525], [77.656095, 12.997643], [77.655727, 12.997752], [77.653059, 12.998231], [77.652662, 12.998247], [77.651957, 12.998101], [77.652148, 12.995396], [77.651925, 12.993608], [77.651798, 12.993176], [77.651749, 12.9924], [77.651665, 12.992176], [77.651485, 12.992138], [77.651406, 12.992008], [77.651284, 12.990966], [77.65018, 12.990821], [77.648128, 12.990839], [77.647208, 12.991186], [77.646669, 12.991718], [77.645664, 12.994353], [77.644175, 12.993522], [77.644207, 12.994277], [77.643977, 12.994697]]]}}, {"type": "Feature", "properties": {"ward_name": "26 - Vannarpet", "Corporation": "Central", "valley": "Koramangala Challaghatta Valley", "subvalley": "KC_1", "Assembly": "163 - Shanthinagar"}, "geometry": {"type": "Polygon", "coordinates": [[[77.625832, 12.952147], [77.620309, 12.953236], [77.620181, 12.952422], [77.619135, 12.952902], [77.61887, 12.952124], [77.618646, 12.952123], [77.617862, 12.952773], [77.617782, 12.95294], [77.617738, 12.953529], [77.617632, 12.953577], [77.617566, 12.953722], [77.6174, 12.955525], [77.616964, 12.956473], [77.616686, 12.957307], [77.616405, 12.960858], [77.616308, 12.961455], [77.616215, 12.961638], [77.618935, 12.962457], [77.620316, 12.959132], [77.621153, 12.95783], [77.6212, 12.957096], [77.620945, 12.955916], [77.621735, 12.955641], [77.62248, 12.955258], [77.622686, 12.955027], [77.62331, 12.954781], [77.623366, 12.954691], [77.62331, 12.954366], [77.623852, 12.954237], [77.623791, 12.953998], [77.624715, 12.953726], [77.625272, 12.953123], [77.625809, 12.952308], [77.625832, 12.952147]]]}}, {"type": "Feature", "properties": {"ward_name": "49 - Kasturbha Nagar", "Corporation": "Central", "valley": "Vrishabhavati Valley", "subvalley": "VV_1", "Assembly": "168 - Chamrajapet"}, "geometry": {"type": "Polygon", "coordinates": [[[77.55212, 12.957353], [77.552055, 12.956747], [77.552757, 12.956695], [77.552773, 12.956464], [77.553918, 12.956821], [77.554047, 12.956472], [77.554996, 12.956802], [77.555262, 12.95601], [77.555338, 12.955965], [77.555101, 12.955041], [77.556244, 12.95469], [77.55603, 12.954418], [77.555219, 12.953747], [77.554185, 12.952601], [77.553945, 12.95254], [77.554401, 12.951897], [77.554297, 12.951887], [77.554152, 12.951332], [77.55384, 12.951291], [77.553768, 12.950801], [77.553387, 12.95067], [77.553266, 12.950829], [77.553197, 12.950826], [77.552767, 12.950563], [77.551583, 12.952071], [77.551477, 12.951982], [77.551212, 12.952132], [77.550898, 12.952059], [77.549123, 12.952348], [77.549346, 12.954731], [77.549581, 12.954711], [77.549307, 12.955044], [77.548405, 12.956569], [77.550394, 12.956906], [77.55212, 12.957353]]]}}, {"type": "Feature", "properties": {"ward_name": "44 - Ashwath Nagar", "Corporation": "East", "valley": "Koramangala Challaghatta Valley", "subvalley": "KC_2", "Assembly": "174 - Mahadevapura"}, "geometry": {"type": "Polygon", "coordinates": [[[77.701328, 12.964308], [77.702088, 12.965237], [77.701625, 12.961887], [77.703429, 12.96165], [77.703628, 12.961783], [77.704034, 12.962283], [77.704624, 12.95779], [77.704871, 12.957157], [77.704882, 12.956645], [77.699262, 12.957076], [77.698804, 12.957052], [77.689635, 12.95542], [77.689519, 12.955825], [77.689237, 12.959997], [77.689594, 12.96115], [77.689609, 12.961437], [77.689568, 12.961735], [77.689348, 12.962168], [77.688865, 12.962324], [77.688382, 12.967237], [77.688734, 12.96725], [77.688737, 12.9671], [77.689648, 12.96713], [77.68989, 12.967567], [77.690546, 12.967439], [77.690541, 12.967568], [77.691407, 12.967655], [77.691667, 12.967924], [77.692128, 12.968102], [77.692193, 12.968217], [77.692919, 12.968419], [77.693394, 12.968307], [77.692986, 12.966651], [77.691759, 12.963987], [77.691641, 12.963902], [77.690195, 12.963621], [77.690653, 12.96125], [77.69417, 12.961891], [77.694285, 12.961185], [77.694453, 12.961228], [77.695295, 12.961531], [77.69629, 12.962037], [77.697404, 12.96276], [77.698097, 12.96308], [77.700087, 12.963481], [77.70118, 12.964331], [77.701328, 12.964308]]]}}, {"type": "Feature", "properties": {"ward_name": "3 - Chellakere", "Corporation": "East", "valley": "Hebbal Nagawara Valley", "subvalley": "HN_2,HN_1", "Assembly": "151 - K.R. Pura"}, "geometry": {"type": "Polygon", "coordinates": [[[77.643731, 13.041336], [77.643597, 13.042472], [77.644627, 13.042861], [77.644922, 13.042899], [77.649707, 13.037081], [77.649708, 13.036064], [77.649955, 13.036072], [77.649768, 13.032138], [77.649571, 13.03215], [77.649516, 13.031687], [77.649278, 13.031694], [77.649118, 13.029932], [77.648463, 13.027125], [77.646939, 13.027578], [77.646568, 13.026255], [77.647295, 13.026054], [77.647199, 13.025679], [77.647475, 13.025629], [77.646905, 13.023438], [77.646318, 13.023406], [77.645883, 13.023181], [77.63965, 13.025885], [77.63715, 13.02632], [77.635815, 13.026632], [77.633887, 13.027262], [77.632716, 13.027773], [77.633496, 13.028689], [77.636354, 13.0278], [77.63658, 13.027773], [77.636948, 13.027909], [77.637605, 13.027986], [77.637744, 13.029501], [77.637916, 13.030015], [77.638188, 13.030334], [77.639398, 13.031385], [77.6396, 13.031751], [77.639852, 13.032578], [77.640769, 13.033682], [77.641032, 13.034259], [77.641243, 13.034336], [77.641195, 13.034224], [77.642152, 13.033897], [77.642568, 13.033831], [77.64337, 13.033866], [77.643274, 13.034111], [77.643179, 13.03524], [77.643231, 13.035907], [77.64494, 13.035881], [77.644907, 13.036024], [77.644421, 13.036226], [77.644138, 13.037737], [77.643837, 13.038492], [77.643765, 13.038965], [77.643731, 13.041336]]]}}, {"type": "Feature", "properties": {"ward_name": "48 - Azad Nagar", "Corporation": "Central", "valley": "Vrishabhavati Valley", "subvalley": "VV_1", "Assembly": "168 - Chamrajapet"}, "geometry": {"type": "Polygon", "coordinates": [[[77.553918, 12.956821], [77.552773, 12.956464], [77.552757, 12.956695], [77.552055, 12.956747], [77.55212, 12.957353], [77.554892, 12.958311], [77.555204, 12.958585], [77.555641, 12.959233], [77.556311, 12.959897], [77.557687, 12.960785], [77.558059, 12.960942], [77.560228, 12.96143], [77.562264, 12.961586], [77.563255, 12.961817], [77.563281, 12.960794], [77.559221, 12.960719], [77.559294, 12.956882], [77.557774, 12.955719], [77.557314, 12.955263], [77.556979, 12.954094], [77.556749, 12.953558], [77.555969, 12.952405], [77.55565, 12.951658], [77.556308, 12.951372], [77.55714, 12.951181], [77.557613, 12.950785], [77.557665, 12.950415], [77.558064, 12.950314], [77.558073, 12.950142], [77.556767, 12.949969], [77.556354, 12.950251], [77.555391, 12.950457], [77.555598, 12.951735], [77.554927, 12.951831], [77.55427, 12.951786], [77.554297, 12.951887], [77.554401, 12.951897], [77.553945, 12.95254], [77.554185, 12.952601], [77.555219, 12.953747], [77.55603, 12.954418], [77.556244, 12.95469], [77.555101, 12.955041], [77.555338, 12.955965], [77.555262, 12.95601], [77.554996, 12.956802], [77.554047, 12.956472], [77.553918, 12.956821]]]}}, {"type": "Feature", "properties": {"ward_name": "72 - HSR Layout", "Corporation": "South", "valley": "Koramangala Challaghatta Valley", "subvalley": "KC_1", "Assembly": "175 - Bommanahalli"}, "geometry": {"type": "Polygon", "coordinates": [[[77.638692, 12.907233], [77.638627, 12.9059], [77.63761, 12.906269], [77.63573, 12.907102], [77.635089, 12.907307], [77.633855, 12.906905], [77.633811, 12.905092], [77.632505, 12.905153], [77.632554, 12.904361], [77.632503, 12.904166], [77.632397, 12.904158], [77.632317, 12.90394], [77.632323, 12.903162], [77.63239, 12.902959], [77.632339, 12.902402], [77.63224, 12.902228], [77.632039, 12.902279], [77.631891, 12.902199], [77.624458, 12.914266], [77.622743, 12.917303], [77.623777, 12.917539], [77.624964, 12.917684], [77.625641, 12.917646], [77.628506, 12.916804], [77.63418, 12.916371], [77.63817, 12.915949], [77.638328, 12.919736], [77.638448, 12.920387], [77.638865, 12.92165], [77.639925, 12.923827], [77.641243, 12.923368], [77.645166, 12.92446], [77.646391, 12.924483], [77.649193, 12.924695], [77.649631, 12.924641], [77.650192, 12.924416], [77.650053, 12.924314], [77.649242, 12.924358], [77.648201, 12.924197], [77.647443, 12.92387], [77.647098, 12.923686], [77.645749, 12.922633], [77.645103, 12.921993], [77.644646, 12.912059], [77.641689, 12.912187], [77.64172, 12.911394], [77.641599, 12.909714], [77.63804, 12.90984], [77.638017, 12.909327], [77.638407, 12.909313], [77.638413, 12.90835], [77.638994, 12.908333], [77.639022, 12.907836], [77.638692, 12.907233]]]}}, {"type": "Feature", "properties": {"ward_name": "62 - Swatantra Palya Ward", "Corporation": "Central", "valley": "Vrishabhavati Valley", "subvalley": "VV_1", "Assembly": "164 - Gandhinagara"}, "geometry": {"type": "Polygon", "coordinates": [[[77.565089, 12.987403], [77.565111, 12.988536], [77.567933, 12.988396], [77.567811, 12.99338], [77.568575, 12.993393], [77.568816, 12.993171], [77.571514, 12.989482], [77.571648, 12.989578], [77.571902, 12.989579], [77.572229, 12.988056], [77.572241, 12.984972], [77.572294, 12.984795], [77.572193, 12.984793], [77.572051, 12.985045], [77.571987, 12.984811], [77.571858, 12.984915], [77.571857, 12.985055], [77.571012, 12.985525], [77.569813, 12.985833], [77.569703, 12.98598], [77.569744, 12.986787], [77.569727, 12.986975], [77.569653, 12.987036], [77.568975, 12.986652], [77.568765, 12.986436], [77.568689, 12.986279], [77.568573, 12.985173], [77.568049, 12.984893], [77.568028, 12.985291], [77.5673, 12.985362], [77.567324, 12.985774], [77.5675, 12.985765], [77.567504, 12.985919], [77.566798, 12.985921], [77.566932, 12.986335], [77.566969, 12.987033], [77.5666, 12.986818], [77.566527, 12.986858], [77.566544, 12.98737], [77.565089, 12.987403]]]}}, {"type": "Feature", "properties": {"ward_name": "34 - Chikkathoguru", "Corporation": "South", "valley": "Koramangala Challaghatta Valley", "subvalley": "KC_2,KC_1", "Assembly": "176 - Bangalore South"}, "geometry": {"type": "Polygon", "coordinates": [[[77.655503, 12.877061], [77.655588, 12.877123], [77.656181, 12.877106], [77.656148, 12.876518], [77.656395, 12.876465], [77.656508, 12.87693], [77.65771, 12.876708], [77.658258, 12.876454], [77.659346, 12.876519], [77.660297, 12.876209], [77.659748, 12.873801], [77.659216, 12.871872], [77.658536, 12.870539], [77.658689, 12.870267], [77.659206, 12.870076], [77.661254, 12.868508], [77.665028, 12.866521], [77.666565, 12.865963], [77.6657, 12.864612], [77.665365, 12.864204], [77.664576, 12.862428], [77.664129, 12.862528], [77.663837, 12.861919], [77.663718, 12.860783], [77.662366, 12.859591], [77.661282, 12.858805], [77.661281, 12.858675], [77.660694, 12.858554], [77.659297, 12.858711], [77.658478, 12.858553], [77.6574, 12.858553], [77.657454, 12.857826], [77.65685, 12.857206], [77.656135, 12.8571], [77.656198, 12.856763], [77.656063, 12.856739], [77.656056, 12.856548], [77.655812, 12.856398], [77.6559, 12.856112], [77.655411, 12.855828], [77.655277, 12.856214], [77.65436, 12.855835], [77.653134, 12.855654], [77.653056, 12.855338], [77.652836, 12.855238], [77.652818, 12.854979], [77.651973, 12.854737], [77.651983, 12.854972], [77.651721, 12.854923], [77.651545, 12.854732], [77.650622, 12.854144], [77.650688, 12.853953], [77.649871, 12.853629], [77.649767, 12.853088], [77.649942, 12.853101], [77.650041, 12.852734], [77.650073, 12.85215], [77.649655, 12.852106], [77.649563, 12.85307], [77.649354, 12.852875], [77.648627, 12.852673], [77.648686, 12.852037], [77.64851, 12.852015], [77.648519, 12.851898], [77.648117, 12.851834], [77.648105, 12.851956], [77.647962, 12.851935], [77.647922, 12.852242], [77.647576, 12.852243], [77.647417, 12.852042], [77.647086, 12.851934], [77.646714, 12.85198], [77.645961, 12.85164], [77.645938, 12.851838], [77.64519, 12.851639], [77.645217, 12.852069], [77.643091, 12.850576], [77.642974, 12.851055], [77.642808, 12.852687], [77.642966, 12.85697], [77.642904, 12.859449], [77.642069, 12.862073], [77.641875, 12.863593], [77.641655, 12.863691], [77.641206, 12.865008], [77.639069, 12.864998], [77.638473, 12.86399], [77.638486, 12.863461], [77.637495, 12.862957], [77.637288, 12.862899], [77.636371, 12.863073], [77.635203, 12.863049], [77.634564, 12.862761], [77.634072, 12.862261], [77.634389, 12.861844], [77.633001, 12.861485], [77.63236, 12.8612], [77.631694, 12.860833], [77.631084, 12.860265], [77.6308, 12.860124], [77.630694, 12.859918], [77.63067, 12.859321], [77.630277, 12.858408], [77.629801, 12.857731], [77.629404, 12.8575], [77.629139, 12.857182], [77.629257, 12.857179], [77.629224, 12.857123], [77.626938, 12.857207], [77.626377, 12.857541], [77.625505, 12.85765], [77.621118, 12.85794], [77.619594, 12.857953], [77.620436, 12.86074], [77.622987, 12.862561], [77.625877, 12.864375], [77.628055, 12.865573], [77.629182, 12.865921], [77.630198, 12.866486], [77.631859, 12.866813], [77.63342, 12.86698], [77.634227, 12.866964], [77.634308, 12.867474], [77.636465, 12.867287], [77.636804, 12.869735], [77.637915, 12.869615], [77.638092, 12.870812], [77.639038, 12.870721], [77.639311, 12.872506], [77.640234, 12.872405], [77.640243, 12.872498], [77.641047, 12.87199], [77.641959, 12.871826], [77.642462, 12.871613], [77.645062, 12.871153], [77.647555, 12.8706], [77.648929, 12.87037], [77.649147, 12.870416], [77.649581, 12.870356], [77.649586, 12.870437], [77.650629, 12.870404], [77.651729, 12.869903], [77.65319, 12.869535], [77.653578, 12.869552], [77.653727, 12.869657], [77.655483, 12.869747], [77.655447, 12.869058], [77.656645, 12.869017], [77.656645, 12.869578], [77.657123, 12.869586], [77.657139, 12.868974], [77.65767, 12.868981], [77.657702, 12.870424], [77.65758, 12.870438], [77.65766, 12.870809], [77.656752, 12.871555], [77.655546, 12.872852], [77.655578, 12.872897], [77.654146, 12.873665], [77.654655, 12.875682], [77.654747, 12.877122], [77.655503, 12.877061]]]}}, {"type": "Feature", "properties": {"ward_name": "61 - Kodi Chikkanahalli", "Corporation": "South", "valley": "Koramangala Challaghatta Valley", "subvalley": "KC_1", "Assembly": "175 - Bommanahalli"}, "geometry": {"type": "Polygon", "coordinates": [[[77.622729, 12.9173], [77.624458, 12.914266], [77.626739, 12.91057], [77.62604, 12.910208], [77.626218, 12.909845], [77.626202, 12.90967], [77.625826, 12.909378], [77.625566, 12.909451], [77.625406, 12.908805], [77.624264, 12.909059], [77.624168, 12.909043], [77.623938, 12.908792], [77.623476, 12.908801], [77.622953, 12.907689], [77.622883, 12.906846], [77.622343, 12.906905], [77.622182, 12.906714], [77.621557, 12.906743], [77.621471, 12.905878], [77.6218, 12.905808], [77.621652, 12.904629], [77.62052, 12.904842], [77.62019, 12.903906], [77.619792, 12.903285], [77.619593, 12.902797], [77.619532, 12.902436], [77.620091, 12.902283], [77.619953, 12.901846], [77.620349, 12.901689], [77.620286, 12.90106], [77.61999, 12.901082], [77.619748, 12.898275], [77.619206, 12.89818], [77.618916, 12.89797], [77.61808, 12.897996], [77.617756, 12.896027], [77.61718, 12.895966], [77.617198, 12.894406], [77.616469, 12.894489], [77.616549, 12.89523], [77.615492, 12.895159], [77.615484, 12.894887], [77.615071, 12.894823], [77.614647, 12.894886], [77.614643, 12.89511], [77.613561, 12.894994], [77.613362, 12.895212], [77.61291, 12.895168], [77.612902, 12.894686], [77.61101, 12.894819], [77.61104, 12.895799], [77.609916, 12.895838], [77.609732, 12.89593], [77.609275, 12.895303], [77.608508, 12.895898], [77.608625, 12.8966], [77.608588, 12.897041], [77.608941, 12.898955], [77.609242, 12.899015], [77.609426, 12.899227], [77.60968, 12.899103], [77.609839, 12.898976], [77.610373, 12.898156], [77.611958, 12.897803], [77.612039, 12.897933], [77.612782, 12.897947], [77.613047, 12.898095], [77.613243, 12.899284], [77.61393, 12.8991], [77.614434, 12.899553], [77.614636, 12.899878], [77.615984, 12.901327], [77.616768, 12.901958], [77.617288, 12.902227], [77.617503, 12.902749], [77.618251, 12.902589], [77.618404, 12.902764], [77.618445, 12.903165], [77.618345, 12.903583], [77.618685, 12.905348], [77.618964, 12.90596], [77.620173, 12.907212], [77.620372, 12.907621], [77.620694, 12.907823], [77.620754, 12.907976], [77.620556, 12.908852], [77.62056, 12.909919], [77.620818, 12.910677], [77.620885, 12.910786], [77.621076, 12.910789], [77.621135, 12.911052], [77.621161, 12.911879], [77.621283, 12.91222], [77.621201, 12.912592], [77.621137, 12.912674], [77.620999, 12.91269], [77.621353, 12.912969], [77.621455, 12.913209], [77.621435, 12.913287], [77.620906, 12.913632], [77.622146, 12.914474], [77.622182, 12.916365], [77.622634, 12.917292], [77.622729, 12.9173]]]}}, {"type": "Feature", "properties": {"ward_name": "30 - Jakkasandra", "Corporation": "South", "valley": "Koramangala Challaghatta Valley", "subvalley": "KC_1", "Assembly": "172 - B.T.M Layout"}, "geometry": {"type": "Polygon", "coordinates": [[[77.633018, 12.920745], [77.633665, 12.922294], [77.633957, 12.924078], [77.63402, 12.92492], [77.636546, 12.925319], [77.63692, 12.925315], [77.637672, 12.92499], [77.638512, 12.924433], [77.639925, 12.923827], [77.638865, 12.92165], [77.638448, 12.920387], [77.638328, 12.919736], [77.63817, 12.915949], [77.63418, 12.916371], [77.628506, 12.916804], [77.625641, 12.917646], [77.624964, 12.917684], [77.623777, 12.917539], [77.622737, 12.917302], [77.622237, 12.918077], [77.622792, 12.918228], [77.623028, 12.918501], [77.623822, 12.918285], [77.624101, 12.919047], [77.625001, 12.918999], [77.628575, 12.918006], [77.628933, 12.919311], [77.628815, 12.91934], [77.628837, 12.919584], [77.632105, 12.918643], [77.632507, 12.919963], [77.632931, 12.920764], [77.633018, 12.920745]]]}}, {"type": "Feature", "properties": {"ward_name": "38 - Kanakanapalya", "Corporation": "Central", "valley": "Koramangala Challaghatta Valley", "subvalley": "KC_1", "Assembly": "169 - Chickpet"}, "geometry": {"type": "Polygon", "coordinates": [[[77.591827, 12.944255], [77.591858, 12.944381], [77.592205, 12.944236], [77.593377, 12.944167], [77.594502, 12.944341], [77.594738, 12.943572], [77.594507, 12.943002], [77.594034, 12.942222], [77.592603, 12.940703], [77.592488, 12.940491], [77.592537, 12.938517], [77.5927, 12.936205], [77.591741, 12.936339], [77.591306, 12.936494], [77.591042, 12.93667], [77.590556, 12.936128], [77.590116, 12.936321], [77.589937, 12.9355], [77.589623, 12.935524], [77.589135, 12.935811], [77.588729, 12.93555], [77.587749, 12.935166], [77.586709, 12.93587], [77.586363, 12.936327], [77.586139, 12.936462], [77.585731, 12.936604], [77.584001, 12.93666], [77.584089, 12.941885], [77.584448, 12.942822], [77.582844, 12.94322], [77.582846, 12.943706], [77.584798, 12.943736], [77.585035, 12.943723], [77.585167, 12.943602], [77.585274, 12.943602], [77.585318, 12.943731], [77.585206, 12.943794], [77.585319, 12.944511], [77.585814, 12.94534], [77.586574, 12.945753], [77.588, 12.946159], [77.588155, 12.945746], [77.58983, 12.945769], [77.589594, 12.945093], [77.590625, 12.944712], [77.59042, 12.944232], [77.59093, 12.944009], [77.590542, 12.943338], [77.590052, 12.943131], [77.590679, 12.942768], [77.591169, 12.943745], [77.591414, 12.943625], [77.591668, 12.944284], [77.591827, 12.944255]]]}}, {"type": "Feature", "properties": {"ward_name": "67 - Shettihalli", "Corporation": "North", "valley": "Arkavathi Valley", "subvalley": "AV_2,AV_1", "Assembly": "155 - Dasarahalli"}, "geometry": {"type": "Polygon", "coordinates": [[[77.524503, 13.064391], [77.527348, 13.063241], [77.527194, 13.063115], [77.528535, 13.062454], [77.529743, 13.061565], [77.529909, 13.061647], [77.531066, 13.061793], [77.531205, 13.061041], [77.531752, 13.059356], [77.532252, 13.058166], [77.532796, 13.058346], [77.532744, 13.059058], [77.532658, 13.059272], [77.532694, 13.05973], [77.533472, 13.059538], [77.533565, 13.058875], [77.534277, 13.059016], [77.534453, 13.059128], [77.534767, 13.058525], [77.535281, 13.057798], [77.535489, 13.057639], [77.535063, 13.057508], [77.534911, 13.057526], [77.534986, 13.057209], [77.535158, 13.05721], [77.535144, 13.056757], [77.535231, 13.056619], [77.535192, 13.056352], [77.535253, 13.056007], [77.535098, 13.055929], [77.535355, 13.055221], [77.535304, 13.054833], [77.533203, 13.054855], [77.531756, 13.054673], [77.531284, 13.054434], [77.530532, 13.053153], [77.528805, 13.051872], [77.528282, 13.051552], [77.526839, 13.051138], [77.525209, 13.049895], [77.523974, 13.049174], [77.523589, 13.048601], [77.52289, 13.04699], [77.522198, 13.04591], [77.5205, 13.047031], [77.518703, 13.048381], [77.519335, 13.049936], [77.519726, 13.051412], [77.521047, 13.058178], [77.520535, 13.059209], [77.519746, 13.059159], [77.518203, 13.060192], [77.51737, 13.060454], [77.515089, 13.060932], [77.514239, 13.061227], [77.513991, 13.061153], [77.513485, 13.060724], [77.51216, 13.059918], [77.511903, 13.059821], [77.511463, 13.06001], [77.511247, 13.058831], [77.510191, 13.059033], [77.509547, 13.059267], [77.507992, 13.05946], [77.507606, 13.060017], [77.507165, 13.060857], [77.506889, 13.06094], [77.506816, 13.061145], [77.505221, 13.063569], [77.507544, 13.063818], [77.509211, 13.063755], [77.509012, 13.064095], [77.509028, 13.064789], [77.509454, 13.064796], [77.509822, 13.067161], [77.509979, 13.067201], [77.510041, 13.067831], [77.510256, 13.067838], [77.510322, 13.068304], [77.51045, 13.068408], [77.510911, 13.068413], [77.510964, 13.068479], [77.511064, 13.069635], [77.51193, 13.069078], [77.512742, 13.068696], [77.515911, 13.067551], [77.515904, 13.067767], [77.517602, 13.070056], [77.518418, 13.071587], [77.52071, 13.071113], [77.523549, 13.070871], [77.523444, 13.070089], [77.523516, 13.069866], [77.524915, 13.069706], [77.525474, 13.06949], [77.525705, 13.06928], [77.525548, 13.067027], [77.525137, 13.067116], [77.524991, 13.066833], [77.524649, 13.065416], [77.524814, 13.065342], [77.524503, 13.064391]]]}}, {"type": "Feature", "properties": {"ward_name": "7 - Attur", "Corporation": "North", "valley": "Hebbal Nagawara Valley,Arkavathi Valley", "subvalley": "HN_1,AV_1", "Assembly": "150 - Yelahanka"}, "geometry": {"type": "Polygon", "coordinates": [[[77.560072, 13.088], [77.56307, 13.086194], [77.560334, 13.084023], [77.558909, 13.084963], [77.558715, 13.084722], [77.555709, 13.085881], [77.555608, 13.086057], [77.553706, 13.085237], [77.553002, 13.084719], [77.552409, 13.08459], [77.552068, 13.084376], [77.551251, 13.083392], [77.550771, 13.083047], [77.55035, 13.082376], [77.550098, 13.082164], [77.549015, 13.082057], [77.548597, 13.081703], [77.548265, 13.081748], [77.548739, 13.084211], [77.548481, 13.085203], [77.548677, 13.085777], [77.546642, 13.088393], [77.546115, 13.09182], [77.546114, 13.094869], [77.548895, 13.094222], [77.550349, 13.09362], [77.551194, 13.093702], [77.552144, 13.094036], [77.553557, 13.093946], [77.554024, 13.094238], [77.554187, 13.094287], [77.554526, 13.094242], [77.554691, 13.094126], [77.55477, 13.093886], [77.555311, 13.093189], [77.5554, 13.093332], [77.555561, 13.094175], [77.555633, 13.094175], [77.55569, 13.094396], [77.558231, 13.093937], [77.558246, 13.094264], [77.557925, 13.094309], [77.557987, 13.095003], [77.557929, 13.095732], [77.557021, 13.095716], [77.556661, 13.09642], [77.557599, 13.09632], [77.558061, 13.096341], [77.557909, 13.09658], [77.557697, 13.096656], [77.557666, 13.09679], [77.557802, 13.097645], [77.557434, 13.097692], [77.557966, 13.09976], [77.561028, 13.098403], [77.562149, 13.101009], [77.562777, 13.10076], [77.56296, 13.100755], [77.563161, 13.101365], [77.564842, 13.101358], [77.564844, 13.10126], [77.565376, 13.101259], [77.565487, 13.1017], [77.565778, 13.101648], [77.565907, 13.102812], [77.566926, 13.102434], [77.566936, 13.102926], [77.566584, 13.104553], [77.566379, 13.105203], [77.565729, 13.106576], [77.565696, 13.106984], [77.565462, 13.107359], [77.565463, 13.107664], [77.567301, 13.10734], [77.570644, 13.106601], [77.570075, 13.104392], [77.56979, 13.10289], [77.570025, 13.100334], [77.570598, 13.099618], [77.570908, 13.099055], [77.570978, 13.098179], [77.570317, 13.098064], [77.569751, 13.098079], [77.564329, 13.09758], [77.562849, 13.097785], [77.561509, 13.095198], [77.560476, 13.090326], [77.560072, 13.088]]]}}, {"type": "Feature", "properties": {"ward_name": "62 - Rama Mandira", "Corporation": "West", "valley": "Vrishabhavati Valley", "subvalley": "VV_1", "Assembly": "165 - Rajajinagar"}, "geometry": {"type": "Polygon", "coordinates": [[[77.557914, 12.991019], [77.559815, 12.98777], [77.560063, 12.986886], [77.560249, 12.983424], [77.558117, 12.98362], [77.557493, 12.98406], [77.556512, 12.985011], [77.556132, 12.985058], [77.555808, 12.984978], [77.555756, 12.984284], [77.556065, 12.984255], [77.556005, 12.983021], [77.555665, 12.983044], [77.555625, 12.98273], [77.555264, 12.982736], [77.555083, 12.980085], [77.553745, 12.979839], [77.55385, 12.98062], [77.549023, 12.980808], [77.549079, 12.984416], [77.549201, 12.985085], [77.549306, 12.984977], [77.551596, 12.984563], [77.554156, 12.984353], [77.554318, 12.987521], [77.555948, 12.987503], [77.556059, 12.989911], [77.557914, 12.991019]]]}}, {"type": "Feature", "properties": {"ward_name": "67 - Basaveshwara Nagara", "Corporation": "West", "valley": "Vrishabhavati Valley", "subvalley": "VV_1", "Assembly": "165 - Rajajinagar"}, "geometry": {"type": "Polygon", "coordinates": [[[77.54457, 12.997321], [77.543938, 12.997218], [77.544002, 12.996896], [77.544173, 12.996883], [77.544189, 12.996816], [77.544073, 12.996218], [77.544374, 12.996065], [77.544303, 12.995428], [77.54527, 12.995183], [77.545292, 12.994941], [77.545881, 12.994819], [77.545787, 12.994565], [77.545087, 12.994685], [77.543576, 12.995112], [77.542877, 12.995195], [77.542872, 12.995062], [77.542509, 12.99509], [77.542537, 12.994], [77.542252, 12.993252], [77.542138, 12.992089], [77.541561, 12.992185], [77.541409, 12.991182], [77.541041, 12.991232], [77.541102, 12.98973], [77.541217, 12.989162], [77.540543, 12.989291], [77.540519, 12.988286], [77.542294, 12.987381], [77.542515, 12.988927], [77.54562, 12.988707], [77.545463, 12.986769], [77.54517, 12.985014], [77.543621, 12.98534], [77.541995, 12.985845], [77.538126, 12.987785], [77.534462, 12.988436], [77.533008, 12.989099], [77.533566, 12.989654], [77.532752, 12.990063], [77.532924, 12.99096], [77.531479, 12.99111], [77.531655, 12.992575], [77.53325, 12.992395], [77.538447, 12.991583], [77.54044, 12.996974], [77.541158, 12.999385], [77.542457, 12.998566], [77.544688, 12.997613], [77.54457, 12.997321]]]}}, {"type": "Feature", "properties": {"ward_name": "56 - Gopalpura", "Corporation": "Central", "valley": "Vrishabhavati Valley", "subvalley": "VV_1", "Assembly": "164 - Gandhinagara"}, "geometry": {"type": "Polygon", "coordinates": [[[77.56674, 12.971769], [77.566017, 12.970744], [77.565881, 12.970723], [77.565882, 12.971281], [77.56525, 12.97134], [77.564906, 12.971612], [77.564521, 12.971237], [77.563415, 12.97138], [77.562614, 12.971647], [77.562725, 12.973629], [77.561385, 12.973673], [77.560443, 12.973803], [77.56045, 12.973989], [77.559991, 12.973969], [77.560006, 12.973207], [77.55976, 12.97322], [77.559741, 12.973734], [77.558841, 12.974114], [77.55896, 12.974305], [77.558392, 12.974595], [77.558669, 12.975318], [77.558712, 12.975736], [77.554493, 12.975574], [77.555162, 12.977033], [77.555446, 12.977484], [77.556655, 12.978216], [77.557354, 12.978521], [77.558119, 12.978825], [77.558939, 12.978893], [77.559112, 12.979161], [77.559249, 12.97995], [77.560354, 12.980227], [77.56076, 12.980461], [77.560982, 12.980954], [77.561182, 12.981758], [77.561729, 12.981916], [77.561575, 12.982705], [77.563788, 12.982463], [77.566386, 12.981967], [77.568138, 12.982537], [77.568049, 12.984893], [77.568573, 12.985173], [77.568689, 12.986279], [77.568765, 12.986436], [77.568975, 12.986652], [77.569653, 12.987036], [77.569727, 12.986975], [77.569744, 12.986787], [77.569703, 12.98598], [77.569813, 12.985833], [77.571012, 12.985525], [77.571857, 12.985055], [77.571858, 12.984915], [77.571987, 12.984811], [77.572051, 12.985045], [77.572193, 12.984793], [77.572294, 12.984795], [77.57271, 12.983433], [77.571444, 12.982371], [77.570538, 12.981354], [77.570375, 12.981605], [77.570374, 12.981904], [77.569897, 12.982494], [77.569579, 12.982665], [77.569004, 12.982481], [77.568083, 12.980582], [77.567057, 12.975829], [77.566921, 12.97487], [77.566833, 12.974838], [77.567002, 12.97397], [77.567424, 12.973936], [77.567431, 12.973601], [77.567224, 12.972804], [77.56674, 12.971769]]]}}, {"type": "Feature", "properties": {"ward_name": "57 - Cottonpete", "Corporation": "Central", "valley": "Vrishabhavati Valley", "subvalley": "VV_1", "Assembly": "164 - Gandhinagara"}, "geometry": {"type": "Polygon", "coordinates": [[[77.575426, 12.969364], [77.573864, 12.966385], [77.573454, 12.966575], [77.57328, 12.966732], [77.572221, 12.967068], [77.570333, 12.967947], [77.56787, 12.968213], [77.56794, 12.967184], [77.567738, 12.967186], [77.567751, 12.966975], [77.567019, 12.966956], [77.566431, 12.967152], [77.566263, 12.966737], [77.565495, 12.966735], [77.5652, 12.967746], [77.565014, 12.967946], [77.564667, 12.968139], [77.564257, 12.968243], [77.56643, 12.97076], [77.566017, 12.970744], [77.56674, 12.971769], [77.567224, 12.972804], [77.567431, 12.973601], [77.567424, 12.973936], [77.567002, 12.97397], [77.566833, 12.974838], [77.566921, 12.97487], [77.567057, 12.975829], [77.568083, 12.980582], [77.569004, 12.982481], [77.569579, 12.982665], [77.569897, 12.982494], [77.570374, 12.981904], [77.570375, 12.981605], [77.570538, 12.981354], [77.57065, 12.980852], [77.570977, 12.980308], [77.57103, 12.979989], [77.570877, 12.976594], [77.570917, 12.976186], [77.57079, 12.975345], [77.570892, 12.975289], [77.570769, 12.974978], [77.570756, 12.97465], [77.571374, 12.974439], [77.572876, 12.974445], [77.574159, 12.974317], [77.574121, 12.973541], [77.573524, 12.973736], [77.572872, 12.973789], [77.572702, 12.973233], [77.572301, 12.972506], [77.573203, 12.97163], [77.572876, 12.970881], [77.573494, 12.970668], [77.573313, 12.970101], [77.573452, 12.970053], [77.57364, 12.970431], [77.574524, 12.970036], [77.574463, 12.969738], [77.575426, 12.969364]]]}}, {"type": "Feature", "properties": {"ward_name": "54 - Binnypete", "Corporation": "Central", "valley": "Vrishabhavati Valley", "subvalley": "VV_1", "Assembly": "164 - Gandhinagara"}, "geometry": {"type": "Polygon", "coordinates": [[[77.565881, 12.970723], [77.56643, 12.97076], [77.563893, 12.967782], [77.561832, 12.964697], [77.561363, 12.964787], [77.561106, 12.964941], [77.560627, 12.965991], [77.559918, 12.966507], [77.559744, 12.966558], [77.559241, 12.965399], [77.558839, 12.964756], [77.558659, 12.964842], [77.558313, 12.965302], [77.557233, 12.965931], [77.556911, 12.966027], [77.556978, 12.966309], [77.556717, 12.966686], [77.556329, 12.966797], [77.555869, 12.967186], [77.555341, 12.967095], [77.554845, 12.967237], [77.554874, 12.967327], [77.554797, 12.967352], [77.55558, 12.969176], [77.556534, 12.969403], [77.557113, 12.969384], [77.559276, 12.968955], [77.559786, 12.968762], [77.560302, 12.968422], [77.560792, 12.969773], [77.560873, 12.970593], [77.560845, 12.971385], [77.561354, 12.971317], [77.561515, 12.971947], [77.562608, 12.971745], [77.562614, 12.971647], [77.563415, 12.97138], [77.564521, 12.971237], [77.564906, 12.971612], [77.56525, 12.97134], [77.565882, 12.971281], [77.565881, 12.970723]]]}}, {"type": "Feature", "properties": {"ward_name": "39 - Jai Maruthi Nagar", "Corporation": "West", "valley": "Vrishabhavati Valley", "subvalley": "VV_1", "Assembly": "156 - Mahalakshmi Layout"}, "geometry": {"type": "Polygon", "coordinates": [[[77.535296, 13.005366], [77.534518, 13.00719], [77.533372, 13.006337], [77.533072, 13.006462], [77.532578, 13.006052], [77.531555, 13.005494], [77.531103, 13.005528], [77.530368, 13.005783], [77.529902, 13.005744], [77.529879, 13.006423], [77.530096, 13.007574], [77.530416, 13.007881], [77.530462, 13.008076], [77.530423, 13.008503], [77.530302, 13.00881], [77.528744, 13.008968], [77.527974, 13.009759], [77.52781, 13.01022], [77.527806, 13.010573], [77.527636, 13.010676], [77.528837, 13.011842], [77.529976, 13.013386], [77.530468, 13.014277], [77.531463, 13.01397], [77.531549, 13.013838], [77.531739, 13.013864], [77.533041, 13.013452], [77.532929, 13.012987], [77.532911, 13.012347], [77.533103, 13.011142], [77.532657, 13.011115], [77.532797, 13.010695], [77.532761, 13.010601], [77.531881, 13.009841], [77.532047, 13.009543], [77.531858, 13.009291], [77.531601, 13.008714], [77.532372, 13.008474], [77.53432, 13.007527], [77.53452, 13.007721], [77.534616, 13.007728], [77.535284, 13.00917], [77.534513, 13.009533], [77.533632, 13.01025], [77.533752, 13.010373], [77.533857, 13.010754], [77.533524, 13.010694], [77.53349, 13.011585], [77.533624, 13.012372], [77.533798, 13.012821], [77.534252, 13.013559], [77.534727, 13.013236], [77.535307, 13.013689], [77.534616, 13.014634], [77.535508, 13.015042], [77.536663, 13.015261], [77.537246, 13.015192], [77.538186, 13.014881], [77.539108, 13.014218], [77.539504, 13.013821], [77.539659, 13.013573], [77.539785, 13.012747], [77.539882, 13.012512], [77.540481, 13.012557], [77.540056, 13.009858], [77.541257, 13.009701], [77.541224, 13.00952], [77.541284, 13.009438], [77.54114, 13.008751], [77.539349, 13.009004], [77.539226, 13.007952], [77.538864, 13.007993], [77.538693, 13.006844], [77.537441, 13.007096], [77.53742, 13.006992], [77.537911, 13.006747], [77.537444, 13.006514], [77.537254, 13.006192], [77.536485, 13.006658], [77.53633, 13.006443], [77.53604, 13.006776], [77.535296, 13.005366]]]}}, {"type": "Feature", "properties": {"ward_name": "60 - Bilekahalli", "Corporation": "South", "valley": "Koramangala Challaghatta Valley", "subvalley": "KC_1", "Assembly": "175 - Bommanahalli"}, "geometry": {"type": "Polygon", "coordinates": [[[77.605427, 12.894949], [77.605803, 12.896213], [77.604907, 12.8965], [77.605256, 12.898138], [77.603159, 12.898991], [77.600903, 12.899806], [77.60028, 12.898073], [77.599837, 12.896441], [77.599614, 12.896477], [77.599499, 12.896263], [77.598669, 12.896445], [77.598051, 12.896819], [77.597687, 12.896945], [77.598628, 12.899702], [77.598672, 12.900223], [77.598124, 12.900576], [77.598027, 12.900832], [77.596695, 12.901317], [77.595773, 12.901578], [77.595011, 12.901706], [77.594911, 12.902642], [77.596642, 12.902464], [77.599482, 12.901111], [77.599072, 12.902499], [77.598928, 12.903205], [77.598943, 12.903504], [77.599274, 12.903832], [77.59942, 12.903872], [77.600311, 12.903566], [77.600985, 12.903458], [77.601303, 12.903562], [77.601459, 12.903512], [77.601853, 12.90513], [77.601852, 12.905498], [77.601732, 12.9058], [77.600555, 12.907257], [77.600501, 12.90724], [77.600228, 12.908526], [77.604017, 12.908696], [77.603851, 12.905809], [77.60625, 12.905633], [77.607536, 12.905732], [77.608394, 12.905898], [77.609463, 12.905409], [77.609314, 12.905031], [77.612636, 12.904609], [77.612997, 12.905488], [77.613483, 12.906321], [77.613968, 12.906839], [77.614071, 12.90734], [77.614392, 12.907791], [77.614691, 12.90841], [77.614893, 12.908474], [77.615306, 12.909619], [77.615676, 12.911117], [77.616191, 12.913572], [77.616328, 12.914789], [77.616401, 12.915108], [77.616557, 12.915319], [77.616599, 12.915007], [77.616728, 12.914825], [77.617849, 12.913915], [77.618365, 12.913322], [77.618948, 12.912837], [77.61957, 12.912539], [77.621137, 12.912674], [77.621283, 12.91222], [77.621161, 12.911879], [77.621135, 12.911052], [77.621076, 12.910789], [77.620885, 12.910786], [77.620818, 12.910677], [77.62056, 12.909919], [77.620556, 12.908852], [77.620754, 12.907976], [77.620694, 12.907823], [77.620372, 12.907621], [77.620173, 12.907212], [77.618964, 12.90596], [77.618617, 12.905047], [77.618345, 12.903583], [77.618445, 12.903165], [77.618404, 12.902764], [77.618251, 12.902589], [77.617503, 12.902749], [77.617288, 12.902227], [77.616768, 12.901958], [77.615984, 12.901327], [77.614636, 12.899878], [77.614434, 12.899553], [77.61393, 12.8991], [77.613243, 12.899284], [77.613047, 12.898095], [77.612782, 12.897947], [77.612039, 12.897933], [77.611958, 12.897803], [77.610373, 12.898156], [77.609839, 12.898976], [77.60968, 12.899103], [77.609426, 12.899227], [77.609242, 12.899015], [77.608941, 12.898955], [77.608588, 12.897041], [77.608625, 12.8966], [77.608508, 12.895898], [77.609275, 12.895303], [77.609207, 12.894907], [77.60875, 12.895277], [77.607849, 12.895531], [77.607316, 12.89392], [77.605328, 12.894363], [77.605427, 12.894949]]]}}, {"type": "Feature", "properties": {"ward_name": "47 - IPD Salappa Ward", "Corporation": "Central", "valley": "Vrishabhavati Valley", "subvalley": "VV_1", "Assembly": "168 - Chamrajapet"}, "geometry": {"type": "Polygon", "coordinates": [[[77.55835, 12.96101], [77.557687, 12.960785], [77.557105, 12.960441], [77.555627, 12.962707], [77.555642, 12.962983], [77.555432, 12.963022], [77.555066, 12.963669], [77.555004, 12.963906], [77.555087, 12.963936], [77.555138, 12.964376], [77.555325, 12.964435], [77.556513, 12.964106], [77.557737, 12.963633], [77.558233, 12.963357], [77.558371, 12.963819], [77.558525, 12.965091], [77.558659, 12.964842], [77.558839, 12.964756], [77.559241, 12.965399], [77.559744, 12.966558], [77.560199, 12.966352], [77.560627, 12.965991], [77.561106, 12.964941], [77.561363, 12.964787], [77.561832, 12.964697], [77.563431, 12.967126], [77.564257, 12.968243], [77.564667, 12.968139], [77.565014, 12.967946], [77.565282, 12.967622], [77.565327, 12.967203], [77.565528, 12.966645], [77.565198, 12.965152], [77.565662, 12.965125], [77.565511, 12.96411], [77.566134, 12.964074], [77.566025, 12.963474], [77.566176, 12.962827], [77.564541, 12.962327], [77.563365, 12.961846], [77.562777, 12.961686], [77.562264, 12.961586], [77.560228, 12.96143], [77.55835, 12.96101]]]}}, {"type": "Feature", "properties": {"ward_name": "64 - Hongasandra", "Corporation": "South", "valley": "Koramangala Challaghatta Valley", "subvalley": "KC_1", "Assembly": "175 - Bommanahalli"}, "geometry": {"type": "Polygon", "coordinates": [[[77.626416, 12.904434], [77.627483, 12.904362], [77.627267, 12.903649], [77.627265, 12.903416], [77.627421, 12.903087], [77.627458, 12.902757], [77.627398, 12.901979], [77.627266, 12.901195], [77.626468, 12.898284], [77.627292, 12.898162], [77.62748, 12.899145], [77.628105, 12.89903], [77.628229, 12.899524], [77.628488, 12.899504], [77.628503, 12.89967], [77.629705, 12.899417], [77.630225, 12.897837], [77.630519, 12.897238], [77.632572, 12.895894], [77.632503, 12.895824], [77.632222, 12.89587], [77.632175, 12.895626], [77.631474, 12.895764], [77.631404, 12.895475], [77.630828, 12.895549], [77.630727, 12.894571], [77.63065, 12.894535], [77.629763, 12.894697], [77.629657, 12.894586], [77.629586, 12.89369], [77.62624, 12.893778], [77.625813, 12.893707], [77.625843, 12.893371], [77.623506, 12.893377], [77.622737, 12.893461], [77.622669, 12.893502], [77.622719, 12.894019], [77.623031, 12.89401], [77.623053, 12.894296], [77.62295, 12.894365], [77.622973, 12.894548], [77.622699, 12.894589], [77.622772, 12.895006], [77.625316, 12.894597], [77.625467, 12.895707], [77.625327, 12.89578], [77.625337, 12.895915], [77.626047, 12.895829], [77.626117, 12.896605], [77.625484, 12.896712], [77.625852, 12.898259], [77.625863, 12.898968], [77.624272, 12.899011], [77.624564, 12.900219], [77.625007, 12.901527], [77.625399, 12.903318], [77.62587, 12.90337], [77.626407, 12.903596], [77.626416, 12.904434]]]}}, {"type": "Feature", "properties": {"ward_name": "50 - JJR Nagara", "Corporation": "Central", "valley": "Vrishabhavati Valley", "subvalley": "VV_1", "Assembly": "168 - Chamrajapet"}, "geometry": {"type": "Polygon", "coordinates": [[[77.554678, 12.964776], [77.555326, 12.964438], [77.555138, 12.964376], [77.555087, 12.963936], [77.555004, 12.963906], [77.555001, 12.963807], [77.555432, 12.963022], [77.555642, 12.962983], [77.555627, 12.962707], [77.557105, 12.960441], [77.556311, 12.959897], [77.555641, 12.959233], [77.555204, 12.958585], [77.554892, 12.958311], [77.552442, 12.957446], [77.551202, 12.957087], [77.548405, 12.956569], [77.54637, 12.960296], [77.548122, 12.960104], [77.548462, 12.960835], [77.550384, 12.960937], [77.550682, 12.960891], [77.550723, 12.961295], [77.550943, 12.961254], [77.551061, 12.961624], [77.551496, 12.961497], [77.552309, 12.964483], [77.553824, 12.964337], [77.554502, 12.964196], [77.554633, 12.964221], [77.554678, 12.964776]]]}}, {"type": "Feature", "properties": {"ward_name": "63 - Bommanahalli", "Corporation": "South", "valley": "Koramangala Challaghatta Valley", "subvalley": "KC_1", "Assembly": "175 - Bommanahalli"}, "geometry": {"type": "Polygon", "coordinates": [[[77.627483, 12.904362], [77.626416, 12.904434], [77.626407, 12.903596], [77.62587, 12.90337], [77.625399, 12.903318], [77.625007, 12.901527], [77.624476, 12.899915], [77.624272, 12.899011], [77.625863, 12.898968], [77.625852, 12.898259], [77.625484, 12.896712], [77.624869, 12.896815], [77.624883, 12.896945], [77.624229, 12.897068], [77.624118, 12.896611], [77.623972, 12.896515], [77.623119, 12.896329], [77.622915, 12.896392], [77.623099, 12.89732], [77.621364, 12.897408], [77.621441, 12.897678], [77.619748, 12.898275], [77.61999, 12.901082], [77.620286, 12.90106], [77.620349, 12.901689], [77.619953, 12.901846], [77.620091, 12.902283], [77.619532, 12.902436], [77.619593, 12.902797], [77.619792, 12.903285], [77.62019, 12.903906], [77.62052, 12.904842], [77.621652, 12.904629], [77.6218, 12.905808], [77.621471, 12.905878], [77.621557, 12.906743], [77.622182, 12.906714], [77.622343, 12.906905], [77.622883, 12.906846], [77.622953, 12.907689], [77.623476, 12.908801], [77.623938, 12.908792], [77.624168, 12.909043], [77.624264, 12.909059], [77.625406, 12.908805], [77.625566, 12.909451], [77.625826, 12.909378], [77.626202, 12.90967], [77.626218, 12.909845], [77.62604, 12.910208], [77.626739, 12.91057], [77.631138, 12.903424], [77.629296, 12.903595], [77.629343, 12.903902], [77.627483, 12.904362]]]}}, {"type": "Feature", "properties": {"ward_name": "61 - HMT Ward", "Corporation": "North", "valley": "Hebbal Nagawara Valley,Vrishabhavati Valley,Arkavathi Valley", "subvalley": "HN_1,VV_1,AV_2,AV_1", "Assembly": "154 - Rajarajeshwarinagar"}, "geometry": {"type": "Polygon", "coordinates": [[[77.544508, 13.037503], [77.542955, 13.03929], [77.541951, 13.038313], [77.540749, 13.032502], [77.539824, 13.033122], [77.53518, 13.036684], [77.533035, 13.03818], [77.531214, 13.039597], [77.525314, 13.043755], [77.525547, 13.044136], [77.526373, 13.044563], [77.526917, 13.045107], [77.531223, 13.044251], [77.530013, 13.046386], [77.529984, 13.04655], [77.535479, 13.048172], [77.53564, 13.048321], [77.535568, 13.048616], [77.536426, 13.04905], [77.538869, 13.045186], [77.539689, 13.044022], [77.540131, 13.044312], [77.541646, 13.046398], [77.542995, 13.045168], [77.542839, 13.044844], [77.543763, 13.044312], [77.544041, 13.044586], [77.544466, 13.045723], [77.546513, 13.044808], [77.546389, 13.044562], [77.546203, 13.044464], [77.545916, 13.043993], [77.547488, 13.043582], [77.547218, 13.041679], [77.550911, 13.042912], [77.550831, 13.043209], [77.550855, 13.044135], [77.550139, 13.044451], [77.550159, 13.04458], [77.551895, 13.044259], [77.552302, 13.045403], [77.549829, 13.047948], [77.550154, 13.048854], [77.544809, 13.049163], [77.544653, 13.049111], [77.544511, 13.049225], [77.54269, 13.049249], [77.542841, 13.05048], [77.542724, 13.050707], [77.542571, 13.050753], [77.541735, 13.050689], [77.537616, 13.049585], [77.53723, 13.05131], [77.53724, 13.051487], [77.53767, 13.051467], [77.537539, 13.054495], [77.539159, 13.054323], [77.542528, 13.054923], [77.544862, 13.054983], [77.545311, 13.055283], [77.546792, 13.056729], [77.549044, 13.054712], [77.550985, 13.053242], [77.552453, 13.051123], [77.553512, 13.049978], [77.553934, 13.049423], [77.555049, 13.047768], [77.556466, 13.045437], [77.556665, 13.045229], [77.556863, 13.044683], [77.5569, 13.043814], [77.556962, 13.043805], [77.557097, 13.042667], [77.557388, 13.042771], [77.558143, 13.042325], [77.559225, 13.04153], [77.559435, 13.041292], [77.559798, 13.040478], [77.560642, 13.04045], [77.560963, 13.040002], [77.560483, 13.039506], [77.560083, 13.039216], [77.559442, 13.038931], [77.558766, 13.038679], [77.557302, 13.038543], [77.552688, 13.038763], [77.551735, 13.039036], [77.550053, 13.039663], [77.549885, 13.039094], [77.550201, 13.039023], [77.549896, 13.037577], [77.550173, 13.037527], [77.549977, 13.036882], [77.550037, 13.036841], [77.54899, 13.035474], [77.54837, 13.03486], [77.547596, 13.033898], [77.546865, 13.033262], [77.546949, 13.032896], [77.544842, 13.036979], [77.544508, 13.037503]]]}}, {"type": "Feature", "properties": {"ward_name": "14 - J.P Nagar", "Corporation": "South", "valley": "Koramangala Challaghatta Valley", "subvalley": "KC_1", "Assembly": "173 - Jayanagar"}, "geometry": {"type": "Polygon", "coordinates": [[[77.604132, 12.919935], [77.604183, 12.919412], [77.605142, 12.919586], [77.605103, 12.920032], [77.605318, 12.920763], [77.60806, 12.920084], [77.607999, 12.919896], [77.60807, 12.919771], [77.607695, 12.918556], [77.607233, 12.916554], [77.599993, 12.916728], [77.600023, 12.914284], [77.599905, 12.913697], [77.599884, 12.912618], [77.600221, 12.908577], [77.600501, 12.90724], [77.600555, 12.907257], [77.601823, 12.905627], [77.601853, 12.90513], [77.601459, 12.903512], [77.601303, 12.903562], [77.600985, 12.903458], [77.600311, 12.903566], [77.59942, 12.903872], [77.599274, 12.903832], [77.598987, 12.903575], [77.598928, 12.903205], [77.599183, 12.902038], [77.599455, 12.901364], [77.59947, 12.901105], [77.596642, 12.902464], [77.595904, 12.902572], [77.593992, 12.902662], [77.593851, 12.903933], [77.59495, 12.903905], [77.595149, 12.909005], [77.593289, 12.909029], [77.593318, 12.910139], [77.593981, 12.910112], [77.595201, 12.910218], [77.595182, 12.910884], [77.595654, 12.910895], [77.5956, 12.912715], [77.59693, 12.912761], [77.596818, 12.915169], [77.596867, 12.916816], [77.595059, 12.916852], [77.595137, 12.918968], [77.596994, 12.91898], [77.600101, 12.918857], [77.600188, 12.920048], [77.601569, 12.920175], [77.601721, 12.919034], [77.602255, 12.919154], [77.602415, 12.918251], [77.602414, 12.917733], [77.603033, 12.917817], [77.603057, 12.917473], [77.603454, 12.917543], [77.603416, 12.919808], [77.604132, 12.919935]]]}}, {"type": "Feature", "properties": {"ward_name": "30 - Belathur", "Corporation": "East", "valley": "Hebbal Nagawara Valley,Koramangala Challaghatta Valley,Hebbal Nagawara Valley", "subvalley": "HN_3,KC_2,HN_2", "Assembly": "174 - Mahadevapura"}, "geometry": {"type": "Polygon", "coordinates": [[[77.7216, 12.995591], [77.719884, 12.995915], [77.720791, 12.996953], [77.722022, 12.998638], [77.722142, 12.999305], [77.72251, 13.000286], [77.722944, 13.001172], [77.723397, 13.002731], [77.723494, 13.003597], [77.725279, 13.00357], [77.727392, 13.003877], [77.727799, 13.004267], [77.728139, 13.004196], [77.728432, 13.004691], [77.728873, 13.005152], [77.729318, 13.005481], [77.729812, 13.005161], [77.730386, 13.00495], [77.730658, 13.005537], [77.731567, 13.00547], [77.733599, 13.005654], [77.734302, 13.005807], [77.734952, 13.006032], [77.735552, 13.006394], [77.735575, 13.007007], [77.736147, 13.007615], [77.736602, 13.007878], [77.738043, 13.007667], [77.738043, 13.007605], [77.738143, 13.007577], [77.740878, 13.008125], [77.741105, 13.007144], [77.743366, 13.007072], [77.744252, 13.007181], [77.745154, 13.007171], [77.746188, 13.007006], [77.746883, 13.006804], [77.747085, 13.006819], [77.747142, 13.007192], [77.746866, 13.007202], [77.746881, 13.007848], [77.746941, 13.008067], [77.74695, 13.009568], [77.747198, 13.00984], [77.747029, 13.010505], [77.746893, 13.010476], [77.747217, 13.011663], [77.747796, 13.011498], [77.747881, 13.012731], [77.749214, 13.01204], [77.749664, 13.011623], [77.749625, 13.011514], [77.749836, 13.011348], [77.750628, 13.011276], [77.750869, 13.011375], [77.751971, 13.010831], [77.752437, 13.010712], [77.752843, 13.010471], [77.754019, 13.009525], [77.75439, 13.009058], [77.754742, 13.008839], [77.754822, 13.008846], [77.755086, 13.009216], [77.755104, 13.009748], [77.75531, 13.010239], [77.755609, 13.010241], [77.756014, 13.010072], [77.75671, 13.009563], [77.757365, 13.008828], [77.758194, 13.008488], [77.758872, 13.007942], [77.759149, 13.007881], [77.75957, 13.007467], [77.759713, 13.007187], [77.759431, 13.006474], [77.759384, 13.006098], [77.759663, 13.005736], [77.760207, 13.005255], [77.760783, 13.004952], [77.761779, 13.005192], [77.762106, 13.005032], [77.762404, 13.004676], [77.762827, 13.003698], [77.763427, 13.002911], [77.763237, 13.002743], [77.763342, 13.002604], [77.763491, 13.002713], [77.763498, 13.002291], [77.763053, 13.002159], [77.762936, 13.001656], [77.762695, 13.001308], [77.76224, 13.001681], [77.762108, 13.001746], [77.762043, 13.001702], [77.761951, 13.000977], [77.761787, 13.000616], [77.7617, 13.000542], [77.761379, 13.000497], [77.761307, 13.00038], [77.761288, 13.000047], [77.761136, 12.999753], [77.760881, 12.999544], [77.75981, 12.999366], [77.759757, 12.999105], [77.759685, 12.99911], [77.759534, 12.998169], [77.759578, 12.998087], [77.760125, 12.998069], [77.759982, 12.997117], [77.759819, 12.996539], [77.758409, 12.996746], [77.757841, 12.994622], [77.757175, 12.992954], [77.755884, 12.991327], [77.755292, 12.99071], [77.754828, 12.990038], [77.753346, 12.989308], [77.752829, 12.98914], [77.751821, 12.988957], [77.749893, 12.988978], [77.748746, 12.988618], [77.748624, 12.987655], [77.748766, 12.985847], [77.747644, 12.985356], [77.744902, 12.986393], [77.740138, 12.987614], [77.736058, 12.987588], [77.735073, 12.987655], [77.734188, 12.987826], [77.734184, 12.988624], [77.733261, 12.993301], [77.731551, 12.996611], [77.727534, 12.995859], [77.724992, 12.995514], [77.7216, 12.995591]]]}}, {"type": "Feature", "properties": {"ward_name": "46 - Kamalanagara", "Corporation": "West", "valley": "Vrishabhavati Valley", "subvalley": "VV_1", "Assembly": "156 - Mahalakshmi Layout"}, "geometry": {"type": "Polygon", "coordinates": [[[77.523192, 12.989858], [77.522708, 12.989957], [77.522661, 12.98986], [77.522431, 12.989956], [77.523168, 12.991233], [77.522476, 12.99156], [77.522225, 12.991143], [77.52152, 12.991457], [77.521576, 12.991785], [77.521782, 12.992185], [77.522387, 12.992319], [77.522975, 12.993104], [77.523047, 12.994105], [77.523473, 12.994879], [77.523634, 12.995567], [77.524403, 12.996168], [77.524728, 12.996695], [77.52497, 12.997727], [77.525237, 12.99793], [77.525573, 12.99783], [77.525471, 12.997487], [77.525767, 12.997396], [77.525642, 12.997156], [77.527296, 12.996695], [77.527351, 12.996976], [77.528197, 12.996757], [77.528085, 12.996178], [77.527531, 12.996317], [77.527089, 12.994393], [77.526806, 12.994468], [77.526732, 12.994154], [77.52758, 12.993952], [77.527283, 12.992983], [77.528983, 12.992569], [77.529106, 12.992455], [77.531593, 12.992166], [77.531347, 12.99009], [77.531193, 12.989695], [77.528899, 12.990327], [77.528734, 12.989876], [77.528129, 12.990129], [77.527336, 12.990289], [77.526067, 12.99069], [77.525365, 12.990952], [77.524493, 12.991403], [77.524046, 12.989961], [77.523354, 12.990241], [77.523192, 12.989858]]]}}, {"type": "Feature", "properties": {"ward_name": "47 - Vrishabhavathi Nagar", "Corporation": "West", "valley": "Vrishabhavati Valley", "subvalley": "VV_1", "Assembly": "156 - Mahalakshmi Layout"}, "geometry": {"type": "Polygon", "coordinates": [[[77.523168, 12.991233], [77.522431, 12.989956], [77.522528, 12.989889], [77.522661, 12.98986], [77.522708, 12.989957], [77.522811, 12.989974], [77.523192, 12.989858], [77.523354, 12.990241], [77.524046, 12.989961], [77.524493, 12.991403], [77.525365, 12.990952], [77.526067, 12.99069], [77.527336, 12.990289], [77.528129, 12.990129], [77.528734, 12.989876], [77.528899, 12.990327], [77.531193, 12.989695], [77.530623, 12.988337], [77.530301, 12.987954], [77.529949, 12.987285], [77.529106, 12.986172], [77.52909, 12.985252], [77.528738, 12.983829], [77.528522, 12.983903], [77.527736, 12.984795], [77.526409, 12.985888], [77.525944, 12.985943], [77.525392, 12.985473], [77.52399, 12.985041], [77.523705, 12.985013], [77.522795, 12.985743], [77.522334, 12.986014], [77.520308, 12.986905], [77.520331, 12.987144], [77.520153, 12.987299], [77.520061, 12.98777], [77.520562, 12.989007], [77.520727, 12.989891], [77.521026, 12.990715], [77.521427, 12.99123], [77.52152, 12.991457], [77.522225, 12.991143], [77.522476, 12.99156], [77.523168, 12.991233]]]}}, {"type": "Feature", "properties": {"ward_name": "98 - Ashoka Nagara", "Corporation": "West", "valley": "Vrishabhavati Valley", "subvalley": "VV_1", "Assembly": "170 - Basavanagudi"}, "geometry": {"type": "Polygon", "coordinates": [[[77.555325, 12.941011], [77.557773, 12.940735], [77.557722, 12.940525], [77.559848, 12.940401], [77.559844, 12.940064], [77.560127, 12.94006], [77.56008, 12.939267], [77.561548, 12.939163], [77.562868, 12.939235], [77.563142, 12.938861], [77.564531, 12.93893], [77.564497, 12.937447], [77.56425, 12.936917], [77.564043, 12.936652], [77.563839, 12.936623], [77.563511, 12.935547], [77.56268, 12.933438], [77.562504, 12.933811], [77.562749, 12.934249], [77.562274, 12.934389], [77.561945, 12.933817], [77.561694, 12.932772], [77.561458, 12.932925], [77.560855, 12.933067], [77.56007, 12.932999], [77.560198, 12.933404], [77.560325, 12.934567], [77.559325, 12.934281], [77.559477, 12.935048], [77.558872, 12.935181], [77.559047, 12.935932], [77.559819, 12.935822], [77.559787, 12.936081], [77.559933, 12.936178], [77.5598, 12.93633], [77.559992, 12.938268], [77.557302, 12.938118], [77.55727, 12.937952], [77.556593, 12.938234], [77.556035, 12.938347], [77.552812, 12.938655], [77.551876, 12.939006], [77.551502, 12.939068], [77.551169, 12.938984], [77.550734, 12.938754], [77.54973, 12.937985], [77.549489, 12.938158], [77.549058, 12.938781], [77.549512, 12.938971], [77.549422, 12.939186], [77.549419, 12.939606], [77.548649, 12.939896], [77.548758, 12.940372], [77.547369, 12.940642], [77.546674, 12.940642], [77.546729, 12.941008], [77.546303, 12.941136], [77.546435, 12.941416], [77.546803, 12.941327], [77.546894, 12.941628], [77.546385, 12.941776], [77.546329, 12.941687], [77.546023, 12.941756], [77.546412, 12.942763], [77.548373, 12.942328], [77.55, 12.942153], [77.550016, 12.942347], [77.550243, 12.942555], [77.550285, 12.942692], [77.550665, 12.942631], [77.550793, 12.943086], [77.551097, 12.94303], [77.550834, 12.94209], [77.552691, 12.941934], [77.555021, 12.941863], [77.554789, 12.939707], [77.555164, 12.939678], [77.555325, 12.941011]]]}}, {"type": "Feature", "properties": {"ward_name": "51 - Manorayanapalya", "Corporation": "North", "valley": "Hebbal Nagawara Valley", "subvalley": "HN_1", "Assembly": "158 - Hebbal"}, "geometry": {"type": "Polygon", "coordinates": [[[77.599393, 13.028686], [77.599687, 13.030188], [77.60013, 13.030714], [77.600291, 13.031103], [77.600187, 13.032778], [77.601984, 13.032609], [77.604795, 13.032188], [77.60481, 13.032811], [77.604656, 13.033989], [77.604658, 13.034832], [77.606425, 13.034788], [77.606327, 13.034017], [77.606498, 13.032842], [77.608642, 13.03228], [77.608071, 13.030066], [77.6074, 13.028997], [77.606454, 13.026852], [77.604295, 13.027423], [77.604245, 13.027353], [77.601163, 13.027811], [77.599698, 13.027863], [77.599393, 13.028686]]]}}, {"type": "Feature", "properties": {"ward_name": "48 - Panathur", "Corporation": "East", "valley": "Koramangala Challaghatta Valley", "subvalley": "KC_2", "Assembly": "174 - Mahadevapura"}, "geometry": {"type": "Polygon", "coordinates": [[[77.702089, 12.915205], [77.701723, 12.914458], [77.698727, 12.91554], [77.699092, 12.916705], [77.696653, 12.919414], [77.696398, 12.920104], [77.695505, 12.9213], [77.694831, 12.925146], [77.694852, 12.926122], [77.694714, 12.929219], [77.69507, 12.93132], [77.693128, 12.931399], [77.691753, 12.932157], [77.690777, 12.933947], [77.690364, 12.934801], [77.690475, 12.934897], [77.690042, 12.935667], [77.688036, 12.935559], [77.687975, 12.935709], [77.688179, 12.93624], [77.688091, 12.936784], [77.686731, 12.936943], [77.686075, 12.937095], [77.686213, 12.937352], [77.686833, 12.937902], [77.687865, 12.938168], [77.687759, 12.938775], [77.687846, 12.938924], [77.689197, 12.939379], [77.689821, 12.939494], [77.689704, 12.940849], [77.689272, 12.941426], [77.690135, 12.941963], [77.690342, 12.941986], [77.690543, 12.942171], [77.690611, 12.942578], [77.691276, 12.94297], [77.691923, 12.943495], [77.692171, 12.944164], [77.69286, 12.944746], [77.695023, 12.945618], [77.695098, 12.945897], [77.695475, 12.945993], [77.69624, 12.94564], [77.696338, 12.9467], [77.696362, 12.949096], [77.697443, 12.948669], [77.698219, 12.952865], [77.697979, 12.954001], [77.698053, 12.954336], [77.700305, 12.953882], [77.69913, 12.948188], [77.698422, 12.945955], [77.699194, 12.945708], [77.699464, 12.945776], [77.700504, 12.945763], [77.701024, 12.945439], [77.701389, 12.945336], [77.702749, 12.945412], [77.703296, 12.945142], [77.703421, 12.945157], [77.703795, 12.944544], [77.70385, 12.943626], [77.704276, 12.943453], [77.704687, 12.943107], [77.705096, 12.942249], [77.705432, 12.94194], [77.706118, 12.942088], [77.706691, 12.94207], [77.707259, 12.941857], [77.707484, 12.941129], [77.707678, 12.941027], [77.707843, 12.941199], [77.708616, 12.941665], [77.710526, 12.941568], [77.71127, 12.941302], [77.71186, 12.941229], [77.712608, 12.941305], [77.713661, 12.94164], [77.713994, 12.9415], [77.714136, 12.941757], [77.714465, 12.941893], [77.714964, 12.941951], [77.715917, 12.942213], [77.716205, 12.942189], [77.716513, 12.942057], [77.716809, 12.942085], [77.717904, 12.942398], [77.718062, 12.942456], [77.718213, 12.942643], [77.719424, 12.942942], [77.719847, 12.943223], [77.720355, 12.943407], [77.722163, 12.94341], [77.723283, 12.943514], [77.725144, 12.943463], [77.725648, 12.943247], [77.726314, 12.943166], [77.728622, 12.943585], [77.731603, 12.942625], [77.732274, 12.941942], [77.732395, 12.941244], [77.732817, 12.94124], [77.732911, 12.940266], [77.733058, 12.939747], [77.733, 12.939305], [77.733402, 12.93838], [77.733732, 12.93788], [77.73376, 12.937383], [77.733967, 12.937381], [77.733994, 12.937043], [77.733639, 12.936501], [77.733503, 12.935963], [77.733245, 12.935863], [77.733102, 12.935986], [77.732637, 12.935978], [77.732089, 12.935749], [77.730326, 12.935426], [77.730326, 12.933443], [77.73013, 12.931192], [77.729994, 12.930369], [77.728813, 12.930552], [77.728835, 12.930735], [77.72736, 12.931223], [77.727294, 12.931005], [77.725884, 12.931438], [77.725231, 12.931393], [77.724933, 12.931123], [77.724065, 12.930577], [77.721465, 12.930254], [77.718787, 12.929395], [77.718041, 12.927987], [77.714236, 12.928468], [77.71242, 12.929602], [77.71111, 12.931045], [77.710192, 12.931598], [77.709266, 12.931929], [77.70865, 12.932273], [77.707927, 12.932532], [77.707986, 12.931017], [77.70737, 12.928098], [77.705542, 12.920535], [77.705022, 12.918106], [77.704963, 12.916994], [77.703708, 12.915725], [77.703764, 12.915397], [77.703536, 12.915173], [77.702089, 12.915205]]]}}, {"type": "Feature", "properties": {"ward_name": "49 - Jaya Chamarajendra Nagara", "Corporation": "North", "valley": "Hebbal Nagawara Valley", "subvalley": "HN_1", "Assembly": "158 - Hebbal"}, "geometry": {"type": "Polygon", "coordinates": [[[77.594436, 13.008094], [77.593328, 13.005588], [77.592965, 13.00634], [77.591701, 13.008419], [77.590604, 13.010019], [77.593493, 13.011896], [77.593892, 13.012287], [77.593571, 13.012985], [77.593639, 13.013864], [77.593267, 13.014423], [77.592777, 13.014655], [77.592632, 13.015063], [77.59285, 13.015879], [77.593621, 13.01582], [77.593569, 13.016065], [77.593711, 13.016533], [77.594071, 13.016503], [77.5951, 13.016715], [77.595017, 13.017414], [77.594573, 13.017668], [77.594588, 13.018021], [77.594755, 13.018564], [77.593947, 13.018782], [77.594414, 13.020253], [77.596885, 13.019608], [77.596968, 13.019666], [77.597153, 13.020177], [77.597456, 13.020093], [77.597698, 13.020645], [77.597953, 13.021298], [77.59778, 13.021355], [77.598113, 13.022549], [77.598543, 13.02244], [77.598878, 13.023484], [77.599249, 13.023596], [77.599733, 13.023474], [77.59978, 13.023571], [77.600944, 13.022992], [77.600362, 13.021348], [77.599842, 13.020184], [77.599741, 13.019715], [77.599258, 13.018884], [77.598644, 13.018224], [77.598461, 13.017891], [77.59768, 13.016215], [77.597645, 13.01558], [77.597175, 13.014704], [77.595851, 13.012646], [77.595391, 13.011382], [77.595773, 13.011229], [77.594989, 13.009101], [77.594752, 13.009233], [77.594436, 13.008094]]]}}, {"type": "Feature", "properties": {"ward_name": "6 - Kalkere", "Corporation": "East", "valley": "Hebbal Nagawara Valley", "subvalley": "HN_2", "Assembly": "151 - K.R. Pura"}, "geometry": {"type": "Polygon", "coordinates": [[[77.675113, 13.017345], [77.675502, 13.017247], [77.675502, 13.017247], [77.675661, 13.01815], [77.676144, 13.019274], [77.673991, 13.020289], [77.67058, 13.02255], [77.670318, 13.022763], [77.668968, 13.02432], [77.668198, 13.025091], [77.666033, 13.02652], [77.664295, 13.02823], [77.663826, 13.028785], [77.665238, 13.029488], [77.665821, 13.029934], [77.666902, 13.030499], [77.667688, 13.030793], [77.668745, 13.031013], [77.669448, 13.031311], [77.67197, 13.032687], [77.673757, 13.033499], [77.673948, 13.034428], [77.673679, 13.035187], [77.673334, 13.0358], [77.673042, 13.036003], [77.671479, 13.036554], [77.671024, 13.036812], [77.670794, 13.03697], [77.670682, 13.037426], [77.669022, 13.037663], [77.667886, 13.037937], [77.668132, 13.039652], [77.669454, 13.039467], [77.669574, 13.040436], [77.66834, 13.040617], [77.668426, 13.041091], [77.67057, 13.040873], [77.670693, 13.040966], [77.671104, 13.04286], [77.670781, 13.043007], [77.670516, 13.042812], [77.669682, 13.042829], [77.669827, 13.043775], [77.66963, 13.043975], [77.669499, 13.044277], [77.668769, 13.045005], [77.668725, 13.045201], [77.668968, 13.045222], [77.669106, 13.045572], [77.669197, 13.046209], [77.669348, 13.046599], [77.669372, 13.046876], [77.669608, 13.047347], [77.669816, 13.048045], [77.669994, 13.049011], [77.67024, 13.049389], [77.670643, 13.049765], [77.67074, 13.050053], [77.671843, 13.051091], [77.672304, 13.050994], [77.672427, 13.051128], [77.672982, 13.050786], [77.673778, 13.05079], [77.67469, 13.051371], [77.675646, 13.052549], [77.679309, 13.052422], [77.67981, 13.052485], [77.681127, 13.051805], [77.680182, 13.049586], [77.680056, 13.04765], [77.67999, 13.044807], [77.679848, 13.043295], [77.677697, 13.043203], [77.67774, 13.041278], [77.677554, 13.038958], [77.678615, 13.038984], [77.680192, 13.038898], [77.680257, 13.036775], [77.680888, 13.036729], [77.680734, 13.034764], [77.679437, 13.034794], [77.679331, 13.032164], [77.679377, 13.030261], [77.679233, 13.026773], [77.679206, 13.023976], [77.67895, 13.022253], [77.678966, 13.021293], [77.678382, 13.021346], [77.678342, 13.020178], [77.678172, 13.018662], [77.678515, 13.016348], [77.674905, 13.016482], [77.675113, 13.017345]]]}}, {"type": "Feature", "properties": {"ward_name": "8 - Hegganahalli", "Corporation": "West", "valley": "Vrishabhavati Valley,Arkavathi Valley", "subvalley": "VV_2,VV_1,AV_2", "Assembly": "155 - Dasarahalli"}, "geometry": {"type": "Polygon", "coordinates": [[[77.502409, 13.005212], [77.502031, 13.005231], [77.502004, 13.005719], [77.501561, 13.005633], [77.501094, 13.005752], [77.50127, 13.006113], [77.500539, 13.006353], [77.50082, 13.007117], [77.50209, 13.006805], [77.502187, 13.007241], [77.503163, 13.006867], [77.5032, 13.007385], [77.503148, 13.007425], [77.502105, 13.007612], [77.502235, 13.008212], [77.503202, 13.008073], [77.503216, 13.008757], [77.503624, 13.008652], [77.503727, 13.009687], [77.506106, 13.009917], [77.505539, 13.007701], [77.50516, 13.005521], [77.508511, 13.005131], [77.508418, 13.004144], [77.512496, 13.003779], [77.51269, 13.004402], [77.512608, 13.005523], [77.514992, 13.005708], [77.51499, 13.005285], [77.515229, 13.005278], [77.515106, 13.004628], [77.517498, 13.004369], [77.517703, 13.004381], [77.517706, 13.004448], [77.517738, 13.003787], [77.518037, 13.003217], [77.518269, 13.003022], [77.518315, 13.002825], [77.518289, 13.002626], [77.518082, 13.002427], [77.517927, 13.002139], [77.517951, 13.001595], [77.517898, 13.001476], [77.517958, 13.000995], [77.518235, 13.000521], [77.518218, 13.000325], [77.518453, 13.00003], [77.519109, 13.000019], [77.519176, 12.999894], [77.519209, 12.999205], [77.519365, 12.998775], [77.519309, 12.9987], [77.518927, 12.998722], [77.518861, 12.998563], [77.518913, 12.998227], [77.518866, 12.997681], [77.519068, 12.997422], [77.518364, 12.997119], [77.517435, 12.997152], [77.517387, 12.99729], [77.517446, 12.998499], [77.517489, 12.99856], [77.517697, 12.998557], [77.51765, 12.998725], [77.517004, 12.998753], [77.516767, 12.998903], [77.516303, 12.9989], [77.516088, 12.999002], [77.515934, 12.999233], [77.515441, 12.999338], [77.515152, 12.999724], [77.515187, 13.000275], [77.514789, 13.000576], [77.514477, 13.000538], [77.514373, 13.000321], [77.513989, 13.000128], [77.512872, 13.000143], [77.512141, 13.000318], [77.5115, 13.000829], [77.511279, 13.001094], [77.510712, 13.001412], [77.510723, 13.001583], [77.510604, 13.001699], [77.509236, 13.002602], [77.509131, 13.002403], [77.506925, 13.002813], [77.506634, 13.00145], [77.504599, 13.001759], [77.504337, 13.002521], [77.504362, 13.003246], [77.503569, 13.003346], [77.503742, 13.004329], [77.502575, 13.004426], [77.502613, 13.004738], [77.502357, 13.004779], [77.502409, 13.005212]]]}}, {"type": "Feature", "properties": {"ward_name": "50 - Sadashiva Nagara", "Corporation": "West", "valley": "Hebbal Nagawara Valley,Vrishabhavati Valley", "subvalley": "HN_1,VV_1", "Assembly": "157 - Malleshwaram"}, "geometry": {"type": "Polygon", "coordinates": [[[77.57233, 13.007878], [77.573818, 13.007151], [77.573948, 13.007145], [77.573921, 13.006344], [77.569247, 13.006455], [77.569094, 13.011937], [77.568976, 13.0121], [77.566129, 13.013928], [77.560569, 13.017078], [77.561415, 13.018685], [77.562176, 13.019627], [77.562665, 13.0205], [77.563058, 13.021289], [77.563191, 13.021803], [77.563119, 13.022488], [77.56287, 13.02362], [77.56253, 13.024648], [77.561825, 13.026334], [77.561783, 13.026779], [77.561799, 13.027335], [77.562021, 13.028214], [77.56271, 13.030054], [77.563562, 13.029956], [77.56433, 13.029753], [77.564793, 13.029387], [77.565387, 13.029104], [77.566936, 13.028094], [77.567713, 13.027978], [77.569789, 13.02793], [77.571498, 13.027593], [77.571443, 13.028454], [77.573463, 13.027994], [77.577684, 13.027259], [77.577727, 13.026888], [77.579104, 13.026719], [77.580105, 13.026511], [77.580657, 13.025926], [77.581016, 13.025696], [77.581096, 13.025412], [77.581279, 13.025215], [77.582349, 13.02479], [77.582737, 13.024551], [77.583685, 13.023671], [77.584655, 13.022912], [77.584073, 13.020891], [77.583918, 13.01969], [77.583945, 13.014802], [77.583973, 13.014513], [77.58404, 13.014512], [77.583901, 13.008979], [77.58406, 13.002954], [77.583942, 13.003089], [77.583718, 13.002957], [77.583394, 13.002934], [77.578645, 13.005766], [77.578803, 13.006466], [77.576382, 13.007752], [77.575738, 13.007879], [77.574103, 13.007691], [77.573386, 13.007689], [77.572427, 13.008074], [77.57233, 13.007878]]]}}, {"type": "Feature", "properties": {"ward_name": "61 - Da.Ra. Bendre Ward", "Corporation": "West", "valley": "Vrishabhavati Valley", "subvalley": "VV_1", "Assembly": "165 - Rajajinagar"}, "geometry": {"type": "Polygon", "coordinates": [[[77.561047, 12.990239], [77.56076, 12.990139], [77.56096, 12.989197], [77.561152, 12.989196], [77.561193, 12.988724], [77.56142, 12.988472], [77.561557, 12.98777], [77.56185, 12.98738], [77.561848, 12.987204], [77.561031, 12.98696], [77.560785, 12.986689], [77.561038, 12.985927], [77.561006, 12.984886], [77.561351, 12.984132], [77.561458, 12.98302], [77.561729, 12.981916], [77.561182, 12.981758], [77.560982, 12.980954], [77.56076, 12.980461], [77.560354, 12.980227], [77.559249, 12.97995], [77.559112, 12.979161], [77.558939, 12.978893], [77.558119, 12.978825], [77.556655, 12.978216], [77.555446, 12.977484], [77.555162, 12.977033], [77.554547, 12.977335], [77.554751, 12.978447], [77.55527, 12.980119], [77.555083, 12.980085], [77.555264, 12.982736], [77.555625, 12.98273], [77.555665, 12.983044], [77.556005, 12.983021], [77.556065, 12.984255], [77.555756, 12.984284], [77.555808, 12.984978], [77.556132, 12.985058], [77.556512, 12.985011], [77.557493, 12.98406], [77.55825, 12.98357], [77.560249, 12.983424], [77.560063, 12.986886], [77.559815, 12.98777], [77.557912, 12.991022], [77.559003, 12.99167], [77.5604, 12.992004], [77.560801, 12.991159], [77.561047, 12.990239]]]}}, {"type": "Feature", "properties": {"ward_name": "7 - K Chennasandra", "Corporation": "East", "valley": "Hebbal Nagawara Valley", "subvalley": "HN_2", "Assembly": "151 - K.R. Pura"}, "geometry": {"type": "Polygon", "coordinates": [[[77.686335, 13.0197], [77.686091, 13.017912], [77.686731, 13.017852], [77.686722, 13.017295], [77.686537, 13.017265], [77.683662, 13.017601], [77.683318, 13.016331], [77.68174, 13.016622], [77.681659, 13.016226], [77.678515, 13.016348], [77.678477, 13.016412], [77.678172, 13.018662], [77.678342, 13.020178], [77.678382, 13.021346], [77.678966, 13.021293], [77.67895, 13.022253], [77.679206, 13.023976], [77.679233, 13.026773], [77.679377, 13.030261], [77.679331, 13.032164], [77.679437, 13.034794], [77.680734, 13.034764], [77.680888, 13.036729], [77.680257, 13.036775], [77.680192, 13.038898], [77.678615, 13.038984], [77.677554, 13.038958], [77.67774, 13.041278], [77.677697, 13.043203], [77.679848, 13.043295], [77.67999, 13.044807], [77.680056, 13.04765], [77.680182, 13.049586], [77.681127, 13.051805], [77.683614, 13.049963], [77.683657, 13.050041], [77.683967, 13.050107], [77.685051, 13.045109], [77.684731, 13.041631], [77.684006, 13.037589], [77.683996, 13.036675], [77.683884, 13.036275], [77.683726, 13.034949], [77.683619, 13.03476], [77.68363, 13.033239], [77.683521, 13.033209], [77.683486, 13.031934], [77.683396, 13.031653], [77.68316, 13.028783], [77.683148, 13.027638], [77.6833, 13.026073], [77.68383, 13.022896], [77.68646, 13.022532], [77.687025, 13.022323], [77.688182, 13.022072], [77.687322, 13.021799], [77.687263, 13.021514], [77.687327, 13.021056], [77.686993, 13.020887], [77.68629, 13.020767], [77.686335, 13.0197]]]}}, {"type": "Feature", "properties": {"ward_name": "17 - Vijinapura", "Corporation": "East", "valley": "Koramangala Challaghatta Valley,Hebbal Nagawara Valley", "subvalley": "KC_2,HN_2", "Assembly": "151 - K.R. Pura"}, "geometry": {"type": "Polygon", "coordinates": [[[77.672941, 13.00721], [77.674102, 13.007234], [77.674433, 13.007306], [77.674608, 13.007225], [77.674425, 13.006848], [77.674826, 13.00642], [77.675149, 13.005471], [77.675247, 13.005418], [77.675678, 13.005614], [77.675689, 13.005475], [77.677097, 13.005084], [77.677152, 13.003775], [77.677105, 13.003554], [77.676901, 13.00322], [77.676887, 13.002961], [77.676983, 13.002542], [77.677111, 13.000741], [77.675629, 13.000755], [77.675463, 13.00138], [77.675357, 13.001515], [77.675455, 13.002364], [77.674162, 13.00239], [77.672705, 13.002593], [77.672716, 13.003366], [77.671434, 13.003251], [77.671333, 13.003144], [77.670826, 13.003081], [77.670848, 13.003635], [77.670087, 13.003755], [77.670245, 13.004709], [77.670513, 13.005162], [77.670728, 13.005789], [77.670712, 13.006942], [77.671521, 13.006876], [77.672944, 13.00691], [77.672941, 13.00721]]]}}, {"type": "Feature", "properties": {"ward_name": "24 - Vignananagara", "Corporation": "East", "valley": "Koramangala Challaghatta Valley", "subvalley": "KC_2", "Assembly": "151 - K.R. Pura"}, "geometry": {"type": "Polygon", "coordinates": [[[77.670353, 12.971088], [77.669072, 12.971259], [77.668952, 12.971226], [77.668844, 12.970956], [77.666648, 12.970734], [77.666769, 12.971006], [77.667009, 12.971284], [77.666198, 12.971495], [77.666512, 12.97192], [77.666573, 12.97245], [77.666965, 12.972618], [77.666661, 12.973009], [77.666732, 12.973192], [77.666842, 12.973258], [77.666792, 12.973347], [77.666914, 12.974301], [77.666902, 12.974381], [77.666611, 12.974425], [77.666516, 12.975333], [77.667314, 12.975574], [77.668135, 12.975547], [77.668742, 12.975426], [77.670101, 12.974954], [77.670295, 12.974827], [77.674491, 12.973488], [77.678116, 12.972709], [77.678916, 12.975287], [77.679299, 12.976162], [77.679378, 12.976514], [77.679314, 12.976894], [77.679337, 12.97792], [77.681429, 12.977666], [77.68121, 12.977209], [77.682112, 12.976869], [77.681238, 12.974411], [77.682262, 12.974139], [77.681729, 12.971724], [77.681849, 12.970669], [77.682437, 12.969623], [77.682567, 12.969049], [77.682635, 12.967071], [77.683011, 12.966132], [77.682897, 12.965557], [77.682278, 12.964532], [77.682115, 12.964117], [77.680681, 12.964308], [77.680301, 12.964401], [77.67897, 12.964989], [77.679146, 12.965447], [77.679236, 12.966087], [77.678653, 12.966225], [77.678625, 12.966015], [77.67801, 12.966008], [77.677969, 12.965903], [77.677869, 12.965873], [77.676988, 12.966465], [77.676932, 12.966738], [77.676089, 12.966876], [77.675949, 12.96677], [77.675073, 12.966877], [77.675115, 12.964849], [77.673342, 12.964642], [77.672567, 12.964485], [77.672545, 12.964897], [77.672712, 12.965362], [77.672715, 12.967033], [77.673434, 12.967233], [77.673667, 12.967414], [77.674098, 12.967448], [77.674389, 12.968097], [77.674167, 12.968168], [77.674461, 12.968852], [77.674098, 12.969147], [77.674509, 12.97004], [77.673398, 12.970345], [77.673406, 12.970472], [77.672513, 12.970748], [77.672547, 12.970916], [77.671647, 12.971033], [77.671246, 12.969817], [77.671136, 12.969819], [77.671084, 12.969406], [77.670283, 12.969518], [77.670357, 12.969728], [77.670136, 12.969785], [77.670353, 12.971088]]]}}, {"type": "Feature", "properties": {"ward_name": "19 - Thanisandra", "Corporation": "North", "valley": "Hebbal Nagawara Valley", "subvalley": "HN_2,HN_1", "Assembly": "152 - Byatarayanapura"}, "geometry": {"type": "Polygon", "coordinates": [[[77.638219, 13.061814], [77.638172, 13.058966], [77.638359, 13.057503], [77.638297, 13.05519], [77.638153, 13.054637], [77.638339, 13.054535], [77.63812, 13.053804], [77.63778, 13.051809], [77.637796, 13.051661], [77.638428, 13.051554], [77.638136, 13.050096], [77.638334, 13.050064], [77.63809, 13.049233], [77.637781, 13.047379], [77.637314, 13.046035], [77.637101, 13.044682], [77.637118, 13.0435], [77.63729, 13.04281], [77.636719, 13.042411], [77.636555, 13.042132], [77.636769, 13.041424], [77.636744, 13.041033], [77.636563, 13.040944], [77.636327, 13.040937], [77.636063, 13.040718], [77.635883, 13.040757], [77.635546, 13.040986], [77.635336, 13.041013], [77.634826, 13.041771], [77.634908, 13.04218], [77.634727, 13.042369], [77.634733, 13.042541], [77.634637, 13.042578], [77.633635, 13.042601], [77.633541, 13.041848], [77.633455, 13.041826], [77.632987, 13.041856], [77.632368, 13.042102], [77.631783, 13.042812], [77.631544, 13.042919], [77.631316, 13.042924], [77.631044, 13.042511], [77.630336, 13.04263], [77.629696, 13.042217], [77.629527, 13.042252], [77.629239, 13.042576], [77.628804, 13.042314], [77.628595, 13.04234], [77.62851, 13.042502], [77.628499, 13.042922], [77.628151, 13.043211], [77.628129, 13.043307], [77.628186, 13.043507], [77.628642, 13.043854], [77.628645, 13.044092], [77.628081, 13.044382], [77.627799, 13.045248], [77.62692, 13.045868], [77.627057, 13.047812], [77.627151, 13.047823], [77.627245, 13.048042], [77.626816, 13.048149], [77.626938, 13.048791], [77.627019, 13.048812], [77.627339, 13.049836], [77.628076, 13.049662], [77.628438, 13.050682], [77.626076, 13.050871], [77.626411, 13.052006], [77.625047, 13.052338], [77.625781, 13.053736], [77.626631, 13.055051], [77.627626, 13.057293], [77.625998, 13.057629], [77.624827, 13.058428], [77.623988, 13.058778], [77.624357, 13.060109], [77.624326, 13.060707], [77.624152, 13.061388], [77.624263, 13.061482], [77.624278, 13.061643], [77.625458, 13.062236], [77.625526, 13.06291], [77.627546, 13.062373], [77.627994, 13.063728], [77.632829, 13.059445], [77.633472, 13.062623], [77.638219, 13.061814]]]}}, {"type": "Feature", "properties": {"ward_name": "17 - Jakkur", "Corporation": "North", "valley": "Hebbal Nagawara Valley", "subvalley": "HN_2,HN_1", "Assembly": "152 - Byatarayanapura"}, "geometry": {"type": "Polygon", "coordinates": [[[77.606671, 13.064622], [77.60389, 13.064501], [77.603861, 13.065845], [77.604113, 13.065786], [77.604261, 13.068514], [77.603443, 13.068808], [77.603675, 13.07088], [77.603839, 13.071414], [77.602312, 13.071219], [77.601501, 13.071209], [77.601856, 13.072846], [77.601305, 13.072912], [77.601292, 13.073209], [77.601601, 13.076887], [77.602055, 13.077089], [77.602278, 13.078087], [77.60182, 13.078155], [77.602004, 13.080127], [77.602353, 13.081924], [77.602093, 13.082008], [77.602145, 13.082395], [77.602861, 13.085839], [77.602525, 13.086133], [77.604161, 13.086843], [77.605631, 13.087386], [77.605929, 13.087695], [77.607019, 13.088191], [77.608044, 13.088365], [77.607749, 13.08952], [77.60709, 13.091279], [77.606808, 13.091246], [77.606716, 13.091382], [77.606505, 13.091885], [77.606636, 13.091997], [77.606327, 13.092813], [77.605981, 13.093452], [77.60611, 13.093608], [77.606017, 13.094062], [77.606097, 13.094113], [77.60786, 13.094453], [77.608122, 13.094347], [77.609044, 13.092227], [77.609981, 13.090626], [77.611655, 13.08835], [77.611909, 13.088171], [77.612143, 13.087828], [77.612428, 13.087682], [77.612542, 13.087519], [77.613114, 13.085454], [77.613217, 13.084287], [77.613419, 13.083707], [77.613617, 13.082732], [77.614845, 13.080231], [77.614426, 13.080121], [77.613992, 13.081105], [77.613382, 13.081518], [77.612739, 13.081711], [77.612189, 13.082039], [77.61186, 13.082061], [77.611174, 13.079256], [77.610475, 13.079], [77.612621, 13.077056], [77.618848, 13.071945], [77.618892, 13.073561], [77.622704, 13.073159], [77.623121, 13.074692], [77.624277, 13.074543], [77.624154, 13.074099], [77.626562, 13.073838], [77.626484, 13.072858], [77.628282, 13.072624], [77.628235, 13.072174], [77.630046, 13.071989], [77.630056, 13.069879], [77.631143, 13.069937], [77.631111, 13.067852], [77.631205, 13.067786], [77.633632, 13.06759], [77.6336, 13.06397], [77.633465, 13.062547], [77.632829, 13.059445], [77.627994, 13.063728], [77.627546, 13.062373], [77.625526, 13.06291], [77.625458, 13.062236], [77.624278, 13.061643], [77.624263, 13.061482], [77.624152, 13.061388], [77.624326, 13.060707], [77.624357, 13.060109], [77.623988, 13.058778], [77.624827, 13.058428], [77.625595, 13.057854], [77.625998, 13.057629], [77.626235, 13.057577], [77.625517, 13.055256], [77.625284, 13.055146], [77.624726, 13.055202], [77.623451, 13.055506], [77.623425, 13.055581], [77.62202, 13.055586], [77.619969, 13.05573], [77.619855, 13.055796], [77.618713, 13.054175], [77.616434, 13.054244], [77.616354, 13.053862], [77.616277, 13.053821], [77.61562, 13.053933], [77.615432, 13.053216], [77.61281, 13.053766], [77.612605, 13.05366], [77.61247, 13.053151], [77.611884, 13.053263], [77.611879, 13.053672], [77.611255, 13.053806], [77.611146, 13.053436], [77.607091, 13.054396], [77.60702, 13.053896], [77.607186, 13.053869], [77.606989, 13.05199], [77.606544, 13.052501], [77.604323, 13.053221], [77.602581, 13.053883], [77.602824, 13.054485], [77.603252, 13.056099], [77.602954, 13.056181], [77.603034, 13.056441], [77.604378, 13.058179], [77.603391, 13.058383], [77.603626, 13.060902], [77.603701, 13.061013], [77.605305, 13.061906], [77.605735, 13.062006], [77.605745, 13.06217], [77.606139, 13.062262], [77.606822, 13.062624], [77.607064, 13.062906], [77.607865, 13.063053], [77.608086, 13.063211], [77.608253, 13.063506], [77.609283, 13.06342], [77.609514, 13.064578], [77.609774, 13.066602], [77.60816, 13.067197], [77.606737, 13.067619], [77.606671, 13.064622]]]}}, {"type": "Feature", "properties": {"ward_name": "24 - A Adugodi", "Corporation": "South", "valley": "Koramangala Challaghatta Valley", "subvalley": "KC_1", "Assembly": "172 - B.T.M Layout"}, "geometry": {"type": "Polygon", "coordinates": [[[77.605792, 12.949798], [77.611037, 12.948966], [77.611436, 12.949021], [77.611665, 12.949307], [77.616694, 12.949264], [77.617005, 12.949148], [77.616435, 12.948449], [77.616327, 12.947774], [77.616074, 12.947002], [77.616094, 12.946622], [77.616143, 12.94617], [77.616618, 12.945198], [77.61777, 12.944654], [77.617473, 12.943602], [77.617548, 12.943565], [77.617423, 12.94222], [77.617871, 12.942196], [77.617882, 12.94208], [77.618713, 12.9421], [77.618709, 12.942301], [77.619691, 12.94224], [77.621244, 12.941452], [77.622411, 12.942313], [77.622872, 12.941878], [77.621935, 12.941181], [77.622853, 12.940197], [77.622248, 12.939614], [77.623802, 12.937954], [77.621977, 12.935754], [77.623801, 12.934628], [77.623427, 12.933559], [77.622521, 12.933506], [77.619181, 12.933719], [77.618158, 12.933526], [77.616796, 12.934018], [77.616225, 12.934475], [77.615289, 12.935849], [77.615676, 12.936059], [77.616256, 12.936246], [77.617312, 12.936319], [77.617985, 12.939245], [77.615798, 12.939827], [77.615845, 12.939958], [77.615122, 12.940363], [77.61466, 12.941007], [77.615261, 12.942035], [77.614261, 12.942571], [77.613297, 12.94292], [77.613124, 12.943049], [77.612108, 12.943361], [77.611539, 12.943432], [77.610828, 12.943674], [77.610665, 12.943806], [77.609864, 12.944043], [77.609806, 12.943722], [77.608858, 12.943729], [77.608864, 12.943291], [77.60897, 12.942859], [77.608904, 12.942115], [77.608296, 12.941949], [77.60802, 12.942563], [77.607036, 12.942256], [77.606427, 12.942184], [77.60602, 12.942303], [77.60628, 12.943336], [77.606222, 12.944002], [77.602771, 12.944458], [77.602552, 12.94552], [77.602415, 12.946974], [77.60245, 12.94758], [77.602653, 12.948439], [77.603147, 12.949602], [77.603443, 12.950509], [77.60569, 12.950116], [77.605792, 12.949798]]]}}, {"type": "Feature", "properties": {"ward_name": "9 - Kuvempunagara", "Corporation": "North", "valley": "Hebbal Nagawara Valley,Arkavathi Valley", "subvalley": "HN_1,AV_1", "Assembly": "152 - Byatarayanapura"}, "geometry": {"type": "Polygon", "coordinates": [[[77.533082, 13.078781], [77.534342, 13.078733], [77.535132, 13.078381], [77.536808, 13.078202], [77.536591, 13.077109], [77.537194, 13.077014], [77.537098, 13.076572], [77.538856, 13.076421], [77.538693, 13.076687], [77.542413, 13.076166], [77.54267, 13.077571], [77.542736, 13.078841], [77.542518, 13.079005], [77.541066, 13.079385], [77.54112, 13.079679], [77.541773, 13.080594], [77.541644, 13.081807], [77.54296, 13.082601], [77.543225, 13.082721], [77.54378, 13.08278], [77.544341, 13.082236], [77.544551, 13.082544], [77.544985, 13.082268], [77.545197, 13.082399], [77.546155, 13.081446], [77.547419, 13.081399], [77.548186, 13.081477], [77.547566, 13.07854], [77.550134, 13.077861], [77.550194, 13.078054], [77.551061, 13.077765], [77.553721, 13.076006], [77.551816, 13.071681], [77.555369, 13.070181], [77.554512, 13.068528], [77.5536, 13.066442], [77.553154, 13.066492], [77.553026, 13.066438], [77.552207, 13.064016], [77.552038, 13.063197], [77.551053, 13.063488], [77.550858, 13.062246], [77.551148, 13.062125], [77.551455, 13.062284], [77.551687, 13.062579], [77.552045, 13.062605], [77.552037, 13.06224], [77.551861, 13.06144], [77.551397, 13.060148], [77.551586, 13.05956], [77.551381, 13.05783], [77.550057, 13.057516], [77.548051, 13.057552], [77.547989, 13.05565], [77.546792, 13.056729], [77.545311, 13.055283], [77.545033, 13.055062], [77.544706, 13.054947], [77.542528, 13.054923], [77.538957, 13.05432], [77.535304, 13.054833], [77.535343, 13.055291], [77.535182, 13.055575], [77.535098, 13.055929], [77.535253, 13.056007], [77.535192, 13.056352], [77.535231, 13.056619], [77.535144, 13.056757], [77.535158, 13.05721], [77.534986, 13.057209], [77.534911, 13.057526], [77.535063, 13.057508], [77.535489, 13.057639], [77.535281, 13.057798], [77.534767, 13.058525], [77.534328, 13.059367], [77.533855, 13.06005], [77.535007, 13.063157], [77.5352, 13.063251], [77.534731, 13.063743], [77.533938, 13.066033], [77.533956, 13.067317], [77.532472, 13.06861], [77.532343, 13.068646], [77.532119, 13.069048], [77.531848, 13.069156], [77.530976, 13.069773], [77.531619, 13.07228], [77.53183, 13.072479], [77.531377, 13.073187], [77.531248, 13.073915], [77.53127, 13.07456], [77.531521, 13.075609], [77.531117, 13.075861], [77.530956, 13.076302], [77.530888, 13.077301], [77.530775, 13.077871], [77.530405, 13.077902], [77.53036, 13.07819], [77.531445, 13.078635], [77.533082, 13.078781]]]}}, {"type": "Feature", "properties": {"ward_name": "11 - Doddabommasandra", "Corporation": "North", "valley": "Hebbal Nagawara Valley", "subvalley": "HN_1", "Assembly": "152 - Byatarayanapura"}, "geometry": {"type": "Polygon", "coordinates": [[[77.551381, 13.05783], [77.551586, 13.05956], [77.551397, 13.060148], [77.551861, 13.06144], [77.552037, 13.06224], [77.552045, 13.062605], [77.553447, 13.062266], [77.555667, 13.061946], [77.555212, 13.063562], [77.556115, 13.063661], [77.55606, 13.064249], [77.555864, 13.064253], [77.556552, 13.066273], [77.557502, 13.06593], [77.557609, 13.066246], [77.559958, 13.06562], [77.560353, 13.06793], [77.56037, 13.068356], [77.560468, 13.068752], [77.56058, 13.068852], [77.560659, 13.068733], [77.560747, 13.068726], [77.562471, 13.068851], [77.563298, 13.068791], [77.563587, 13.068685], [77.564824, 13.066043], [77.565083, 13.06556], [77.5654, 13.065421], [77.565715, 13.064536], [77.566008, 13.064275], [77.566135, 13.063919], [77.56635, 13.063791], [77.566556, 13.063771], [77.568411, 13.063089], [77.568531, 13.062888], [77.568385, 13.062833], [77.568179, 13.062393], [77.568357, 13.062077], [77.570618, 13.060801], [77.570024, 13.059831], [77.571565, 13.058651], [77.569038, 13.054059], [77.567028, 13.050756], [77.565102, 13.047399], [77.562715, 13.042987], [77.560963, 13.040002], [77.560642, 13.04045], [77.559798, 13.040478], [77.559435, 13.041292], [77.559225, 13.04153], [77.558143, 13.042325], [77.557388, 13.042771], [77.557097, 13.042667], [77.556962, 13.043805], [77.5569, 13.043814], [77.556863, 13.044683], [77.556665, 13.045229], [77.556466, 13.045437], [77.555049, 13.047768], [77.553934, 13.049423], [77.553512, 13.049978], [77.552453, 13.051123], [77.550985, 13.053242], [77.549044, 13.054712], [77.547989, 13.05565], [77.548051, 13.057552], [77.550057, 13.057516], [77.551381, 13.05783]]]}}, {"type": "Feature", "properties": {"ward_name": "53 - R.T Nagar", "Corporation": "North", "valley": "Hebbal Nagawara Valley", "subvalley": "HN_1", "Assembly": "158 - Hebbal"}, "geometry": {"type": "Polygon", "coordinates": [[[77.603469, 13.03329], [77.601942, 13.033432], [77.602027, 13.034047], [77.601705, 13.034141], [77.601317, 13.033811], [77.600909, 13.03368], [77.600395, 13.033305], [77.59926, 13.033262], [77.599162, 13.032135], [77.599026, 13.032132], [77.598612, 13.030368], [77.598711, 13.030342], [77.598644, 13.030013], [77.598026, 13.030124], [77.597991, 13.029467], [77.597245, 13.029463], [77.597274, 13.028866], [77.596783, 13.028899], [77.596801, 13.027324], [77.597164, 13.027272], [77.59708, 13.024435], [77.59687, 13.023551], [77.59681, 13.023496], [77.596239, 13.023665], [77.596119, 13.023247], [77.59452, 13.023758], [77.593598, 13.020463], [77.594414, 13.020253], [77.593947, 13.018782], [77.594755, 13.018564], [77.594588, 13.018021], [77.594573, 13.017668], [77.595017, 13.017414], [77.5951, 13.016715], [77.594071, 13.016503], [77.593711, 13.016533], [77.593569, 13.016065], [77.593621, 13.01582], [77.59285, 13.015879], [77.592632, 13.015063], [77.591821, 13.015559], [77.591517, 13.015618], [77.591406, 13.015749], [77.591445, 13.016271], [77.592306, 13.019139], [77.592503, 13.021051], [77.592563, 13.022518], [77.592974, 13.024922], [77.592999, 13.024988], [77.593497, 13.024959], [77.594767, 13.024745], [77.595483, 13.028413], [77.595841, 13.028349], [77.596076, 13.029885], [77.596466, 13.029875], [77.596514, 13.030134], [77.596453, 13.032506], [77.596579, 13.034028], [77.596756, 13.034023], [77.596902, 13.03536], [77.59706, 13.035786], [77.599092, 13.035299], [77.600639, 13.035033], [77.601835, 13.035166], [77.603285, 13.034937], [77.604658, 13.034832], [77.604656, 13.033989], [77.603535, 13.034025], [77.603469, 13.03329]]]}}]}