{"type": "FeatureCollection", "features": [{"type": "Feature", "properties": {"name": "Anjanapura / Alahalli Kere", "area_acres": 14.75, "status": "Work in Progress", "custodian": "BBMP", "Category": "kere", "valley": "Suvarnamukhi Valley", "subvalley": "SV_1", "ward_name": "41 - Kothanur", "Corporation": "South"}, "geometry": {"type": "Polygon", "coordinates": [[[77.566857, 12.86442, 0.0], [77.566725, 12.864203, 0.0], [77.565983, 12.864052, 0.0], [77.565403, 12.86322, 0.0], [77.565287, 12.863259, 0.0], [77.565448, 12.863718, 0.0], [77.565816, 12.864344, 0.0], [77.565856, 12.86497, 0.0], [77.565751, 12.865745, 0.0], [77.565428, 12.866443, 0.0], [77.565557, 12.866849, 0.0], [77.565979, 12.867119, 0.0], [77.566345, 12.867155, 0.0], [77.56697, 12.866969, 0.0], [77.567361, 12.865761, 0.0], [77.567774, 12.865518, 0.0], [77.567854, 12.864805, 0.0], [77.567735, 12.864735, 0.0], [77.567416, 12.864781, 0.0], [77.567233, 12.86458, 0.0], [77.566857, 12.86442, 0.0]]]}}, {"type": "Feature", "properties": {"name": "Doddakallasandra  kere", "area_acres": 12.86, "status": "To Be Developed", "custodian": "BBMP", "Category": "kere", "valley": "Suvarnamukhi Valley", "subvalley": "SV_1", "ward_name": "40 - Anjanapura", "Corporation": "South"}, "geometry": {"type": "Polygon", "coordinates": [[[77.56234, 12.883522, 0.0], [77.562752, 12.883612, 0.0], [77.5629, 12.883418, 0.0], [77.562849, 12.88299, 0.0], [77.562473, 12.882577, 0.0], [77.562421, 12.882066, 0.0], [77.562808, 12.881888, 0.0], [77.563082, 12.881558, 0.0], [77.563042, 12.881434, 0.0], [77.562854, 12.881555, 0.0], [77.562709, 12.881531, 0.0], [77.562596, 12.881236, 0.0], [77.561884, 12.881113, 0.0], [77.561732, 12.881032, 0.0], [77.561526, 12.880773, 0.0], [77.561381, 12.880806, 0.0], [77.560234, 12.882089, 0.0], [77.560076, 12.882341, 0.0], [77.560076, 12.882519, 0.0], [77.560156, 12.882674, 0.0], [77.560776, 12.882663, 0.0], [77.561271, 12.882546, 0.0], [77.561421, 12.882851, 0.0], [77.56234, 12.883522, 0.0]]]}}, {"type": "Feature", "properties": {"name": "Talaghattapura Kere", "area_acres": 12.03, "status": "To Be Developed", "custodian": "BBMP", "Category": "kere", "valley": "Suvarnamukhi Valley", "subvalley": "SV_1", "ward_name": "52 - Talagattapura", "Corporation": "South"}, "geometry": {"type": "Polygon", "coordinates": [[[77.529771, 12.865752, 0.0], [77.530461, 12.86648, 0.0], [77.530635, 12.866738, 0.0], [77.530478, 12.867071, 0.0], [77.531036, 12.867734, 0.0], [77.531166, 12.868111, 0.0], [77.532057, 12.867935, 0.0], [77.532064, 12.867636, 0.0], [77.532247, 12.866988, 0.0], [77.532295, 12.866189, 0.0], [77.532935, 12.866035, 0.0], [77.532882, 12.865706, 0.0], [77.532348, 12.865674, 0.0], [77.532175, 12.865427, 0.0], [77.531753, 12.865669, 0.0], [77.531155, 12.865869, 0.0], [77.530373, 12.865876, 0.0], [77.529842, 12.865687, 0.0], [77.529771, 12.865752, 0.0]]]}}, {"type": "Feature", "properties": {"name": "Kembathahali kere", "area_acres": 3.58, "custodian": "BBMP", "Category": "kere", "valley": "Suvarnamukhi Valley", "subvalley": "SV_1", "ward_name": "40 - Anjanapura", "Corporation": "South"}, "geometry": {"type": "Polygon", "coordinates": [[[77.576966, 12.859543, 0.0], [77.577272, 12.858974, 0.0], [77.577429, 12.85808, 0.0], [77.577226, 12.857665, 0.0], [77.576716, 12.857421, 0.0], [77.576568, 12.857728, 0.0], [77.576735, 12.859308, 0.0], [77.576966, 12.859543, 0.0]]]}}, {"type": "Feature", "properties": {"name": "Agrahara Kere", "area_acres": 11.19, "custodian": "BBMP", "Category": "kere", "valley": "Hebbal Nagawara Valley", "subvalley": "HN_1", "ward_name": "20 - Sampigehalli", "Corporation": "North"}, "geometry": {"type": "Polygon", "coordinates": [[[77.623932, 13.088423, 0.0], [77.623953, 13.089587, 0.0], [77.623579, 13.090213, 0.0], [77.623487, 13.090547, 0.0], [77.623534, 13.090666, 0.0], [77.623887, 13.09025, 0.0], [77.624942, 13.090343, 0.0], [77.625365, 13.090295, 0.0], [77.62608, 13.090061, 0.0], [77.625979, 13.088825, 0.0], [77.624752, 13.088527, 0.0], [77.624411, 13.08841, 0.0], [77.624215, 13.088257, 0.0], [77.623932, 13.088423, 0.0]]]}}, {"type": "Feature", "properties": {"name": "Allasandra Kere", "area_acres": 36.46, "custodian": "BBMP", "Category": "kere", "valley": "Hebbal Nagawara Valley", "subvalley": "HN_1", "ward_name": "4 - Nyayanga Badavane", "Corporation": "North"}, "geometry": {"type": "Polygon", "coordinates": [[[77.586521, 13.092136, 0.0], [77.589716, 13.092255, 0.0], [77.590191, 13.092405, 0.0], [77.590873, 13.092879, 0.0], [77.591164, 13.092985, 0.0], [77.591205, 13.092657, 0.0], [77.591047, 13.092484, 0.0], [77.589768, 13.091623, 0.0], [77.589341, 13.091234, 0.0], [77.588747, 13.089799, 0.0], [77.588718, 13.089209, 0.0], [77.588673, 13.089123, 0.0], [77.588382, 13.089038, 0.0], [77.587394, 13.089515, 0.0], [77.587165, 13.089882, 0.0], [77.586461, 13.090049, 0.0], [77.584421, 13.09078, 0.0], [77.584404, 13.091098, 0.0], [77.584283, 13.091242, 0.0], [77.583708, 13.091445, 0.0], [77.584131, 13.092234, 0.0], [77.586521, 13.092136, 0.0]]]}}, {"type": "Feature", "properties": {"name": "Amruthahalli Kere", "area_acres": 20.3, "custodian": "BBMP", "Category": "kere", "valley": "Hebbal Nagawara Valley", "subvalley": "HN_1", "ward_name": "16 - Amruthahalli", "Corporation": "North"}, "geometry": {"type": "Polygon", "coordinates": [[[77.596221, 13.061384, 0.0], [77.596177, 13.06186, 0.0], [77.596248, 13.062444, 0.0], [77.596695, 13.062394, 0.0], [77.597184, 13.062563, 0.0], [77.599362, 13.062841, 0.0], [77.59984, 13.063022, 0.0], [77.600069, 13.06267, 0.0], [77.599724, 13.062403, 0.0], [77.599639, 13.062148, 0.0], [77.599462, 13.060828, 0.0], [77.599639, 13.060511, 0.0], [77.59997, 13.060289, 0.0], [77.599766, 13.060007, 0.0], [77.599565, 13.060214, 0.0], [77.599266, 13.06037, 0.0], [77.596406, 13.06107, 0.0], [77.596221, 13.061384, 0.0]]]}}, {"type": "Feature", "properties": {"name": "Chikkabasavanapura Kere", "area_acres": 9.4, "status": "Work in Progress", "custodian": "BBMP", "Category": "kere", "valley": "Hebbal Nagawara Valley", "subvalley": "HN_2", "ward_name": "11 - Basavanapura", "Corporation": "East"}, "geometry": {"type": "Polygon", "coordinates": [[[77.712443, 13.010803, 0.0], [77.713966, 13.011136, 0.0], [77.714446, 13.00971, 0.0], [77.712472, 13.009366, 0.0], [77.711652, 13.009302, 0.0], [77.712443, 13.010803, 0.0]]]}}, {"type": "Feature", "properties": {"name": "Bhattarahalli kere", "area_acres": 7.85, "status": "Work in Progress", "custodian": "BBMP", "Category": "kere", "valley": "Hebbal Nagawara Valley", "subvalley": "HN_2", "ward_name": "9 - Bhattarahalli", "Corporation": "East"}, "geometry": {"type": "Polygon", "coordinates": [[[77.709768, 13.023338, 0.0], [77.709094, 13.02346, 0.0], [77.708749, 13.023877, 0.0], [77.708619, 13.02421, 0.0], [77.708077, 13.024426, 0.0], [77.707972, 13.024532, 0.0], [77.707814, 13.024733, 0.0], [77.70781, 13.024958, 0.0], [77.708036, 13.025364, 0.0], [77.708345, 13.025364, 0.0], [77.709023, 13.025078, 0.0], [77.709941, 13.024983, 0.0], [77.709918, 13.024931, 0.0], [77.710141, 13.024888, 0.0], [77.709832, 13.024162, 0.0], [77.709749, 13.023704, 0.0], [77.709768, 13.023338, 0.0]]]}}, {"type": "Feature", "properties": {"name": "Chelekere", "area_acres": 11.94, "status": "Developed Lake", "custodian": "BBMP", "Category": "kere", "valley": "Hebbal Nagawara Valley", "subvalley": "HN_2", "ward_name": "3 - Chellakere", "Corporation": "East"}, "geometry": {"type": "Polygon", "coordinates": [[[77.646397, 13.026662, 0.0], [77.645803, 13.025717, 0.0], [77.645707, 13.025111, 0.0], [77.645535, 13.024989, 0.0], [77.645293, 13.025044, 0.0], [77.644342, 13.026583, 0.0], [77.643348, 13.028014, 0.0], [77.643296, 13.028182, 0.0], [77.643366, 13.028263, 0.0], [77.643549, 13.028259, 0.0], [77.643781, 13.028115, 0.0], [77.644153, 13.027618, 0.0], [77.645503, 13.027112, 0.0], [77.645836, 13.027117, 0.0], [77.646302, 13.027293, 0.0], [77.64661, 13.027558, 0.0], [77.646831, 13.027432, 0.0], [77.646623, 13.026862, 0.0], [77.646397, 13.026662, 0.0]]]}}, {"type": "Feature", "properties": {"name": "Chokkanahalli Kere", "area_acres": 5.39, "status": "Developed Lake", "custodian": "BBMP", "Category": "kere", "valley": "Hebbal Nagawara Valley", "subvalley": "HN_1", "ward_name": "20 - Sampigehalli", "Corporation": "North"}, "geometry": {"type": "Polygon", "coordinates": [[[77.629712, 13.084176, 0.0], [77.629416, 13.083901, 0.0], [77.628688, 13.084063, 0.0], [77.628518, 13.084233, 0.0], [77.627941, 13.084547, 0.0], [77.627958, 13.084658, 0.0], [77.628098, 13.084771, 0.0], [77.628474, 13.084767, 0.0], [77.628799, 13.08494, 0.0], [77.629692, 13.085123, 0.0], [77.630186, 13.085579, 0.0], [77.630286, 13.085474, 0.0], [77.630125, 13.085173, 0.0], [77.630141, 13.084565, 0.0], [77.630009, 13.084447, 0.0], [77.629873, 13.084461, 0.0], [77.629712, 13.084176, 0.0]]]}}, {"type": "Feature", "properties": {"name": "Dodda Bommasandra Kere", "area_acres": 92.94, "status": "Developed Lake", "custodian": "BBMP", "Category": "kere", "valley": "Hebbal Nagawara Valley", "subvalley": "HN_1", "ward_name": "11 - Doddabommasandra", "Corporation": "North"}, "geometry": {"type": "Polygon", "coordinates": [[[77.565645, 13.064276, 0.0], [77.565819, 13.064305, 0.0], [77.565912, 13.06396, 0.0], [77.566293, 13.063731, 0.0], [77.566693, 13.063579, 0.0], [77.567819, 13.063359, 0.0], [77.567607, 13.063027, 0.0], [77.566431, 13.06263, 0.0], [77.565646, 13.062037, 0.0], [77.565208, 13.061409, 0.0], [77.564895, 13.060636, 0.0], [77.564637, 13.060667, 0.0], [77.563991, 13.061541, 0.0], [77.563504, 13.061829, 0.0], [77.563151, 13.062204, 0.0], [77.561845, 13.063069, 0.0], [77.560267, 13.063369, 0.0], [77.55989, 13.063569, 0.0], [77.559654, 13.063864, 0.0], [77.559742, 13.06413, 0.0], [77.560468, 13.064093, 0.0], [77.560982, 13.067196, 0.0], [77.560263, 13.0673, 0.0], [77.560311, 13.067627, 0.0], [77.560716, 13.068719, 0.0], [77.563628, 13.068757, 0.0], [77.564166, 13.067698, 0.0], [77.564445, 13.066734, 0.0], [77.564731, 13.06636, 0.0], [77.564839, 13.065966, 0.0], [77.565323, 13.065393, 0.0], [77.565474, 13.064911, 0.0], [77.565514, 13.064496, 0.0], [77.565645, 13.064276, 0.0]]]}}, {"type": "Feature", "properties": {"name": "Hoodi kere", "area_acres": 22.42, "status": "Work in Progress", "custodian": "BBMP", "Category": "kere", "valley": "Hebbal Nagawara Valley", "subvalley": "HN_2", "ward_name": "34 - Kaveri Nagara", "Corporation": "East"}, "geometry": {"type": "Polygon", "coordinates": [[[77.72169, 12.98799, 0.0], [77.721675, 12.988923, 0.0], [77.722027, 12.988896, 0.0], [77.722043, 12.988376, 0.0], [77.722138, 12.988163, 0.0], [77.722428, 12.987948, 0.0], [77.722937, 12.987909, 0.0], [77.723794, 12.987934, 0.0], [77.724253, 12.988476, 0.0], [77.724643, 12.988472, 0.0], [77.724736, 12.988034, 0.0], [77.724551, 12.98768, 0.0], [77.724616, 12.987269, 0.0], [77.724467, 12.986963, 0.0], [77.724304, 12.986145, 0.0], [77.724121, 12.986219, 0.0], [77.723908, 12.986197, 0.0], [77.723873, 12.985938, 0.0], [77.723618, 12.985865, 0.0], [77.723434, 12.985573, 0.0], [77.723195, 12.985398, 0.0], [77.722832, 12.985368, 0.0], [77.721597, 12.985852, 0.0], [77.72139, 12.985998, 0.0], [77.721215, 12.986587, 0.0], [77.72169, 12.98799, 0.0]]]}}, {"type": "Feature", "properties": {"name": "Horamavu Agara Kere", "area_acres": 35.78, "status": "Work in Progress", "custodian": "BBMP", "Category": "kere", "valley": "Hebbal Nagawara Valley", "subvalley": "HN_2", "ward_name": "2 - Horamavu", "Corporation": "East"}, "geometry": {"type": "Polygon", "coordinates": [[[77.657629, 13.034112, 0.0], [77.65734, 13.036706, 0.0], [77.657488, 13.037161, 0.0], [77.657466, 13.037454, 0.0], [77.657995, 13.037673, 0.0], [77.660228, 13.037984, 0.0], [77.659985, 13.035289, 0.0], [77.659677, 13.033082, 0.0], [77.659178, 13.032861, 0.0], [77.657863, 13.032735, 0.0], [77.657671, 13.033085, 0.0], [77.657629, 13.034112, 0.0]]]}}, {"type": "Feature", "properties": {"name": "Harohalli kere", "area_acres": 56.37, "status": "Work in Progress", "custodian": "BBMP", "Category": "kere", "valley": "Hebbal Nagawara Valley", "subvalley": "HN_1", "ward_name": "1 - Raja Kempegowda Ward", "Corporation": "North"}, "geometry": {"type": "Polygon", "coordinates": [[[77.579193, 13.134283, 0.0], [77.577635, 13.135248, 0.0], [77.576871, 13.135627, 0.0], [77.576768, 13.135954, 0.0], [77.576373, 13.136408, 0.0], [77.576094, 13.136884, 0.0], [77.575906, 13.13741, 0.0], [77.575509, 13.1393, 0.0], [77.575502, 13.140063, 0.0], [77.57503, 13.141097, 0.0], [77.575777, 13.141318, 0.0], [77.576811, 13.141486, 0.0], [77.577349, 13.141495, 0.0], [77.577479, 13.141283, 0.0], [77.577569, 13.140635, 0.0], [77.577849, 13.140254, 0.0], [77.578037, 13.139645, 0.0], [77.578519, 13.139235, 0.0], [77.579423, 13.138911, 0.0], [77.580624, 13.13899, 0.0], [77.580975, 13.138961, 0.0], [77.581097, 13.138782, 0.0], [77.580649, 13.138601, 0.0], [77.578662, 13.136921, 0.0], [77.578805, 13.13617, 0.0], [77.579499, 13.134384, 0.0], [77.579193, 13.134283, 0.0]]]}}, {"type": "Feature", "properties": {"name": "Hoodi Giddanakere", "area_acres": 7.86, "status": "Work in Progress", "custodian": "BBMP", "Category": "kere", "valley": "Hebbal Nagawara Valley", "subvalley": "HN_2", "ward_name": "29 - Hoodi", "Corporation": "East"}, "geometry": {"type": "Polygon", "coordinates": [[[77.715503, 12.999425, 0.0], [77.71578, 12.999691, 0.0], [77.715889, 12.999953, 0.0], [77.7163, 13.000251, 0.0], [77.716055, 13.000659, 0.0], [77.71635, 13.001673, 0.0], [77.716397, 13.00173, 0.0], [77.716609, 13.001637, 0.0], [77.716712, 13.001292, 0.0], [77.71695, 13.001435, 0.0], [77.717016, 13.001395, 0.0], [77.716619, 13.000746, 0.0], [77.716784, 13.000364, 0.0], [77.717192, 12.999906, 0.0], [77.717932, 12.999393, 0.0], [77.717932, 12.999222, 0.0], [77.716551, 12.998999, 0.0], [77.715503, 12.999425, 0.0]]]}}, {"type": "Feature", "properties": {"name": "Horamavu kere", "area_acres": 14.85, "custodian": "BBMP", "Category": "kere", "valley": "Hebbal Nagawara Valley", "subvalley": "HN_2", "ward_name": "5 - Hoysala Nagara East", "Corporation": "East"}, "geometry": {"type": "Polygon", "coordinates": [[[77.666808, 13.024912, 0.0], [77.665951, 13.026264, 0.0], [77.666985, 13.025474, 0.0], [77.668014, 13.024226, 0.0], [77.668372, 13.023691, 0.0], [77.668834, 13.022877, 0.0], [77.668311, 13.022475, 0.0], [77.667816, 13.022533, 0.0], [77.666119, 13.022975, 0.0], [77.665374, 13.023052, 0.0], [77.664771, 13.02337, 0.0], [77.665513, 13.023351, 0.0], [77.666351, 13.023713, 0.0], [77.666846, 13.024474, 0.0], [77.666808, 13.024912, 0.0]]]}}, {"type": "Feature", "properties": {"name": "Jakkur Kere", "area_acres": 131.13, "status": "Developed Lake", "custodian": "BBMP", "Category": "kere", "valley": "Hebbal Nagawara Valley", "subvalley": "HN_1", "ward_name": "17 - Jakkur", "Corporation": "North"}, "geometry": {"type": "Polygon", "coordinates": [[[77.606892, 13.09174, 0.0], [77.606339, 13.093586, 0.0], [77.606665, 13.094114, 0.0], [77.607967, 13.09422, 0.0], [77.608462, 13.092865, 0.0], [77.608602, 13.092913, 0.0], [77.608707, 13.092609, 0.0], [77.610394, 13.089862, 0.0], [77.611274, 13.088783, 0.0], [77.611894, 13.088383, 0.0], [77.612096, 13.087837, 0.0], [77.61264, 13.087327, 0.0], [77.612924, 13.085991, 0.0], [77.613102, 13.085838, 0.0], [77.613473, 13.083999, 0.0], [77.613512, 13.083292, 0.0], [77.614109, 13.08155, 0.0], [77.614567, 13.081168, 0.0], [77.614686, 13.080623, 0.0], [77.614917, 13.080233, 0.0], [77.614762, 13.080134, 0.0], [77.614479, 13.080112, 0.0], [77.614054, 13.081173, 0.0], [77.613635, 13.081303, 0.0], [77.61347, 13.081531, 0.0], [77.612929, 13.081637, 0.0], [77.612188, 13.081922, 0.0], [77.612008, 13.081898, 0.0], [77.611904, 13.081824, 0.0], [77.611158, 13.079164, 0.0], [77.610668, 13.078993, 0.0], [77.610329, 13.079466, 0.0], [77.610152, 13.080834, 0.0], [77.61015, 13.081543, 0.0], [77.609758, 13.082752, 0.0], [77.60876, 13.087061, 0.0], [77.607954, 13.089464, 0.0], [77.607481, 13.090394, 0.0], [77.607373, 13.090744, 0.0], [77.606848, 13.091689, 0.0], [77.606892, 13.09174, 0.0]]]}}, {"type": "Feature", "properties": {"name": "Varanasi/ Jimkenahalli Kere", "area_acres": 6.12, "status": "To Be Developed", "custodian": "BBMP", "Category": "kere", "valley": "Hebbal Nagawara Valley", "subvalley": "HN_2", "ward_name": "28 - Byrathi", "Corporation": "East"}, "geometry": {"type": "Polygon", "coordinates": [[[77.686653, 13.026073, 0.0], [77.68658, 13.026377, 0.0], [77.686341, 13.026882, 0.0], [77.686277, 13.026895, 0.0], [77.686016, 13.027762, 0.0], [77.686171, 13.027849, 0.0], [77.686528, 13.027477, 0.0], [77.686941, 13.027296, 0.0], [77.687688, 13.027398, 0.0], [77.688169, 13.027671, 0.0], [77.688277, 13.027542, 0.0], [77.688153, 13.027151, 0.0], [77.687701, 13.026801, 0.0], [77.687419, 13.026421, 0.0], [77.687214, 13.025974, 0.0], [77.686864, 13.025595, 0.0], [77.686719, 13.026038, 0.0], [77.686653, 13.026073, 0.0]]]}}, {"type": "Feature", "properties": {"name": "Kalkere Kere", "area_acres": 146.93, "status": "Developed Lake", "custodian": "BBMP", "Category": "kere", "valley": "Hebbal Nagawara Valley", "subvalley": "HN_2", "ward_name": "2 - Horamavu", "Corporation": "East"}, "geometry": {"type": "Polygon", "coordinates": [[[77.665097, 13.04546, 0.0], [77.663337, 13.04499, 0.0], [77.662415, 13.044985, 0.0], [77.662343, 13.044844, 0.0], [77.661863, 13.044894, 0.0], [77.66106, 13.045232, 0.0], [77.659448, 13.045219, 0.0], [77.658383, 13.045846, 0.0], [77.658283, 13.04611, 0.0], [77.658014, 13.046258, 0.0], [77.657417, 13.0462, 0.0], [77.656941, 13.046063, 0.0], [77.656571, 13.046209, 0.0], [77.656305, 13.046454, 0.0], [77.655872, 13.046479, 0.0], [77.655584, 13.046603, 0.0], [77.656775, 13.047906, 0.0], [77.65866, 13.048599, 0.0], [77.658931, 13.048812, 0.0], [77.662207, 13.049562, 0.0], [77.662092, 13.049106, 0.0], [77.663035, 13.04849, 0.0], [77.664831, 13.049081, 0.0], [77.666302, 13.049023, 0.0], [77.667404, 13.049565, 0.0], [77.66959, 13.049596, 0.0], [77.670696, 13.050562, 0.0], [77.671338, 13.050933, 0.0], [77.671675, 13.051517, 0.0], [77.671923, 13.051575, 0.0], [77.672312, 13.051328, 0.0], [77.672207, 13.051086, 0.0], [77.671733, 13.051172, 0.0], [77.670793, 13.05019, 0.0], [77.670602, 13.049686, 0.0], [77.669956, 13.049066, 0.0], [77.669845, 13.048379, 0.0], [77.668987, 13.045334, 0.0], [77.668999, 13.04509, 0.0], [77.669855, 13.044522, 0.0], [77.670433, 13.043799, 0.0], [77.670927, 13.043521, 0.0], [77.671408, 13.043387, 0.0], [77.671436, 13.043258, 0.0], [77.670996, 13.043147, 0.0], [77.670362, 13.043524, 0.0], [77.669588, 13.044123, 0.0], [77.668907, 13.044775, 0.0], [77.668563, 13.04541, 0.0], [77.668272, 13.045499, 0.0], [77.66811, 13.045457, 0.0], [77.667726, 13.045055, 0.0], [77.667524, 13.04512, 0.0], [77.667349, 13.045074, 0.0], [77.667288, 13.045208, 0.0], [77.666778, 13.045356, 0.0], [77.666109, 13.045708, 0.0], [77.665655, 13.045712, 0.0], [77.665097, 13.04546, 0.0]]]}}, {"type": "Feature", "properties": {"name": "Yelahanka Amani Kere", "area_acres": 246.32, "status": "Developed Lake", "custodian": "BBMP", "Category": "kere", "valley": "Hebbal Nagawara Valley", "subvalley": "HN_1", "ward_name": "2 - Akash Ward", "Corporation": "North"}, "geometry": {"type": "Polygon", "coordinates": [[[77.596823, 13.106333, 0.0], [77.596923, 13.10564, 0.0], [77.596915, 13.104931, 0.0], [77.596739, 13.104356, 0.0], [77.596348, 13.10436, 0.0], [77.595722, 13.105899, 0.0], [77.595402, 13.107243, 0.0], [77.59458, 13.108675, 0.0], [77.594001, 13.109392, 0.0], [77.593466, 13.110272, 0.0], [77.592778, 13.110583, 0.0], [77.592165, 13.111181, 0.0], [77.5911, 13.11181, 0.0], [77.590229, 13.112823, 0.0], [77.589348, 13.11298, 0.0], [77.588473, 13.113042, 0.0], [77.587779, 13.113731, 0.0], [77.587354, 13.114468, 0.0], [77.587038, 13.117338, 0.0], [77.586617, 13.119645, 0.0], [77.587065, 13.119879, 0.0], [77.587395, 13.120392, 0.0], [77.588037, 13.119826, 0.0], [77.588688, 13.11954, 0.0], [77.589403, 13.118905, 0.0], [77.590306, 13.118557, 0.0], [77.593206, 13.1169, 0.0], [77.594719, 13.116224, 0.0], [77.59619, 13.115733, 0.0], [77.597199, 13.115569, 0.0], [77.59848, 13.115201, 0.0], [77.599027, 13.11383, 0.0], [77.599013, 13.113446, 0.0], [77.599201, 13.112705, 0.0], [77.599523, 13.112315, 0.0], [77.596503, 13.10661, 0.0], [77.596823, 13.106333, 0.0]]]}}, {"type": "Feature", "properties": {"name": "Palanahalli Kere", "area_acres": 20.36, "custodian": "BBMP", "Category": "kere", "valley": "Hebbal Nagawara Valley", "subvalley": "HN_1", "ward_name": "21 - Kogilu", "Corporation": "North"}, "geometry": {"type": "Polygon", "coordinates": [[[77.616244, 13.117656, 0.0], [77.616398, 13.117611, 0.0], [77.617404, 13.116872, 0.0], [77.618274, 13.11586, 0.0], [77.619256, 13.115226, 0.0], [77.619304, 13.115105, 0.0], [77.617059, 13.114875, 0.0], [77.616034, 13.114643, 0.0], [77.615487, 13.11431, 0.0], [77.615314, 13.114402, 0.0], [77.615393, 13.11468, 0.0], [77.615639, 13.117493, 0.0], [77.616244, 13.117656, 0.0]]]}}, {"type": "Feature", "properties": {"name": "Kattigenahalli Kere", "area_acres": 15.01, "status": "Developed Lake", "custodian": "BBMP", "Category": "kere", "valley": "Hebbal Nagawara Valley", "subvalley": "HN_1", "ward_name": "21 - Kogilu", "Corporation": "North"}, "geometry": {"type": "Polygon", "coordinates": [[[77.627573, 13.11547, 0.0], [77.626935, 13.116085, 0.0], [77.629148, 13.11567, 0.0], [77.629433, 13.115479, 0.0], [77.629909, 13.115503, 0.0], [77.630227, 13.11539, 0.0], [77.630159, 13.114401, 0.0], [77.627723, 13.113104, 0.0], [77.627521, 13.113155, 0.0], [77.627736, 13.113829, 0.0], [77.627744, 13.114789, 0.0], [77.627573, 13.11547, 0.0]]]}}, {"type": "Feature", "properties": {"name": "Kogilu kere", "area_acres": 65.22, "status": "Developed Lake", "custodian": "BBMP", "Category": "kere", "valley": "Hebbal Nagawara Valley", "subvalley": "HN_1", "ward_name": "21 - Kogilu", "Corporation": "North"}, "geometry": {"type": "Polygon", "coordinates": [[[77.617498, 13.110262, 0.0], [77.615728, 13.110697, 0.0], [77.614395, 13.110078, 0.0], [77.614276, 13.110435, 0.0], [77.615609, 13.111648, 0.0], [77.616798, 13.111815, 0.0], [77.617103, 13.112397, 0.0], [77.619928, 13.112487, 0.0], [77.621533, 13.111101, 0.0], [77.622414, 13.110744, 0.0], [77.621272, 13.108935, 0.0], [77.620915, 13.108127, 0.0], [77.620701, 13.10796, 0.0], [77.618797, 13.107627, 0.0], [77.617866, 13.107179, 0.0], [77.617447, 13.107554, 0.0], [77.617572, 13.108842, 0.0], [77.617498, 13.110262, 0.0]]]}}, {"type": "Feature", "properties": {"name": "Kowdenahalli Kere", "area_acres": 15.21, "status": "Developed Lake", "custodian": "BBMP", "Category": "kere", "valley": "Hebbal Nagawara Valley", "subvalley": "HN_2", "ward_name": "15 - Ramamurthy Nagara", "Corporation": "East"}, "geometry": {"type": "Polygon", "coordinates": [[[77.685277, 13.011358, 0.0], [77.684168, 13.011346, 0.0], [77.68416, 13.014167, 0.0], [77.684275, 13.014336, 0.0], [77.685175, 13.014476, 0.0], [77.68555, 13.015105, 0.0], [77.685734, 13.014999, 0.0], [77.685731, 13.014775, 0.0], [77.685589, 13.014645, 0.0], [77.685258, 13.013833, 0.0], [77.68521, 13.01325, 0.0], [77.685885, 13.012141, 0.0], [77.686704, 13.011448, 0.0], [77.68691, 13.011384, 0.0], [77.686292, 13.010999, 0.0], [77.685411, 13.011119, 0.0], [77.685277, 13.011358, 0.0]]]}}, {"type": "Feature", "properties": {"name": "Gangashetty Kere", "area_acres": 12.35, "status": "Developed Lake", "custodian": "BBMP", "Category": "kere", "valley": "Hebbal Nagawara Valley", "subvalley": "HN_2", "ward_name": "14 - K.R Pura", "Corporation": "East"}, "geometry": {"type": "Polygon", "coordinates": [[[77.694586, 13.004707, 0.0], [77.695125, 13.004621, 0.0], [77.695368, 13.004678, 0.0], [77.69534, 13.004506, 0.0], [77.694795, 13.003843, 0.0], [77.694245, 13.003833, 0.0], [77.693435, 13.004126, 0.0], [77.692982, 13.004142, 0.0], [77.692827, 13.004349, 0.0], [77.692804, 13.005538, 0.0], [77.693284, 13.006305, 0.0], [77.693783, 13.006962, 0.0], [77.693986, 13.007104, 0.0], [77.694183, 13.007105, 0.0], [77.69421, 13.006985, 0.0], [77.693979, 13.006048, 0.0], [77.694586, 13.004707, 0.0]]]}}, {"type": "Feature", "properties": {"name": "J P Park Kere", "area_acres": 70.38, "status": "Developed Lake", "custodian": "BBMP", "Category": "kere", "valley": "Hebbal Nagawara Valley", "subvalley": "HN_1", "ward_name": "63 - J.P PARK", "Corporation": "North"}, "geometry": {"type": "Polygon", "coordinates": [[[77.550799, 13.037726, 0.0], [77.551918, 13.037837, 0.0], [77.551964, 13.037435, 0.0], [77.55211, 13.037181, 0.0], [77.552776, 13.037267, 0.0], [77.553011, 13.037235, 0.0], [77.553094, 13.03652, 0.0], [77.553353, 13.035821, 0.0], [77.553368, 13.035577, 0.0], [77.553491, 13.035367, 0.0], [77.553578, 13.034827, 0.0], [77.553564, 13.034279, 0.0], [77.55399, 13.033395, 0.0], [77.554012, 13.032951, 0.0], [77.553456, 13.0324, 0.0], [77.553233, 13.03235, 0.0], [77.552447, 13.032749, 0.0], [77.552163, 13.032743, 0.0], [77.550116, 13.031931, 0.0], [77.549653, 13.031789, 0.0], [77.549368, 13.031818, 0.0], [77.549018, 13.032075, 0.0], [77.548683, 13.03253, 0.0], [77.547809, 13.033337, 0.0], [77.5478, 13.03375, 0.0], [77.548612, 13.034833, 0.0], [77.54942, 13.035557, 0.0], [77.550459, 13.037503, 0.0], [77.550799, 13.037726, 0.0]]]}}, {"type": "Feature", "properties": {"name": "Narasipura Kere 20", "area_acres": 9.93, "status": "Developed Lake", "custodian": "BBMP", "Category": "kere", "valley": "Hebbal Nagawara Valley", "subvalley": "HN_1", "ward_name": "10 - Vidyaranyapura", "Corporation": "North"}, "geometry": {"type": "Polygon", "coordinates": [[[77.558507, 13.070928, 0.0], [77.558281, 13.071975, 0.0], [77.557719, 13.072757, 0.0], [77.557785, 13.073288, 0.0], [77.557999, 13.073593, 0.0], [77.558382, 13.073711, 0.0], [77.558803, 13.073699, 0.0], [77.559131, 13.073538, 0.0], [77.560002, 13.073443, 0.0], [77.559668, 13.072957, 0.0], [77.55885, 13.071304, 0.0], [77.558507, 13.070928, 0.0]]]}}, {"type": "Feature", "properties": {"name": "Narasipura Kere 26", "area_acres": 4.71, "status": "Developed Lake", "custodian": "BBMP", "Category": "kere", "valley": "Hebbal Nagawara Valley", "subvalley": "HN_1", "ward_name": "8 - Singapura", "Corporation": "North"}, "geometry": {"type": "Polygon", "coordinates": [[[77.554085, 13.076845, 0.0], [77.555724, 13.076292, 0.0], [77.555354, 13.076027, 0.0], [77.554777, 13.075249, 0.0], [77.553682, 13.076131, 0.0], [77.554085, 13.076845, 0.0]]]}}, {"type": "Feature", "properties": {"name": "Rachenahalli kere", "area_acres": 97.87, "status": "Developed Lake", "custodian": "BBMP", "Category": "kere", "valley": "Hebbal Nagawara Valley", "subvalley": "HN_1", "ward_name": "17 - Jakkur", "Corporation": "North"}, "geometry": {"type": "Polygon", "coordinates": [[[77.613437, 13.067401, 0.0], [77.615968, 13.062235, 0.0], [77.616421, 13.061894, 0.0], [77.616979, 13.060638, 0.0], [77.617428, 13.059887, 0.0], [77.618108, 13.059339, 0.0], [77.618652, 13.059092, 0.0], [77.618072, 13.059033, 0.0], [77.616983, 13.059238, 0.0], [77.616199, 13.058877, 0.0], [77.615397, 13.058657, 0.0], [77.61456, 13.05767, 0.0], [77.614406, 13.057825, 0.0], [77.614479, 13.058414, 0.0], [77.614419, 13.05907, 0.0], [77.613896, 13.060189, 0.0], [77.613167, 13.061164, 0.0], [77.611909, 13.061956, 0.0], [77.611726, 13.062149, 0.0], [77.60937, 13.063048, 0.0], [77.609374, 13.063421, 0.0], [77.610422, 13.063466, 0.0], [77.610603, 13.064379, 0.0], [77.61072, 13.064639, 0.0], [77.611569, 13.065563, 0.0], [77.611534, 13.067841, 0.0], [77.613437, 13.067401, 0.0]]]}}, {"type": "Feature", "properties": {"name": "Sadaramangala Kere", "area_acres": 40.5, "status": "Work in Progress", "custodian": "BBMP", "Category": "kere", "valley": "Hebbal Nagawara Valley", "subvalley": "HN_2", "ward_name": "30 - Belathur", "Corporation": "East"}, "geometry": {"type": "Polygon", "coordinates": [[[77.724522, 12.998422, 0.0], [77.725325, 12.998851, 0.0], [77.726138, 12.998958, 0.0], [77.72783, 13.000104, 0.0], [77.727993, 13.000375, 0.0], [77.728833, 13.000912, 0.0], [77.729139, 13.001527, 0.0], [77.729637, 13.002077, 0.0], [77.729639, 13.00321, 0.0], [77.729936, 13.003039, 0.0], [77.730136, 13.001665, 0.0], [77.730892, 13.000491, 0.0], [77.730939, 12.999349, 0.0], [77.730915, 12.999157, 0.0], [77.730769, 12.999025, 0.0], [77.729944, 12.998918, 0.0], [77.729542, 12.998283, 0.0], [77.729239, 12.997961, 0.0], [77.729003, 12.997869, 0.0], [77.727387, 12.997792, 0.0], [77.726328, 12.997505, 0.0], [77.725612, 12.997709, 0.0], [77.724522, 12.998422, 0.0]]]}}, {"type": "Feature", "properties": {"name": "Sigehalli Kere", "area_acres": 21.3, "status": "Developed Lake", "custodian": "BBMP", "Category": "kere", "valley": "Hebbal Nagawara Valley", "subvalley": "HN_2", "ward_name": "10 - Medahalli", "Corporation": "East"}, "geometry": {"type": "Polygon", "coordinates": [[[77.711792, 13.015752, 0.0], [77.712095, 13.016071, 0.0], [77.712087, 13.016657, 0.0], [77.712009, 13.016757, 0.0], [77.711697, 13.016832, 0.0], [77.711723, 13.017271, 0.0], [77.711999, 13.018079, 0.0], [77.71258, 13.018541, 0.0], [77.713165, 13.018841, 0.0], [77.713651, 13.019298, 0.0], [77.713992, 13.01942, 0.0], [77.714336, 13.02024, 0.0], [77.714764, 13.020597, 0.0], [77.714821, 13.02054, 0.0], [77.714779, 13.020326, 0.0], [77.714174, 13.019486, 0.0], [77.713994, 13.01907, 0.0], [77.713851, 13.018041, 0.0], [77.714079, 13.017485, 0.0], [77.714464, 13.016942, 0.0], [77.715015, 13.016647, 0.0], [77.714208, 13.016342, 0.0], [77.713216, 13.016154, 0.0], [77.713008, 13.016257, 0.0], [77.712737, 13.015472, 0.0], [77.712266, 13.015272, 0.0], [77.711652, 13.015129, 0.0], [77.711452, 13.015257, 0.0], [77.711409, 13.015729, 0.0], [77.711792, 13.015752, 0.0]]]}}, {"type": "Feature", "properties": {"name": "Shivanahalli Kere", "area_acres": 9.21, "status": "To Be Developed", "custodian": "BBMP", "Category": "kere", "valley": "Hebbal Nagawara Valley", "subvalley": "HN_1", "ward_name": "4 - Nyayanga Badavane", "Corporation": "North"}, "geometry": {"type": "Polygon", "coordinates": [[[77.595268, 13.092622, 0.0], [77.595313, 13.093066, 0.0], [77.595752, 13.093129, 0.0], [77.595996, 13.09324, 0.0], [77.596318, 13.093041, 0.0], [77.596091, 13.091481, 0.0], [77.595628, 13.090663, 0.0], [77.594836, 13.09079, 0.0], [77.594875, 13.091206, 0.0], [77.594435, 13.091488, 0.0], [77.594498, 13.091693, 0.0], [77.594478, 13.092125, 0.0], [77.594603, 13.092284, 0.0], [77.59506, 13.092462, 0.0], [77.595268, 13.092622, 0.0]]]}}, {"type": "Feature", "properties": {"name": "Thirumenahalli Kere", "area_acres": 15.4, "status": "Developed Lake", "custodian": "BBMP", "Category": "kere", "valley": "Hebbal Nagawara Valley", "subvalley": "HN_1", "ward_name": "20 - Sampigehalli", "Corporation": "North"}, "geometry": {"type": "Polygon", "coordinates": [[[77.626657, 13.092613, 0.0], [77.627565, 13.093044, 0.0], [77.628436, 13.093753, 0.0], [77.628812, 13.094406, 0.0], [77.630095, 13.093898, 0.0], [77.629741, 13.092582, 0.0], [77.629534, 13.092339, 0.0], [77.629564, 13.091966, 0.0], [77.629176, 13.090884, 0.0], [77.628934, 13.090959, 0.0], [77.628418, 13.091931, 0.0], [77.628073, 13.092243, 0.0], [77.627847, 13.092373, 0.0], [77.62749, 13.092432, 0.0], [77.62678, 13.09239, 0.0], [77.626657, 13.092613, 0.0]]]}}, {"type": "Feature", "properties": {"name": "Vengaiahna kere /K.R.Puram Kere", "area_acres": 39.26, "custodian": "BBMP", "Category": "kere", "valley": "Hebbal Nagawara Valley", "subvalley": "HN_2", "ward_name": "14 - K.R Pura", "Corporation": "East"}, "geometry": {"type": "Polygon", "coordinates": [[[77.696912, 13.018036, 0.0], [77.697209, 13.018, 0.0], [77.697621, 13.017653, 0.0], [77.698133, 13.017652, 0.0], [77.698362, 13.017574, 0.0], [77.69927, 13.017624, 0.0], [77.702536, 13.017078, 0.0], [77.70376, 13.016982, 0.0], [77.702345, 13.016329, 0.0], [77.701136, 13.015676, 0.0], [77.699886, 13.014441, 0.0], [77.699763, 13.013988, 0.0], [77.698905, 13.014957, 0.0], [77.698796, 13.015155, 0.0], [77.698776, 13.015396, 0.0], [77.698395, 13.015626, 0.0], [77.697525, 13.01607, 0.0], [77.696648, 13.016357, 0.0], [77.695702, 13.01628, 0.0], [77.695714, 13.016432, 0.0], [77.696147, 13.017345, 0.0], [77.696241, 13.017803, 0.0], [77.696912, 13.018036, 0.0]]]}}, {"type": "Feature", "properties": {"name": "Venkateshapura Kere", "area_acres": 19.51, "status": "To Be Developed", "custodian": "BBMP", "Category": "kere", "valley": "Hebbal Nagawara Valley", "subvalley": "HN_1", "ward_name": "20 - Sampigehalli", "Corporation": "North"}, "geometry": {"type": "Polygon", "coordinates": [[[77.621794, 13.078263, 0.0], [77.622094, 13.078898, 0.0], [77.622484, 13.079463, 0.0], [77.622708, 13.080031, 0.0], [77.624123, 13.080469, 0.0], [77.624267, 13.080346, 0.0], [77.624127, 13.07994, 0.0], [77.62445, 13.079819, 0.0], [77.624531, 13.079521, 0.0], [77.624135, 13.079036, 0.0], [77.624012, 13.078665, 0.0], [77.624364, 13.078539, 0.0], [77.624605, 13.078087, 0.0], [77.62429, 13.077654, 0.0], [77.623753, 13.077257, 0.0], [77.623734, 13.076716, 0.0], [77.623567, 13.07603, 0.0], [77.623493, 13.076012, 0.0], [77.623308, 13.076265, 0.0], [77.623178, 13.076716, 0.0], [77.62253, 13.077654, 0.0], [77.621794, 13.078263, 0.0]]]}}, {"type": "Feature", "properties": {"name": "Vijanapura kere", "area_acres": 3.92, "status": "Developed Lake", "custodian": "BBMP", "Category": "kere", "valley": "Hebbal Nagawara Valley", "subvalley": "HN_2", "ward_name": "16 - Kotthur", "Corporation": "East"}, "geometry": {"type": "Polygon", "coordinates": [[[77.676557, 13.008042, 0.0], [77.676082, 13.008323, 0.0], [77.676077, 13.008529, 0.0], [77.676249, 13.009238, 0.0], [77.676845, 13.010761, 0.0], [77.676912, 13.010725, 0.0], [77.676864, 13.009712, 0.0], [77.677069, 13.008975, 0.0], [77.676927, 13.009015, 0.0], [77.676917, 13.008901, 0.0], [77.677062, 13.008857, 0.0], [77.676796, 13.008329, 0.0], [77.676618, 13.008365, 0.0], [77.676733, 13.008252, 0.0], [77.676557, 13.008042, 0.0]]]}}, {"type": "Feature", "properties": {"name": "Nagareshvara Nagenahalli Kere", "area_acres": 5.75, "status": "To Be Developed", "custodian": "BBMP", "Category": "kere", "valley": "Hebbal Nagawara Valley", "subvalley": "HN_2", "ward_name": "1 - K Narayanapura", "Corporation": "East"}, "geometry": {"type": "Polygon", "coordinates": [[[77.644, 13.075225, 0.0], [77.642598, 13.074618, 0.0], [77.642474, 13.074801, 0.0], [77.642154, 13.07598, 0.0], [77.642342, 13.076179, 0.0], [77.6422, 13.076582, 0.0], [77.64228, 13.076801, 0.0], [77.644, 13.075225, 0.0]]]}}, {"type": "Feature", "properties": {"name": "Atturu kere", "area_acres": 70.25, "status": "Developed Lake", "custodian": "BBMP", "Category": "kere", "valley": "Hebbal Nagawara Valley", "subvalley": "HN_1", "ward_name": "6 - Doddabettahalli", "Corporation": "North"}, "geometry": {"type": "Polygon", "coordinates": [[[77.559599, 13.112998, 0.0], [77.559613, 13.113216, 0.0], [77.559894, 13.113519, 0.0], [77.560344, 13.113886, 0.0], [77.560712, 13.113983, 0.0], [77.561313, 13.113873, 0.0], [77.563183, 13.113145, 0.0], [77.564026, 13.113053, 0.0], [77.564522, 13.11268, 0.0], [77.565216, 13.112399, 0.0], [77.566112, 13.1119, 0.0], [77.565423, 13.111245, 0.0], [77.565216, 13.110763, 0.0], [77.565112, 13.110132, 0.0], [77.565135, 13.109365, 0.0], [77.56524, 13.108982, 0.0], [77.562588, 13.109015, 0.0], [77.561963, 13.108914, 0.0], [77.561326, 13.108903, 0.0], [77.559853, 13.109416, 0.0], [77.560295, 13.11153, 0.0], [77.560099, 13.11179, 0.0], [77.559659, 13.112015, 0.0], [77.559485, 13.112184, 0.0], [77.559381, 13.112421, 0.0], [77.559427, 13.112838, 0.0], [77.559599, 13.112998, 0.0]]]}}, {"type": "Feature", "properties": {"name": "Rampura Kere", "area_acres": 156.29, "custodian": "BBMP", "Category": "kere", "valley": "Hebbal Nagawara Valley", "subvalley": "HN_2", "ward_name": "7 - K Chennasandra", "Corporation": "East"}, "geometry": {"type": "Polygon", "coordinates": [[[77.680374, 13.047804, 0.0], [77.680489, 13.048951, 0.0], [77.68076, 13.050446, 0.0], [77.681233, 13.051839, 0.0], [77.684777, 13.049954, 0.0], [77.685591, 13.049946, 0.0], [77.68738, 13.049333, 0.0], [77.688231, 13.049422, 0.0], [77.689134, 13.049755, 0.0], [77.690588, 13.050132, 0.0], [77.691943, 13.050706, 0.0], [77.692548, 13.051092, 0.0], [77.692645, 13.050846, 0.0], [77.691788, 13.050218, 0.0], [77.69098, 13.049491, 0.0], [77.690166, 13.048127, 0.0], [77.689857, 13.047346, 0.0], [77.689644, 13.046123, 0.0], [77.690327, 13.044596, 0.0], [77.69132, 13.043998, 0.0], [77.692615, 13.043641, 0.0], [77.693065, 13.043685, 0.0], [77.693012, 13.043391, 0.0], [77.692213, 13.043449, 0.0], [77.691316, 13.043654, 0.0], [77.690266, 13.043666, 0.0], [77.689619, 13.043868, 0.0], [77.689122, 13.044168, 0.0], [77.688475, 13.04442, 0.0], [77.686471, 13.044, 0.0], [77.686213, 13.043892, 0.0], [77.6852, 13.044885, 0.0], [77.683364, 13.045913, 0.0], [77.682493, 13.046249, 0.0], [77.680895, 13.046119, 0.0], [77.680341, 13.046816, 0.0], [77.680443, 13.047717, 0.0], [77.680374, 13.047804, 0.0]]]}}, {"type": "Feature", "properties": {"name": "Veerasagara kere", "area_acres": 20.06, "status": "Developed Lake", "custodian": "BBMP", "Category": "kere", "valley": "Hebbal Nagawara Valley", "subvalley": "HN_1", "ward_name": "6 - Doddabettahalli", "Corporation": "North"}, "geometry": {"type": "Polygon", "coordinates": [[[77.557157, 13.101131, 0.0], [77.556129, 13.100272, 0.0], [77.555863, 13.100223, 0.0], [77.555178, 13.100504, 0.0], [77.555068, 13.100891, 0.0], [77.555238, 13.101232, 0.0], [77.554914, 13.101824, 0.0], [77.55507, 13.102019, 0.0], [77.555264, 13.102025, 0.0], [77.555794, 13.104025, 0.0], [77.556016, 13.103849, 0.0], [77.55653, 13.102969, 0.0], [77.557455, 13.102586, 0.0], [77.558485, 13.102841, 0.0], [77.558886, 13.103298, 0.0], [77.559071, 13.103354, 0.0], [77.559207, 13.103235, 0.0], [77.559003, 13.102904, 0.0], [77.557157, 13.101131, 0.0]]]}}, {"type": "Feature", "properties": {"name": "Venkojirao Kere /Agara Kere", "area_acres": 76.91, "custodian": "BBMP", "Category": "kere", "valley": "Koramangala Challaghatta Valley", "subvalley": "KC_1", "ward_name": "72 - HSR Layout", "Corporation": "South"}, "geometry": {"type": "Polygon", "coordinates": [[[77.640347, 12.923861, 0.0], [77.641159, 12.92347, 0.0], [77.644217, 12.924065, 0.0], [77.645536, 12.924574, 0.0], [77.646777, 12.924527, 0.0], [77.644734, 12.922633, 0.0], [77.643225, 12.920873, 0.0], [77.642473, 12.92015, 0.0], [77.640851, 12.917834, 0.0], [77.640601, 12.917593, 0.0], [77.640207, 12.917249, 0.0], [77.639283, 12.917154, 0.0], [77.638787, 12.917228, 0.0], [77.638824, 12.920778, 0.0], [77.639873, 12.922612, 0.0], [77.640347, 12.923861, 0.0]]]}}, {"type": "Feature", "properties": {"name": "Ambalipura Kelagina kere", "area_acres": 6.11, "status": "Developed Lake", "custodian": "BBMP", "Category": "kere", "valley": "Koramangala Challaghatta Valley", "subvalley": "KC_2", "ward_name": "31 - Kasavanahalli", "Corporation": "South"}, "geometry": {"type": "Polygon", "coordinates": [[[77.664547, 12.917969, 0.0], [77.665043, 12.917704, 0.0], [77.665224, 12.917717, 0.0], [77.665785, 12.91751, 0.0], [77.665332, 12.916405, 0.0], [77.664924, 12.915831, 0.0], [77.664247, 12.915941, 0.0], [77.66416, 12.916089, 0.0], [77.664275, 12.916619, 0.0], [77.66439, 12.9168, 0.0], [77.664547, 12.917969, 0.0]]]}}, {"type": "Feature", "properties": {"name": "Amblipura melina kere", "area_acres": 9.22, "status": "Developed Lake", "custodian": "BBMP", "Category": "kere", "valley": "Koramangala Challaghatta Valley", "subvalley": "KC_2", "ward_name": "31 - Kasavanahalli", "Corporation": "South"}, "geometry": {"type": "Polygon", "coordinates": [[[77.662277, 12.9125, 0.0], [77.661803, 12.9129, 0.0], [77.662137, 12.913937, 0.0], [77.662654, 12.914244, 0.0], [77.662805, 12.914282, 0.0], [77.662832, 12.914066, 0.0], [77.664198, 12.913497, 0.0], [77.664527, 12.91353, 0.0], [77.664575, 12.913475, 0.0], [77.664355, 12.913382, 0.0], [77.663647, 12.91275, 0.0], [77.66308, 12.912057, 0.0], [77.662277, 12.9125, 0.0]]]}}, {"type": "Feature", "properties": {"name": "Arekere", "area_acres": 17.07, "custodian": "BBMP", "Category": "kere", "valley": "Koramangala Challaghatta Valley", "subvalley": "KC_1", "ward_name": "58 - Arakere", "Corporation": "South"}, "geometry": {"type": "Polygon", "coordinates": [[[77.599009, 12.88382, 0.0], [77.600455, 12.884013, 0.0], [77.60029, 12.883892, 0.0], [77.6002, 12.883686, 0.0], [77.600285, 12.882366, 0.0], [77.599871, 12.882386, 0.0], [77.598524, 12.882044, 0.0], [77.598495, 12.881975, 0.0], [77.597006, 12.881948, 0.0], [77.596753, 12.88252, 0.0], [77.596542, 12.882624, 0.0], [77.596708, 12.883122, 0.0], [77.597094, 12.883271, 0.0], [77.597548, 12.883567, 0.0], [77.597582, 12.883804, 0.0], [77.599009, 12.88382, 0.0]]]}}, {"type": "Feature", "properties": {"name": "B.Narayanapura kere", "area_acres": 2.95, "custodian": "BBMP", "Category": "gokatte", "valley": "Koramangala Challaghatta Valley", "subvalley": "KC_2", "ward_name": "20 - A Narayanapura", "Corporation": "East"}, "geometry": {"type": "Polygon", "coordinates": [[[77.682561, 12.997333, 0.0], [77.683337, 12.996217, 0.0], [77.683056, 12.995886, 0.0], [77.683017, 12.995536, 0.0], [77.682832, 12.995583, 0.0], [77.682794, 12.995734, 0.0], [77.682609, 12.995886, 0.0], [77.682386, 12.995942, 0.0], [77.682366, 12.996907, 0.0], [77.682561, 12.997333, 0.0]]]}}, {"type": "Feature", "properties": {"name": "K R Puram (BEML)/ Benniganahalli Kere", "area_acres": 20.04, "custodian": "BBMP", "Category": "kere", "valley": "Koramangala Challaghatta Valley", "subvalley": "KC_2", "ward_name": "19 - K.S. Nissar Ahmed Ward", "Corporation": "East"}, "geometry": {"type": "MultiPolygon", "coordinates": [[[[77.664179, 12.997553, 0.0], [77.665865, 12.998439, 0.0], [77.665908, 12.998326, 0.0], [77.666116, 12.998198, 0.0], [77.666353, 12.997617, 0.0], [77.666471, 12.997528, 0.0], [77.667174, 12.997126, 0.0], [77.668245, 12.996939, 0.0], [77.667416, 12.99657, 0.0], [77.665553, 12.995981, 0.0], [77.665122, 12.996037, 0.0], [77.664179, 12.997553, 0.0]]], [[[77.666135, 12.998832, 0.0], [77.664048, 12.99793, 0.0], [77.6643, 12.998957, 0.0], [77.664333, 12.999639, 0.0], [77.66441, 12.999829, 0.0], [77.664574, 12.999914, 0.0], [77.664914, 12.999604, 0.0], [77.665365, 12.999329, 0.0], [77.665996, 12.999089, 0.0], [77.666107, 12.998978, 0.0], [77.666135, 12.998832, 0.0]]]]}}, {"type": "Feature", "properties": {"name": "Mahadevapura Kere-2", "area_acres": 1.92, "status": "To Be Developed", "custodian": "BBMP", "Category": "gokatte", "valley": "Koramangala Challaghatta Valley", "subvalley": "KC_2", "ward_name": "22 - Mahadevapura", "Corporation": "East"}, "geometry": {"type": "Polygon", "coordinates": [[[77.685329, 12.991918, 0.0], [77.685388, 12.992262, 0.0], [77.685358, 12.993001, 0.0], [77.685584, 12.993143, 0.0], [77.685755, 12.992945, 0.0], [77.685924, 12.992514, 0.0], [77.686292, 12.992189, 0.0], [77.685411, 12.991808, 0.0], [77.685329, 12.991918, 0.0]]]}}, {"type": "Feature", "properties": {"name": "Basapura Kere-2", "area_acres": 6.83, "status": "To Be Developed", "custodian": "BBMP", "Category": "kere", "valley": "Koramangala Challaghatta Valley", "subvalley": "KC_1", "ward_name": "34 - Chikkathoguru", "Corporation": "South"}, "geometry": {"type": "Polygon", "coordinates": [[[77.644753, 12.868505, 0.0], [77.643871, 12.868093, 0.0], [77.643397, 12.867631, 0.0], [77.643116, 12.867617, 0.0], [77.643375, 12.867995, 0.0], [77.643412, 12.868171, 0.0], [77.643004, 12.869344, 0.0], [77.642863, 12.86933, 0.0], [77.642642, 12.869549, 0.0], [77.642635, 12.869687, 0.0], [77.642823, 12.869746, 0.0], [77.643353, 12.869391, 0.0], [77.643605, 12.869341, 0.0], [77.644515, 12.86938, 0.0], [77.645118, 12.869264, 0.0], [77.645098, 12.868741, 0.0], [77.645017, 12.868562, 0.0], [77.644753, 12.868505, 0.0]]]}}, {"type": "Feature", "properties": {"name": "Basapura Kere-1", "area_acres": 5.53, "status": "Developed Lake", "custodian": "BBMP", "Category": "kere", "valley": "Koramangala Challaghatta Valley", "subvalley": "KC_1", "ward_name": "34 - Chikkathoguru", "Corporation": "South"}, "geometry": {"type": "Polygon", "coordinates": [[[77.648981, 12.869988, 0.0], [77.648764, 12.870239, 0.0], [77.649465, 12.870097, 0.0], [77.649964, 12.870291, 0.0], [77.650711, 12.870275, 0.0], [77.650763, 12.869963, 0.0], [77.650689, 12.86974, 0.0], [77.650518, 12.869599, 0.0], [77.650492, 12.869437, 0.0], [77.64963, 12.86884, 0.0], [77.649314, 12.868399, 0.0], [77.649225, 12.8684, 0.0], [77.64928, 12.868633, 0.0], [77.649158, 12.869629, 0.0], [77.648981, 12.869988, 0.0]]]}}, {"type": "Feature", "properties": {"name": "Basavanapura Kere", "area_acres": 4.78, "status": "To Be Developed", "custodian": "BBMP", "Category": "kere", "valley": "Koramangala Challaghatta Valley", "subvalley": "KC_1", "ward_name": "38 - Doddakammanahalli", "Corporation": "South"}, "geometry": {"type": "Polygon", "coordinates": [[[77.588648, 12.844148, 0.0], [77.588659, 12.844959, 0.0], [77.588625, 12.845203, 0.0], [77.588399, 12.845628, 0.0], [77.588452, 12.845714, 0.0], [77.588623, 12.845687, 0.0], [77.588809, 12.845309, 0.0], [77.589159, 12.845144, 0.0], [77.589517, 12.845054, 0.0], [77.589932, 12.845104, 0.0], [77.590132, 12.84522, 0.0], [77.589955, 12.844568, 0.0], [77.589656, 12.84385, 0.0], [77.588648, 12.844148, 0.0]]]}}, {"type": "Feature", "properties": {"name": "Begur Kere", "area_acres": 112.72, "status": "Work in Progress", "custodian": "BBMP", "Category": "kere", "valley": "Koramangala Challaghatta Valley", "subvalley": "KC_1", "ward_name": "36 - Beguru", "Corporation": "South"}, "geometry": {"type": "Polygon", "coordinates": [[[77.628475, 12.873794, 0.0], [77.628391, 12.875451, 0.0], [77.627529, 12.877106, 0.0], [77.62765, 12.877535, 0.0], [77.627817, 12.877705, 0.0], [77.630803, 12.878039, 0.0], [77.631056, 12.87796, 0.0], [77.631262, 12.878149, 0.0], [77.631624, 12.878298, 0.0], [77.632549, 12.878212, 0.0], [77.632701, 12.877819, 0.0], [77.6326, 12.87651, 0.0], [77.63265, 12.875735, 0.0], [77.632784, 12.875475, 0.0], [77.633882, 12.874221, 0.0], [77.633246, 12.87309, 0.0], [77.632507, 12.872323, 0.0], [77.632205, 12.872307, 0.0], [77.631743, 12.870973, 0.0], [77.631858, 12.869911, 0.0], [77.631509, 12.869149, 0.0], [77.631443, 12.868395, 0.0], [77.631334, 12.868252, 0.0], [77.630673, 12.868335, 0.0], [77.630447, 12.868663, 0.0], [77.629634, 12.868757, 0.0], [77.629418, 12.869494, 0.0], [77.62908, 12.8699, 0.0], [77.62907, 12.870303, 0.0], [77.628829, 12.870993, 0.0], [77.62886, 12.871107, 0.0], [77.628648, 12.871387, 0.0], [77.628409, 12.872718, 0.0], [77.628475, 12.873794, 0.0]]]}}, {"type": "Feature", "properties": {"name": "Sowl kere", "area_acres": 45.56, "status": "Developed Lake", "custodian": "BBMP", "Category": "kere", "valley": "Koramangala Challaghatta Valley", "subvalley": "KC_2", "ward_name": "49 - Shivanasamudra Ward", "Corporation": "East"}, "geometry": {"type": "Polygon", "coordinates": [[[77.680982, 12.91595, 0.0], [77.680483, 12.915677, 0.0], [77.680093, 12.915656, 0.0], [77.679353, 12.915824, 0.0], [77.678884, 12.915845, 0.0], [77.678793, 12.91693, 0.0], [77.678839, 12.917376, 0.0], [77.678024, 12.917549, 0.0], [77.678002, 12.918063, 0.0], [77.678116, 12.918245, 0.0], [77.678423, 12.918159, 0.0], [77.678602, 12.918286, 0.0], [77.678645, 12.918771, 0.0], [77.678498, 12.91902, 0.0], [77.677994, 12.919126, 0.0], [77.677886, 12.919457, 0.0], [77.677583, 12.919973, 0.0], [77.677516, 12.920285, 0.0], [77.677309, 12.920553, 0.0], [77.677469, 12.920689, 0.0], [77.677643, 12.920562, 0.0], [77.681061, 12.919784, 0.0], [77.682272, 12.919861, 0.0], [77.682581, 12.919484, 0.0], [77.682448, 12.918833, 0.0], [77.68216, 12.918166, 0.0], [77.682146, 12.917708, 0.0], [77.682049, 12.917416, 0.0], [77.681789, 12.917556, 0.0], [77.681601, 12.917366, 0.0], [77.681576, 12.916798, 0.0], [77.681471, 12.916606, 0.0], [77.681201, 12.916409, 0.0], [77.680982, 12.91595, 0.0]]]}}, {"type": "Feature", "properties": {"name": "Bhoganahalli kere", "area_acres": 8.96, "custodian": "BBMP", "Category": "kere", "valley": "Koramangala Challaghatta Valley", "subvalley": "KC_2", "ward_name": "48 - Panathur", "Corporation": "East"}, "geometry": {"type": "Polygon", "coordinates": [[[77.698248, 12.922591, 0.0], [77.698064, 12.922942, 0.0], [77.698826, 12.923843, 0.0], [77.699228, 12.924386, 0.0], [77.699222, 12.924485, 0.0], [77.699589, 12.924897, 0.0], [77.699465, 12.923916, 0.0], [77.699726, 12.923221, 0.0], [77.699984, 12.922856, 0.0], [77.700186, 12.922724, 0.0], [77.69964, 12.922413, 0.0], [77.699121, 12.92189, 0.0], [77.698394, 12.921792, 0.0], [77.698313, 12.921828, 0.0], [77.698248, 12.922591, 0.0]]]}}, {"type": "Feature", "properties": {"name": "Melina Byrasandra (DRDO)", "area_acres": 9.72, "custodian": "BBMP", "Category": "kere", "valley": "Koramangala Challaghatta Valley", "subvalley": "KC_2", "ward_name": "16 - New Thippasandra", "Corporation": "Central"}, "geometry": {"type": "Polygon", "coordinates": [[[77.656051, 12.978919, 0.0], [77.657015, 12.978088, 0.0], [77.657055, 12.977948, 0.0], [77.656799, 12.977906, 0.0], [77.656356, 12.978058, 0.0], [77.656209, 12.978184, 0.0], [77.65525, 12.978605, 0.0], [77.654546, 12.978682, 0.0], [77.654306, 12.978923, 0.0], [77.654226, 12.979621, 0.0], [77.654371, 12.979754, 0.0], [77.655455, 12.980257, 0.0], [77.656101, 12.980476, 0.0], [77.656188, 12.980362, 0.0], [77.656051, 12.978919, 0.0]]]}}, {"type": "Feature", "properties": {"name": "Kelagina Byrasandra", "area_acres": 6.11, "status": "To Be Developed", "custodian": "BBMP", "Category": "kere", "valley": "Koramangala Challaghatta Valley", "subvalley": "KC_2", "ward_name": "16 - New Thippasandra", "Corporation": "Central"}, "geometry": {"type": "Polygon", "coordinates": [[[77.661388, 12.977721, 0.0], [77.661486, 12.978853, 0.0], [77.66186, 12.979108, 0.0], [77.661953, 12.979394, 0.0], [77.662683, 12.979795, 0.0], [77.6628, 12.979766, 0.0], [77.662654, 12.979243, 0.0], [77.662385, 12.97875, 0.0], [77.662389, 12.97859, 0.0], [77.662875, 12.977301, 0.0], [77.662438, 12.977486, 0.0], [77.661388, 12.977721, 0.0]]]}}, {"type": "Feature", "properties": {"name": "Byrasandra Kere", "area_acres": 9.62, "custodian": "BBMP", "Category": "kere", "valley": "Koramangala Challaghatta Valley", "subvalley": "KC_1", "ward_name": "37 - BHEL Ward", "Corporation": "Central"}, "geometry": {"type": "Polygon", "coordinates": [[[77.595395, 12.929467, 0.0], [77.594735, 12.929572, 0.0], [77.594526, 12.930013, 0.0], [77.594372, 12.929989, 0.0], [77.594306, 12.930557, 0.0], [77.594432, 12.930954, 0.0], [77.595452, 12.931149, 0.0], [77.595707, 12.931304, 0.0], [77.596021, 12.931321, 0.0], [77.596317, 12.931236, 0.0], [77.596431, 12.93008, 0.0], [77.59637, 12.92949, 0.0], [77.595395, 12.929467, 0.0]]]}}, {"type": "Feature", "properties": {"name": "Swarna Kunte Gudde Kere", "area_acres": 5.23, "status": "To Be Developed", "custodian": "BBMP", "Category": "kere", "valley": "Koramangala Challaghatta Valley", "subvalley": "KC_1", "ward_name": "37 - Yelenahalli", "Corporation": "South"}, "geometry": {"type": "Polygon", "coordinates": [[[77.606855, 12.862328, 0.0], [77.607503, 12.863347, 0.0], [77.607063, 12.864273, 0.0], [77.60764, 12.863995, 0.0], [77.608282, 12.863833, 0.0], [77.608194, 12.863136, 0.0], [77.608238, 12.862834, 0.0], [77.608368, 12.862623, 0.0], [77.60809, 12.862262, 0.0], [77.607803, 12.862226, 0.0], [77.606855, 12.862328, 0.0]]]}}, {"type": "Feature", "properties": {"name": "Chikkabegur kere", "area_acres": 24.02, "status": "To Be Developed", "custodian": "BBMP", "Category": "kere", "valley": "Koramangala Challaghatta Valley", "subvalley": "KC_1", "ward_name": "35 - Vishwapriya Nagara", "Corporation": "South"}, "geometry": {"type": "Polygon", "coordinates": [[[77.634165, 12.883284, 0.0], [77.635042, 12.884252, 0.0], [77.635372, 12.885206, 0.0], [77.635081, 12.887941, 0.0], [77.635589, 12.88731, 0.0], [77.635982, 12.887055, 0.0], [77.636504, 12.886525, 0.0], [77.637912, 12.885671, 0.0], [77.638147, 12.885426, 0.0], [77.638738, 12.885324, 0.0], [77.638935, 12.884996, 0.0], [77.638692, 12.884733, 0.0], [77.638389, 12.884053, 0.0], [77.636958, 12.884533, 0.0], [77.636707, 12.883763, 0.0], [77.63546, 12.883961, 0.0], [77.634379, 12.88331, 0.0], [77.634165, 12.883284, 0.0]]]}}, {"type": "Feature", "properties": {"name": "Chikkabellanduru kere", "area_acres": 49.88, "custodian": "BBMP", "Category": "kere", "valley": "Koramangala Challaghatta Valley", "subvalley": "KC_2", "ward_name": "50 - Gunjur", "Corporation": "East"}, "geometry": {"type": "Polygon", "coordinates": [[[77.718438, 12.91589, 0.0], [77.719119, 12.91582, 0.0], [77.719625, 12.915576, 0.0], [77.720496, 12.915347, 0.0], [77.721467, 12.91559, 0.0], [77.72182, 12.915555, 0.0], [77.721626, 12.915054, 0.0], [77.721157, 12.914363, 0.0], [77.720901, 12.91367, 0.0], [77.720816, 12.912383, 0.0], [77.720385, 12.9119, 0.0], [77.719988, 12.911277, 0.0], [77.719623, 12.910341, 0.0], [77.719154, 12.909581, 0.0], [77.71908, 12.909303, 0.0], [77.718326, 12.910177, 0.0], [77.718311, 12.91039, 0.0], [77.717509, 12.911686, 0.0], [77.717343, 12.912732, 0.0], [77.717747, 12.914016, 0.0], [77.717705, 12.91519, 0.0], [77.718438, 12.91589, 0.0]]]}}, {"type": "Feature", "properties": {"name": "Chinnappanahalli  kere", "area_acres": 6.27, "custodian": "BBMP", "Category": "kere", "valley": "Koramangala Challaghatta Valley", "subvalley": "KC_2", "ward_name": "42 - Priyadarshini Ward", "Corporation": "East"}, "geometry": {"type": "Polygon", "coordinates": [[[77.70713, 12.966549, 0.0], [77.707332, 12.967156, 0.0], [77.7074, 12.967117, 0.0], [77.707534, 12.966963, 0.0], [77.707695, 12.966127, 0.0], [77.70782, 12.96599, 0.0], [77.708141, 12.96526, 0.0], [77.707968, 12.965171, 0.0], [77.707883, 12.965264, 0.0], [77.707755, 12.965276, 0.0], [77.706264, 12.965167, 0.0], [77.706198, 12.965262, 0.0], [77.706298, 12.965408, 0.0], [77.706492, 12.966405, 0.0], [77.706592, 12.966422, 0.0], [77.706658, 12.96659, 0.0], [77.706919, 12.966498, 0.0], [77.70713, 12.966549, 0.0]]]}}, {"type": "Feature", "properties": {"name": "Chunchaghatta Kere", "area_acres": 13.61, "custodian": "BBMP", "Category": "kere", "valley": "Koramangala Challaghatta Valley", "subvalley": "VV_1", "ward_name": "43 - Bheereshwara Nagar", "Corporation": "South"}, "geometry": {"type": "Polygon", "coordinates": [[[77.574134, 12.887728, 0.0], [77.575124, 12.889147, 0.0], [77.575048, 12.890291, 0.0], [77.575308, 12.891063, 0.0], [77.575482, 12.891338, 0.0], [77.575582, 12.891248, 0.0], [77.575475, 12.89109, 0.0], [77.575378, 12.890245, 0.0], [77.575722, 12.888568, 0.0], [77.575949, 12.887872, 0.0], [77.576217, 12.887411, 0.0], [77.576478, 12.886675, 0.0], [77.576676, 12.886385, 0.0], [77.57642, 12.886282, 0.0], [77.576313, 12.885933, 0.0], [77.57595, 12.886347, 0.0], [77.575439, 12.886611, 0.0], [77.575003, 12.886972, 0.0], [77.574523, 12.887181, 0.0], [77.574378, 12.887169, 0.0], [77.574068, 12.887347, 0.0], [77.574134, 12.887728, 0.0]]]}}, {"type": "Feature", "properties": {"name": "Devarabeesanahalli Kere", "area_acres": 9.55, "status": "Developed Lake", "custodian": "BBMP", "Category": "kere", "valley": "Koramangala Challaghatta Valley", "subvalley": "KC_2", "ward_name": "49 - Shivanasamudra Ward", "Corporation": "East"}, "geometry": {"type": "Polygon", "coordinates": [[[77.687034, 12.923833, 0.0], [77.688574, 12.923179, 0.0], [77.688632, 12.922898, 0.0], [77.688444, 12.922557, 0.0], [77.688215, 12.92241, 0.0], [77.687981, 12.922451, 0.0], [77.68794, 12.922534, 0.0], [77.687364, 12.922409, 0.0], [77.685943, 12.92252, 0.0], [77.686153, 12.923296, 0.0], [77.686212, 12.924474, 0.0], [77.686608, 12.924336, 0.0], [77.686852, 12.923956, 0.0], [77.687034, 12.923833, 0.0]]]}}, {"type": "Feature", "properties": {"name": "Doddakanahalli kere", "area_acres": 18.59, "status": "Developed Lake", "custodian": "BBMP", "Category": "kere", "valley": "Koramangala Challaghatta Valley", "subvalley": "KC_2", "ward_name": "50 - Gunjur", "Corporation": "East"}, "geometry": {"type": "Polygon", "coordinates": [[[77.691331, 12.912683, 0.0], [77.691358, 12.912981, 0.0], [77.692905, 12.912632, 0.0], [77.693566, 12.912642, 0.0], [77.695548, 12.913029, 0.0], [77.695434, 12.912187, 0.0], [77.695019, 12.911647, 0.0], [77.694744, 12.911616, 0.0], [77.69451, 12.911163, 0.0], [77.693529, 12.910835, 0.0], [77.692562, 12.910087, 0.0], [77.692021, 12.912011, 0.0], [77.691778, 12.912356, 0.0], [77.691331, 12.912683, 0.0]]]}}, {"type": "Feature", "properties": {"name": "Doddanekundi kere", "area_acres": 99.43, "custodian": "BBMP", "Category": "kere", "valley": "Koramangala Challaghatta Valley", "subvalley": "KC_2", "ward_name": "43 - Dodda Nekkundi", "Corporation": "East"}, "geometry": {"type": "Polygon", "coordinates": [[[77.686142, 12.978355, 0.0], [77.687057, 12.979037, 0.0], [77.688457, 12.978357, 0.0], [77.688851, 12.977904, 0.0], [77.68906, 12.977318, 0.0], [77.690307, 12.976407, 0.0], [77.691142, 12.976054, 0.0], [77.691538, 12.975715, 0.0], [77.691726, 12.975073, 0.0], [77.691225, 12.972009, 0.0], [77.690991, 12.971631, 0.0], [77.69084, 12.971573, 0.0], [77.690608, 12.972409, 0.0], [77.690132, 12.97271, 0.0], [77.689421, 12.97285, 0.0], [77.689157, 12.972738, 0.0], [77.68878, 12.972446, 0.0], [77.687639, 12.971988, 0.0], [77.68699, 12.971613, 0.0], [77.686831, 12.971366, 0.0], [77.686523, 12.97053, 0.0], [77.686323, 12.970281, 0.0], [77.686235, 12.970282, 0.0], [77.686729, 12.971756, 0.0], [77.68692, 12.973248, 0.0], [77.686155, 12.973744, 0.0], [77.685943, 12.973985, 0.0], [77.68589, 12.974464, 0.0], [77.685659, 12.974743, 0.0], [77.685437, 12.974946, 0.0], [77.684942, 12.975133, 0.0], [77.684429, 12.975502, 0.0], [77.684268, 12.975914, 0.0], [77.684141, 12.975887, 0.0], [77.683948, 12.976099, 0.0], [77.684067, 12.976337, 0.0], [77.684502, 12.97683, 0.0], [77.684694, 12.977468, 0.0], [77.685107, 12.977789, 0.0], [77.686142, 12.978355, 0.0]]]}}, {"type": "Feature", "properties": {"name": "Yelenahalli Kere", "area_acres": 2.93, "status": "To Be Developed", "custodian": "BBMP", "Category": "gokatte", "valley": "Koramangala Challaghatta Valley", "subvalley": "KC_1", "ward_name": "37 - Yelenahalli", "Corporation": "South"}, "geometry": {"type": "Polygon", "coordinates": [[[77.614214, 12.865954, 0.0], [77.614036, 12.866358, 0.0], [77.613587, 12.866596, 0.0], [77.613041, 12.86715, 0.0], [77.613191, 12.867184, 0.0], [77.61386, 12.866983, 0.0], [77.614401, 12.867018, 0.0], [77.614572, 12.866962, 0.0], [77.614693, 12.866445, 0.0], [77.614636, 12.866018, 0.0], [77.614566, 12.865947, 0.0], [77.614214, 12.865954, 0.0]]]}}, {"type": "Feature", "properties": {"name": "Garudachar Palya Kere", "area_acres": 2.86, "status": "Work in Progress", "custodian": "BBMP", "Category": "gokatte", "valley": "Koramangala Challaghatta Valley", "subvalley": "KC_2", "ward_name": "35 - Garudachar Palya", "Corporation": "East"}, "geometry": {"type": "Polygon", "coordinates": [[[77.695515, 12.99075, 0.0], [77.696238, 12.99164, 0.0], [77.696441, 12.991539, 0.0], [77.696305, 12.991209, 0.0], [77.696426, 12.991079, 0.0], [77.696375, 12.990195, 0.0], [77.69498, 12.990489, 0.0], [77.694943, 12.99055, 0.0], [77.695259, 12.990708, 0.0], [77.695515, 12.99075, 0.0]]]}}, {"type": "Feature", "properties": {"name": "Gottigere Kere", "area_acres": 26.01, "status": "Work in Progress", "custodian": "BBMP", "Category": "kere", "valley": "Koramangala Challaghatta Valley", "subvalley": "KC_1", "ward_name": "38 - Doddakammanahalli", "Corporation": "South"}, "geometry": {"type": "Polygon", "coordinates": [[[77.592067, 12.854176, 0.0], [77.590848, 12.851803, 0.0], [77.590516, 12.851349, 0.0], [77.590422, 12.850878, 0.0], [77.590243, 12.850762, 0.0], [77.589464, 12.850726, 0.0], [77.589309, 12.850859, 0.0], [77.589051, 12.851988, 0.0], [77.589392, 12.854437, 0.0], [77.589311, 12.855209, 0.0], [77.589054, 12.855983, 0.0], [77.589057, 12.856234, 0.0], [77.58932, 12.856036, 0.0], [77.590262, 12.854698, 0.0], [77.590695, 12.854424, 0.0], [77.591423, 12.854241, 0.0], [77.591839, 12.854518, 0.0], [77.592434, 12.855884, 0.0], [77.592303, 12.855043, 0.0], [77.592067, 12.854176, 0.0]]]}}, {"type": "Feature", "properties": {"name": "Singasandra Kere", "area_acres": 5.09, "status": "Developed Lake", "custodian": "BBMP", "Category": "kere", "valley": "Koramangala Challaghatta Valley", "subvalley": "KC_1", "ward_name": "67 - Bandepalya", "Corporation": "South"}, "geometry": {"type": "Polygon", "coordinates": [[[77.645587, 12.883054, 0.0], [77.645632, 12.883428, 0.0], [77.645797, 12.88314, 0.0], [77.645824, 12.882396, 0.0], [77.645892, 12.882195, 0.0], [77.646098, 12.881875, 0.0], [77.646203, 12.881864, 0.0], [77.646458, 12.881543, 0.0], [77.646127, 12.881307, 0.0], [77.645567, 12.881355, 0.0], [77.644963, 12.881607, 0.0], [77.644679, 12.88222, 0.0], [77.645269, 12.882701, 0.0], [77.645587, 12.883054, 0.0]]]}}, {"type": "Feature", "properties": {"name": "Gunjuru Karmelaram Kere", "area_acres": 4.66, "custodian": "BBMP", "Category": "kere", "valley": "Koramangala Challaghatta Valley", "subvalley": "KC_2", "ward_name": "50 - Gunjur", "Corporation": "East"}, "geometry": {"type": "Polygon", "coordinates": [[[77.709781, 12.917254, 0.0], [77.711212, 12.918726, 0.0], [77.711288, 12.91863, 0.0], [77.711549, 12.917137, 0.0], [77.709857, 12.917013, 0.0], [77.709872, 12.917123, 0.0], [77.709781, 12.917254, 0.0]]]}}, {"type": "Feature", "properties": {"name": "Gunjur Palya kere", "area_acres": 34.73, "status": "To Be Developed", "custodian": "BBMP", "Category": "kere", "valley": "Koramangala Challaghatta Valley", "subvalley": "KC_2", "ward_name": "50 - Gunjur", "Corporation": "East"}, "geometry": {"type": "Polygon", "coordinates": [[[77.723922, 12.919117, 0.0], [77.72268, 12.918517, 0.0], [77.719694, 12.916735, 0.0], [77.71961, 12.917373, 0.0], [77.719376, 12.917613, 0.0], [77.71935, 12.918046, 0.0], [77.71894, 12.918845, 0.0], [77.722152, 12.921015, 0.0], [77.723769, 12.920627, 0.0], [77.724019, 12.920642, 0.0], [77.724265, 12.920316, 0.0], [77.724204, 12.91966, 0.0], [77.724295, 12.919563, 0.0], [77.723922, 12.919117, 0.0]]]}}, {"type": "Feature", "properties": {"name": "Haraluru kere", "area_acres": 21.35, "status": "Developed Lake", "custodian": "BBMP", "Category": "kere", "valley": "Koramangala Challaghatta Valley", "subvalley": "KC_2", "ward_name": "31 - Kasavanahalli", "Corporation": "South"}, "geometry": {"type": "Polygon", "coordinates": [[[77.662392, 12.898657, 0.0], [77.662502, 12.898177, 0.0], [77.662785, 12.897884, 0.0], [77.663133, 12.897782, 0.0], [77.663752, 12.89741, 0.0], [77.66424, 12.896996, 0.0], [77.664263, 12.896886, 0.0], [77.664481, 12.89679, 0.0], [77.66493, 12.896804, 0.0], [77.664908, 12.896699, 0.0], [77.665014, 12.896607, 0.0], [77.664811, 12.89645, 0.0], [77.664373, 12.896496, 0.0], [77.664273, 12.896392, 0.0], [77.664028, 12.896355, 0.0], [77.663489, 12.895883, 0.0], [77.663026, 12.894521, 0.0], [77.662083, 12.89469, 0.0], [77.661967, 12.895319, 0.0], [77.661891, 12.895395, 0.0], [77.66158, 12.896502, 0.0], [77.661665, 12.897279, 0.0], [77.661944, 12.897733, 0.0], [77.661825, 12.898302, 0.0], [77.662041, 12.899043, 0.0], [77.662432, 12.899605, 0.0], [77.662613, 12.89972, 0.0], [77.662766, 12.899672, 0.0], [77.662392, 12.898657, 0.0]]]}}, {"type": "Feature", "properties": {"name": "Garvebhavipalya Kere", "area_acres": 14.86, "custodian": "BBMP", "Category": "kere", "valley": "Koramangala Challaghatta Valley", "subvalley": "KC_1", "ward_name": "67 - Bandepalya", "Corporation": "South"}, "geometry": {"type": "Polygon", "coordinates": [[[77.63709, 12.897933, 0.0], [77.63772, 12.897193, 0.0], [77.638662, 12.897251, 0.0], [77.638815, 12.897111, 0.0], [77.638826, 12.896935, 0.0], [77.638411, 12.896277, 0.0], [77.638558, 12.895847, 0.0], [77.638269, 12.895345, 0.0], [77.637428, 12.894606, 0.0], [77.637095, 12.894686, 0.0], [77.636361, 12.895688, 0.0], [77.63627, 12.896142, 0.0], [77.636485, 12.896493, 0.0], [77.636569, 12.896477, 0.0], [77.636736, 12.896911, 0.0], [77.636712, 12.897309, 0.0], [77.636801, 12.897818, 0.0], [77.636948, 12.897969, 0.0], [77.63709, 12.897933, 0.0]]]}}, {"type": "Feature", "properties": {"name": "Hulimavu Kere", "area_acres": 96.83, "custodian": "BBMP", "Category": "kere", "valley": "Koramangala Challaghatta Valley", "subvalley": "KC_1", "ward_name": "59 - Vijaya Bank Layout", "Corporation": "South"}, "geometry": {"type": "Polygon", "coordinates": [[[77.603231, 12.866287, 0.0], [77.602608, 12.866933, 0.0], [77.601892, 12.867293, 0.0], [77.60122, 12.867521, 0.0], [77.601062, 12.8675, 0.0], [77.601389, 12.868732, 0.0], [77.601946, 12.870215, 0.0], [77.602412, 12.872197, 0.0], [77.602514, 12.873485, 0.0], [77.60297, 12.874507, 0.0], [77.603002, 12.875446, 0.0], [77.603828, 12.874069, 0.0], [77.604163, 12.873889, 0.0], [77.604926, 12.873683, 0.0], [77.605375, 12.873656, 0.0], [77.606587, 12.873402, 0.0], [77.607083, 12.873529, 0.0], [77.607852, 12.873985, 0.0], [77.608443, 12.874191, 0.0], [77.608424, 12.873964, 0.0], [77.607721, 12.873406, 0.0], [77.60724, 12.872417, 0.0], [77.607319, 12.872009, 0.0], [77.607316, 12.871627, 0.0], [77.607234, 12.871383, 0.0], [77.606427, 12.870782, 0.0], [77.606375, 12.870621, 0.0], [77.606595, 12.870236, 0.0], [77.605835, 12.869245, 0.0], [77.605661, 12.86887, 0.0], [77.605132, 12.868238, 0.0], [77.605158, 12.867979, 0.0], [77.605078, 12.86794, 0.0], [77.604469, 12.86568, 0.0], [77.60428, 12.865783, 0.0], [77.604071, 12.866029, 0.0], [77.603618, 12.866092, 0.0], [77.603231, 12.866287, 0.0]]]}}, {"type": "Feature", "properties": {"name": "Ibblur Kere", "area_acres": 5.66, "status": "Work in Progress", "custodian": "BBMP", "Category": "kere", "valley": "Koramangala Challaghatta Valley", "subvalley": "KC_1", "ward_name": "70 - Iblur", "Corporation": "South"}, "geometry": {"type": "Polygon", "coordinates": [[[77.665594, 12.922861, 0.0], [77.667838, 12.922952, 0.0], [77.667896, 12.922923, 0.0], [77.667647, 12.922209, 0.0], [77.66614, 12.921475, 0.0], [77.666191, 12.921712, 0.0], [77.666111, 12.922377, 0.0], [77.665547, 12.922633, 0.0], [77.665594, 12.922861, 0.0]]]}}, {"type": "Feature", "properties": {"name": "Sarakki Kere", "area_acres": 56.89, "status": "Work in Progress", "custodian": "BBMP", "Category": "kere", "valley": "Koramangala Challaghatta Valley", "subvalley": "VV_1", "ward_name": "53 - Jaraganahalli", "Corporation": "South"}, "geometry": {"type": "Polygon", "coordinates": [[[77.58021, 12.901779, 0.0], [77.581086, 12.901683, 0.0], [77.581462, 12.899926, 0.0], [77.581602, 12.898731, 0.0], [77.581111, 12.89817, 0.0], [77.576495, 12.89601, 0.0], [77.574713, 12.894841, 0.0], [77.574679, 12.895188, 0.0], [77.576283, 12.896905, 0.0], [77.577265, 12.898465, 0.0], [77.577704, 12.899584, 0.0], [77.577903, 12.899879, 0.0], [77.578073, 12.901936, 0.0], [77.579175, 12.901735, 0.0], [77.58021, 12.901779, 0.0]]]}}, {"type": "Feature", "properties": {"name": "Junnasandra Kere", "area_acres": 29.85, "custodian": "BBMP", "Category": "kere", "valley": "Koramangala Challaghatta Valley", "subvalley": "KC_2", "ward_name": "31 - Kasavanahalli", "Corporation": "South"}, "geometry": {"type": "Polygon", "coordinates": [[[77.679864, 12.903343, 0.0], [77.681748, 12.903433, 0.0], [77.681342, 12.901963, 0.0], [77.682045, 12.899882, 0.0], [77.680748, 12.898523, 0.0], [77.679213, 12.900153, 0.0], [77.67886, 12.901173, 0.0], [77.679864, 12.903343, 0.0]]]}}, {"type": "Feature", "properties": {"name": "Kaggadasapura kere", "area_acres": 32.94, "status": "To Be Developed", "custodian": "BBMP", "Category": "kere", "valley": "Koramangala Challaghatta Valley", "subvalley": "KC_2", "ward_name": "17 - Kaggadasapura", "Corporation": "Central"}, "geometry": {"type": "Polygon", "coordinates": [[[77.671336, 12.983134, 0.0], [77.672252, 12.982192, 0.0], [77.67279, 12.981885, 0.0], [77.673686, 12.981647, 0.0], [77.67372, 12.981423, 0.0], [77.672134, 12.981321, 0.0], [77.671853, 12.980852, 0.0], [77.671937, 12.980349, 0.0], [77.67167, 12.979508, 0.0], [77.672013, 12.978505, 0.0], [77.672268, 12.978005, 0.0], [77.671855, 12.97848, 0.0], [77.670903, 12.979202, 0.0], [77.670468, 12.979372, 0.0], [77.670398, 12.979491, 0.0], [77.670132, 12.979547, 0.0], [77.670115, 12.98032, 0.0], [77.669081, 12.980705, 0.0], [77.669178, 12.983228, 0.0], [77.669498, 12.983225, 0.0], [77.669779, 12.982995, 0.0], [77.670283, 12.983669, 0.0], [77.670643, 12.983609, 0.0], [77.670935, 12.98334, 0.0], [77.671336, 12.983134, 0.0]]]}}, {"type": "Feature", "properties": {"name": "Kaigondanahalli Kere", "area_acres": 40.12, "status": "Developed Lake", "custodian": "BBMP", "Category": "kere", "valley": "Koramangala Challaghatta Valley", "subvalley": "KC_2", "ward_name": "31 - Kasavanahalli", "Corporation": "South"}, "geometry": {"type": "Polygon", "coordinates": [[[77.6707, 12.912452, 0.0], [77.671063, 12.912998, 0.0], [77.671586, 12.9136, 0.0], [77.671743, 12.913722, 0.0], [77.67225, 12.913899, 0.0], [77.673102, 12.914689, 0.0], [77.673581, 12.915535, 0.0], [77.673555, 12.915746, 0.0], [77.675869, 12.91438, 0.0], [77.675755, 12.914087, 0.0], [77.675187, 12.913566, 0.0], [77.674547, 12.913296, 0.0], [77.674073, 12.912475, 0.0], [77.672036, 12.910812, 0.0], [77.671725, 12.910784, 0.0], [77.671345, 12.910625, 0.0], [77.670302, 12.910677, 0.0], [77.669764, 12.911184, 0.0], [77.6698, 12.911603, 0.0], [77.6707, 12.912452, 0.0]]]}}, {"type": "Feature", "properties": {"name": "Kalena Agrahara Kere", "area_acres": 3.62, "status": "Work in Progress", "custodian": "BBMP", "Category": "kere", "valley": "Koramangala Challaghatta Valley", "subvalley": "KC_1", "ward_name": "37 - Yelenahalli", "Corporation": "South"}, "geometry": {"type": "Polygon", "coordinates": [[[77.589281, 12.865872, 0.0], [77.58944, 12.866333, 0.0], [77.589772, 12.866524, 0.0], [77.590013, 12.865955, 0.0], [77.590424, 12.86542, 0.0], [77.591202, 12.865254, 0.0], [77.591201, 12.865147, 0.0], [77.59079, 12.865166, 0.0], [77.590355, 12.865302, 0.0], [77.589878, 12.865216, 0.0], [77.58957, 12.865051, 0.0], [77.589192, 12.864647, 0.0], [77.589281, 12.865872, 0.0]]]}}, {"type": "Feature", "properties": {"name": "Kammanahalli Kere (Meenakshi Kere)", "area_acres": 14.18, "status": "To Be Developed", "custodian": "BBMP", "Category": "kere", "valley": "Koramangala Challaghatta Valley", "subvalley": "KC_1", "ward_name": "38 - Doddakammanahalli", "Corporation": "South"}, "geometry": {"type": "Polygon", "coordinates": [[[77.603481, 12.853927, 0.0], [77.603382, 12.854103, 0.0], [77.603368, 12.855342, 0.0], [77.60304, 12.855449, 0.0], [77.603007, 12.855516, 0.0], [77.60281, 12.855499, 0.0], [77.602755, 12.855718, 0.0], [77.602092, 12.856333, 0.0], [77.601855, 12.85686, 0.0], [77.601879, 12.857242, 0.0], [77.601715, 12.857371, 0.0], [77.60185, 12.857659, 0.0], [77.602094, 12.857632, 0.0], [77.602281, 12.857412, 0.0], [77.602612, 12.856289, 0.0], [77.602788, 12.856208, 0.0], [77.603186, 12.856196, 0.0], [77.604079, 12.856362, 0.0], [77.604552, 12.856631, 0.0], [77.604874, 12.857045, 0.0], [77.604925, 12.856873, 0.0], [77.60485, 12.85612, 0.0], [77.604734, 12.855651, 0.0], [77.604818, 12.855137, 0.0], [77.604565, 12.854276, 0.0], [77.604208, 12.853935, 0.0], [77.603675, 12.853852, 0.0], [77.603481, 12.853927, 0.0]]]}}, {"type": "Feature", "properties": {"name": "Kasavanahalli kere", "area_acres": 31.59, "status": "Developed Lake", "custodian": "BBMP", "Category": "kere", "valley": "Koramangala Challaghatta Valley", "subvalley": "KC_2", "ward_name": "31 - Kasavanahalli", "Corporation": "South"}, "geometry": {"type": "Polygon", "coordinates": [[[77.66647, 12.906231, 0.0], [77.666532, 12.906055, 0.0], [77.667547, 12.905681, 0.0], [77.667883, 12.905852, 0.0], [77.66799, 12.905807, 0.0], [77.668509, 12.90599, 0.0], [77.669037, 12.905669, 0.0], [77.669854, 12.905433, 0.0], [77.670061, 12.905127, 0.0], [77.669342, 12.904411, 0.0], [77.668927, 12.903466, 0.0], [77.668242, 12.902297, 0.0], [77.667826, 12.902145, 0.0], [77.666616, 12.902685, 0.0], [77.666404, 12.90342, 0.0], [77.666103, 12.903939, 0.0], [77.666063, 12.904269, 0.0], [77.666269, 12.905009, 0.0], [77.666249, 12.905329, 0.0], [77.666105, 12.905487, 0.0], [77.666105, 12.907123, 0.0], [77.666122, 12.907053, 0.0], [77.666339, 12.907416, 0.0], [77.666549, 12.907205, 0.0], [77.66647, 12.906231, 0.0]]]}}, {"type": "Feature", "properties": {"name": "Kodagi Singasandra kere", "area_acres": 7.24, "status": "Developed Lake", "custodian": "BBMP", "Category": "kere", "valley": "Koramangala Challaghatta Valley", "subvalley": "KC_1", "ward_name": "66 - Singasandra", "Corporation": "South"}, "geometry": {"type": "Polygon", "coordinates": [[[77.641932, 12.879502, 0.0], [77.642036, 12.880087, 0.0], [77.642169, 12.880099, 0.0], [77.642268, 12.879177, 0.0], [77.642932, 12.877746, 0.0], [77.642907, 12.877137, 0.0], [77.6428, 12.877051, 0.0], [77.642165, 12.877155, 0.0], [77.641808, 12.87731, 0.0], [77.641259, 12.877339, 0.0], [77.640808, 12.877802, 0.0], [77.641423, 12.877825, 0.0], [77.641639, 12.878096, 0.0], [77.641962, 12.878952, 0.0], [77.641932, 12.879502, 0.0]]]}}, {"type": "Feature", "properties": {"name": "Kudlu Doddakere", "area_acres": 34.29, "status": "Developed Lake", "custodian": "BBMP", "Category": "kere", "valley": "Koramangala Challaghatta Valley", "subvalley": "KC_2", "ward_name": "32 - Kudlu", "Corporation": "South"}, "geometry": {"type": "Polygon", "coordinates": [[[77.666125, 12.886221, 0.0], [77.666827, 12.886662, 0.0], [77.667273, 12.887129, 0.0], [77.667589, 12.887606, 0.0], [77.667715, 12.887973, 0.0], [77.668162, 12.888048, 0.0], [77.667, 12.88626, 0.0], [77.666555, 12.885707, 0.0], [77.66653, 12.885412, 0.0], [77.666295, 12.88498, 0.0], [77.666224, 12.884666, 0.0], [77.66631, 12.88364, 0.0], [77.666205, 12.883303, 0.0], [77.664073, 12.882997, 0.0], [77.663451, 12.882655, 0.0], [77.662861, 12.882452, 0.0], [77.662587, 12.882465, 0.0], [77.662445, 12.882608, 0.0], [77.662677, 12.883339, 0.0], [77.66311, 12.884021, 0.0], [77.663583, 12.885092, 0.0], [77.663777, 12.886621, 0.0], [77.66367, 12.887069, 0.0], [77.663743, 12.887267, 0.0], [77.664014, 12.887036, 0.0], [77.664384, 12.886535, 0.0], [77.665192, 12.886248, 0.0], [77.666125, 12.886221, 0.0]]]}}, {"type": "Feature", "properties": {"name": "Konanakunte  kere", "area_acres": 6.57, "status": "To Be Developed", "custodian": "BBMP", "Category": "kere", "valley": "Koramangala Challaghatta Valley", "subvalley": "VV_1", "ward_name": "45 - Konanakunte", "Corporation": "South"}, "geometry": {"type": "Polygon", "coordinates": [[[77.568379, 12.892429, 0.0], [77.568756, 12.892411, 0.0], [77.568905, 12.891394, 0.0], [77.569179, 12.890836, 0.0], [77.569272, 12.890222, 0.0], [77.567845, 12.890474, 0.0], [77.567748, 12.890869, 0.0], [77.567845, 12.891739, 0.0], [77.568203, 12.892063, 0.0], [77.568379, 12.892429, 0.0]]]}}, {"type": "Feature", "properties": {"name": "Kothanaru Kere", "area_acres": 11.65, "status": "To Be Developed", "custodian": "BBMP", "Category": "kere", "valley": "Koramangala Challaghatta Valley", "subvalley": "VV_1", "ward_name": "44 - Harinagar", "Corporation": "South"}, "geometry": {"type": "Polygon", "coordinates": [[[77.579086, 12.872768, 0.0], [77.578857, 12.8736, 0.0], [77.578855, 12.874583, 0.0], [77.578633, 12.875238, 0.0], [77.579388, 12.874761, 0.0], [77.579617, 12.874724, 0.0], [77.580424, 12.875033, 0.0], [77.581214, 12.875152, 0.0], [77.581399, 12.875301, 0.0], [77.581334, 12.874886, 0.0], [77.580706, 12.874433, 0.0], [77.580217, 12.873716, 0.0], [77.580199, 12.87338, 0.0], [77.579784, 12.872638, 0.0], [77.579574, 12.871965, 0.0], [77.579115, 12.871976, 0.0], [77.579086, 12.872768, 0.0]]]}}, {"type": "Feature", "properties": {"name": "Kundalahalli kere", "area_acres": 17.63, "status": "Developed Lake", "custodian": "BBMP", "Category": "kere", "valley": "Koramangala Challaghatta Valley", "subvalley": "KC_2", "ward_name": "37 - Kundalahalli", "Corporation": "East"}, "geometry": {"type": "Polygon", "coordinates": [[[77.720331, 12.971838, 0.0], [77.720626, 12.971936, 0.0], [77.720896, 12.971443, 0.0], [77.721062, 12.970731, 0.0], [77.720809, 12.970411, 0.0], [77.720904, 12.970141, 0.0], [77.721231, 12.97, 0.0], [77.721384, 12.968911, 0.0], [77.721547, 12.968808, 0.0], [77.721532, 12.968533, 0.0], [77.721403, 12.967847, 0.0], [77.721316, 12.967734, 0.0], [77.720328, 12.967613, 0.0], [77.719547, 12.966934, 0.0], [77.719462, 12.966953, 0.0], [77.720091, 12.967699, 0.0], [77.720139, 12.968165, 0.0], [77.720097, 12.969414, 0.0], [77.720046, 12.969672, 0.0], [77.719444, 12.969842, 0.0], [77.719309, 12.970169, 0.0], [77.71929, 12.970803, 0.0], [77.71959, 12.970943, 0.0], [77.719599, 12.971786, 0.0], [77.720331, 12.971838, 0.0]]]}}, {"type": "Feature", "properties": {"name": "Haralakunte Kere (Somasandra Palya Kere)", "area_acres": 7.11, "status": "Work in Progress", "custodian": "BBMP", "Category": "kere", "valley": "Koramangala Challaghatta Valley", "subvalley": "KC_1", "ward_name": "69 - Hosapalya", "Corporation": "South"}, "geometry": {"type": "Polygon", "coordinates": [[[77.64809, 12.897611, 0.0], [77.647583, 12.897623, 0.0], [77.647454, 12.897722, 0.0], [77.647288, 12.899082, 0.0], [77.64733, 12.899243, 0.0], [77.6478, 12.899334, 0.0], [77.648844, 12.899327, 0.0], [77.648911, 12.899248, 0.0], [77.648787, 12.898412, 0.0], [77.648577, 12.897724, 0.0], [77.64809, 12.897611, 0.0]]]}}, {"type": "Feature", "properties": {"name": "Mahadevapura  Kere-1", "area_acres": 18.05, "status": "Developed Lake", "custodian": "BBMP", "Category": "kere", "valley": "Koramangala Challaghatta Valley", "subvalley": "KC_2", "ward_name": "22 - Mahadevapura", "Corporation": "East"}, "geometry": {"type": "Polygon", "coordinates": [[[77.691491, 12.988593, 0.0], [77.691814, 12.988521, 0.0], [77.692254, 12.988918, 0.0], [77.693354, 12.988591, 0.0], [77.693563, 12.988401, 0.0], [77.693484, 12.987934, 0.0], [77.693591, 12.985891, 0.0], [77.693525, 12.985332, 0.0], [77.693345, 12.985385, 0.0], [77.692734, 12.986236, 0.0], [77.692471, 12.98627, 0.0], [77.691472, 12.986741, 0.0], [77.690878, 12.986652, 0.0], [77.690614, 12.98695, 0.0], [77.691091, 12.987744, 0.0], [77.691491, 12.988593, 0.0]]]}}, {"type": "Feature", "properties": {"name": "Munnekolalu kere", "area_acres": 11.71, "status": "Developed Lake", "custodian": "BBMP", "Category": "kere", "valley": "Koramangala Challaghatta Valley", "subvalley": "KC_2", "ward_name": "42 - Priyadarshini Ward", "Corporation": "East"}, "geometry": {"type": "Polygon", "coordinates": [[[77.707187, 12.961379, 0.0], [77.707368, 12.961601, 0.0], [77.707529, 12.962001, 0.0], [77.707817, 12.962154, 0.0], [77.708835, 12.961946, 0.0], [77.709604, 12.95994, 0.0], [77.708335, 12.960131, 0.0], [77.707605, 12.960105, 0.0], [77.706971, 12.959935, 0.0], [77.70687, 12.960071, 0.0], [77.707066, 12.960376, 0.0], [77.707237, 12.960937, 0.0], [77.707187, 12.961379, 0.0]]]}}, {"type": "Feature", "properties": {"name": "Konappana agrahara Kere", "area_acres": 3.26, "status": "To Be Developed", "custodian": "BBMP", "Category": "kere", "valley": "Koramangala Challaghatta Valley", "subvalley": "KC_2", "ward_name": "33 - Naganathapura", "Corporation": "South"}, "geometry": {"type": "Polygon", "coordinates": [[[77.669109, 12.87871, 0.0], [77.66916, 12.878223, 0.0], [77.669377, 12.878068, 0.0], [77.669225, 12.877971, 0.0], [77.668825, 12.878039, 0.0], [77.668766, 12.877884, 0.0], [77.668116, 12.877959, 0.0], [77.668233, 12.878388, 0.0], [77.668355, 12.87844, 0.0], [77.668404, 12.87911, 0.0], [77.669423, 12.879105, 0.0], [77.669493, 12.879021, 0.0], [77.669479, 12.87879, 0.0], [77.669109, 12.87871, 0.0]]]}}, {"type": "Feature", "properties": {"name": "Nallurahalli kere", "area_acres": 23.14, "status": "To Be Developed", "custodian": "BBMP", "Category": "kere", "valley": "Koramangala Challaghatta Valley", "subvalley": "KC_2", "ward_name": "33 - S.M Krishna Ward", "Corporation": "East"}, "geometry": {"type": "Polygon", "coordinates": [[[77.733929, 12.974703, 0.0], [77.734055, 12.975717, 0.0], [77.734158, 12.975862, 0.0], [77.735454, 12.975757, 0.0], [77.735965, 12.975828, 0.0], [77.736627, 12.975474, 0.0], [77.737061, 12.974842, 0.0], [77.737479, 12.97438, 0.0], [77.738088, 12.973924, 0.0], [77.738371, 12.973992, 0.0], [77.739689, 12.973598, 0.0], [77.739354, 12.973444, 0.0], [77.737883, 12.973366, 0.0], [77.737478, 12.973447, 0.0], [77.737015, 12.973763, 0.0], [77.736373, 12.97388, 0.0], [77.736116, 12.973851, 0.0], [77.735421, 12.973519, 0.0], [77.735027, 12.973091, 0.0], [77.734645, 12.972838, 0.0], [77.734523, 12.972859, 0.0], [77.734455, 12.973733, 0.0], [77.734188, 12.974385, 0.0], [77.733929, 12.974703, 0.0]]]}}, {"type": "Feature", "properties": {"name": "Nyanappanahalli / Akshayanagara Kere", "area_acres": 3.13, "status": "To Be Developed", "custodian": "BBMP", "Category": "kere", "valley": "Koramangala Challaghatta Valley", "subvalley": "KC_1", "ward_name": "59 - Vijaya Bank Layout", "Corporation": "South"}, "geometry": {"type": "Polygon", "coordinates": [[[77.613323, 12.872441, 0.0], [77.613364, 12.872543, 0.0], [77.613555, 12.872132, 0.0], [77.61381, 12.871928, 0.0], [77.6148, 12.872089, 0.0], [77.615016, 12.872193, 0.0], [77.615112, 12.872147, 0.0], [77.61513, 12.871875, 0.0], [77.615028, 12.871561, 0.0], [77.614531, 12.871263, 0.0], [77.614312, 12.871242, 0.0], [77.613821, 12.871344, 0.0], [77.613728, 12.871396, 0.0], [77.613323, 12.872441, 0.0]]]}}, {"type": "Feature", "properties": {"name": "Panathur Govt Kere", "area_acres": 16.74, "status": "Work in Progress", "custodian": "BBMP", "Category": "kere", "valley": "Koramangala Challaghatta Valley", "subvalley": "KC_2", "ward_name": "48 - Panathur", "Corporation": "East"}, "geometry": {"type": "MultiPolygon", "coordinates": [[[[77.708002, 12.932385, 0.0], [77.708686, 12.932224, 0.0], [77.709006, 12.932032, 0.0], [77.709322, 12.93135, 0.0], [77.70897, 12.931113, 0.0], [77.709041, 12.930972, 0.0], [77.708025, 12.930262, 0.0], [77.707895, 12.930292, 0.0], [77.708022, 12.931223, 0.0], [77.708002, 12.932385, 0.0]]], [[[77.706105, 12.933631, 0.0], [77.706369, 12.933539, 0.0], [77.706633, 12.932797, 0.0], [77.707177, 12.93257, 0.0], [77.707443, 12.932295, 0.0], [77.707605, 12.93186, 0.0], [77.707697, 12.931217, 0.0], [77.707595, 12.930912, 0.0], [77.707495, 12.930092, 0.0], [77.707383, 12.929939, 0.0], [77.707037, 12.929906, 0.0], [77.706789, 12.930209, 0.0], [77.706742, 12.930708, 0.0], [77.706478, 12.93095, 0.0], [77.705981, 12.931132, 0.0], [77.705934, 12.931631, 0.0], [77.706105, 12.933631, 0.0]]]]}}, {"type": "Feature", "properties": {"name": "Parapana Agahara Kere", "area_acres": 13.26, "status": "Developed Lake", "custodian": "BBMP", "Category": "kere", "valley": "Koramangala Challaghatta Valley", "subvalley": "KC_2", "ward_name": "33 - Naganathapura", "Corporation": "South"}, "geometry": {"type": "Polygon", "coordinates": [[[77.661266, 12.877511, 0.0], [77.660238, 12.877591, 0.0], [77.659973, 12.877471, 0.0], [77.659649, 12.877519, 0.0], [77.659887, 12.877908, 0.0], [77.66012, 12.878684, 0.0], [77.660274, 12.879548, 0.0], [77.66032, 12.880673, 0.0], [77.660543, 12.88046, 0.0], [77.660573, 12.879955, 0.0], [77.661819, 12.879286, 0.0], [77.662229, 12.879156, 0.0], [77.662584, 12.879735, 0.0], [77.662805, 12.87964, 0.0], [77.662604, 12.879178, 0.0], [77.662045, 12.878463, 0.0], [77.661545, 12.877475, 0.0], [77.661377, 12.877412, 0.0], [77.661266, 12.877511, 0.0]]]}}, {"type": "Feature", "properties": {"name": "Pattaduru Agrahara kere - 124", "area_acres": 9.03, "custodian": "BBMP", "Category": "kere", "valley": "Koramangala Challaghatta Valley", "subvalley": "KC_2", "ward_name": "33 - S.M Krishna Ward", "Corporation": "East"}, "geometry": {"type": "Polygon", "coordinates": [[[77.737727, 12.980733, 0.0], [77.739063, 12.981057, 0.0], [77.73898, 12.980782, 0.0], [77.739256, 12.980058, 0.0], [77.739271, 12.979811, 0.0], [77.739265, 12.979276, 0.0], [77.739127, 12.979042, 0.0], [77.739102, 12.978795, 0.0], [77.738935, 12.978541, 0.0], [77.738484, 12.979228, 0.0], [77.736993, 12.980018, 0.0], [77.737137, 12.980405, 0.0], [77.737727, 12.980733, 0.0]]]}}, {"type": "Feature", "properties": {"name": "Siddapura kere", "area_acres": 17.76, "status": "Work in Progress", "custodian": "BBMP", "Category": "kere", "valley": "Koramangala Challaghatta Valley", "subvalley": "KC_2", "ward_name": "37 - Kundalahalli", "Corporation": "East"}, "geometry": {"type": "Polygon", "coordinates": [[[77.724553, 12.959031, 0.0], [77.724266, 12.959285, 0.0], [77.724235, 12.959784, 0.0], [77.724624, 12.960798, 0.0], [77.724993, 12.959968, 0.0], [77.725189, 12.960002, 0.0], [77.725536, 12.959884, 0.0], [77.725933, 12.959609, 0.0], [77.726132, 12.959301, 0.0], [77.72635, 12.95927, 0.0], [77.726579, 12.95899, 0.0], [77.72716, 12.957688, 0.0], [77.727261, 12.957616, 0.0], [77.727303, 12.957459, 0.0], [77.72723, 12.957307, 0.0], [77.726982, 12.957263, 0.0], [77.726279, 12.957398, 0.0], [77.724909, 12.95739, 0.0], [77.72411, 12.956915, 0.0], [77.72382, 12.956947, 0.0], [77.723874, 12.957288, 0.0], [77.724304, 12.957397, 0.0], [77.724549, 12.957936, 0.0], [77.72475, 12.958098, 0.0], [77.72487, 12.958082, 0.0], [77.725002, 12.958166, 0.0], [77.725113, 12.95835, 0.0], [77.725013, 12.958529, 0.0], [77.724624, 12.958768, 0.0], [77.724553, 12.959031, 0.0]]]}}, {"type": "Feature", "properties": {"name": "Subbarayana Kere", "area_acres": 2.84, "custodian": "BBMP", "Category": "gokatte", "valley": "Koramangala Challaghatta Valley", "subvalley": "KC_1", "ward_name": "41 - Kothanur", "Corporation": "South"}, "geometry": {"type": "Polygon", "coordinates": [[[77.584417, 12.86403, 0.0], [77.584679, 12.86406, 0.0], [77.585097, 12.864459, 0.0], [77.585465, 12.864607, 0.0], [77.585481, 12.864408, 0.0], [77.585068, 12.863401, 0.0], [77.585079, 12.862684, 0.0], [77.584873, 12.862822, 0.0], [77.584609, 12.863216, 0.0], [77.584472, 12.863593, 0.0], [77.584417, 12.86403, 0.0]]]}}, {"type": "Feature", "properties": {"name": "Ulsoor Kere", "area_acres": 91.1, "status": "Developed Lake", "custodian": "BBMP", "Category": "kere", "valley": "Koramangala Challaghatta Valley", "subvalley": "KC_1", "ward_name": "7 - K Kamaraj Ward", "Corporation": "Central"}, "geometry": {"type": "Polygon", "coordinates": [[[77.619857, 12.98612, 0.0], [77.619886, 12.986731, 0.0], [77.620222, 12.986946, 0.0], [77.621139, 12.987243, 0.0], [77.622298, 12.987318, 0.0], [77.622112, 12.986578, 0.0], [77.622058, 12.985727, 0.0], [77.621732, 12.984397, 0.0], [77.621774, 12.984135, 0.0], [77.621681, 12.983699, 0.0], [77.621834, 12.983435, 0.0], [77.622166, 12.983257, 0.0], [77.62214, 12.982952, 0.0], [77.622286, 12.981946, 0.0], [77.622395, 12.981704, 0.0], [77.622348, 12.981465, 0.0], [77.621964, 12.980966, 0.0], [77.621424, 12.980513, 0.0], [77.620996, 12.980015, 0.0], [77.620453, 12.97919, 0.0], [77.620201, 12.978538, 0.0], [77.620182, 12.977806, 0.0], [77.62002, 12.977196, 0.0], [77.619596, 12.978183, 0.0], [77.618273, 12.980501, 0.0], [77.617218, 12.980828, 0.0], [77.616831, 12.981094, 0.0], [77.616609, 12.981151, 0.0], [77.616379, 12.981448, 0.0], [77.616046, 12.981605, 0.0], [77.615817, 12.982022, 0.0], [77.615954, 12.982348, 0.0], [77.616514, 12.982681, 0.0], [77.618906, 12.984633, 0.0], [77.619857, 12.98612, 0.0]]]}}, {"type": "Feature", "properties": {"name": "Vibhutipura kere", "area_acres": 31.08, "status": "Work in Progress", "custodian": "BBMP", "Category": "kere", "valley": "Koramangala Challaghatta Valley", "subvalley": "KC_2", "ward_name": "24 - Vignananagara", "Corporation": "East"}, "geometry": {"type": "Polygon", "coordinates": [[[77.678026, 12.967522, 0.0], [77.677918, 12.966172, 0.0], [77.677081, 12.966328, 0.0], [77.676709, 12.966742, 0.0], [77.675946, 12.966765, 0.0], [77.674547, 12.967016, 0.0], [77.674173, 12.967449, 0.0], [77.674195, 12.967766, 0.0], [77.674781, 12.96832, 0.0], [77.675399, 12.969284, 0.0], [77.678005, 12.969126, 0.0], [77.678, 12.9695, 0.0], [77.678277, 12.969637, 0.0], [77.67872, 12.969253, 0.0], [77.67885, 12.968996, 0.0], [77.679901, 12.968949, 0.0], [77.680621, 12.969146, 0.0], [77.682009, 12.969085, 0.0], [77.681693, 12.968855, 0.0], [77.681273, 12.968766, 0.0], [77.67839, 12.968619, 0.0], [77.678026, 12.967522, 0.0]]]}}, {"type": "Feature", "properties": {"name": "Mangammana Palya Kere", "area_acres": 4.61, "custodian": "BBMP", "Category": "kere", "valley": "Koramangala Challaghatta Valley", "subvalley": "KC_1", "ward_name": "68 - Mangammana Palya", "Corporation": "South"}, "geometry": {"type": "Polygon", "coordinates": [[[77.639406, 12.901462, 0.0], [77.639096, 12.90136, 0.0], [77.639037, 12.901425, 0.0], [77.638747, 12.902918, 0.0], [77.639073, 12.902961, 0.0], [77.63984, 12.902852, 0.0], [77.640131, 12.901799, 0.0], [77.639859, 12.901613, 0.0], [77.639616, 12.901607, 0.0], [77.639406, 12.901462, 0.0]]]}}, {"type": "Feature", "properties": {"name": "Kudlu Chikka Kere", "area_acres": 7.46, "custodian": "BBMP", "Category": "kere", "valley": "Koramangala Challaghatta Valley", "subvalley": "KC_2", "ward_name": "32 - Kudlu", "Corporation": "South"}, "geometry": {"type": "Polygon", "coordinates": [[[77.655579, 12.892412, 0.0], [77.655623, 12.891748, 0.0], [77.655857, 12.890746, 0.0], [77.654788, 12.89068, 0.0], [77.654163, 12.890776, 0.0], [77.654117, 12.890926, 0.0], [77.654318, 12.891475, 0.0], [77.654393, 12.891979, 0.0], [77.655574, 12.892832, 0.0], [77.655882, 12.893207, 0.0], [77.656123, 12.893332, 0.0], [77.655662, 12.892662, 0.0], [77.655579, 12.892412, 0.0]]]}}, {"type": "Feature", "properties": {"name": "Subbedarana kere", "area_acres": 9.33, "status": "To Be Developed", "custodian": "BBMP", "Category": "kere", "valley": "Koramangala Challaghatta Valley", "subvalley": "KC_1", "ward_name": "37 - Yelenahalli", "Corporation": "South"}, "geometry": {"type": "Polygon", "coordinates": [[[77.617192, 12.85853, 0.0], [77.616231, 12.859233, 0.0], [77.615876, 12.85961, 0.0], [77.615319, 12.859929, 0.0], [77.615233, 12.860291, 0.0], [77.615315, 12.860655, 0.0], [77.615781, 12.860813, 0.0], [77.615811, 12.860675, 0.0], [77.616321, 12.860689, 0.0], [77.616643, 12.860547, 0.0], [77.61693, 12.860288, 0.0], [77.617264, 12.86019, 0.0], [77.61822, 12.8603, 0.0], [77.618215, 12.860171, 0.0], [77.617621, 12.859744, 0.0], [77.617447, 12.859515, 0.0], [77.617367, 12.859266, 0.0], [77.617359, 12.858606, 0.0], [77.617192, 12.85853, 0.0]]]}}, {"type": "Feature", "properties": {"name": "Mestripalya Kere", "area_acres": 6.17, "status": "To Be Developed", "custodian": "BBMP", "Category": "kere", "valley": "Koramangala Challaghatta Valley", "subvalley": "KC_1", "ward_name": "28 - Kormangala East", "Corporation": "South"}, "geometry": {"type": "Polygon", "coordinates": [[[77.625769, 12.931401, 0.0], [77.625122, 12.931475, 0.0], [77.625241, 12.931965, 0.0], [77.625743, 12.933131, 0.0], [77.626131, 12.932959, 0.0], [77.626792, 12.931927, 0.0], [77.627365, 12.931433, 0.0], [77.627356, 12.931264, 0.0], [77.626388, 12.931483, 0.0], [77.625769, 12.931401, 0.0]]]}}, {"type": "Feature", "properties": {"name": "Gunjur mouji kere", "area_acres": 51.53, "status": "To Be Developed", "custodian": "BBMP", "Category": "kere", "valley": "Koramangala Challaghatta Valley", "subvalley": "KC_2", "ward_name": "50 - Gunjur", "Corporation": "East"}, "geometry": {"type": "Polygon", "coordinates": [[[77.738218, 12.917992, 0.0], [77.739134, 12.918327, 0.0], [77.740374, 12.918646, 0.0], [77.741713, 12.919417, 0.0], [77.742387, 12.918596, 0.0], [77.743003, 12.918157, 0.0], [77.743354, 12.917808, 0.0], [77.744017, 12.917757, 0.0], [77.744181, 12.917687, 0.0], [77.743675, 12.917392, 0.0], [77.743017, 12.917155, 0.0], [77.741802, 12.916257, 0.0], [77.741303, 12.915625, 0.0], [77.740877, 12.914753, 0.0], [77.740512, 12.914291, 0.0], [77.740048, 12.914144, 0.0], [77.739607, 12.913506, 0.0], [77.739415, 12.913541, 0.0], [77.73887, 12.914787, 0.0], [77.737495, 12.917203, 0.0], [77.738198, 12.917358, 0.0], [77.738218, 12.917992, 0.0]]]}}, {"type": "Feature", "properties": {"name": "Abbigere Kere", "area_acres": 32.24, "status": "To Be Developed", "custodian": "BBMP", "Category": "kere", "valley": "Arkavathi Valley", "subvalley": "AV_1", "ward_name": "65 - Abbigere", "Corporation": "North"}, "geometry": {"type": "Polygon", "coordinates": [[[77.529389, 13.081269, 0.0], [77.529994, 13.081909, 0.0], [77.530346, 13.081017, 0.0], [77.530492, 13.081066, 0.0], [77.531128, 13.081006, 0.0], [77.531383, 13.080738, 0.0], [77.531587, 13.0805, 0.0], [77.531535, 13.08045, 0.0], [77.530395, 13.080764, 0.0], [77.530367, 13.080562, 0.0], [77.530501, 13.080274, 0.0], [77.530691, 13.080298, 0.0], [77.531215, 13.080129, 0.0], [77.531269, 13.079897, 0.0], [77.53151, 13.079557, 0.0], [77.531565, 13.079228, 0.0], [77.531726, 13.07899, 0.0], [77.531644, 13.078744, 0.0], [77.531432, 13.078782, 0.0], [77.531189, 13.078616, 0.0], [77.530456, 13.078856, 0.0], [77.529447, 13.07881, 0.0], [77.528954, 13.078545, 0.0], [77.528578, 13.078197, 0.0], [77.527861, 13.077833, 0.0], [77.527672, 13.077806, 0.0], [77.527002, 13.077952, 0.0], [77.52537, 13.078128, 0.0], [77.525215, 13.078405, 0.0], [77.525239, 13.078514, 0.0], [77.525508, 13.078708, 0.0], [77.5264, 13.078787, 0.0], [77.527341, 13.079258, 0.0], [77.52831, 13.080341, 0.0], [77.529389, 13.081269, 0.0]]]}}, {"type": "Feature", "properties": {"name": "Handrahalli kere", "area_acres": 11.18, "status": "Developed Lake", "custodian": "BBMP", "Category": "kere", "valley": "Arkavathi Valley", "subvalley": "AV_2", "ward_name": "12 - Andrahalli", "Corporation": "West"}, "geometry": {"type": "Polygon", "coordinates": [[[77.4855, 13.011945, 0.0], [77.485995, 13.011777, 0.0], [77.487465, 13.011498, 0.0], [77.487511, 13.010792, 0.0], [77.487319, 13.010257, 0.0], [77.487206, 13.010187, 0.0], [77.486524, 13.010262, 0.0], [77.486308, 13.009957, 0.0], [77.485184, 13.009678, 0.0], [77.485053, 13.009963, 0.0], [77.485246, 13.010387, 0.0], [77.485313, 13.011767, 0.0], [77.4855, 13.011945, 0.0]]]}}, {"type": "Feature", "properties": {"name": "Bagalagunte Kere", "area_acres": 7.38, "status": "Work in Progress", "custodian": "BBMP", "Category": "kere", "valley": "Arkavathi Valley", "subvalley": "AV_2", "ward_name": "69 - Bagalagunte", "Corporation": "North"}, "geometry": {"type": "Polygon", "coordinates": [[[77.498783, 13.059026, 0.0], [77.498377, 13.059564, 0.0], [77.498392, 13.059802, 0.0], [77.498479, 13.059867, 0.0], [77.499575, 13.059522, 0.0], [77.500354, 13.059166, 0.0], [77.500446, 13.059079, 0.0], [77.500438, 13.058897, 0.0], [77.500269, 13.05831, 0.0], [77.50023, 13.058254, 0.0], [77.499773, 13.058205, 0.0], [77.499517, 13.058059, 0.0], [77.499386, 13.057758, 0.0], [77.49912, 13.057599, 0.0], [77.498884, 13.057641, 0.0], [77.498956, 13.058572, 0.0], [77.498783, 13.059026, 0.0]]]}}, {"type": "Feature", "properties": {"name": "Doddabidarakallu Kere", "area_acres": 29.43, "status": "To Be Developed", "custodian": "BBMP", "Category": "kere", "valley": "Arkavathi Valley", "subvalley": "AV_2", "ward_name": "11 - Dodda Bidarakallu", "Corporation": "West"}, "geometry": {"type": "Polygon", "coordinates": [[[77.493356, 13.043471, 0.0], [77.493159, 13.043822, 0.0], [77.493096, 13.044205, 0.0], [77.4928, 13.04471, 0.0], [77.493122, 13.04465, 0.0], [77.494029, 13.043913, 0.0], [77.495088, 13.044325, 0.0], [77.495683, 13.044392, 0.0], [77.496536, 13.044246, 0.0], [77.497854, 13.043811, 0.0], [77.497969, 13.042585, 0.0], [77.497811, 13.042412, 0.0], [77.497408, 13.042241, 0.0], [77.496039, 13.042072, 0.0], [77.494868, 13.041631, 0.0], [77.494635, 13.041422, 0.0], [77.494445, 13.040965, 0.0], [77.494213, 13.040822, 0.0], [77.494254, 13.041892, 0.0], [77.493528, 13.042905, 0.0], [77.493356, 13.043471, 0.0]]]}}, {"type": "Feature", "properties": {"name": "Herohalli Kere", "area_acres": 23.76, "custodian": "BBMP", "Category": "kere", "valley": "Arkavathi Valley", "subvalley": "VV_2", "ward_name": "14 - Herohalli", "Corporation": "West"}, "geometry": {"type": "Polygon", "coordinates": [[[77.488031, 12.989389, 0.0], [77.487971, 12.989573, 0.0], [77.488109, 12.98987, 0.0], [77.488447, 12.989847, 0.0], [77.488828, 12.990122, 0.0], [77.489456, 12.989983, 0.0], [77.489723, 12.990312, 0.0], [77.490595, 12.99029, 0.0], [77.491311, 12.990171, 0.0], [77.491343, 12.990031, 0.0], [77.491625, 12.98981, 0.0], [77.491844, 12.990049, 0.0], [77.492374, 12.989806, 0.0], [77.492263, 12.989446, 0.0], [77.491895, 12.989084, 0.0], [77.491852, 12.988691, 0.0], [77.490799, 12.988359, 0.0], [77.490267, 12.98792, 0.0], [77.490266, 12.987104, 0.0], [77.489673, 12.986948, 0.0], [77.489339, 12.986973, 0.0], [77.489218, 12.987168, 0.0], [77.488957, 12.988078, 0.0], [77.488898, 12.988593, 0.0], [77.488248, 12.989256, 0.0], [77.488031, 12.989389, 0.0]]]}}, {"type": "Feature", "properties": {"name": "Kammagondanahalli Kere", "area_acres": 17.54, "status": "Developed Lake", "custodian": "BBMP", "Category": "kere", "valley": "Arkavathi Valley", "subvalley": "AV_1", "ward_name": "67 - Shettihalli", "Corporation": "North"}, "geometry": {"type": "Polygon", "coordinates": [[[77.522262, 13.067059, 0.0], [77.522296, 13.067391, 0.0], [77.522135, 13.067587, 0.0], [77.522305, 13.067816, 0.0], [77.522316, 13.068012, 0.0], [77.522566, 13.068293, 0.0], [77.522674, 13.068575, 0.0], [77.522942, 13.068823, 0.0], [77.523231, 13.069623, 0.0], [77.523364, 13.06976, 0.0], [77.524403, 13.069724, 0.0], [77.525036, 13.069597, 0.0], [77.525579, 13.069281, 0.0], [77.525628, 13.068028, 0.0], [77.525573, 13.067804, 0.0], [77.525359, 13.067559, 0.0], [77.524929, 13.067741, 0.0], [77.524803, 13.067492, 0.0], [77.522839, 13.067805, 0.0], [77.522595, 13.067625, 0.0], [77.522581, 13.067298, 0.0], [77.522412, 13.067049, 0.0], [77.522262, 13.067059, 0.0]]]}}, {"type": "Feature", "properties": {"name": "Lingadeeranahalli (handrahalli) Kere", "area_acres": 3.63, "status": "Developed Lake", "custodian": "BBMP", "Category": "kere", "valley": "Arkavathi Valley", "subvalley": "AV_2", "ward_name": "12 - Andrahalli", "Corporation": "West"}, "geometry": {"type": "Polygon", "coordinates": [[[77.482821, 13.002986, 0.0], [77.482742, 13.002856, 0.0], [77.482292, 13.003051, 0.0], [77.48197, 13.00334, 0.0], [77.48214, 13.003953, 0.0], [77.482359, 13.004197, 0.0], [77.482748, 13.004287, 0.0], [77.483296, 13.003314, 0.0], [77.483125, 13.002987, 0.0], [77.482821, 13.002986, 0.0]]]}}, {"type": "Feature", "properties": {"name": "Mallasandra Gudde Kere", "area_acres": 4.07, "custodian": "BBMP", "Category": "kere", "valley": "Arkavathi Valley", "subvalley": "AV_1", "ward_name": "68 - Mallasandra", "Corporation": "North"}, "geometry": {"type": "Polygon", "coordinates": [[[77.517346, 13.05816, 0.0], [77.517927, 13.058942, 0.0], [77.518022, 13.059324, 0.0], [77.518293, 13.058708, 0.0], [77.518925, 13.058034, 0.0], [77.519026, 13.057819, 0.0], [77.51762, 13.057808, 0.0], [77.516449, 13.057917, 0.0], [77.517346, 13.05816, 0.0]]]}}, {"type": "Feature", "properties": {"name": "Shivapura Kere", "area_acres": 15.08, "custodian": "BBMP", "Category": "kere", "valley": "Arkavathi Valley", "subvalley": "AV_2", "ward_name": "6 - Shivapura", "Corporation": "West"}, "geometry": {"type": "Polygon", "coordinates": [[[77.509122, 13.023227, 0.0], [77.507274, 13.022696, 0.0], [77.50673, 13.022802, 0.0], [77.506093, 13.022769, 0.0], [77.50547, 13.022922, 0.0], [77.505219, 13.022336, 0.0], [77.505053, 13.022439, 0.0], [77.504214, 13.02266, 0.0], [77.504131, 13.022795, 0.0], [77.504601, 13.023579, 0.0], [77.504639, 13.024238, 0.0], [77.504565, 13.024454, 0.0], [77.505431, 13.024152, 0.0], [77.505859, 13.024141, 0.0], [77.506376, 13.023947, 0.0], [77.506533, 13.023955, 0.0], [77.506829, 13.02373, 0.0], [77.508772, 13.023583, 0.0], [77.509122, 13.023227, 0.0]]]}}, {"type": "Feature", "properties": {"name": "Nelagadiranahalli Kere", "area_acres": 4.37, "custodian": "BBMP", "Category": "kere", "valley": "Arkavathi Valley", "subvalley": "AV_2", "ward_name": "3 - Nelagadaranahalli", "Corporation": "West"}, "geometry": {"type": "Polygon", "coordinates": [[[77.503847, 13.026866, 0.0], [77.504538, 13.02737, 0.0], [77.504789, 13.027375, 0.0], [77.505354, 13.027696, 0.0], [77.50545, 13.027639, 0.0], [77.505414, 13.027301, 0.0], [77.505589, 13.026902, 0.0], [77.505489, 13.026749, 0.0], [77.505185, 13.02671, 0.0], [77.504884, 13.02653, 0.0], [77.504588, 13.026252, 0.0], [77.504486, 13.025957, 0.0], [77.504238, 13.025976, 0.0], [77.503847, 13.026866, 0.0]]]}}, {"type": "Feature", "properties": {"name": "Singapura Kere", "area_acres": 30.67, "status": "Work in Progress", "custodian": "BBMP", "Category": "kere", "valley": "Arkavathi Valley", "subvalley": "AV_1", "ward_name": "8 - Singapura", "Corporation": "North"}, "geometry": {"type": "MultiPolygon", "coordinates": [[[[77.537015, 13.084889, 0.0], [77.536878, 13.08514, 0.0], [77.536986, 13.085284, 0.0], [77.537604, 13.085342, 0.0], [77.537991, 13.085476, 0.0], [77.538938, 13.086409, 0.0], [77.539064, 13.08665, 0.0], [77.539496, 13.086283, 0.0], [77.539377, 13.085905, 0.0], [77.539799, 13.085345, 0.0], [77.539893, 13.084885, 0.0], [77.539462, 13.08455, 0.0], [77.538823, 13.084839, 0.0], [77.538068, 13.084927, 0.0], [77.537015, 13.084889, 0.0]]], [[[77.533133, 13.083343, 0.0], [77.53623, 13.083558, 0.0], [77.537086, 13.083776, 0.0], [77.537385, 13.084359, 0.0], [77.537934, 13.084402, 0.0], [77.538343, 13.084159, 0.0], [77.538458, 13.083868, 0.0], [77.536993, 13.082977, 0.0], [77.536776, 13.082646, 0.0], [77.536059, 13.082316, 0.0], [77.535417, 13.08151, 0.0], [77.535012, 13.081215, 0.0], [77.534439, 13.080085, 0.0], [77.533927, 13.080114, 0.0], [77.534326, 13.080959, 0.0], [77.534125, 13.081417, 0.0], [77.534144, 13.081698, 0.0], [77.533841, 13.082453, 0.0], [77.533308, 13.08275, 0.0], [77.53315, 13.083073, 0.0], [77.533133, 13.083343, 0.0]]]]}}, {"type": "Feature", "properties": {"name": "Konasandra Kere", "area_acres": 28.66, "status": "To Be Developed", "custodian": "BBMP", "Category": "kere", "valley": "Vrishabhavati Valley", "subvalley": "VV_2", "ward_name": "20 - Hemmigepura", "Corporation": "West"}, "geometry": {"type": "Polygon", "coordinates": [[[77.486155, 12.893097, 0.0], [77.48595, 12.891191, 0.0], [77.48578, 12.890866, 0.0], [77.484693, 12.891301, 0.0], [77.484398, 12.891108, 0.0], [77.483185, 12.891054, 0.0], [77.482008, 12.891895, 0.0], [77.481087, 12.893067, 0.0], [77.481124, 12.89338, 0.0], [77.48146, 12.893749, 0.0], [77.48206, 12.89373, 0.0], [77.484357, 12.893088, 0.0], [77.484976, 12.893049, 0.0], [77.485392, 12.89332, 0.0], [77.485791, 12.893329, 0.0], [77.486155, 12.893097, 0.0]]]}}, {"type": "Feature", "properties": {"name": "Varahasandra Kere", "area_acres": 11.31, "status": "To Be Developed", "custodian": "BBMP", "Category": "kere", "valley": "Vrishabhavati Valley", "subvalley": "VV_2", "ward_name": "20 - Hemmigepura", "Corporation": "West"}, "geometry": {"type": "Polygon", "coordinates": [[[77.490585, 12.881839, 0.0], [77.491017, 12.881162, 0.0], [77.49144, 12.880845, 0.0], [77.492239, 12.880798, 0.0], [77.493389, 12.879964, 0.0], [77.493531, 12.879512, 0.0], [77.493189, 12.879273, 0.0], [77.492578, 12.879442, 0.0], [77.491883, 12.879815, 0.0], [77.491349, 12.879722, 0.0], [77.490838, 12.879139, 0.0], [77.490471, 12.879149, 0.0], [77.490473, 12.880024, 0.0], [77.490672, 12.880558, 0.0], [77.490378, 12.881822, 0.0], [77.490585, 12.881839, 0.0]]]}}, {"type": "Feature", "properties": {"name": "Kengeri Kere", "area_acres": 20.6, "custodian": "BBMP", "Category": "kere", "valley": "Vrishabhavati Valley", "subvalley": "VV_2", "ward_name": "21 - Mylasandra", "Corporation": "West"}, "geometry": {"type": "Polygon", "coordinates": [[[77.489183, 12.917752, 0.0], [77.489499, 12.91737, 0.0], [77.489654, 12.916807, 0.0], [77.488761, 12.916104, 0.0], [77.487717, 12.915558, 0.0], [77.486674, 12.914549, 0.0], [77.485488, 12.913156, 0.0], [77.485357, 12.913373, 0.0], [77.485766, 12.914277, 0.0], [77.486209, 12.915932, 0.0], [77.486832, 12.917069, 0.0], [77.487603, 12.917519, 0.0], [77.488442, 12.917563, 0.0], [77.488704, 12.91779, 0.0], [77.489183, 12.917752, 0.0]]]}}, {"type": "Feature", "properties": {"name": "Mylasandra (Sunnakallu palya) Kere", "area_acres": 10.19, "custodian": "BBMP", "Category": "kere", "valley": "Vrishabhavati Valley", "subvalley": "VV_2", "ward_name": "20 - Hemmigepura", "Corporation": "West"}, "geometry": {"type": "Polygon", "coordinates": [[[77.492689, 12.909668, 0.0], [77.493819, 12.908057, 0.0], [77.493928, 12.907605, 0.0], [77.494765, 12.906728, 0.0], [77.494404, 12.906608, 0.0], [77.493955, 12.906971, 0.0], [77.493019, 12.907313, 0.0], [77.492823, 12.907655, 0.0], [77.49243, 12.907711, 0.0], [77.491677, 12.907627, 0.0], [77.492042, 12.908192, 0.0], [77.492249, 12.908889, 0.0], [77.49229, 12.909646, 0.0], [77.492689, 12.909668, 0.0]]]}}, {"type": "Feature", "properties": {"name": "H Gollahalli kere", "area_acres": 13.01, "status": "Developed Lake", "custodian": "BBMP", "Category": "kere", "valley": "Vrishabhavati Valley", "subvalley": "VV_2", "ward_name": "20 - Hemmigepura", "Corporation": "West"}, "geometry": {"type": "Polygon", "coordinates": [[[77.483392, 12.87619, 0.0], [77.483869, 12.876031, 0.0], [77.483886, 12.875849, 0.0], [77.483285, 12.874794, 0.0], [77.48329, 12.874402, 0.0], [77.483585, 12.873778, 0.0], [77.484851, 12.87308, 0.0], [77.484874, 12.872416, 0.0], [77.484687, 12.871871, 0.0], [77.483909, 12.872268, 0.0], [77.482677, 12.872546, 0.0], [77.483041, 12.87321, 0.0], [77.482995, 12.873625, 0.0], [77.482808, 12.874164, 0.0], [77.482172, 12.875015, 0.0], [77.482745, 12.875373, 0.0], [77.483313, 12.875974, 0.0], [77.483392, 12.87619, 0.0]]]}}, {"type": "Feature", "properties": {"name": "Annappanakere / Yelchenahalli Kere", "area_acres": 3.92, "status": "Work in Progress", "custodian": "BBMP", "Category": "kere", "valley": "Vrishabhavati Valley", "subvalley": "VV_1", "ward_name": "46 - Yelachenahalli", "Corporation": "South"}, "geometry": {"type": "Polygon", "coordinates": [[[77.565204, 12.898923, 0.0], [77.565262, 12.900415, 0.0], [77.565449, 12.900469, 0.0], [77.566046, 12.900266, 0.0], [77.566162, 12.89935, 0.0], [77.566021, 12.898774, 0.0], [77.565204, 12.898923, 0.0]]]}}, {"type": "Feature", "properties": {"name": "Deepanjali Nagara Kere", "area_acres": 5.0, "custodian": "BBMP", "Category": "kere", "valley": "Vrishabhavati Valley", "subvalley": "VV_1", "ward_name": "94 - Deepanjali Nagara", "Corporation": "West"}, "geometry": {"type": "Polygon", "coordinates": [[[77.530982, 12.948615, 0.0], [77.530126, 12.949427, 0.0], [77.530108, 12.949775, 0.0], [77.530375, 12.949946, 0.0], [77.531041, 12.950091, 0.0], [77.531417, 12.950088, 0.0], [77.53159, 12.949695, 0.0], [77.531607, 12.949174, 0.0], [77.53138, 12.948633, 0.0], [77.531156, 12.948331, 0.0], [77.530982, 12.948615, 0.0]]]}}, {"type": "Feature", "properties": {"name": "Devarakere", "area_acres": 5.37, "status": "Developed Lake", "custodian": "BBMP", "Category": "kere", "valley": "Vrishabhavati Valley", "subvalley": "VV_1", "ward_name": "49 - Uttarahalli", "Corporation": "South"}, "geometry": {"type": "Polygon", "coordinates": [[[77.553817, 12.898502, 0.0], [77.554928, 12.89825, 0.0], [77.55544, 12.898289, 0.0], [77.555548, 12.897917, 0.0], [77.555456, 12.897634, 0.0], [77.554742, 12.89751, 0.0], [77.553934, 12.89684, 0.0], [77.553758, 12.897039, 0.0], [77.553651, 12.897498, 0.0], [77.553817, 12.898502, 0.0]]]}}, {"type": "Feature", "properties": {"name": "Dore kere", "area_acres": 22.99, "status": "Developed Lake", "custodian": "BBMP", "Category": "kere", "valley": "Vrishabhavati Valley", "subvalley": "VV_1", "ward_name": "49 - Uttarahalli", "Corporation": "South"}, "geometry": {"type": "Polygon", "coordinates": [[[77.549143, 12.903915, 0.0], [77.55079, 12.903768, 0.0], [77.551186, 12.903349, 0.0], [77.551721, 12.903388, 0.0], [77.552145, 12.903515, 0.0], [77.552857, 12.903464, 0.0], [77.553318, 12.902804, 0.0], [77.552932, 12.902066, 0.0], [77.552441, 12.901917, 0.0], [77.551775, 12.902142, 0.0], [77.551329, 12.902081, 0.0], [77.551259, 12.901798, 0.0], [77.551034, 12.901516, 0.0], [77.550256, 12.901633, 0.0], [77.549698, 12.901507, 0.0], [77.549119, 12.901491, 0.0], [77.548986, 12.901536, 0.0], [77.548857, 12.902018, 0.0], [77.548976, 12.902781, 0.0], [77.549008, 12.903764, 0.0], [77.549143, 12.903915, 0.0]]]}}, {"type": "Feature", "properties": {"name": "Gowdanapalya Kere", "area_acres": 9.94, "status": "To Be Developed", "custodian": "BBMP", "Category": "kere", "valley": "Vrishabhavati Valley", "subvalley": "VV_1", "ward_name": "6 - Gowdanapalya", "Corporation": "South"}, "geometry": {"type": "Polygon", "coordinates": [[[77.555051, 12.907411, 0.0], [77.555413, 12.908019, 0.0], [77.555838, 12.908234, 0.0], [77.556153, 12.90858, 0.0], [77.55691, 12.908551, 0.0], [77.557443, 12.908371, 0.0], [77.557595, 12.907998, 0.0], [77.557568, 12.907518, 0.0], [77.556939, 12.906978, 0.0], [77.556758, 12.906696, 0.0], [77.556223, 12.906701, 0.0], [77.555359, 12.907124, 0.0], [77.555051, 12.907411, 0.0]]]}}, {"type": "Feature", "properties": {"name": "Gubbalal kere", "area_acres": 7.25, "status": "To Be Developed", "custodian": "BBMP", "Category": "kere", "valley": "Vrishabhavati Valley", "subvalley": "VV_1", "ward_name": "51 - Subramanyapura", "Corporation": "South"}, "geometry": {"type": "Polygon", "coordinates": [[[77.540024, 12.88092, 0.0], [77.540745, 12.881787, 0.0], [77.541019, 12.882483, 0.0], [77.541681, 12.881953, 0.0], [77.541853, 12.88134, 0.0], [77.5414, 12.880558, 0.0], [77.540994, 12.880037, 0.0], [77.540728, 12.880084, 0.0], [77.540375, 12.880437, 0.0], [77.540024, 12.88092, 0.0]]]}}, {"type": "Feature", "properties": {"name": "Halage vaderahalli kere", "area_acres": 5.82, "status": "Developed Lake", "custodian": "BBMP", "Category": "kere", "valley": "Vrishabhavati Valley", "subvalley": "VV_1", "ward_name": "23 - Rajarajeshwari Nagara", "Corporation": "West"}, "geometry": {"type": "Polygon", "coordinates": [[[77.514772, 12.925542, 0.0], [77.515368, 12.924657, 0.0], [77.51568, 12.923943, 0.0], [77.515336, 12.92297, 0.0], [77.515245, 12.922932, 0.0], [77.514726, 12.923052, 0.0], [77.514545, 12.923292, 0.0], [77.514474, 12.923583, 0.0], [77.514623, 12.92491, 0.0], [77.514772, 12.925542, 0.0]]]}}, {"type": "Feature", "properties": {"name": "Vishwaneedam Kere", "area_acres": 2.71, "status": "Work in Progress", "custodian": "BBMP", "Category": "gokatte", "valley": "Vrishabhavati Valley", "subvalley": "VV_2", "ward_name": "15 - Byadarahalli", "Corporation": "West"}, "geometry": {"type": "Polygon", "coordinates": [[[77.491326, 12.983258, 0.0], [77.492611, 12.983258, 0.0], [77.493204, 12.983354, 0.0], [77.492866, 12.983057, 0.0], [77.491582, 12.982295, 0.0], [77.491326, 12.983258, 0.0]]]}}, {"type": "Feature", "properties": {"name": "Hosakerehalli Kere", "area_acres": 55.03, "custodian": "BBMP", "Category": "kere", "valley": "Vrishabhavati Valley", "subvalley": "VV_1", "ward_name": "22 - Bangarappa Nagara", "Corporation": "West"}, "geometry": {"type": "Polygon", "coordinates": [[[77.531801, 12.927771, 0.0], [77.533229, 12.928107, 0.0], [77.534981, 12.929531, 0.0], [77.535292, 12.929528, 0.0], [77.535104, 12.928482, 0.0], [77.535186, 12.927869, 0.0], [77.535671, 12.927297, 0.0], [77.536515, 12.927114, 0.0], [77.536774, 12.926325, 0.0], [77.536807, 12.925189, 0.0], [77.536935, 12.924663, 0.0], [77.53711, 12.924356, 0.0], [77.536928, 12.923921, 0.0], [77.536617, 12.924011, 0.0], [77.535855, 12.923538, 0.0], [77.535279, 12.923806, 0.0], [77.534705, 12.924336, 0.0], [77.534217, 12.924515, 0.0], [77.533103, 12.924439, 0.0], [77.532526, 12.924619, 0.0], [77.532262, 12.924927, 0.0], [77.532003, 12.925716, 0.0], [77.532102, 12.92672, 0.0], [77.531801, 12.927771, 0.0]]]}}, {"type": "Feature", "properties": {"name": "Kempambudhi Kere", "area_acres": 32.35, "status": "Developed Lake", "custodian": "BBMP", "Category": "kere", "valley": "Vrishabhavati Valley", "subvalley": "VV_1", "ward_name": "101 - Kempambudhi Ward", "Corporation": "West"}, "geometry": {"type": "Polygon", "coordinates": [[[77.558639, 12.948521, 0.0], [77.55847, 12.94944, 0.0], [77.558031, 12.9501, 0.0], [77.558324, 12.952631, 0.0], [77.559266, 12.953233, 0.0], [77.559892, 12.953445, 0.0], [77.560426, 12.95344, 0.0], [77.56109, 12.95304, 0.0], [77.561576, 12.952642, 0.0], [77.561833, 12.951679, 0.0], [77.562008, 12.951328, 0.0], [77.562131, 12.950278, 0.0], [77.561769, 12.949757, 0.0], [77.56146, 12.950023, 0.0], [77.561021, 12.950638, 0.0], [77.559867, 12.951087, 0.0], [77.559644, 12.951001, 0.0], [77.559282, 12.950481, 0.0], [77.559131, 12.948779, 0.0], [77.558639, 12.948521, 0.0]]]}}, {"type": "Feature", "properties": {"name": "Pattangere/Kenchenahalli Kere", "area_acres": 1.93, "status": "To Be Developed", "custodian": "BBMP", "Category": "gokatte", "valley": "Vrishabhavati Valley", "subvalley": "VV_1", "ward_name": "23 - Rajarajeshwari Nagara", "Corporation": "West"}, "geometry": {"type": "Polygon", "coordinates": [[[77.50852, 12.926594, 0.0], [77.50839, 12.926752, 0.0], [77.508545, 12.926727, 0.0], [77.508714, 12.92655, 0.0], [77.508792, 12.925899, 0.0], [77.508909, 12.925608, 0.0], [77.508818, 12.92509, 0.0], [77.508182, 12.92528, 0.0], [77.508539, 12.92624, 0.0], [77.50852, 12.926594, 0.0]]]}}, {"type": "Feature", "properties": {"name": "Malgalu Kere", "area_acres": 0.69, "custodian": "BBMP", "Category": "kunte", "valley": "Vrishabhavati Valley", "subvalley": "VV_1", "ward_name": "74 - Pattegar Palya", "Corporation": "West"}, "geometry": {"type": "Polygon", "coordinates": [[[77.527118, 12.977724, 0.0], [77.527, 12.977839, 0.0], [77.5271, 12.978025, 0.0], [77.527571, 12.978029, 0.0], [77.527902, 12.978148, 0.0], [77.527883, 12.978488, 0.0], [77.528006, 12.978607, 0.0], [77.528187, 12.978612, 0.0], [77.528223, 12.978338, 0.0], [77.528105, 12.978192, 0.0], [77.527657, 12.978011, 0.0], [77.52734, 12.977967, 0.0], [77.527118, 12.977724, 0.0]]]}}, {"type": "Feature", "properties": {"name": "Mallathahalli Kere", "area_acres": 52.53, "status": "Work in Progress", "custodian": "BBMP", "Category": "kere", "valley": "Vrishabhavati Valley", "subvalley": "VV_2", "ward_name": "16 - Ullal", "Corporation": "West"}, "geometry": {"type": "Polygon", "coordinates": [[[77.495671, 12.967483, 0.0], [77.496546, 12.967097, 0.0], [77.496591, 12.966926, 0.0], [77.496397, 12.966477, 0.0], [77.496263, 12.965754, 0.0], [77.49626, 12.965213, 0.0], [77.496407, 12.964984, 0.0], [77.496331, 12.964485, 0.0], [77.495896, 12.964004, 0.0], [77.495668, 12.963482, 0.0], [77.495149, 12.962766, 0.0], [77.495076, 12.962155, 0.0], [77.493677, 12.962584, 0.0], [77.492968, 12.962875, 0.0], [77.49252, 12.962682, 0.0], [77.491645, 12.962014, 0.0], [77.491583, 12.962517, 0.0], [77.492214, 12.963275, 0.0], [77.492929, 12.963487, 0.0], [77.493073, 12.96449, 0.0], [77.492944, 12.964994, 0.0], [77.492638, 12.965521, 0.0], [77.492627, 12.966744, 0.0], [77.492451, 12.966877, 0.0], [77.492547, 12.967597, 0.0], [77.493192, 12.967481, 0.0], [77.494088, 12.968019, 0.0], [77.494511, 12.968037, 0.0], [77.494864, 12.967706, 0.0], [77.495105, 12.96731, 0.0], [77.495521, 12.967332, 0.0], [77.495671, 12.967483, 0.0]]]}}, {"type": "Feature", "properties": {"name": "Uttarahalli Kere", "area_acres": 9.71, "status": "Developed Lake", "custodian": "BBMP", "Category": "kere", "valley": "Vrishabhavati Valley", "subvalley": "VV_1", "ward_name": "51 - Subramanyapura", "Corporation": "South"}, "geometry": {"type": "Polygon", "coordinates": [[[77.540069, 12.907864, 0.0], [77.540497, 12.908329, 0.0], [77.541157, 12.908716, 0.0], [77.541548, 12.908821, 0.0], [77.542656, 12.9094, 0.0], [77.54289, 12.909365, 0.0], [77.542995, 12.908807, 0.0], [77.542083, 12.907811, 0.0], [77.541901, 12.907344, 0.0], [77.541886, 12.907038, 0.0], [77.541607, 12.906942, 0.0], [77.541397, 12.907086, 0.0], [77.541156, 12.90746, 0.0], [77.540434, 12.907609, 0.0], [77.540069, 12.907864, 0.0]]]}}, {"type": "Feature", "properties": {"name": "Nayandanahalli kere", "area_acres": 16.55, "status": "Work in Progress", "custodian": "BBMP", "Category": "kere", "valley": "Vrishabhavati Valley", "subvalley": "VV_1", "ward_name": "81 - Nayanda Halli", "Corporation": "West"}, "geometry": {"type": "Polygon", "coordinates": [[[77.519942, 12.941072, 0.0], [77.520587, 12.94137, 0.0], [77.521495, 12.941405, 0.0], [77.522094, 12.941572, 0.0], [77.522584, 12.94185, 0.0], [77.52325, 12.941974, 0.0], [77.523379, 12.94156, 0.0], [77.522887, 12.941109, 0.0], [77.522614, 12.940438, 0.0], [77.522187, 12.939726, 0.0], [77.521606, 12.939275, 0.0], [77.520756, 12.938415, 0.0], [77.520507, 12.940024, 0.0], [77.52007, 12.94068, 0.0], [77.519942, 12.941072, 0.0]]]}}, {"type": "Feature", "properties": {"name": "Sankey Kere", "area_acres": 35.86, "status": "Developed Lake", "custodian": "BBMP", "Category": "kere", "valley": "Vrishabhavati Valley", "subvalley": "VV_1", "ward_name": "50 - Sadashiva Nagara", "Corporation": "West"}, "geometry": {"type": "MultiPolygon", "coordinates": [[[[77.572469, 13.008615, 0.0], [77.572426, 13.008791, 0.0], [77.572521, 13.00867, 0.0], [77.572469, 13.008615, 0.0]]], [[[77.572521, 13.00867, 0.0], [77.572919, 13.009091, 0.0], [77.573107, 13.010007, 0.0], [77.5729, 13.011538, 0.0], [77.572684, 13.012195, 0.0], [77.573003, 13.012847, 0.0], [77.572564, 13.013551, 0.0], [77.572088, 13.01491, 0.0], [77.571825, 13.015349, 0.0], [77.57183, 13.015829, 0.0], [77.572277, 13.015956, 0.0], [77.572495, 13.015517, 0.0], [77.57249, 13.014993, 0.0], [77.572938, 13.015207, 0.0], [77.573164, 13.01551, 0.0], [77.573297, 13.015509, 0.0], [77.573202, 13.014899, 0.0], [77.57302, 13.014507, 0.0], [77.572707, 13.014467, 0.0], [77.572792, 13.013985, 0.0], [77.573144, 13.013589, 0.0], [77.573272, 13.013019, 0.0], [77.573265, 13.012364, 0.0], [77.573396, 13.012101, 0.0], [77.574281, 13.011568, 0.0], [77.574621, 13.012111, 0.0], [77.574944, 13.012064, 0.0], [77.575147, 13.011297, 0.0], [77.575096, 13.010664, 0.0], [77.575147, 13.010183, 0.0], [77.57535, 13.009395, 0.0], [77.575734, 13.00878, 0.0], [77.576574, 13.008138, 0.0], [77.577128, 13.00787, 0.0], [77.577282, 13.007672, 0.0], [77.576992, 13.007653, 0.0], [77.575682, 13.008059, 0.0], [77.574657, 13.008069, 0.0], [77.573879, 13.008208, 0.0], [77.573299, 13.008083, 0.0], [77.572922, 13.008261, 0.0], [77.572521, 13.00867, 0.0]]]]}}, {"type": "Feature", "properties": {"name": "Subramanyapura Kere", "area_acres": 8.53, "custodian": "BBMP", "Category": "kere", "valley": "Vrishabhavati Valley", "subvalley": "VV_1", "ward_name": "51 - Subramanyapura", "Corporation": "South"}, "geometry": {"type": "Polygon", "coordinates": [[[77.541469, 12.897061, 0.0], [77.542002, 12.896936, 0.0], [77.542403, 12.896932, 0.0], [77.542672, 12.897093, 0.0], [77.542898, 12.897484, 0.0], [77.543233, 12.897601, 0.0], [77.5435, 12.897555, 0.0], [77.543516, 12.896965, 0.0], [77.543414, 12.89677, 0.0], [77.543342, 12.896202, 0.0], [77.54315, 12.895942, 0.0], [77.543001, 12.89448, 0.0], [77.54291, 12.894241, 0.0], [77.5427, 12.894374, 0.0], [77.542428, 12.894988, 0.0], [77.542303, 12.895885, 0.0], [77.542162, 12.896236, 0.0], [77.541833, 12.896708, 0.0], [77.541469, 12.897061, 0.0]]]}}, {"type": "Feature", "properties": {"name": "Ullalu Kere", "area_acres": 24.0, "status": "Developed Lake", "custodian": "BBMP", "Category": "kere", "valley": "Vrishabhavati Valley", "subvalley": "VV_2", "ward_name": "16 - Ullal", "Corporation": "West"}, "geometry": {"type": "Polygon", "coordinates": [[[77.4802, 12.963313, 0.0], [77.481146, 12.963217, 0.0], [77.481298, 12.962833, 0.0], [77.481369, 12.962188, 0.0], [77.481707, 12.961421, 0.0], [77.482069, 12.960827, 0.0], [77.482664, 12.960221, 0.0], [77.483096, 12.960042, 0.0], [77.483931, 12.960001, 0.0], [77.484097, 12.959847, 0.0], [77.484028, 12.959684, 0.0], [77.483872, 12.95962, 0.0], [77.483382, 12.959668, 0.0], [77.482195, 12.960062, 0.0], [77.481539, 12.960177, 0.0], [77.481282, 12.960158, 0.0], [77.480959, 12.960073, 0.0], [77.480466, 12.959805, 0.0], [77.480232, 12.959775, 0.0], [77.479448, 12.95929, 0.0], [77.479469, 12.9626, 0.0], [77.479619, 12.963068, 0.0], [77.4802, 12.963313, 0.0]]]}}, {"type": "Feature", "properties": {"name": "Dubasipalya Kere (Valagerehalli)", "area_acres": 10.33, "custodian": "BBMP", "Category": "kere", "valley": "Vrishabhavati Valley", "subvalley": "VV_2", "ward_name": "19 - Kengeri", "Corporation": "West"}, "geometry": {"type": "Polygon", "coordinates": [[[77.49519, 12.932259, 0.0], [77.496078, 12.931811, 0.0], [77.495927, 12.931538, 0.0], [77.49562, 12.931353, 0.0], [77.495204, 12.929943, 0.0], [77.495109, 12.929148, 0.0], [77.494878, 12.929259, 0.0], [77.494528, 12.929928, 0.0], [77.493343, 12.931557, 0.0], [77.493408, 12.931641, 0.0], [77.494176, 12.931472, 0.0], [77.494904, 12.931891, 0.0], [77.49519, 12.932259, 0.0]]]}}, {"type": "Feature", "properties": {"name": "Yediyur kere", "area_acres": 27.43, "status": "Developed Lake", "custodian": "BBMP", "Category": "kere", "valley": "Vrishabhavati Valley", "subvalley": "VV_1", "ward_name": "105 - Yediyuru", "Corporation": "West"}, "geometry": {"type": "Polygon", "coordinates": [[[77.575651, 12.93276, 0.0], [77.575433, 12.933286, 0.0], [77.575179, 12.934555, 0.0], [77.575182, 12.934861, 0.0], [77.575498, 12.935251, 0.0], [77.575547, 12.935687, 0.0], [77.575378, 12.936519, 0.0], [77.575691, 12.936647, 0.0], [77.576091, 12.936643, 0.0], [77.576936, 12.936504, 0.0], [77.578041, 12.935663, 0.0], [77.577882, 12.933174, 0.0], [77.576807, 12.932617, 0.0], [77.575651, 12.93276, 0.0]]]}}, {"type": "Feature", "properties": {"name": "Bheemana Katte Kere", "area_acres": 0.83, "status": "Developed Lake", "custodian": "BBMP", "Category": "kunte", "valley": "Vrishabhavati Valley", "subvalley": "VV_1", "ward_name": "22 - Bangarappa Nagara", "Corporation": "West"}, "geometry": {"type": "Polygon", "coordinates": [[[77.528582, 12.914688, 0.0], [77.528449, 12.91462, 0.0], [77.528471, 12.91518, 0.0], [77.528578, 12.915452, 0.0], [77.528727, 12.915532, 0.0], [77.529008, 12.915294, 0.0], [77.528582, 12.914688, 0.0]]]}}, {"type": "Feature", "properties": {"name": "Srigandhakavalu Karabu Katte", "area_acres": 2.86, "status": "To Be Developed", "custodian": "BBMP", "Category": "gokatte", "valley": "Vrishabhavati Valley", "subvalley": "VV_2", "ward_name": "27 - Srigandada Kaval", "Corporation": "West"}, "geometry": {"type": "Polygon", "coordinates": [[[77.500081, 12.984249, 0.0], [77.500371, 12.984471, 0.0], [77.500615, 12.984517, 0.0], [77.501615, 12.984464, 0.0], [77.501637, 12.984355, 0.0], [77.501506, 12.984145, 0.0], [77.501226, 12.984073, 0.0], [77.500889, 12.98371, 0.0], [77.500599, 12.98353, 0.0], [77.500139, 12.983822, 0.0], [77.500081, 12.984249, 0.0]]]}}, {"type": "Feature", "properties": {"name": "Lingadeeranahalli kere", "area_acres": 10.16, "status": "To Be Developed", "custodian": "BBMP", "Category": "kere", "valley": "Suvarnamukhi Valley", "subvalley": "SV_1", "ward_name": "52 - Talagattapura", "Corporation": "South"}, "geometry": {"type": "Polygon", "coordinates": [[[77.513626, 12.871341, 0.0], [77.51289, 12.8714, 0.0], [77.513687, 12.872858, 0.0], [77.5151, 12.872766, 0.0], [77.514931, 12.871768, 0.0], [77.514913, 12.870844, 0.0], [77.514829, 12.870481, 0.0], [77.514315, 12.870471, 0.0], [77.513916, 12.870626, 0.0], [77.513626, 12.871341, 0.0]]]}}, {"type": "Feature", "properties": {"name": "Nagarabhavi Kere", "area_acres": 3.58, "status": "To Be Developed", "custodian": "BBMP", "Category": "kere", "valley": "Vrishabhavati Valley", "subvalley": "VV_1", "ward_name": "25 - Vinayaka Layout", "Corporation": "West"}, "geometry": {"type": "Polygon", "coordinates": [[[77.508493, 12.964365, 0.0], [77.508401, 12.964447, 0.0], [77.508418, 12.965167, 0.0], [77.508529, 12.965404, 0.0], [77.509062, 12.965964, 0.0], [77.509369, 12.965748, 0.0], [77.509528, 12.965432, 0.0], [77.510033, 12.964934, 0.0], [77.50998, 12.964758, 0.0], [77.509611, 12.965006, 0.0], [77.50927, 12.964927, 0.0], [77.508959, 12.964773, 0.0], [77.508493, 12.964365, 0.0]]]}}, {"type": "Feature", "properties": {"name": "Sompura Kere", "area_acres": 17.11, "custodian": "BBMP", "Category": "kere", "valley": "Vrishabhavati Valley", "subvalley": "VV_2", "ward_name": "52 - Talagattapura", "Corporation": "South"}, "geometry": {"type": "Polygon", "coordinates": [[[77.497231, 12.875181, 0.0], [77.498026, 12.875697, 0.0], [77.498315, 12.875469, 0.0], [77.498356, 12.875195, 0.0], [77.498491, 12.875058, 0.0], [77.499816, 12.875652, 0.0], [77.499769, 12.876037, 0.0], [77.500766, 12.876636, 0.0], [77.500834, 12.876285, 0.0], [77.501142, 12.875618, 0.0], [77.501129, 12.875208, 0.0], [77.500827, 12.875061, 0.0], [77.500542, 12.87474, 0.0], [77.5, 12.874464, 0.0], [77.499621, 12.874098, 0.0], [77.498254, 12.87354, 0.0], [77.497933, 12.87358, 0.0], [77.497515, 12.874331, 0.0], [77.497231, 12.875181, 0.0]]]}}, {"type": "Feature", "properties": {"name": "Kalyanikunte (Near Saibaba Temple)", "area_acres": 1.45, "custodian": "BBMP", "Category": "kalyani", "valley": "Vrishabhavati Valley", "subvalley": "VV_1", "ward_name": "48 - Vasanthapura", "Corporation": "South"}, "geometry": {"type": "Polygon", "coordinates": [[[77.554315, 12.895055, 0.0], [77.554446, 12.894478, 0.0], [77.553702, 12.894274, 0.0], [77.553545, 12.89489, 0.0], [77.554315, 12.895055, 0.0]]]}}, {"type": "Feature", "properties": {"name": "Beretena Agrahara (Chowdeshwari Kere)", "area_acres": 8.11, "custodian": "BBMP", "Category": "kere", "valley": "Koramangala Challaghatta Valley", "subvalley": "KC_2", "ward_name": "34 - Chikkathoguru", "Corporation": "South"}, "geometry": {"type": "Polygon", "coordinates": [[[77.65981, 12.866565, 0.0], [77.659906, 12.866674, 0.0], [77.659894, 12.867034, 0.0], [77.66042, 12.86685, 0.0], [77.661179, 12.86673, 0.0], [77.66151, 12.866428, 0.0], [77.661197, 12.866314, 0.0], [77.660659, 12.86556, 0.0], [77.660548, 12.865126, 0.0], [77.660751, 12.864236, 0.0], [77.660767, 12.863762, 0.0], [77.660615, 12.86355, 0.0], [77.66039, 12.863615, 0.0], [77.660003, 12.864682, 0.0], [77.659796, 12.865985, 0.0], [77.65981, 12.866565, 0.0]]]}}, {"type": "Feature", "properties": {"name": "Chikka Bettahalli Kere", "area_acres": 0.8, "custodian": "BBMP", "Category": "kunte", "valley": "Hebbal Nagawara Valley", "subvalley": "AV_1", "ward_name": "7 - Attur", "Corporation": "North"}, "geometry": {"type": "Polygon", "coordinates": [[[77.551708, 13.091052, 0.0], [77.552284, 13.091354, 0.0], [77.552411, 13.0913, 0.0], [77.552465, 13.09118, 0.0], [77.552152, 13.090813, 0.0], [77.552034, 13.09077, 0.0], [77.55187, 13.090791, 0.0], [77.551714, 13.090944, 0.0], [77.551708, 13.091052, 0.0]]]}}, {"type": "Feature", "properties": {"name": "Chikkabasthi Kere", "area_acres": 5.18, "status": "To Be Developed", "custodian": "BBMP", "Category": "kere", "valley": "Vrishabhavati Valley", "subvalley": "VV_2"}, "geometry": {"type": "Polygon", "coordinates": [[[77.470875, 12.947836, 0.0], [77.471646, 12.947699, 0.0], [77.471758, 12.947596, 0.0], [77.471468, 12.94602, 0.0], [77.471389, 12.945996, 0.0], [77.470522, 12.94617, 0.0], [77.470452, 12.946253, 0.0], [77.470759, 12.947762, 0.0], [77.470875, 12.947836, 0.0]]]}}, {"type": "Feature", "properties": {"name": "Jogi Kere", "area_acres": 1.38, "status": "Developed Lake", "custodian": "BBMP", "Category": "gokatte", "valley": "Suvarnamukhi Valley", "subvalley": "SV_1", "ward_name": "52 - Talagattapura", "Corporation": "South"}, "geometry": {"type": "Polygon", "coordinates": [[[77.538056, 12.863362, 0.0], [77.538954, 12.863295, 0.0], [77.538791, 12.862717, 0.0], [77.538582, 12.862572, 0.0], [77.538383, 12.862877, 0.0], [77.538057, 12.863042, 0.0], [77.537973, 12.863246, 0.0], [77.538056, 12.863362, 0.0]]]}}, {"type": "Feature", "properties": {"name": "Kacharakanahalli Kere", "area_acres": 13.48, "custodian": "BBMP", "Category": "kere", "valley": "Hebbal Nagawara Valley", "subvalley": "HN_1", "ward_name": "29 - Lingarajpura", "Corporation": "North"}, "geometry": {"type": "Polygon", "coordinates": [[[77.62598, 13.019996, 0.0], [77.626133, 13.019769, 0.0], [77.626623, 13.019555, 0.0], [77.626409, 13.018042, 0.0], [77.626734, 13.017963, 0.0], [77.626807, 13.017755, 0.0], [77.626782, 13.017571, 0.0], [77.627064, 13.017442, 0.0], [77.627009, 13.017087, 0.0], [77.627468, 13.016671, 0.0], [77.627517, 13.016518, 0.0], [77.627364, 13.016193, 0.0], [77.627003, 13.016107, 0.0], [77.625558, 13.016799, 0.0], [77.625576, 13.01705, 0.0], [77.625466, 13.017265, 0.0], [77.625258, 13.017375, 0.0], [77.625135, 13.017687, 0.0], [77.625668, 13.019451, 0.0], [77.62598, 13.019996, 0.0]]]}}, {"type": "Feature", "properties": {"name": "Pattandur Agrahara Kere 54", "area_acres": 11.22, "custodian": "BBMP", "Category": "kere", "valley": "Koramangala Challaghatta Valley", "subvalley": "KC_2", "ward_name": "33 - S.M Krishna Ward", "Corporation": "East"}, "geometry": {"type": "Polygon", "coordinates": [[[77.747343, 12.977343, 0.0], [77.74745, 12.977049, 0.0], [77.747355, 12.976871, 0.0], [77.747084, 12.976822, 0.0], [77.746765, 12.976923, 0.0], [77.746143, 12.976937, 0.0], [77.745945, 12.976661, 0.0], [77.745933, 12.976034, 0.0], [77.746702, 12.975818, 0.0], [77.746753, 12.975703, 0.0], [77.746739, 12.975018, 0.0], [77.746612, 12.974874, 0.0], [77.746089, 12.975501, 0.0], [77.745053, 12.975792, 0.0], [77.74444, 12.975858, 0.0], [77.744512, 12.976255, 0.0], [77.744969, 12.977317, 0.0], [77.745122, 12.977515, 0.0], [77.746, 12.977642, 0.0], [77.746702, 12.97755, 0.0], [77.747343, 12.977343, 0.0]]]}}, {"type": "Feature", "properties": {"name": "B. Channasandra Kere", "area_acres": 4.17, "custodian": "BBMP", "Category": "kere", "valley": "Koramangala Challaghatta Valley", "subvalley": "KC_2", "ward_name": "12 - Kasturi Nagar", "Corporation": "Central"}, "geometry": {"type": "Polygon", "coordinates": [[[77.660798, 13.006399, 0.0], [77.662121, 13.006892, 0.0], [77.662343, 13.006839, 0.0], [77.662472, 13.006714, 0.0], [77.662594, 13.005976, 0.0], [77.662549, 13.005884, 0.0], [77.662377, 13.005811, 0.0], [77.66214, 13.005889, 0.0], [77.66131, 13.005909, 0.0], [77.660826, 13.006006, 0.0], [77.660684, 13.006115, 0.0], [77.66067, 13.006293, 0.0], [77.660798, 13.006399, 0.0]]]}}, {"type": "Feature", "properties": {"name": "Shilavanthana kere", "area_acres": 11.19, "custodian": "BBMP", "Category": "kere", "valley": "Koramangala Challaghatta Valley", "subvalley": "KC_2", "ward_name": "38 - Whitefield", "Corporation": "East"}, "geometry": {"type": "Polygon", "coordinates": [[[77.742445, 12.965352, 0.0], [77.742934, 12.965617, 0.0], [77.743141, 12.965334, 0.0], [77.743392, 12.965223, 0.0], [77.744888, 12.965214, 0.0], [77.74507, 12.964979, 0.0], [77.745543, 12.964921, 0.0], [77.7457, 12.964619, 0.0], [77.743662, 12.964817, 0.0], [77.743608, 12.964279, 0.0], [77.743388, 12.963981, 0.0], [77.743063, 12.963699, 0.0], [77.742664, 12.963593, 0.0], [77.741851, 12.96315, 0.0], [77.741772, 12.963222, 0.0], [77.74173, 12.963889, 0.0], [77.741913, 12.964299, 0.0], [77.741953, 12.964689, 0.0], [77.742282, 12.965209, 0.0], [77.74238, 12.965218, 0.0], [77.742445, 12.965352, 0.0]]]}}, {"type": "Feature", "properties": {"name": "SitaramPalya Kere", "area_acres": 15.97, "custodian": "BBMP", "Category": "kere", "valley": "Hebbal Nagawara Valley", "subvalley": "HN_2", "ward_name": "36 - Bharath Aikya Ward", "Corporation": "East"}, "geometry": {"type": "MultiPolygon", "coordinates": [[[[77.712536, 12.983905, 0.0], [77.712525, 12.983967, 0.0], [77.713244, 12.984674, 0.0], [77.713517, 12.984863, 0.0], [77.714419, 12.985142, 0.0], [77.714486, 12.985108, 0.0], [77.714146, 12.984128, 0.0], [77.714124, 12.983811, 0.0], [77.713968, 12.983359, 0.0], [77.713867, 12.983476, 0.0], [77.713661, 12.983532, 0.0], [77.713567, 12.983454, 0.0], [77.713606, 12.983209, 0.0], [77.713723, 12.983153, 0.0], [77.713695, 12.983036, 0.0], [77.712976, 12.983543, 0.0], [77.712776, 12.983827, 0.0], [77.712536, 12.983905, 0.0]]], [[[77.71231, 12.98372, 0.0], [77.712376, 12.983777, 0.0], [77.712744, 12.983551, 0.0], [77.713299, 12.983098, 0.0], [77.713833, 12.982405, 0.0], [77.714386, 12.982099, 0.0], [77.714379, 12.981952, 0.0], [77.71421, 12.9818, 0.0], [77.713636, 12.981476, 0.0], [77.713508, 12.98097, 0.0], [77.712371, 12.981079, 0.0], [77.712478, 12.982678, 0.0], [77.712374, 12.982801, 0.0], [77.71231, 12.98372, 0.0]]]]}}, {"type": "Feature", "properties": {"name": "Vasanthapura / Janardhana Kere", "area_acres": 4.64, "custodian": "BBMP", "Category": "kere", "valley": "Vrishabhavati Valley", "subvalley": "VV_1", "ward_name": "48 - Vasanthapura", "Corporation": "South"}, "geometry": {"type": "Polygon", "coordinates": [[[77.556594, 12.891532, 0.0], [77.556756, 12.891877, 0.0], [77.557029, 12.891904, 0.0], [77.557429, 12.891049, 0.0], [77.557443, 12.890775, 0.0], [77.556828, 12.890529, 0.0], [77.555061, 12.891129, 0.0], [77.55475, 12.891396, 0.0], [77.554843, 12.891518, 0.0], [77.555526, 12.891286, 0.0], [77.556245, 12.891175, 0.0], [77.556594, 12.891532, 0.0]]]}}, {"type": "Feature", "properties": {"name": "Chikkammanahalli Kere", "area_acres": 3.25, "custodian": "BBMP", "Category": "kere", "valley": "Koramangala Challaghatta Valley", "subvalley": "KC_1", "ward_name": "38 - Doddakammanahalli", "Corporation": "South"}, "geometry": {"type": "Polygon", "coordinates": [[[77.602284, 12.8493, 0.0], [77.602871, 12.849057, 0.0], [77.603331, 12.848995, 0.0], [77.603795, 12.849026, 0.0], [77.604191, 12.849142, 0.0], [77.604295, 12.849101, 0.0], [77.604172, 12.848634, 0.0], [77.603897, 12.848398, 0.0], [77.603399, 12.848423, 0.0], [77.60335, 12.848218, 0.0], [77.603005, 12.848216, 0.0], [77.602964, 12.848458, 0.0], [77.602674, 12.848502, 0.0], [77.602512, 12.848989, 0.0], [77.602251, 12.849225, 0.0], [77.602284, 12.8493, 0.0]]]}}, {"type": "Feature", "properties": {"name": "Dasarahalli (Chokkasandra) Kere", "area_acres": 13.72, "custodian": "BBMP", "Category": "kere", "valley": "Arkavathi Valley", "subvalley": "AV_2", "ward_name": "2 - Chokkasandra", "Corporation": "West"}, "geometry": {"type": "Polygon", "coordinates": [[[77.510904, 13.03978, 0.0], [77.510861, 13.039863, 0.0], [77.511058, 13.040324, 0.0], [77.511237, 13.041559, 0.0], [77.511184, 13.042053, 0.0], [77.512481, 13.04175, 0.0], [77.513223, 13.041891, 0.0], [77.513941, 13.0417, 0.0], [77.513929, 13.041229, 0.0], [77.513778, 13.040858, 0.0], [77.513519, 13.040543, 0.0], [77.513109, 13.040363, 0.0], [77.512885, 13.040051, 0.0], [77.512702, 13.039996, 0.0], [77.511892, 13.040066, 0.0], [77.511506, 13.040015, 0.0], [77.510904, 13.03978, 0.0]]]}}, {"type": "Feature", "properties": {"name": "Narasappanakere", "area_acres": 42.51, "status": "To Be Developed", "custodian": "BBMP", "Category": "kere", "valley": "Arkavathi Valley", "subvalley": "AV_2", "ward_name": "11 - Dodda Bidarakallu", "Corporation": "West"}, "geometry": {"type": "Polygon", "coordinates": [[[77.498656, 13.024823, 0.0], [77.499122, 13.024362, 0.0], [77.497998, 13.023064, 0.0], [77.497107, 13.022312, 0.0], [77.496695, 13.021524, 0.0], [77.496695, 13.019743, 0.0], [77.496824, 13.019001, 0.0], [77.497696, 13.018843, 0.0], [77.498141, 13.018547, 0.0], [77.498447, 13.017879, 0.0], [77.49816, 13.017628, 0.0], [77.497205, 13.017795, 0.0], [77.495841, 13.018194, 0.0], [77.495526, 13.01927, 0.0], [77.495095, 13.019994, 0.0], [77.494093, 13.020745, 0.0], [77.494065, 13.020847, 0.0], [77.493805, 13.020958, 0.0], [77.493638, 13.021209, 0.0], [77.49375, 13.0217, 0.0], [77.494325, 13.021997, 0.0], [77.494965, 13.023166, 0.0], [77.495466, 13.02273, 0.0], [77.498656, 13.024823, 0.0]]]}}, {"type": "Feature", "properties": {"name": "Srinivasapura Kere", "area_acres": 2.02, "status": "To Be Developed", "custodian": "BBMP", "Category": "gokatte", "valley": "Hebbal Nagawara Valley", "subvalley": "HN_1", "ward_name": "2 - Akash Ward", "Corporation": "North"}, "geometry": {"type": "Polygon", "coordinates": [[[77.625339, 13.106738, 0.0], [77.625538, 13.106711, 0.0], [77.625687, 13.106312, 0.0], [77.625691, 13.105616, 0.0], [77.625478, 13.105593, 0.0], [77.625427, 13.105523, 0.0], [77.625181, 13.10557, 0.0], [77.624871, 13.105908, 0.0], [77.625339, 13.106738, 0.0]]]}}, {"type": "Feature", "properties": {"name": "Gattigerepalya (Sompura) Kere", "area_acres": 0.3, "custodian": "BBMP", "Category": "kunte", "valley": "Vrishabhavati Valley", "subvalley": "VV_2", "ward_name": "52 - Talagattapura", "Corporation": "South"}, "geometry": {"type": "Polygon", "coordinates": [[[77.502108, 12.883249, 0.0], [77.502283, 12.883367, 0.0], [77.502361, 12.883287, 0.0], [77.502328, 12.882862, 0.0], [77.502153, 12.882917, 0.0], [77.502108, 12.883249, 0.0]]]}}, {"type": "Feature", "properties": {"name": "Busegowdana Kere", "area_acres": 12.18, "custodian": "BBMP", "Category": "kere", "valley": "Vrishabhavati Valley", "subvalley": "VV_2", "ward_name": "20 - Hemmigepura", "Corporation": "West"}, "geometry": {"type": "Polygon", "coordinates": [[[77.495614, 12.907582, 0.0], [77.496336, 12.90715, 0.0], [77.497135, 12.906457, 0.0], [77.497682, 12.905857, 0.0], [77.498049, 12.905337, 0.0], [77.498078, 12.904867, 0.0], [77.497891, 12.904797, 0.0], [77.497652, 12.904917, 0.0], [77.497263, 12.905273, 0.0], [77.49662, 12.905593, 0.0], [77.495456, 12.905708, 0.0], [77.494906, 12.905981, 0.0], [77.495142, 12.906913, 0.0], [77.495229, 12.90767, 0.0], [77.495614, 12.907582, 0.0]]]}}, {"type": "Feature", "properties": {"name": "Chikkagowdanapalya Kere", "area_acres": 0.6, "custodian": "BBMP", "Category": "kunte", "valley": "Vrishabhavati Valley", "subvalley": "VV_1", "ward_name": "52 - Talagattapura", "Corporation": "South"}, "geometry": {"type": "Polygon", "coordinates": [[[77.516914, 12.881363, 0.0], [77.517125, 12.881251, 0.0], [77.517177, 12.881046, 0.0], [77.517159, 12.880891, 0.0], [77.517024, 12.880797, 0.0], [77.516869, 12.88079, 0.0], [77.516725, 12.880972, 0.0], [77.516761, 12.881322, 0.0], [77.516914, 12.881363, 0.0]]]}}, {"type": "Feature", "properties": {"name": "Gandhinagar Hosakerehalli", "area_acres": 28.85, "custodian": "BBMP", "Category": "kere", "valley": "Vrishabhavati Valley", "subvalley": "VV_2", "ward_name": "18 - Kengal Hanumanthaiah West", "Corporation": "West"}, "geometry": {"type": "Polygon", "coordinates": [[[77.480818, 12.923383, 0.0], [77.479252, 12.923929, 0.0], [77.47968, 12.92485, 0.0], [77.479228, 12.925059, 0.0], [77.479584, 12.925707, 0.0], [77.479909, 12.926766, 0.0], [77.479442, 12.927216, 0.0], [77.480751, 12.927169, 0.0], [77.480919, 12.926448, 0.0], [77.481436, 12.92721, 0.0], [77.482007, 12.928785, 0.0], [77.482214, 12.928509, 0.0], [77.483406, 12.930724, 0.0], [77.483046, 12.931396, 0.0], [77.483112, 12.932765, 0.0], [77.483467, 12.933345, 0.0], [77.483437, 12.93206, 0.0], [77.483859, 12.930583, 0.0], [77.482835, 12.928736, 0.0], [77.482697, 12.927904, 0.0], [77.482098, 12.927379, 0.0], [77.481806, 12.926131, 0.0], [77.481464, 12.925928, 0.0], [77.481241, 12.925657, 0.0], [77.481149, 12.925287, 0.0], [77.481235, 12.924903, 0.0], [77.480936, 12.924547, 0.0], [77.481189, 12.923773, 0.0], [77.480818, 12.923383, 0.0]]]}}, {"type": "Feature", "properties": {"name": "Mangammanahalli Kere", "area_acres": 3.18, "status": "Developed Lake", "custodian": "BBMP", "Category": "kere", "valley": "Vrishabhavati Valley", "subvalley": "VV_2"}, "geometry": {"type": "Polygon", "coordinates": [[[77.472016, 12.958389, 0.0], [77.472798, 12.95846, 0.0], [77.472856, 12.958703, 0.0], [77.473355, 12.958546, 0.0], [77.473143, 12.958047, 0.0], [77.472901, 12.958065, 0.0], [77.472825, 12.957163, 0.0], [77.472654, 12.957176, 0.0], [77.472447, 12.957463, 0.0], [77.471998, 12.957868, 0.0], [77.472016, 12.958389, 0.0]]]}}, {"type": "Feature", "properties": {"name": "Bayyapanapalya Kunte", "area_acres": 1.52, "custodian": "BBMP", "Category": "gokatte", "valley": "Suvarnamukhi Valley", "subvalley": "SV_1", "ward_name": "52 - Talagattapura", "Corporation": "South"}, "geometry": {"type": "Polygon", "coordinates": [[[77.543785, 12.867887, 0.0], [77.543346, 12.868175, 0.0], [77.543458, 12.868714, 0.0], [77.544284, 12.868646, 0.0], [77.544302, 12.868571, 0.0], [77.544026, 12.868137, 0.0], [77.543785, 12.867887, 0.0]]]}}, {"type": "Feature", "properties": {"name": "Garudachar Palya (Goshala) Kere", "area_acres": 3.9, "custodian": "BBMP", "Category": "kere", "valley": "Koramangala Challaghatta Valley", "subvalley": "KC_2", "ward_name": "35 - Garudachar Palya", "Corporation": "East"}, "geometry": {"type": "Polygon", "coordinates": [[[77.697566, 12.985743, 0.0], [77.697441, 12.987284, 0.0], [77.697329, 12.987704, 0.0], [77.698911, 12.986907, 0.0], [77.698934, 12.98677, 0.0], [77.698941, 12.986694, 0.0], [77.698277, 12.986522, 0.0], [77.697816, 12.986111, 0.0], [77.697566, 12.985743, 0.0]]]}}, {"type": "Feature", "properties": {"name": "Devsandra kere", "area_acres": 12.45, "custodian": "BBMP", "Category": "kere", "valley": "Hebbal Nagawara Valley", "subvalley": "HN_2", "ward_name": "12 - Chikka Devasandra", "Corporation": "East"}, "geometry": {"type": "Polygon", "coordinates": [[[77.702933, 13.002182, 0.0], [77.704118, 13.002175, 0.0], [77.704595, 13.002718, 0.0], [77.704688, 13.002637, 0.0], [77.704408, 13.002267, 0.0], [77.704255, 13.00163, 0.0], [77.704247, 13.000905, 0.0], [77.70364, 13.000848, 0.0], [77.702741, 13.000348, 0.0], [77.702641, 13.000041, 0.0], [77.702027, 13.000098, 0.0], [77.70217, 13.001569, 0.0], [77.702141, 13.001847, 0.0], [77.701962, 13.002581, 0.0], [77.701695, 13.002724, 0.0], [77.701705, 13.003229, 0.0], [77.701819, 13.003333, 0.0], [77.70199, 13.003238, 0.0], [77.702361, 13.002505, 0.0], [77.702933, 13.002182, 0.0]]]}}, {"type": "Feature", "properties": {"name": "Panathur Kere", "area_acres": 6.79, "status": "Work in Progress", "custodian": "BBMP", "Category": "kere", "valley": "Koramangala Challaghatta Valley", "subvalley": "KC_2", "ward_name": "48 - Panathur", "Corporation": "East"}, "geometry": {"type": "Polygon", "coordinates": [[[77.716232, 12.933163, 0.0], [77.717235, 12.933062, 0.0], [77.718154, 12.933197, 0.0], [77.717251, 12.931406, 0.0], [77.716463, 12.931533, 0.0], [77.716438, 12.93191, 0.0], [77.71613, 12.932933, 0.0], [77.716232, 12.933163, 0.0]]]}}, {"type": "Feature", "properties": {"name": "Puttenahalli Kere", "area_acres": 8.05, "custodian": "BBMP", "Category": "kere", "valley": "Koramangala Challaghatta Valley", "subvalley": "KC_1", "ward_name": "55 - Puttenahalli", "Corporation": "South"}, "geometry": {"type": "Polygon", "coordinates": [[[77.587537, 12.891079, 0.0], [77.588204, 12.891385, 0.0], [77.58813, 12.890339, 0.0], [77.587963, 12.889996, 0.0], [77.587926, 12.889689, 0.0], [77.587944, 12.889382, 0.0], [77.588032, 12.889309, 0.0], [77.588001, 12.889211, 0.0], [77.587434, 12.889245, 0.0], [77.587022, 12.889703, 0.0], [77.586076, 12.891255, 0.0], [77.58606, 12.891453, 0.0], [77.58619, 12.891509, 0.0], [77.58687, 12.89117, 0.0], [77.587537, 12.891079, 0.0]]]}}, {"type": "Feature", "properties": {"name": "Hebbala Kere", "area_acres": 132.46, "custodian": "KFD", "Category": "kere", "valley": "Hebbal Nagawara Valley", "subvalley": "HN_1", "ward_name": "14 - Rajiv Gandhi Nagar", "Corporation": "North"}, "geometry": {"type": "Polygon", "coordinates": [[[77.58325, 13.046059, 0.0], [77.581695, 13.048551, 0.0], [77.58126, 13.049582, 0.0], [77.581223, 13.050259, 0.0], [77.580875, 13.051093, 0.0], [77.581164, 13.051345, 0.0], [77.587003, 13.049131, 0.0], [77.588711, 13.048384, 0.0], [77.591448, 13.0483, 0.0], [77.591832, 13.047934, 0.0], [77.591208, 13.047674, 0.0], [77.590953, 13.047429, 0.0], [77.59075, 13.046574, 0.0], [77.590717, 13.04528, 0.0], [77.590264, 13.043486, 0.0], [77.590037, 13.043138, 0.0], [77.588907, 13.042957, 0.0], [77.58848, 13.042999, 0.0], [77.587039, 13.04495, 0.0], [77.586732, 13.044982, 0.0], [77.584969, 13.044194, 0.0], [77.584262, 13.044431, 0.0], [77.583927, 13.045383, 0.0], [77.58325, 13.046059, 0.0]]]}}, {"type": "Feature", "properties": {"name": "Nagavara Kere", "area_acres": 70.69, "custodian": "KFD", "Category": "kere", "valley": "Hebbal Nagawara Valley", "subvalley": "HN_1", "ward_name": "18 - Kempapura", "Corporation": "North"}, "geometry": {"type": "Polygon", "coordinates": [[[77.602238, 13.044966, 0.0], [77.602391, 13.045148, 0.0], [77.602308, 13.045655, 0.0], [77.605006, 13.045995, 0.0], [77.605364, 13.046123, 0.0], [77.607124, 13.04617, 0.0], [77.610963, 13.046809, 0.0], [77.611272, 13.0465, 0.0], [77.611355, 13.046312, 0.0], [77.611844, 13.045929, 0.0], [77.61236, 13.043577, 0.0], [77.612499, 13.043354, 0.0], [77.612034, 13.042984, 0.0], [77.608977, 13.043767, 0.0], [77.606604, 13.044091, 0.0], [77.60396, 13.043909, 0.0], [77.602452, 13.043974, 0.0], [77.602238, 13.044966, 0.0]]]}}, {"type": "Feature", "properties": {"name": "Madivala Kere", "area_acres": 222.03, "custodian": "KFD", "Category": "kere", "valley": "Koramangala Challaghatta Valley", "subvalley": "KC_1", "ward_name": "60 - Bilekahalli", "Corporation": "South"}, "geometry": {"type": "Polygon", "coordinates": [[[77.615869, 12.91081, 0.0], [77.616438, 12.914027, 0.0], [77.616461, 12.915241, 0.0], [77.617452, 12.914026, 0.0], [77.618493, 12.912926, 0.0], [77.619065, 12.912485, 0.0], [77.619763, 12.912306, 0.0], [77.621092, 12.912546, 0.0], [77.621255, 12.912353, 0.0], [77.621281, 12.912056, 0.0], [77.621171, 12.911713, 0.0], [77.621193, 12.911034, 0.0], [77.620868, 12.910703, 0.0], [77.620586, 12.909893, 0.0], [77.620605, 12.908831, 0.0], [77.620868, 12.907882, 0.0], [77.620524, 12.907646, 0.0], [77.620375, 12.907332, 0.0], [77.620392, 12.907151, 0.0], [77.619584, 12.906346, 0.0], [77.619061, 12.905692, 0.0], [77.61861, 12.904444, 0.0], [77.618345, 12.903414, 0.0], [77.618509, 12.903221, 0.0], [77.618543, 12.902714, 0.0], [77.618464, 12.90259, 0.0], [77.617704, 12.902738, 0.0], [77.617559, 12.902578, 0.0], [77.617376, 12.902056, 0.0], [77.617248, 12.901923, 0.0], [77.616819, 12.90187, 0.0], [77.615882, 12.900987, 0.0], [77.615479, 12.900729, 0.0], [77.614875, 12.900012, 0.0], [77.61439, 12.899782, 0.0], [77.614034, 12.899374, 0.0], [77.613246, 12.899478, 0.0], [77.612898, 12.898793, 0.0], [77.612844, 12.898325, 0.0], [77.612648, 12.898193, 0.0], [77.612267, 12.898139, 0.0], [77.612212, 12.898436, 0.0], [77.612547, 12.899695, 0.0], [77.612524, 12.899994, 0.0], [77.612082, 12.900053, 0.0], [77.611918, 12.900179, 0.0], [77.611856, 12.900782, 0.0], [77.611931, 12.902097, 0.0], [77.611665, 12.902275, 0.0], [77.611565, 12.90285, 0.0], [77.611109, 12.903008, 0.0], [77.611362, 12.904471, 0.0], [77.612653, 12.904293, 0.0], [77.613363, 12.906064, 0.0], [77.613975, 12.906785, 0.0], [77.614206, 12.907461, 0.0], [77.614691, 12.908135, 0.0], [77.615351, 12.908865, 0.0], [77.615603, 12.909589, 0.0], [77.615869, 12.91081, 0.0]]]}}, {"type": "Feature", "properties": {"name": "Puttenahalli Kere", "area_acres": 28.69, "custodian": "KFD", "Category": "kere", "valley": "Hebbal Nagawara Valley", "subvalley": "HN_1", "ward_name": "6 - Doddabettahalli", "Corporation": "North"}, "geometry": {"type": "Polygon", "coordinates": [[[77.578935, 13.11385, 0.0], [77.579174, 13.114089, 0.0], [77.57936, 13.112344, 0.0], [77.579394, 13.111217, 0.0], [77.578361, 13.110907, 0.0], [77.576925, 13.110676, 0.0], [77.576538, 13.110828, 0.0], [77.576406, 13.110602, 0.0], [77.575699, 13.110398, 0.0], [77.574402, 13.11019, 0.0], [77.573243, 13.110192, 0.0], [77.572778, 13.110274, 0.0], [77.572601, 13.110373, 0.0], [77.572727, 13.11108, 0.0], [77.574489, 13.111183, 0.0], [77.574842, 13.111368, 0.0], [77.575289, 13.111743, 0.0], [77.576798, 13.112172, 0.0], [77.57815, 13.112769, 0.0], [77.578764, 13.112951, 0.0], [77.578965, 13.113366, 0.0], [77.578935, 13.11385, 0.0]]]}}, {"type": "Feature", "properties": {"name": "Bellandur Amanikere", "area_acres": 812.41, "custodian": "BDA", "Category": "kere", "valley": "Koramangala Challaghatta Valley", "subvalley": "KC_1", "ward_name": "46 - Yamalur", "Corporation": "East"}, "geometry": {"type": "Polygon", "coordinates": [[[77.650665, 12.927879, 0.0], [77.650481, 12.92775, 0.0], [77.649881, 12.927822, 0.0], [77.649457, 12.927782, 0.0], [77.649054, 12.927524, 0.0], [77.64825, 12.927292, 0.0], [77.647362, 12.927563, 0.0], [77.646853, 12.927852, 0.0], [77.646269, 12.928921, 0.0], [77.646067, 12.928966, 0.0], [77.644867, 12.929624, 0.0], [77.644861, 12.929074, 0.0], [77.644761, 12.928777, 0.0], [77.643261, 12.92866, 0.0], [77.642971, 12.928902, 0.0], [77.642974, 12.929189, 0.0], [77.6431, 12.929618, 0.0], [77.644396, 12.931147, 0.0], [77.646511, 12.931782, 0.0], [77.648519, 12.932754, 0.0], [77.653122, 12.933651, 0.0], [77.653748, 12.934099, 0.0], [77.656502, 12.935431, 0.0], [77.658257, 12.936604, 0.0], [77.658504, 12.936841, 0.0], [77.659199, 12.937227, 0.0], [77.65976, 12.93768, 0.0], [77.660138, 12.938155, 0.0], [77.661509, 12.938867, 0.0], [77.661566, 12.939656, 0.0], [77.66099, 12.939916, 0.0], [77.660855, 12.940115, 0.0], [77.660677, 12.940836, 0.0], [77.660475, 12.942487, 0.0], [77.660014, 12.942659, 0.0], [77.659922, 12.94321, 0.0], [77.659908, 12.944118, 0.0], [77.660533, 12.944296, 0.0], [77.660925, 12.944495, 0.0], [77.661413, 12.944538, 0.0], [77.662036, 12.944379, 0.0], [77.661932, 12.944091, 0.0], [77.662134, 12.943575, 0.0], [77.662095, 12.943336, 0.0], [77.662237, 12.942916, 0.0], [77.662649, 12.942769, 0.0], [77.66399, 12.942661, 0.0], [77.664265, 12.942548, 0.0], [77.665527, 12.941859, 0.0], [77.665488, 12.941616, 0.0], [77.665655, 12.941256, 0.0], [77.666069, 12.941216, 0.0], [77.666481, 12.941032, 0.0], [77.668598, 12.939599, 0.0], [77.669422, 12.939591, 0.0], [77.670495, 12.939973, 0.0], [77.670719, 12.940124, 0.0], [77.67126, 12.940708, 0.0], [77.672088, 12.941136, 0.0], [77.673342, 12.942229, 0.0], [77.674223, 12.942566, 0.0], [77.674451, 12.942277, 0.0], [77.674928, 12.942126, 0.0], [77.675009, 12.941976, 0.0], [77.674905, 12.94146, 0.0], [77.676339, 12.94094, 0.0], [77.676973, 12.941067, 0.0], [77.677496, 12.941039, 0.0], [77.67869, 12.94215, 0.0], [77.679493, 12.943194, 0.0], [77.679795, 12.943245, 0.0], [77.679745, 12.942958, 0.0], [77.679217, 12.942013, 0.0], [77.679184, 12.941679, 0.0], [77.678136, 12.939299, 0.0], [77.677779, 12.938957, 0.0], [77.677566, 12.938433, 0.0], [77.677282, 12.938113, 0.0], [77.677167, 12.937636, 0.0], [77.677159, 12.936895, 0.0], [77.676661, 12.935849, 0.0], [77.676656, 12.935347, 0.0], [77.676816, 12.934413, 0.0], [77.676959, 12.934101, 0.0], [77.676978, 12.933599, 0.0], [77.676838, 12.933074, 0.0], [77.676608, 12.932725, 0.0], [77.676796, 12.932537, 0.0], [77.676781, 12.932274, 0.0], [77.676668, 12.931905, 0.0], [77.676531, 12.931831, 0.0], [77.676158, 12.932066, 0.0], [77.675707, 12.932106, 0.0], [77.674912, 12.931803, 0.0], [77.674516, 12.931391, 0.0], [77.673937, 12.931149, 0.0], [77.673345, 12.931126, 0.0], [77.67306, 12.930865, 0.0], [77.672247, 12.930957, 0.0], [77.668994, 12.930794, 0.0], [77.668238, 12.930889, 0.0], [77.667417, 12.931116, 0.0], [77.666393, 12.931126, 0.0], [77.665932, 12.930792, 0.0], [77.665416, 12.928, 0.0], [77.663908, 12.927927, 0.0], [77.663891, 12.928024, 0.0], [77.663732, 12.927986, 0.0], [77.663231, 12.928907, 0.0], [77.66238, 12.929092, 0.0], [77.662143, 12.929357, 0.0], [77.660612, 12.929853, 0.0], [77.658093, 12.929507, 0.0], [77.657715, 12.92962, 0.0], [77.656956, 12.929431, 0.0], [77.656134, 12.929636, 0.0], [77.655081, 12.929014, 0.0], [77.653637, 12.929334, 0.0], [77.653213, 12.929671, 0.0], [77.651651, 12.92914, 0.0], [77.651009, 12.927853, 0.0], [77.650665, 12.927879, 0.0]]]}}, {"type": "Feature", "properties": {"name": "Varthur Kere", "area_acres": 350.51, "custodian": "BDA", "Category": "kere", "valley": "Koramangala Challaghatta Valley", "subvalley": "KC_2", "ward_name": "40 - Varthur", "Corporation": "East"}, "geometry": {"type": "Polygon", "coordinates": [[[77.740721, 12.952826, 0.0], [77.740981, 12.953052, 0.0], [77.742669, 12.95359, 0.0], [77.743375, 12.954001, 0.0], [77.743538, 12.955172, 0.0], [77.744129, 12.956047, 0.0], [77.745407, 12.956919, 0.0], [77.745569, 12.956789, 0.0], [77.744777, 12.956235, 0.0], [77.744345, 12.955412, 0.0], [77.744129, 12.953995, 0.0], [77.744368, 12.95349, 0.0], [77.744561, 12.951388, 0.0], [77.744974, 12.949595, 0.0], [77.745337, 12.949068, 0.0], [77.745768, 12.948076, 0.0], [77.746191, 12.947012, 0.0], [77.746267, 12.946521, 0.0], [77.746858, 12.945913, 0.0], [77.747251, 12.945138, 0.0], [77.746847, 12.944893, 0.0], [77.74597, 12.945521, 0.0], [77.74557, 12.945677, 0.0], [77.745136, 12.945642, 0.0], [77.744589, 12.945736, 0.0], [77.743793, 12.9456, 0.0], [77.742129, 12.946155, 0.0], [77.74154, 12.945383, 0.0], [77.740978, 12.944939, 0.0], [77.740452, 12.944736, 0.0], [77.739583, 12.944633, 0.0], [77.738597, 12.944274, 0.0], [77.737351, 12.944078, 0.0], [77.735194, 12.943333, 0.0], [77.734753, 12.942682, 0.0], [77.734688, 12.941842, 0.0], [77.734516, 12.941309, 0.0], [77.73438, 12.941146, 0.0], [77.73399, 12.941085, 0.0], [77.733791, 12.941262, 0.0], [77.733574, 12.941701, 0.0], [77.733592, 12.942367, 0.0], [77.733509, 12.942935, 0.0], [77.73298, 12.943389, 0.0], [77.732012, 12.943475, 0.0], [77.731421, 12.943361, 0.0], [77.729975, 12.943508, 0.0], [77.729499, 12.94372, 0.0], [77.728731, 12.943772, 0.0], [77.727964, 12.943922, 0.0], [77.727096, 12.943893, 0.0], [77.727059, 12.944224, 0.0], [77.726319, 12.944988, 0.0], [77.72648, 12.946287, 0.0], [77.728043, 12.94701, 0.0], [77.729142, 12.947207, 0.0], [77.731311, 12.947923, 0.0], [77.731896, 12.947531, 0.0], [77.732667, 12.947636, 0.0], [77.733814, 12.949495, 0.0], [77.73452, 12.949471, 0.0], [77.735854, 12.950155, 0.0], [77.73667, 12.950676, 0.0], [77.737481, 12.950764, 0.0], [77.738159, 12.952082, 0.0], [77.738772, 12.952027, 0.0], [77.739346, 12.952385, 0.0], [77.740721, 12.952826, 0.0]]]}}, {"type": "Feature", "properties": {"name": "Lalbagh kere", "area_acres": 34.39, "custodian": "Horitculture Department", "Category": "kere", "valley": "Koramangala Challaghatta Valley", "subvalley": "KC_1", "ward_name": "40 - Ashoka Pillar", "Corporation": "Central"}, "geometry": {"type": "Polygon", "coordinates": [[[77.581286, 12.94443, 0.0], [77.581636, 12.945264, 0.0], [77.581899, 12.947075, 0.0], [77.581833, 12.94745, 0.0], [77.581524, 12.947735, 0.0], [77.581415, 12.947976, 0.0], [77.581437, 12.948234, 0.0], [77.581559, 12.948299, 0.0], [77.581826, 12.948201, 0.0], [77.582383, 12.947784, 0.0], [77.583338, 12.947259, 0.0], [77.583683, 12.94716, 0.0], [77.585092, 12.947241, 0.0], [77.585512, 12.947337, 0.0], [77.585983, 12.947634, 0.0], [77.586198, 12.94766, 0.0], [77.586493, 12.947418, 0.0], [77.586593, 12.947231, 0.0], [77.586639, 12.94648, 0.0], [77.586396, 12.946081, 0.0], [77.585824, 12.945905, 0.0], [77.58501, 12.945972, 0.0], [77.584477, 12.945717, 0.0], [77.584202, 12.945499, 0.0], [77.583918, 12.945407, 0.0], [77.583309, 12.944505, 0.0], [77.582743, 12.943975, 0.0], [77.582442, 12.944079, 0.0], [77.581383, 12.943936, 0.0], [77.581273, 12.944162, 0.0], [77.581286, 12.94443, 0.0]]]}}, {"type": "Feature", "properties": {"name": "Mallasandra Kere-2", "area_acres": 3.45, "custodian": "Unknown", "Category": "kere", "valley": "Arkavathi Valley", "subvalley": "AV_1", "ward_name": "68 - Mallasandra", "Corporation": "North"}, "geometry": {"type": "Polygon", "coordinates": [[[77.519313, 13.056693, 0.0], [77.519044, 13.056882, 0.0], [77.519271, 13.056848, 0.0], [77.519625, 13.057088, 0.0], [77.519789, 13.057297, 0.0], [77.519962, 13.057289, 0.0], [77.52058, 13.056607, 0.0], [77.52051, 13.056014, 0.0], [77.520212, 13.055885, 0.0], [77.519735, 13.056097, 0.0], [77.519313, 13.056693, 0.0]]]}}, {"type": "Feature", "properties": {"name": "Dodda Bettahalli Kere", "area_acres": 7.15, "custodian": "Unknown", "Category": "kere", "valley": "Hebbal Nagawara Valley", "subvalley": "HN_1", "ward_name": "7 - Attur", "Corporation": "North"}, "geometry": {"type": "Polygon", "coordinates": [[[77.555909, 13.091339, 0.0], [77.554641, 13.091253, 0.0], [77.554065, 13.091453, 0.0], [77.553192, 13.091956, 0.0], [77.553057, 13.092366, 0.0], [77.553323, 13.092593, 0.0], [77.554035, 13.0925, 0.0], [77.556115, 13.091753, 0.0], [77.556072, 13.091448, 0.0], [77.555909, 13.091339, 0.0]]]}}, {"type": "Feature", "properties": {"name": "Kadiranpalaya Kere", "area_acres": 20.39, "custodian": "Unknown", "Category": "kere", "valley": "Koramangala Challaghatta Valley", "subvalley": "KC_1", "ward_name": "15 - Indiranagar", "Corporation": "Central"}, "geometry": {"type": "Polygon", "coordinates": [[[77.637449, 12.988148, 0.0], [77.637513, 12.987614, 0.0], [77.638492, 12.987191, 0.0], [77.637882, 12.984304, 0.0], [77.637215, 12.984362, 0.0], [77.636218, 12.984734, 0.0], [77.634698, 12.983768, 0.0], [77.636161, 12.98594, 0.0], [77.636772, 12.987225, 0.0], [77.636758, 12.987639, 0.0], [77.637115, 12.988117, 0.0], [77.637449, 12.988148, 0.0]]]}}, {"type": "Feature", "properties": {"name": "Thippasandra Kere", "area_acres": 3.6, "custodian": "Unknown", "Category": "kere", "valley": "Suvarnamukhi Valley", "subvalley": "SV_1", "ward_name": "40 - Anjanapura", "Corporation": "South"}, "geometry": {"type": "Polygon", "coordinates": [[[77.556424, 12.870971, 0.0], [77.55599, 12.87018, 0.0], [77.554982, 12.870443, 0.0], [77.554806, 12.870238, 0.0], [77.554624, 12.870469, 0.0], [77.554844, 12.870572, 0.0], [77.555226, 12.871421, 0.0], [77.556424, 12.870971, 0.0]]]}}, {"type": "Feature", "properties": {"name": "Kannuru kere", "area_acres": 51.15, "custodian": "Unknown", "Category": "kere", "valley": "Hebbal Nagawara Valley", "subvalley": "HN_2", "ward_name": "21 - Kogilu", "Corporation": "North"}, "geometry": {"type": "Polygon", "coordinates": [[[77.652516, 13.097953, 0.0], [77.652159, 13.097852, 0.0], [77.650357, 13.098038, 0.0], [77.650339, 13.09788, 0.0], [77.65019, 13.097871, 0.0], [77.650166, 13.098169, 0.0], [77.649756, 13.09832, 0.0], [77.649702, 13.098225, 0.0], [77.649575, 13.098243, 0.0], [77.649497, 13.098115, 0.0], [77.649287, 13.098113, 0.0], [77.649172, 13.097992, 0.0], [77.648851, 13.097942, 0.0], [77.648701, 13.097627, 0.0], [77.648394, 13.097777, 0.0], [77.648194, 13.097713, 0.0], [77.648016, 13.09782, 0.0], [77.647588, 13.097785, 0.0], [77.648102, 13.098627, 0.0], [77.648773, 13.100369, 0.0], [77.648923, 13.100526, 0.0], [77.649144, 13.101211, 0.0], [77.649936, 13.101496, 0.0], [77.650236, 13.101439, 0.0], [77.650522, 13.101482, 0.0], [77.650736, 13.101675, 0.0], [77.651064, 13.101746, 0.0], [77.651078, 13.101853, 0.0], [77.6516, 13.101925, 0.0], [77.651906, 13.102146, 0.0], [77.651999, 13.101953, 0.0], [77.652906, 13.101939, 0.0], [77.653177, 13.101625, 0.0], [77.653948, 13.101504, 0.0], [77.654126, 13.100975, 0.0], [77.654305, 13.100904, 0.0], [77.654198, 13.100804, 0.0], [77.653984, 13.100804, 0.0], [77.653099, 13.100035, 0.0], [77.652718, 13.099464, 0.0], [77.652373, 13.098287, 0.0], [77.652516, 13.097953, 0.0]]]}}, {"type": "Feature", "properties": {"name": "Yellamallappashetti Kere", "area_acres": 365.14, "custodian": "Unknown", "Category": "kere", "valley": "Hebbal Nagawara Valley", "subvalley": "HN_2", "ward_name": "10 - Medahalli", "Corporation": "East"}, "geometry": {"type": "Polygon", "coordinates": [[[77.723955, 13.035897, 0.0], [77.723698, 13.036059, 0.0], [77.72347, 13.036364, 0.0], [77.723994, 13.036744, 0.0], [77.724393, 13.036935, 0.0], [77.724536, 13.037106, 0.0], [77.724203, 13.03743, 0.0], [77.723299, 13.037163, 0.0], [77.722728, 13.037173, 0.0], [77.721947, 13.037744, 0.0], [77.721681, 13.037801, 0.0], [77.721871, 13.038096, 0.0], [77.722813, 13.038105, 0.0], [77.724136, 13.037982, 0.0], [77.724669, 13.038248, 0.0], [77.724745, 13.037725, 0.0], [77.72574, 13.037175, 0.0], [77.72713, 13.036261, 0.0], [77.727396, 13.036166, 0.0], [77.72753, 13.036223, 0.0], [77.728358, 13.03562, 0.0], [77.728434, 13.035391, 0.0], [77.728853, 13.035249, 0.0], [77.728993, 13.035266, 0.0], [77.729329, 13.035088, 0.0], [77.729632, 13.03517, 0.0], [77.729707, 13.035338, 0.0], [77.729871, 13.035174, 0.0], [77.730085, 13.034445, 0.0], [77.730075, 13.033807, 0.0], [77.729893, 13.033882, 0.0], [77.729732, 13.033746, 0.0], [77.729589, 13.033742, 0.0], [77.7297, 13.033418, 0.0], [77.729712, 13.03287, 0.0], [77.729403, 13.032275, 0.0], [77.729272, 13.031704, 0.0], [77.729343, 13.031418, 0.0], [77.729772, 13.030645, 0.0], [77.729712, 13.030098, 0.0], [77.730117, 13.029753, 0.0], [77.73045, 13.028836, 0.0], [77.730129, 13.028218, 0.0], [77.730057, 13.026885, 0.0], [77.730283, 13.026945, 0.0], [77.730283, 13.026398, 0.0], [77.730528, 13.025821, 0.0], [77.731242, 13.024921, 0.0], [77.732099, 13.024679, 0.0], [77.732398, 13.024265, 0.0], [77.732755, 13.024065, 0.0], [77.734568, 13.023408, 0.0], [77.735054, 13.02318, 0.0], [77.735154, 13.023008, 0.0], [77.734197, 13.01961, 0.0], [77.733298, 13.017226, 0.0], [77.732727, 13.017612, 0.0], [77.731513, 13.017783, 0.0], [77.730842, 13.018226, 0.0], [77.730385, 13.018811, 0.0], [77.7303, 13.019225, 0.0], [77.7298, 13.019782, 0.0], [77.729629, 13.02031, 0.0], [77.728729, 13.020767, 0.0], [77.728001, 13.020852, 0.0], [77.726531, 13.020867, 0.0], [77.726231, 13.02071, 0.0], [77.725745, 13.020653, 0.0], [77.725617, 13.020967, 0.0], [77.724817, 13.021424, 0.0], [77.724575, 13.021309, 0.0], [77.724075, 13.021381, 0.0], [77.722833, 13.021766, 0.0], [77.720948, 13.021209, 0.0], [77.72072, 13.021809, 0.0], [77.720592, 13.022566, 0.0], [77.720806, 13.023437, 0.0], [77.721177, 13.023765, 0.0], [77.722519, 13.024208, 0.0], [77.723847, 13.025121, 0.0], [77.724046, 13.02535, 0.0], [77.724361, 13.025964, 0.0], [77.725274, 13.026306, 0.0], [77.725588, 13.026349, 0.0], [77.725189, 13.028019, 0.0], [77.725046, 13.030489, 0.0], [77.725246, 13.031646, 0.0], [77.725032, 13.033202, 0.0], [77.724575, 13.033759, 0.0], [77.724361, 13.035658, 0.0], [77.724104, 13.035957, 0.0], [77.723955, 13.035897, 0.0]]]}}, {"type": "Feature", "properties": {"name": "Basappana katte", "area_acres": 6.01, "custodian": "Unknown", "Category": "gokatte", "valley": "Vrishabhavati Valley", "subvalley": "VV_1", "ward_name": "5 - Rajeshwarinagar", "Corporation": "West"}, "geometry": {"type": "Polygon", "coordinates": [[[77.513704, 13.01044, 0.0], [77.514263, 13.010599, 0.0], [77.514431, 13.010717, 0.0], [77.514478, 13.010957, 0.0], [77.51418, 13.011222, 0.0], [77.514282, 13.011385, 0.0], [77.514582, 13.011338, 0.0], [77.514869, 13.011095, 0.0], [77.515091, 13.011006, 0.0], [77.515492, 13.010969, 0.0], [77.515546, 13.010783, 0.0], [77.515499, 13.010543, 0.0], [77.515306, 13.010217, 0.0], [77.515337, 13.009998, 0.0], [77.51491, 13.009598, 0.0], [77.514574, 13.009471, 0.0], [77.513812, 13.010035, 0.0], [77.51367, 13.010342, 0.0], [77.513704, 13.01044, 0.0]]]}}, {"type": "Feature", "properties": {"name": "Amrutnagar Kere", "area_acres": 9.17, "custodian": "Unknown", "Category": "brick kiln", "valley": "Suvarnamukhi Valley", "subvalley": "SV_1", "ward_name": "40 - Anjanapura", "Corporation": "South"}, "geometry": {"type": "Polygon", "coordinates": [[[77.559041, 12.847327, 0.0], [77.558831, 12.847444, 0.0], [77.558878, 12.847586, 0.0], [77.558785, 12.848247, 0.0], [77.558492, 12.84876, 0.0], [77.558694, 12.848895, 0.0], [77.559704, 12.849004, 0.0], [77.559957, 12.848468, 0.0], [77.560965, 12.848349, 0.0], [77.561563, 12.848152, 0.0], [77.561923, 12.847913, 0.0], [77.561451, 12.847726, 0.0], [77.559957, 12.847563, 0.0], [77.559755, 12.847235, 0.0], [77.559041, 12.847327, 0.0]]]}}, {"type": "Feature", "properties": {"name": "BEL Kere", "area_acres": 9.73, "custodian": "Bharat Electronics Limited", "Category": "kere", "valley": "Hebbal Nagawara Valley", "subvalley": "HN_1", "ward_name": "11 - Doddabommasandra", "Corporation": "North"}, "geometry": {"type": "Polygon", "coordinates": [[[77.565741, 13.055554, 0.0], [77.563749, 13.055505, 0.0], [77.563086, 13.056563, 0.0], [77.563425, 13.057089, 0.0], [77.564615, 13.057137, 0.0], [77.565761, 13.056077, 0.0], [77.565741, 13.055554, 0.0]]]}}, {"type": "Feature", "properties": {"name": "Pillappana katte", "area_acres": 4.19, "custodian": "Unknown", "Category": "gokatte", "valley": "Vrishabhavati Valley", "subvalley": "VV_1", "ward_name": "29 - Chowdeshwari Nagar", "Corporation": "West"}, "geometry": {"type": "Polygon", "coordinates": [[[77.516378, 12.996996, 0.0], [77.516754, 12.998694, 0.0], [77.516856, 12.99876, 0.0], [77.517359, 12.998728, 0.0], [77.517439, 12.998524, 0.0], [77.517363, 12.997213, 0.0], [77.517246, 12.997138, 0.0], [77.516378, 12.996996, 0.0]]]}}, {"type": "Feature", "properties": {"name": "Idly Kere", "area_acres": 1.41, "custodian": "Jss Academy Of Technical Education Academic Block", "Category": "gokatte", "valley": "Vrishabhavati Valley", "subvalley": "VV_1", "ward_name": "20 - Hemmigepura", "Corporation": "West"}, "geometry": {"type": "Polygon", "coordinates": [[[77.506996, 12.903768, 0.0], [77.506822, 12.903209, 0.0], [77.506145, 12.903381, 0.0], [77.506236, 12.903817, 0.0], [77.50636, 12.903784, 0.0], [77.506484, 12.904065, 0.0], [77.506996, 12.903768, 0.0]]]}}, {"type": "Feature", "properties": {"name": "BGS Kere", "area_acres": 3.08, "custodian": "Unknown", "Category": "gokatte", "valley": "Vrishabhavati Valley", "subvalley": "VV_2", "ward_name": "20 - Hemmigepura", "Corporation": "West"}, "geometry": {"type": "Polygon", "coordinates": [[[77.499094, 12.893723, 0.0], [77.499441, 12.89363, 0.0], [77.499901, 12.893046, 0.0], [77.499486, 12.892787, 0.0], [77.499233, 12.892969, 0.0], [77.499027, 12.893377, 0.0], [77.498121, 12.893926, 0.0], [77.498136, 12.894127, 0.0], [77.498716, 12.894255, 0.0], [77.499154, 12.894185, 0.0], [77.499199, 12.89411, 0.0], [77.499057, 12.893932, 0.0], [77.499094, 12.893723, 0.0]]]}}, {"type": "Feature", "properties": {"name": "Bangalore Palace Kere", "area_acres": 14.0, "custodian": "Unknown", "Category": "kere", "valley": "Vrishabhavati Valley", "subvalley": "VV_1", "ward_name": "51 - Rajamahal", "Corporation": "West"}, "geometry": {"type": "Polygon", "coordinates": [[[77.587199, 13.003473, 0.0], [77.587393, 13.003253, 0.0], [77.587327, 13.001544, 0.0], [77.587155, 13.000817, 0.0], [77.5868, 13.000659, 0.0], [77.584979, 13.001782, 0.0], [77.584889, 13.002202, 0.0], [77.584925, 13.002407, 0.0], [77.585112, 13.002615, 0.0], [77.58629, 13.003118, 0.0], [77.586869, 13.003449, 0.0], [77.587199, 13.003473, 0.0]]]}}, {"type": "Feature", "properties": {"name": "Kere (Quarry Kere)", "area_acres": 15.01, "custodian": "Unknown", "Category": "quarry", "valley": "Koramangala Challaghatta Valley", "subvalley": "KC_2", "ward_name": "31 - Kasavanahalli", "Corporation": "South"}, "geometry": {"type": "Polygon", "coordinates": [[[77.670995, 12.898515, 0.0], [77.671854, 12.898301, 0.0], [77.67215, 12.897705, 0.0], [77.67207, 12.896853, 0.0], [77.67188, 12.896648, 0.0], [77.671727, 12.896245, 0.0], [77.671764, 12.895814, 0.0], [77.671933, 12.895598, 0.0], [77.671383, 12.895036, 0.0], [77.670903, 12.895189, 0.0], [77.670246, 12.895659, 0.0], [77.670227, 12.895807, 0.0], [77.670464, 12.89684, 0.0], [77.670444, 12.896961, 0.0], [77.670248, 12.897098, 0.0], [77.670505, 12.898311, 0.0], [77.67073, 12.8985, 0.0], [77.670995, 12.898515, 0.0]]]}}, {"type": "Feature", "properties": {"name": "Harulur Quarry Kere", "area_acres": 6.08, "custodian": "Unknown", "Category": "quarry", "valley": "Koramangala Challaghatta Valley", "subvalley": "KC_2", "ward_name": "32 - Kudlu", "Corporation": "South"}, "geometry": {"type": "Polygon", "coordinates": [[[77.664426, 12.892758, 0.0], [77.66359, 12.892949, 0.0], [77.663227, 12.893175, 0.0], [77.663329, 12.894245, 0.0], [77.663513, 12.894497, 0.0], [77.66475, 12.894315, 0.0], [77.664506, 12.892855, 0.0], [77.664426, 12.892758, 0.0]]]}}, {"type": "Feature", "properties": {"name": "Bellihalli kere", "area_acres": 13.19, "custodian": "Unknown", "Category": "kere", "valley": "Hebbal Nagawara Valley", "subvalley": "HN_2", "ward_name": "21 - Kogilu", "Corporation": "North"}, "geometry": {"type": "Polygon", "coordinates": [[[77.641652, 13.103784, 0.0], [77.642125, 13.105166, 0.0], [77.642388, 13.105421, 0.0], [77.643901, 13.105631, 0.0], [77.643993, 13.105488, 0.0], [77.644158, 13.10545, 0.0], [77.644339, 13.10485, 0.0], [77.643794, 13.103641, 0.0], [77.643137, 13.10347, 0.0], [77.642666, 13.103484, 0.0], [77.641895, 13.103341, 0.0], [77.641652, 13.103784, 0.0]]]}}, {"type": "Feature", "properties": {"name": "Lakshmipura Kere", "area_acres": 8.02, "custodian": "BBMP", "Category": "kere", "valley": "Arkavathi Valley", "subvalley": "AV_1", "ward_name": "65 - Abbigere", "Corporation": "North"}, "geometry": {"type": "Polygon", "coordinates": [[[77.530709, 13.086376, 0.0], [77.531089, 13.086168, 0.0], [77.531385, 13.085812, 0.0], [77.531442, 13.085627, 0.0], [77.530579, 13.084105, 0.0], [77.530207, 13.084841, 0.0], [77.529481, 13.085757, 0.0], [77.529251, 13.085891, 0.0], [77.529216, 13.08605, 0.0], [77.529233, 13.086273, 0.0], [77.529411, 13.086321, 0.0], [77.530709, 13.086376, 0.0]]]}}, {"type": "Feature", "properties": {"name": "ADE kunte", "area_acres": 0.59, "custodian": "Aeronautical Development Establishment", "Category": "kunte", "valley": "Koramangala Challaghatta Valley", "subvalley": "KC_1", "ward_name": "15 - Indiranagar", "Corporation": "Central"}, "geometry": {"type": "Polygon", "coordinates": [[[77.647866, 12.978616, 0.0], [77.647733, 12.978706, 0.0], [77.647755, 12.978916, 0.0], [77.648172, 12.979132, 0.0], [77.648388, 12.979086, 0.0], [77.648387, 12.97895, 0.0], [77.647866, 12.978616, 0.0]]]}}, {"type": "Feature", "properties": {"name": "Karagada Kunte", "area_acres": 0.7, "custodian": "Unknown", "Category": "kunte", "valley": "Koramangala Challaghatta Valley", "subvalley": "KC_1", "ward_name": "4 - Sampangirama Nagar", "Corporation": "Central"}, "geometry": {"type": "Polygon", "coordinates": [[[77.592392, 12.971348, 0.0], [77.592507, 12.97119, 0.0], [77.591963, 12.970643, 0.0], [77.591856, 12.970615, 0.0], [77.591777, 12.970782, 0.0], [77.591794, 12.970999, 0.0], [77.592392, 12.971348, 0.0]]]}}, {"type": "Feature", "properties": {"name": "Cubbon Park Kunte", "area_acres": 0.3, "custodian": "Horitculture Department", "Category": "kunte", "valley": "Koramangala Challaghatta Valley", "subvalley": "KC_1", "ward_name": "4 - Sampangirama Nagar", "Corporation": "Central"}, "geometry": {"type": "Polygon", "coordinates": [[[77.592843, 12.971657, 0.0], [77.593226, 12.972015, 0.0], [77.593424, 12.972022, 0.0], [77.592935, 12.97158, 0.0], [77.592843, 12.971657, 0.0]]]}}, {"type": "Feature", "properties": {"name": "Lotus Pond", "area_acres": 1.6, "custodian": "Horitculture Department", "Category": "gokatte", "valley": "Koramangala Challaghatta Valley", "subvalley": "KC_1", "ward_name": "4 - Sampangirama Nagar", "Corporation": "Central"}, "geometry": {"type": "Polygon", "coordinates": [[[77.596126, 12.977507, 0.0], [77.596678, 12.977326, 0.0], [77.597053, 12.977388, 0.0], [77.597161, 12.977112, 0.0], [77.596828, 12.977056, 0.0], [77.596695, 12.976932, 0.0], [77.595956, 12.976991, 0.0], [77.595804, 12.977157, 0.0], [77.59581, 12.977335, 0.0], [77.595945, 12.977484, 0.0], [77.596126, 12.977507, 0.0]]]}}, {"type": "Feature", "properties": {"name": "Hennur Biodiversity Kunte", "area_acres": 2.68, "custodian": "Unknown", "Category": "gokatte", "valley": "Hebbal Nagawara Valley", "subvalley": "HN_1", "ward_name": "24 - HBR Layout", "Corporation": "North"}, "geometry": {"type": "Polygon", "coordinates": [[[77.627162, 13.036797, 0.0], [77.62742, 13.036339, 0.0], [77.627528, 13.035909, 0.0], [77.626855, 13.035594, 0.0], [77.62662, 13.035596, 0.0], [77.626689, 13.036056, 0.0], [77.626655, 13.036918, 0.0], [77.626839, 13.037081, 0.0], [77.627162, 13.036797, 0.0]]]}}, {"type": "Feature", "properties": {"name": "Subramanya Swamy Temple Kalyani", "area_acres": 0.24, "custodian": "Subramanya Swamy Temple", "Category": "kalyani", "valley": "Koramangala Challaghatta Valley", "subvalley": "KC_1", "ward_name": "24 - Agaram", "Corporation": "Central"}, "geometry": {"type": "Polygon", "coordinates": [[[77.627811, 12.977539, 0.0], [77.628115, 12.977536, 0.0], [77.628113, 12.977271, 0.0], [77.627805, 12.977282, 0.0], [77.627811, 12.977539, 0.0]]]}}, {"type": "Feature", "properties": {"name": "Subramanya Swamy Temple Kalyani", "area_acres": 0.14, "custodian": "Subramanya Swamy Temple", "Category": "kalyani", "valley": "Koramangala Challaghatta Valley", "subvalley": "KC_1", "ward_name": "8 - Halasuru", "Corporation": "Central"}, "geometry": {"type": "Polygon", "coordinates": [[[77.624591, 12.975926, 0.0], [77.624812, 12.975885, 0.0], [77.624777, 12.975682, 0.0], [77.624561, 12.975725, 0.0], [77.624591, 12.975926, 0.0]]]}}, {"type": "Feature", "properties": {"name": "Kalyani Shri Ganapathi Temple", "area_acres": 0.29, "custodian": "Shri Ganapathi Temple", "Category": "kalyani", "valley": "Koramangala Challaghatta Valley", "subvalley": "KC_1", "ward_name": "38 - Kanakanapalya", "Corporation": "Central"}, "geometry": {"type": "Polygon", "coordinates": [[[77.589289, 12.943326, 0.0], [77.589588, 12.943252, 0.0], [77.589509, 12.942948, 0.0], [77.589204, 12.943018, 0.0], [77.589289, 12.943326, 0.0]]]}}, {"type": "Feature", "properties": {"name": "Shri Someshwara Swamy Temple Varthur Raja Kalyani", "area_acres": 0.08, "custodian": "Shri Someshwara Swamy Temple", "Category": "kalyani", "valley": "Koramangala Challaghatta Valley", "subvalley": "KC_2", "ward_name": "40 - Varthur", "Corporation": "East"}, "geometry": {"type": "Polygon", "coordinates": [[[77.749182, 12.942425, 0.0], [77.749353, 12.942458, 0.0], [77.749384, 12.942296, 0.0], [77.74922, 12.942267, 0.0], [77.749182, 12.942425, 0.0]]]}}, {"type": "Feature", "properties": {"name": "Kalkere Kalyani", "area_acres": 0.51, "custodian": "Unknown", "Category": "kalyani", "valley": "Hebbal Nagawara Valley", "subvalley": "HN_2", "ward_name": "6 - Kalkere", "Corporation": "East"}, "geometry": {"type": "Polygon", "coordinates": [[[77.674418, 13.034453, 0.0], [77.674871, 13.034493, 0.0], [77.674905, 13.034102, 0.0], [77.67449, 13.034058, 0.0], [77.674418, 13.034453, 0.0]]]}}]}