{"type": "FeatureCollection", "features": [{"type": "Feature", "properties": {"Drain num": "RN181", "length_m": 613.91, "valley": "Vrishabhavati Valley", "subvalley": "VV_2", "ward_name": "20 - Hemmigepura,21 - Mylasandra", "Corporation": "West"}, "geometry": {"type": "LineString", "coordinates": [[77.491732, 12.918644, 0.0], [77.490598, 12.914724, 0.0], [77.490303, 12.913281, 0.0]]}}, {"type": "Feature", "properties": {"Drain num": "BP114", "length_m": 1650.68, "valley": "Arkavathi Valley", "subvalley": "AV_1", "ward_name": "66 - Kammagondanahalli,9 - Kuvempunagara,8 - Singapura", "Corporation": "North"}, "geometry": {"type": "LineString", "coordinates": [[77.539324, 13.069098, 0.0], [77.538203, 13.069765, 0.0], [77.537923, 13.07022, 0.0], [77.534842, 13.070674, 0.0], [77.532353, 13.071917, 0.0], [77.531824, 13.072645, 0.0], [77.531388, 13.073888, 0.0], [77.531513, 13.075555, 0.0], [77.531046, 13.076767, 0.0], [77.530984, 13.077404, 0.0], [77.530486, 13.077707, 0.0], [77.530392, 13.078616, 0.0]]}}, {"type": "Feature", "properties": {"Drain num": "BP113", "length_m": 400.39, "valley": "Arkavathi Valley", "subvalley": "AV_1", "ward_name": "8 - Singapura", "Corporation": "North"}, "geometry": {"type": "LineString", "coordinates": [[77.534111, 13.080132, 0.0], [77.532991, 13.079814, 0.0], [77.530579, 13.080541, 0.0]]}}, {"type": "Feature", "properties": {"Drain num": "DH135", "length_m": 3699.68, "valley": "Arkavathi Valley", "subvalley": "AV_1", "ward_name": "60 - Jalahalli,66 - Kammagondanahalli,65 - Abbigere,67 - Shettihalli", "Corporation": "North"}, "geometry": {"type": "LineString", "coordinates": [[77.533971, 13.054745, 0.0], [77.533598, 13.056654, 0.0], [77.532913, 13.058594, 0.0], [77.532851, 13.059807, 0.0], [77.53338, 13.061959, 0.0], [77.533286, 13.062869, 0.0], [77.531544, 13.06296, 0.0], [77.531513, 13.064051, 0.0], [77.532073, 13.065536, 0.0], [77.531668, 13.06584, 0.0], [77.531637, 13.06687, 0.0], [77.526409, 13.067446, 0.0], [77.524449, 13.067355, 0.0], [77.521741, 13.067537, 0.0], [77.520901, 13.067992, 0.0], [77.520963, 13.068568, 0.0], [77.518972, 13.06875, 0.0], [77.518007, 13.069538, 0.0], [77.516669, 13.070174, 0.0], [77.515331, 13.07172, 0.0], [77.516264, 13.072539, 0.0]]}}, {"type": "Feature", "properties": {"Drain num": "DH141", "length_m": 975.12, "valley": "Arkavathi Valley", "subvalley": "AV_1", "ward_name": "68 - Mallasandra,67 - Shettihalli", "Corporation": "North"}, "geometry": {"type": "LineString", "coordinates": [[77.525071, 13.051501, 0.0], [77.522644, 13.053593, 0.0], [77.52115, 13.055048, 0.0], [77.519781, 13.056685, 0.0], [77.518909, 13.057048, 0.0], [77.519127, 13.057533, 0.0]]}}, {"type": "Feature", "properties": {"Drain num": "DH143", "length_m": 1651.98, "valley": "Arkavathi Valley", "subvalley": "AV_1", "ward_name": "68 - Mallasandra,65 - Abbigere,67 - Shettihalli", "Corporation": "North"}, "geometry": {"type": "LineString", "coordinates": [[77.516918, 13.058034, 0.0], [77.516015, 13.05864, 0.0], [77.516155, 13.059762, 0.0], [77.514879, 13.06061, 0.0], [77.514257, 13.061838, 0.0], [77.513961, 13.062444, 0.0], [77.513588, 13.063687, 0.0], [77.513448, 13.065142, 0.0], [77.513199, 13.065355, 0.0], [77.512032, 13.065279, 0.0], [77.512048, 13.069341, 0.0], [77.511301, 13.069826, 0.0]]}}, {"type": "Feature", "properties": {"Drain num": "DH143", "length_m": 353.53, "valley": "Arkavathi Valley", "subvalley": "AV_1", "ward_name": "65 - Abbigere", "Corporation": "North"}, "geometry": {"type": "LineString", "coordinates": [[77.511301, 13.069826, 0.0], [77.512032, 13.072054, 0.0], [77.511845, 13.072887, 0.0]]}}, {"type": "Feature", "properties": {"length_m": 782.29, "valley": "Arkavathi Valley", "subvalley": "AV_1", "ward_name": "65 - Abbigere,67 - Shettihalli", "Corporation": "North"}, "geometry": {"type": "LineString", "coordinates": [[77.509916, 13.063414, 0.0], [77.509776, 13.06446, 0.0], [77.510538, 13.065112, 0.0], [77.511254, 13.065961, 0.0], [77.511581, 13.068825, 0.0], [77.511301, 13.069826, 0.0]]}}, {"type": "Feature", "properties": {"Drain num": "DH233", "length_m": 921.52, "valley": "Arkavathi Valley", "subvalley": "AV_2", "ward_name": "70 - Manjunatha Nagar,69 - Bagalagunte", "Corporation": "North"}, "geometry": {"type": "LineString", "coordinates": [[77.507597, 13.055548, 0.0], [77.504423, 13.05576, 0.0], [77.502743, 13.05579, 0.0], [77.500907, 13.055245, 0.0], [77.499413, 13.054426, 0.0]]}}, {"type": "Feature", "properties": {"Drain num": "DH233", "length_m": 1377.57, "valley": "Arkavathi Valley", "subvalley": "AV_2", "ward_name": "70 - Manjunatha Nagar,69 - Bagalagunte", "Corporation": "North"}, "geometry": {"type": "LineString", "coordinates": [[77.499413, 13.054426, 0.0], [77.498977, 13.054942, 0.0], [77.498791, 13.056215, 0.0], [77.498791, 13.057367, 0.0], [77.496363, 13.05767, 0.0], [77.495025, 13.05861, 0.0], [77.493438, 13.059489, 0.0], [77.492287, 13.060247, 0.0], [77.49294, 13.062096, 0.0], [77.492714, 13.062102, 0.0]]}}, {"type": "Feature", "properties": {"length_m": 348.55, "valley": "Arkavathi Valley", "subvalley": "AV_2", "ward_name": "70 - Manjunatha Nagar", "Corporation": "North"}, "geometry": {"type": "LineString", "coordinates": [[77.501358, 13.05238, 0.0], [77.500331, 13.052592, 0.0], [77.4996, 13.053411, 0.0], [77.499413, 13.054426, 0.0]]}}, {"type": "Feature", "properties": {"Drain num": "DH211", "length_m": 2020.53, "valley": "Arkavathi Valley", "subvalley": "AV_2", "ward_name": "2 - Chokkasandra,34 - Peenya", "Corporation": "West"}, "geometry": {"type": "LineString", "coordinates": [[77.521414, 13.026671, 0.0], [77.520543, 13.027338, 0.0], [77.519858, 13.029279, 0.0], [77.520574, 13.032068, 0.0], [77.518894, 13.032856, 0.0], [77.51824, 13.034281, 0.0], [77.518458, 13.036525, 0.0], [77.518178, 13.038344, 0.0], [77.517027, 13.038829, 0.0], [77.516311, 13.039283, 0.0], [77.514506, 13.041315, 0.0]]}}, {"type": "Feature", "properties": {"length_m": 1089.7, "valley": "Arkavathi Valley", "subvalley": "AV_2", "ward_name": "2 - Chokkasandra,72 - Dasarahalli,67 - Shettihalli", "Corporation": "North"}, "geometry": {"type": "LineString", "coordinates": [[77.521383, 13.046559, 0.0], [77.519578, 13.046711, 0.0], [77.519236, 13.046802, 0.0], [77.518365, 13.046287, 0.0], [77.51712, 13.046196, 0.0], [77.516311, 13.045225, 0.0], [77.514662, 13.045074, 0.0], [77.514164, 13.043588, 0.0], [77.513572, 13.042861, 0.0], [77.513579, 13.042733, 0.0]]}}, {"type": "Feature", "properties": {"length_m": 56.35, "valley": "Arkavathi Valley", "subvalley": "AV_2", "ward_name": "2 - Chokkasandra,72 - Dasarahalli,67 - Shettihalli", "Corporation": "West"}, "geometry": {"type": "LineString", "coordinates": [[77.513579, 13.042733, 0.0], [77.513603, 13.042224, 0.0]]}}, {"type": "Feature", "properties": {"Drain num": "DH213", "length_m": 1776.12, "valley": "Arkavathi Valley", "subvalley": "AV_2", "ward_name": "2 - Chokkasandra,1 - Nagasandra", "Corporation": "West"}, "geometry": {"type": "LineString", "coordinates": [[77.511083, 13.04277, 0.0], [77.510025, 13.042588, 0.0], [77.510243, 13.041678, 0.0], [77.508998, 13.041284, 0.0], [77.507317, 13.041527, 0.0], [77.506384, 13.043285, 0.0], [77.504921, 13.04377, 0.0], [77.503614, 13.044558, 0.0], [77.502743, 13.044468, 0.0], [77.502152, 13.044801, 0.0], [77.500845, 13.044134, 0.0], [77.499755, 13.044649, 0.0], [77.497795, 13.044316, 0.0]]}}, {"type": "Feature", "properties": {"Drain num": "DH218", "length_m": 1401.51, "valley": "Arkavathi Valley", "subvalley": "AV_2", "ward_name": "11 - Dodda Bidarakallu", "Corporation": "West"}, "geometry": {"type": "LineString", "coordinates": [[77.493127, 13.045074, 0.0], [77.49238, 13.045559, 0.0], [77.491945, 13.045013, 0.0], [77.491945, 13.044164, 0.0], [77.491384, 13.042679, 0.0], [77.490233, 13.041042, 0.0], [77.488148, 13.040466, 0.0], [77.485129, 13.03995, 0.0], [77.48376, 13.040708, 0.0]]}}, {"type": "Feature", "properties": {"Drain num": "DH218", "length_m": 573.81, "valley": "Arkavathi Valley", "subvalley": "AV_2", "ward_name": "11 - Dodda Bidarakallu", "Corporation": "West"}, "geometry": {"type": "LineString", "coordinates": [[77.48376, 13.040708, 0.0], [77.482702, 13.041163, 0.0], [77.481177, 13.043558, 0.0], [77.480088, 13.044164, 0.0]]}}, {"type": "Feature", "properties": {"Drain num": "DH221", "length_m": 2524.68, "valley": "Arkavathi Valley", "subvalley": "AV_2", "ward_name": "12 - Andrahalli,11 - Dodda Bidarakallu,1 - Nagasandra", "Corporation": "West"}, "geometry": {"type": "LineString", "coordinates": [[77.499413, 13.032765, 0.0], [77.498635, 13.033129, 0.0], [77.498542, 13.034039, 0.0], [77.497453, 13.034645, 0.0], [77.496519, 13.035797, 0.0], [77.495741, 13.036525, 0.0], [77.495274, 13.036706, 0.0], [77.495305, 13.037464, 0.0], [77.495119, 13.038404, 0.0], [77.491042, 13.039374, 0.0], [77.489517, 13.038435, 0.0], [77.487775, 13.037495, 0.0], [77.486405, 13.037283, 0.0], [77.485565, 13.037859, 0.0], [77.482982, 13.038829, 0.0], [77.483138, 13.040223, 0.0], [77.48376, 13.040708, 0.0]]}}, {"type": "Feature", "properties": {"Drain num": "DH311", "length_m": 2306.75, "valley": "Arkavathi Valley", "subvalley": "AV_2", "ward_name": "3 - Nelagadaranahalli,4 - Parvathi Nagar,6 - Shivapura", "Corporation": "West"}, "geometry": {"type": "LineString", "coordinates": [[77.514008, 13.018637, 0.0], [77.514257, 13.020365, 0.0], [77.514755, 13.021608, 0.0], [77.511612, 13.02373, 0.0], [77.509838, 13.024064, 0.0], [77.509465, 13.024246, 0.0], [77.508749, 13.023397, 0.0], [77.504019, 13.023003, 0.0], [77.502338, 13.02373, 0.0], [77.502587, 13.02461, 0.0], [77.500284, 13.024761, 0.0], [77.499258, 13.024306, 0.0]]}}, {"type": "Feature", "properties": {"Drain num": "DH321", "length_m": 2308.06, "valley": "Arkavathi Valley", "subvalley": "AV_2", "ward_name": "12 - Andrahalli,11 - Dodda Bidarakallu,6 - Shivapura", "Corporation": "West"}, "geometry": {"type": "LineString", "coordinates": [[77.495305, 13.023245, 0.0], [77.49266, 13.023488, 0.0], [77.490544, 13.022912, 0.0], [77.490077, 13.022245, 0.0], [77.488801, 13.021153, 0.0], [77.488833, 13.020638, 0.0], [77.485939, 13.020365, 0.0], [77.486156, 13.019334, 0.0], [77.484849, 13.018667, 0.0], [77.483356, 13.018758, 0.0], [77.482733, 13.019213, 0.0], [77.481831, 13.018849, 0.0], [77.480119, 13.018303, 0.0], [77.477458, 13.017263, 0.0]]}}, {"type": "Feature", "properties": {"Drain num": "DH331", "length_m": 2033.26, "valley": "Arkavathi Valley", "subvalley": "AV_2", "ward_name": "12 - Andrahalli,6 - Shivapura,13 - Nada prabhu Kempegowda Nagara,8 - Hegganahalli", "Corporation": "West"}, "geometry": {"type": "LineString", "coordinates": [[77.503256, 13.005864, 0.0], [77.501825, 13.005955, 0.0], [77.500144, 13.005531, 0.0], [77.498402, 13.004955, 0.0], [77.497033, 13.004834, 0.0], [77.496721, 13.004409, 0.0], [77.496099, 13.0045, 0.0], [77.495259, 13.004985, 0.0], [77.492769, 13.005379, 0.0], [77.491991, 13.006835, 0.0], [77.490622, 13.008654, 0.0], [77.489408, 13.009442, 0.0], [77.48835, 13.010655, 0.0], [77.48779, 13.010928, 0.0]]}}, {"type": "Feature", "properties": {"Drain num": "DH333", "length_m": 1197.5, "valley": "Arkavathi Valley", "subvalley": "AV_2", "ward_name": "12 - Andrahalli", "Corporation": "West"}, "geometry": {"type": "LineString", "coordinates": [[77.485674, 13.01208, 0.0], [77.48474, 13.012353, 0.0], [77.483091, 13.012505, 0.0], [77.481473, 13.013141, 0.0], [77.481037, 13.014597, 0.0], [77.480041, 13.015142, 0.0], [77.480041, 13.016234, 0.0], [77.477185, 13.01614, 0.0]]}}, {"type": "Feature", "properties": {"Drain num": "DH353", "length_m": 1563.06, "valley": "Arkavathi Valley", "subvalley": "AV_2", "ward_name": "12 - Andrahalli,13 - Nada prabhu Kempegowda Nagara", "Corporation": "West"}, "geometry": {"type": "LineString", "coordinates": [[77.484958, 13.010867, 0.0], [77.482687, 13.010594, 0.0], [77.48166, 13.010685, 0.0], [77.481722, 13.01114, 0.0], [77.480041, 13.010261, 0.0], [77.479046, 13.00926, 0.0], [77.478485, 13.008108, 0.0], [77.477583, 13.007775, 0.0], [77.476307, 13.005864, 0.0], [77.475778, 13.004348, 0.0], [77.475353, 13.003402, 0.0]]}}, {"type": "Feature", "properties": {"Drain num": "DH352", "length_m": 640.75, "valley": "Arkavathi Valley", "subvalley": "AV_2", "ward_name": "12 - Andrahalli", "Corporation": "West"}, "geometry": {"type": "LineString", "coordinates": [[77.48166, 13.003621, 0.0], [77.478299, 13.004136, 0.0], [77.477272, 13.004803, 0.0], [77.476027, 13.005046, 0.0]]}}, {"type": "Feature", "properties": {"Drain num": "DH361", "length_m": 1671.3, "valley": "Arkavathi Valley", "subvalley": "AV_2", "ward_name": "13 - Nada prabhu Kempegowda Nagara", "Corporation": "West"}, "geometry": {"type": "LineString", "coordinates": [[77.486779, 12.997549, 0.0], [77.481909, 12.997079, 0.0], [77.481193, 12.996745, 0.0], [77.479652, 12.997155, 0.0], [77.478283, 12.996912, 0.0], [77.477085, 12.997367, 0.0], [77.476603, 12.998049, 0.0], [77.475498, 12.997958, 0.0], [77.474658, 12.997549, 0.0], [77.474642, 12.996715, 0.0], [77.474035, 12.997124, 0.0], [77.473132, 12.997434, 0.0]]}}, {"type": "Feature", "properties": {"length_m": 1151.64, "valley": "Arkavathi Valley", "subvalley": "AV_2", "ward_name": "6 - Shivapura", "Corporation": "West"}, "geometry": {"type": "LineString", "coordinates": [[77.506913, 13.013452, 0.0], [77.506042, 13.013922, 0.0], [77.505824, 13.014256, 0.0], [77.505808, 13.014923, 0.0], [77.505388, 13.016105, 0.0], [77.504019, 13.016242, 0.0], [77.502774, 13.016484, 0.0], [77.501607, 13.016393, 0.0], [77.500331, 13.016863, 0.0], [77.498604, 13.017985, 0.0]]}}, {"type": "Feature", "properties": {"Drain num": "H300", "length_m": 2810.04, "valley": "Hebbal Nagawara Valley", "subvalley": "HN_2", "ward_name": "2 - Horamavu,28 - Byrathi,6 - Kalkere", "Corporation": "East"}, "geometry": {"type": "LineString", "coordinates": [[77.653911, 13.046722, 0.0], [77.657016, 13.046969, 0.0], [77.660906, 13.047423, 0.0], [77.665014, 13.047514, 0.0], [77.666072, 13.04809, 0.0], [77.666663, 13.04809, 0.0], [77.66741, 13.047636, 0.0], [77.667815, 13.047545, 0.0], [77.668624, 13.047908, 0.0], [77.669433, 13.047757, 0.0], [77.669931, 13.048909, 0.0], [77.672109, 13.051486, 0.0], [77.673012, 13.051182, 0.0], [77.673852, 13.049879, 0.0], [77.673665, 13.048363, 0.0], [77.674101, 13.047848, 0.0], [77.674568, 13.047727, 0.0]]}}, {"type": "Feature", "properties": {"length_m": 685.22, "valley": "Hebbal Nagawara Valley", "subvalley": "HN_2", "ward_name": "6 - Kalkere,7 - K Chennasandra", "Corporation": "East"}, "geometry": {"type": "LineString", "coordinates": [[77.674568, 13.047727, 0.0], [77.67519, 13.048212, 0.0], [77.676621, 13.048424, 0.0], [77.678706, 13.048363, 0.0], [77.680667, 13.048666, 0.0]]}}, {"type": "Feature", "properties": {"Drain num": "MD243", "length_m": 1167.38, "valley": "Hebbal Nagawara Valley", "subvalley": "HN_2", "ward_name": "6 - Kalkere", "Corporation": "East"}, "geometry": {"type": "LineString", "coordinates": [[77.675688, 13.037828, 0.0], [77.675532, 13.040435, 0.0], [77.675003, 13.041618, 0.0], [77.674319, 13.04374, 0.0], [77.674163, 13.043922, 0.0], [77.67463, 13.044953, 0.0], [77.675065, 13.047348, 0.0], [77.674568, 13.047727, 0.0]]}}, {"type": "Feature", "properties": {"Drain num": "MD253", "length_m": 1332.56, "valley": "Hebbal Nagawara Valley", "subvalley": "HN_2", "ward_name": "2 - Horamavu,5 - Hoysala Nagara East", "Corporation": "East"}, "geometry": {"type": "LineString", "coordinates": [[77.66741, 13.02464, 0.0], [77.665325, 13.026217, 0.0], [77.664298, 13.027581, 0.0], [77.663956, 13.027247, 0.0], [77.663178, 13.027945, 0.0], [77.663551, 13.028278, 0.0], [77.662307, 13.029157, 0.0], [77.661746, 13.029461, 0.0], [77.660035, 13.032674, 0.0]]}}, {"type": "Feature", "properties": {"Drain num": "MD254", "length_m": 1136.97, "valley": "Hebbal Nagawara Valley", "subvalley": "HN_2", "ward_name": "2 - Horamavu,4 - Babusab Palya", "Corporation": "East"}, "geometry": {"type": "LineString", "coordinates": [[77.654931, 13.024155, 0.0], [77.654465, 13.024701, 0.0], [77.653998, 13.026338, 0.0], [77.654433, 13.026762, 0.0], [77.654931, 13.027975, 0.0], [77.654931, 13.028885, 0.0], [77.655336, 13.029642, 0.0], [77.656021, 13.030734, 0.0], [77.656581, 13.03134, 0.0], [77.657857, 13.033008, 0.0]]}}, {"type": "Feature", "properties": {"Drain num": "MD255", "length_m": 1052.05, "valley": "Hebbal Nagawara Valley", "subvalley": "HN_2", "ward_name": "2 - Horamavu", "Corporation": "East"}, "geometry": {"type": "LineString", "coordinates": [[77.65767, 13.045801, 0.0], [77.657016, 13.044801, 0.0], [77.656954, 13.04277, 0.0], [77.65767, 13.0418, 0.0], [77.65851, 13.041133, 0.0], [77.659008, 13.039162, 0.0], [77.659879, 13.03892, 0.0], [77.660782, 13.038253, 0.0]]}}, {"type": "Feature", "properties": {"length_m": 1145.27, "valley": "Hebbal Nagawara Valley", "subvalley": "HN_2", "ward_name": "16 - Kotthur,15 - Ramamurthy Nagara,8 - T.C Palya,17 - Vijinapura", "Corporation": "East"}, "geometry": {"type": "LineString", "coordinates": [[77.673198, 13.007479, 0.0], [77.673276, 13.007009, 0.0], [77.674739, 13.007297, 0.0], [77.675501, 13.007221, 0.0], [77.679002, 13.009313, 0.0], [77.681305, 13.00989, 0.0], [77.681865, 13.011072, 0.0]]}}, {"type": "Feature", "properties": {"Drain num": "MD246", "length_m": 639.14, "valley": "Hebbal Nagawara Valley", "subvalley": "HN_2", "ward_name": "28 - Byrathi", "Corporation": "East"}, "geometry": {"type": "LineString", "coordinates": [[77.688954, 13.032924, 0.0], [77.688493, 13.031477, 0.0], [77.689334, 13.030992, 0.0], [77.689583, 13.02987, 0.0], [77.689209, 13.027748, 0.0]]}}, {"type": "Feature", "properties": {"length_m": 1156.27, "valley": "Hebbal Nagawara Valley", "subvalley": "HN_2", "ward_name": "8 - T.C Palya", "Corporation": "East"}, "geometry": {"type": "LineString", "coordinates": [[77.686875, 13.015135, 0.0], [77.687186, 13.015529, 0.0], [77.69369, 13.016166, 0.0], [77.694095, 13.015499, 0.0], [77.69618, 13.016166, 0.0], [77.696802, 13.016166, 0.0]]}}, {"type": "Feature", "properties": {"length_m": 340.22, "valley": "Hebbal Nagawara Valley", "subvalley": "HN_2", "ward_name": "8 - T.C Palya,9 - Bhattarahalli", "Corporation": "East"}, "geometry": {"type": "LineString", "coordinates": [[77.696865, 13.021078, 0.0], [77.696989, 13.019804, 0.0], [77.69786, 13.018227, 0.0]]}}, {"type": "Feature", "properties": {"Drain num": "MD272", "length_m": 1235.71, "valley": "Hebbal Nagawara Valley", "subvalley": "HN_2", "ward_name": "14 - K.R Pura,13 - Devasandra,11 - Basavanapura,12 - Chikka Devasandra", "Corporation": "East"}, "geometry": {"type": "LineString", "coordinates": [[77.69674, 13.004371, 0.0], [77.697331, 13.004492, 0.0], [77.697238, 13.005038, 0.0], [77.696958, 13.005463, 0.0], [77.698452, 13.007615, 0.0], [77.698234, 13.008131, 0.0], [77.698732, 13.008889, 0.0], [77.70119, 13.009859, 0.0], [77.704053, 13.010314, 0.0]]}}, {"type": "Feature", "properties": {"Drain num": "MD272", "length_m": 519.29, "valley": "Hebbal Nagawara Valley", "subvalley": "HN_2", "ward_name": "10 - Medahalli,11 - Basavanapura", "Corporation": "East"}, "geometry": {"type": "LineString", "coordinates": [[77.704053, 13.010314, 0.0], [77.704582, 13.011648, 0.0], [77.705702, 13.011648, 0.0], [77.706916, 13.012255, 0.0], [77.707165, 13.013043, 0.0]]}}, {"type": "Feature", "properties": {"Drain num": "MD272", "length_m": 724.72, "valley": "Hebbal Nagawara Valley", "subvalley": "HN_2", "ward_name": "10 - Medahalli", "Corporation": "East"}, "geometry": {"type": "LineString", "coordinates": [[77.707165, 13.013043, 0.0], [77.70841, 13.013225, 0.0], [77.709997, 13.013831, 0.0], [77.711771, 13.014074, 0.0], [77.712517, 13.014589, 0.0], [77.713264, 13.015256, 0.0]]}}, {"type": "Feature", "properties": {"length_m": 1063.73, "valley": "Hebbal Nagawara Valley", "subvalley": "HN_2", "ward_name": "11 - Basavanapura,12 - Chikka Devasandra", "Corporation": "East"}, "geometry": {"type": "LineString", "coordinates": [[77.706231, 13.002885, 0.0], [77.70648, 13.004947, 0.0], [77.706107, 13.00519, 0.0], [77.706418, 13.006039, 0.0], [77.705609, 13.006312, 0.0], [77.70592, 13.008313, 0.0], [77.705516, 13.009132, 0.0], [77.705329, 13.010284, 0.0], [77.704053, 13.010314, 0.0]]}}, {"type": "Feature", "properties": {"length_m": 625.7, "valley": "Hebbal Nagawara Valley", "subvalley": "HN_2", "ward_name": "10 - Medahalli,11 - Basavanapura", "Corporation": "East"}, "geometry": {"type": "LineString", "coordinates": [[77.715505, 13.011557, 0.0], [77.715598, 13.013558, 0.0], [77.71426, 13.013589, 0.0], [77.714291, 13.014832, 0.0], [77.713264, 13.015256, 0.0]]}}, {"type": "Feature", "properties": {"length_m": 774.1, "valley": "Hebbal Nagawara Valley", "subvalley": "HN_2", "ward_name": "10 - Medahalli", "Corporation": "East"}, "geometry": {"type": "LineString", "coordinates": [[77.714703, 13.020362, 0.0], [77.71506, 13.021175, 0.0], [77.715323, 13.021387, 0.0], [77.716061, 13.020943, 0.0], [77.716513, 13.020776, 0.0], [77.717056, 13.020735, 0.0], [77.718228, 13.020741, 0.0], [77.719259, 13.020961, 0.0], [77.720008, 13.020999, 0.0], [77.72084, 13.021156, 0.0], [77.720966, 13.021256, 0.0]]}}, {"type": "Feature", "properties": {"Drain num": "MD287", "length_m": 1338.49, "valley": "Hebbal Nagawara Valley", "subvalley": "HN_2", "ward_name": "30 - Belathur", "Corporation": "East"}, "geometry": {"type": "LineString", "coordinates": [[77.731127, 13.003158, 0.0], [77.733181, 13.003128, 0.0], [77.734114, 13.003947, 0.0], [77.734986, 13.003734, 0.0], [77.737039, 13.004856, 0.0], [77.737133, 13.005736, 0.0], [77.738129, 13.005948, 0.0], [77.738502, 13.006342, 0.0], [77.738689, 13.006706, 0.0], [77.740307, 13.006767, 0.0], [77.740494, 13.006676, 0.0], [77.741448, 13.007132, 0.0]]}}, {"type": "Feature", "properties": {"Drain num": "MD287", "length_m": 296.98, "valley": "Hebbal Nagawara Valley", "subvalley": "HN_2", "ward_name": "30 - Belathur", "Corporation": "East"}, "geometry": {"type": "LineString", "coordinates": [[77.746971, 13.007166, 0.0], [77.749705, 13.007252, 0.0]]}}, {"type": "Feature", "properties": {"Drain num": "MD288", "length_m": 1330.53, "valley": "Hebbal Nagawara Valley", "subvalley": "HN_2", "ward_name": "30 - Belathur", "Corporation": "East"}, "geometry": {"type": "LineString", "coordinates": [[77.748491, 12.995911, 0.0], [77.748242, 12.996548, 0.0], [77.74874, 12.997124, 0.0], [77.748896, 12.99864, 0.0], [77.749394, 12.999944, 0.0], [77.749861, 13.001976, 0.0], [77.750701, 13.004856, 0.0], [77.749705, 13.007252, 0.0]]}}, {"type": "Feature", "properties": {"Drain num": "MD288", "length_m": 538.86, "subvalley": "HN_2", "ward_name": "30 - Belathur", "Corporation": "East"}, "geometry": {"type": "LineString", "coordinates": [[77.749705, 13.007252, 0.0], [77.749114, 13.007828, 0.0], [77.748958, 13.009132, 0.0], [77.747371, 13.010314, 0.0], [77.747143, 13.011064, 0.0]]}}, {"type": "Feature", "properties": {"Drain num": "MD282", "length_m": 3495.44, "valley": "Hebbal Nagawara Valley", "subvalley": "HN_2", "ward_name": "34 - Kaveri Nagara,29 - Hoodi,36 - Bharath Aikya Ward,30 - Belathur", "Corporation": "East"}, "geometry": {"type": "LineString", "coordinates": [[77.710339, 12.97887, 0.0], [77.711895, 12.97978, 0.0], [77.7123, 12.97981, 0.0], [77.712984, 12.980325, 0.0], [77.713513, 12.981417, 0.0], [77.71398, 12.982994, 0.0], [77.713295, 12.983449, 0.0], [77.713762, 12.984207, 0.0], [77.714696, 12.984267, 0.0], [77.715785, 12.985359, 0.0], [77.717248, 12.985298, 0.0], [77.718243, 12.986269, 0.0], [77.720328, 12.986178, 0.0], [77.721853, 12.986542, 0.0], [77.722849, 12.987057, 0.0], [77.725961, 12.988422, 0.0], [77.726179, 12.989544, 0.0], [77.725868, 12.99018, 0.0], [77.72481, 12.990696, 0.0], [77.725556, 12.995244, 0.0], [77.727206, 12.996275, 0.0], [77.727673, 12.997367, 0.0]]}}, {"type": "Feature", "properties": {"Drain num": "MD283", "length_m": 718.57, "valley": "Hebbal Nagawara Valley", "subvalley": "HN_2", "ward_name": "34 - Kaveri Nagara,36 - Bharath Aikya Ward", "Corporation": "East"}, "geometry": {"type": "LineString", "coordinates": [[77.724218, 12.985056, 0.0], [77.724094, 12.983813, 0.0], [77.724249, 12.9826, 0.0], [77.724623, 12.981356, 0.0], [77.724716, 12.980204, 0.0], [77.726303, 12.980386, 0.0]]}}, {"type": "Feature", "properties": {"length_m": 217.08, "valley": "Hebbal Nagawara Valley", "subvalley": "HN_2", "ward_name": "31 - Kadugodi,30 - Belathur", "Corporation": "East"}, "geometry": {"type": "LineString", "coordinates": [[77.75503, 13.009246, 0.0], [77.755431, 13.008813, 0.0], [77.756042, 13.010052, 0.0]]}}, {"type": "Feature", "properties": {"length_m": 68.42, "valley": "Hebbal Nagawara Valley", "subvalley": "HN_2", "ward_name": "31 - Kadugodi,30 - Belathur", "Corporation": "East"}, "geometry": {"type": "LineString", "coordinates": [[77.76133, 13.005074, 0.0], [77.761468, 13.005008, 0.0], [77.761924, 13.005144, 0.0]]}}, {"type": "Feature", "properties": {"length_m": 1731.43, "valley": "Hebbal Nagawara Valley", "subvalley": "HN_2", "ward_name": "31 - Kadugodi,30 - Belathur", "Corporation": "East"}, "geometry": {"type": "LineString", "coordinates": [[77.763908, 13.003364, 0.0], [77.764222, 13.002855, 0.0], [77.76542, 13.002628, 0.0], [77.765902, 13.001597, 0.0], [77.76612, 13.000763, 0.0], [77.766416, 13.000278, 0.0], [77.767474, 13.000187, 0.0], [77.768236, 13.001248, 0.0], [77.768688, 13.001339, 0.0], [77.769528, 13.00049, 0.0], [77.770321, 12.999929, 0.0], [77.771317, 12.999505, 0.0], [77.771364, 12.998807, 0.0], [77.772437, 12.99858, 0.0], [77.7739, 12.997852, 0.0], [77.77418, 12.997155, 0.0], [77.775029, 12.997956, 0.0]]}}, {"type": "Feature", "properties": {"length_m": 481.36, "valley": "Hebbal Nagawara Valley", "subvalley": "HN_2", "ward_name": "10 - Medahalli", "Corporation": "East"}, "geometry": {"type": "LineString", "coordinates": [[77.705407, 13.016984, 0.0], [77.706434, 13.015377, 0.0], [77.706651, 13.014316, 0.0], [77.707165, 13.013043, 0.0]]}}, {"type": "Feature", "properties": {"length_m": 810.85, "valley": "Hebbal Nagawara Valley", "subvalley": "HN_3", "ward_name": "31 - Kadugodi,32 - Channasandra", "Corporation": "East"}, "geometry": {"type": "LineString", "coordinates": [[77.768586, 12.983744, 0.0], [77.769847, 12.984154, 0.0], [77.771652, 12.984199, 0.0], [77.772616, 12.984411, 0.0], [77.774515, 12.984624, 0.0], [77.775868, 12.985094, 0.0]]}}, {"type": "Feature", "properties": {"Drain num": "BP191", "length_m": 3919.01, "valley": "Hebbal Nagawara Valley", "subvalley": "HN_2", "ward_name": "1 - K Narayanapura,2 - Horamavu,28 - Byrathi", "Corporation": "East"}, "geometry": {"type": "LineString", "coordinates": [[77.649395, 13.04561, 0.0], [77.649213, 13.048052, 0.0], [77.647657, 13.048265, 0.0], [77.646568, 13.049144, 0.0], [77.648093, 13.05075, 0.0], [77.647968, 13.051751, 0.0], [77.647253, 13.053145, 0.0], [77.646942, 13.05451, 0.0], [77.646786, 13.055783, 0.0], [77.646164, 13.057026, 0.0], [77.64551, 13.059754, 0.0], [77.64495, 13.060633, 0.0], [77.644888, 13.063998, 0.0], [77.645572, 13.06512, 0.0], [77.645386, 13.066514, 0.0], [77.64495, 13.067302, 0.0], [77.64663, 13.069151, 0.0], [77.64719, 13.070394, 0.0], [77.646599, 13.072213, 0.0], [77.645043, 13.073577, 0.0], [77.644732, 13.074092, 0.0], [77.642709, 13.074335, 0.0]]}}, {"type": "Feature", "properties": {"length_m": 693.63, "valley": "Hebbal Nagawara Valley", "subvalley": "HN_1", "ward_name": "13 - Kodigehalli", "Corporation": "North"}, "geometry": {"type": "LineString", "coordinates": [[77.572849, 13.049877, 0.0], [77.572504, 13.051326, 0.0], [77.56765, 13.051751, 0.0]]}}, {"type": "Feature", "properties": {"length_m": 407.29, "valley": "Hebbal Nagawara Valley", "subvalley": "HN_1", "ward_name": "14 - Rajiv Gandhi Nagar,13 - Kodigehalli", "Corporation": "North"}, "geometry": {"type": "LineString", "coordinates": [[77.575241, 13.050096, 0.0], [77.574776, 13.051236, 0.0], [77.57515, 13.053661, 0.0]]}}, {"type": "Feature", "properties": {"length_m": 349.82, "valley": "Hebbal Nagawara Valley", "subvalley": "HN_1", "ward_name": "13 - Kodigehalli", "Corporation": "North"}, "geometry": {"type": "LineString", "coordinates": [[77.571135, 13.051539, 0.0], [77.571353, 13.054691, 0.0]]}}, {"type": "Feature", "properties": {"length_m": 427.51, "valley": "Hebbal Nagawara Valley", "subvalley": "HN_1", "ward_name": "13 - Kodigehalli", "Corporation": "North"}, "geometry": {"type": "LineString", "coordinates": [[77.571353, 13.054691, 0.0], [77.57515, 13.053661, 0.0]]}}, {"type": "Feature", "properties": {"length_m": 629.79, "valley": "Hebbal Nagawara Valley", "subvalley": "HN_1", "ward_name": "14 - Rajiv Gandhi Nagar,13 - Kodigehalli", "Corporation": "North"}, "geometry": {"type": "LineString", "coordinates": [[77.57515, 13.053661, 0.0], [77.57795, 13.053054, 0.0], [77.580556, 13.051729, 0.0]]}}, {"type": "Feature", "properties": {"length_m": 1091.54, "valley": "Hebbal Nagawara Valley", "subvalley": "HN_1", "ward_name": "14 - Rajiv Gandhi Nagar,13 - Kodigehalli", "Corporation": "North"}, "geometry": {"type": "LineString", "coordinates": [[77.57515, 13.053661, 0.0], [77.57599, 13.054873, 0.0], [77.576612, 13.057117, 0.0], [77.57739, 13.058329, 0.0], [77.578479, 13.05839, 0.0], [77.578884, 13.05939, 0.0], [77.581031, 13.058056, 0.0]]}}, {"type": "Feature", "properties": {"length_m": 316.28, "valley": "Hebbal Nagawara Valley", "subvalley": "HN_1", "ward_name": "13 - Kodigehalli", "Corporation": "North"}, "geometry": {"type": "LineString", "coordinates": [[77.571353, 13.054691, 0.0], [77.570357, 13.05554, 0.0], [77.570855, 13.057026, 0.0]]}}, {"type": "Feature", "properties": {"Drain num": "BP017", "length_m": 1926.11, "valley": "Hebbal Nagawara Valley", "subvalley": "HN_1", "ward_name": "13 - Kodigehalli,15 - Byatarayanapura,12 - Thindlu", "Corporation": "North"}, "geometry": {"type": "LineString", "coordinates": [[77.570855, 13.057026, 0.0], [77.571695, 13.058178, 0.0], [77.57238, 13.058663, 0.0], [77.572567, 13.059087, 0.0], [77.573718, 13.059693, 0.0], [77.575274, 13.059997, 0.0], [77.576643, 13.061027, 0.0], [77.577359, 13.061391, 0.0], [77.577639, 13.064725, 0.0], [77.577732, 13.066999, 0.0], [77.578604, 13.069303, 0.0], [77.578853, 13.070576, 0.0]]}}, {"type": "Feature", "properties": {"Drain num": "BP016", "length_m": 2154.75, "valley": "Hebbal Nagawara Valley", "subvalley": "HN_1", "ward_name": "11 - Doddabommasandra,13 - Kodigehalli,12 - Thindlu,10 - Vidyaranyapura", "Corporation": "North"}, "geometry": {"type": "LineString", "coordinates": [[77.570855, 13.057026, 0.0], [77.569548, 13.057784, 0.0], [77.569361, 13.05936, 0.0], [77.568179, 13.060027, 0.0], [77.566561, 13.061361, 0.0], [77.567805, 13.062876, 0.0], [77.568366, 13.063119, 0.0], [77.566374, 13.064028, 0.0], [77.566374, 13.064756, 0.0], [77.56544, 13.064938, 0.0], [77.565503, 13.065483, 0.0], [77.564756, 13.065665, 0.0], [77.563573, 13.068878, 0.0], [77.561644, 13.06906, 0.0]]}}, {"type": "Feature", "properties": {"Drain num": "BP016", "length_m": 1606.0, "valley": "Hebbal Nagawara Valley", "subvalley": "HN_1", "ward_name": "9 - Kuvempunagara,11 - Doddabommasandra,12 - Thindlu,10 - Vidyaranyapura", "Corporation": "North"}, "geometry": {"type": "LineString", "coordinates": [[77.560648, 13.068878, 0.0], [77.560337, 13.066969, 0.0], [77.55987, 13.065089, 0.0], [77.559372, 13.063968, 0.0], [77.557474, 13.063422, 0.0], [77.556229, 13.063452, 0.0], [77.555264, 13.063695, 0.0], [77.555264, 13.062967, 0.0], [77.553304, 13.063301, 0.0], [77.550939, 13.064483, 0.0]]}}, {"type": "Feature", "properties": {"length_m": 1068.18, "valley": "Hebbal Nagawara Valley", "subvalley": "HN_1", "ward_name": "12 - Thindlu,10 - Vidyaranyapura", "Corporation": "North"}, "geometry": {"type": "LineString", "coordinates": [[77.561644, 13.06906, 0.0], [77.563231, 13.072698, 0.0], [77.563729, 13.073547, 0.0], [77.563915, 13.074699, 0.0], [77.565036, 13.075426, 0.0], [77.567307, 13.075305, 0.0]]}}, {"type": "Feature", "properties": {"length_m": 1305.06, "valley": "Hebbal Nagawara Valley", "subvalley": "HN_1", "ward_name": "10 - Vidyaranyapura,8 - Singapura", "Corporation": "North"}, "geometry": {"type": "LineString", "coordinates": [[77.553926, 13.075941, 0.0], [77.555233, 13.075032, 0.0], [77.556914, 13.074304, 0.0], [77.558905, 13.073759, 0.0], [77.560275, 13.073153, 0.0], [77.560275, 13.072849, 0.0], [77.560897, 13.072849, 0.0], [77.561021, 13.071152, 0.0], [77.560648, 13.068878, 0.0]]}}, {"type": "Feature", "properties": {"Drain num": "BP158", "length_m": 2341.04, "valley": "Hebbal Nagawara Valley", "subvalley": "HN_1", "ward_name": "17 - Jakkur,20 - Sampigehalli", "Corporation": "North"}, "geometry": {"type": "LineString", "coordinates": [[77.630386, 13.08552, 0.0], [77.629639, 13.085823, 0.0], [77.629764, 13.086732, 0.0], [77.628457, 13.087642, 0.0], [77.628083, 13.088612, 0.0], [77.626652, 13.089339, 0.0], [77.623851, 13.088612, 0.0], [77.623447, 13.088702, 0.0], [77.619961, 13.088339, 0.0], [77.618748, 13.088005, 0.0], [77.618748, 13.08849, 0.0], [77.617721, 13.088157, 0.0], [77.6166, 13.087914, 0.0], [77.614826, 13.087672, 0.0], [77.614235, 13.086732, 0.0], [77.612399, 13.086672, 0.0]]}}, {"type": "Feature", "properties": {"Drain num": "BP181A", "length_m": 1222.57, "valley": "Hebbal Nagawara Valley", "subvalley": "HN_1", "ward_name": "18 - Kempapura,17 - Jakkur", "Corporation": "North"}, "geometry": {"type": "LineString", "coordinates": [[77.618499, 13.058936, 0.0], [77.618063, 13.057117, 0.0], [77.618125, 13.05548, 0.0], [77.618312, 13.053539, 0.0], [77.617876, 13.052327, 0.0], [77.618313, 13.048045, 0.0]]}}, {"type": "Feature", "properties": {"Drain num": "BP184", "length_m": 1815.19, "valley": "Hebbal Nagawara Valley", "subvalley": "HN_1", "ward_name": "19 - Thanisandra", "Corporation": "North"}, "geometry": {"type": "LineString", "coordinates": [[77.627063, 13.046233, 0.0], [77.627274, 13.047537, 0.0], [77.628114, 13.048841, 0.0], [77.628426, 13.050326, 0.0], [77.629297, 13.051539, 0.0], [77.630013, 13.054328, 0.0], [77.630168, 13.05548, 0.0], [77.632098, 13.055177, 0.0], [77.633062, 13.056662, 0.0], [77.632969, 13.059481, 0.0]]}}, {"type": "Feature", "properties": {"Drain num": "BP176", "length_m": 1486.29, "valley": "Hebbal Nagawara Valley", "subvalley": "HN_1", "ward_name": "15 - Byatarayanapura", "Corporation": "North"}, "geometry": {"type": "LineString", "coordinates": [[77.587317, 13.070212, 0.0], [77.587784, 13.068424, 0.0], [77.588842, 13.067484, 0.0], [77.588998, 13.066332, 0.0], [77.590305, 13.065817, 0.0], [77.590273, 13.064938, 0.0], [77.592109, 13.063907, 0.0], [77.592016, 13.06321, 0.0], [77.593012, 13.062876, 0.0], [77.593728, 13.062331, 0.0], [77.594599, 13.0623, 0.0], [77.59575, 13.062725, 0.0]]}}, {"type": "Feature", "properties": {"length_m": 1098.54, "valley": "Hebbal Nagawara Valley", "subvalley": "HN_1", "ward_name": "15 - Byatarayanapura,17 - Jakkur,16 - Amruthahalli", "Corporation": "North"}, "geometry": {"type": "LineString", "coordinates": [[77.600107, 13.059966, 0.0], [77.601788, 13.06033, 0.0], [77.603095, 13.060209, 0.0], [77.604246, 13.061027, 0.0], [77.606269, 13.0623, 0.0], [77.608603, 13.063574, 0.0], [77.609194, 13.063543, 0.0]]}}, {"type": "Feature", "properties": {"Drain num": "BP171A", "length_m": 1787.37, "valley": "Hebbal Nagawara Valley", "subvalley": "HN_1", "ward_name": "17 - Jakkur,20 - Sampigehalli", "Corporation": "North"}, "geometry": {"type": "LineString", "coordinates": [[77.611372, 13.065847, 0.0], [77.61159, 13.06809, 0.0], [77.61243, 13.06809, 0.0], [77.612493, 13.071637, 0.0], [77.612337, 13.074214, 0.0], [77.612461, 13.076911, 0.0], [77.612679, 13.077245, 0.0], [77.612617, 13.078609, 0.0], [77.613364, 13.079882, 0.0], [77.614391, 13.079973, 0.0]]}}, {"type": "Feature", "properties": {"Drain num": "BP154", "length_m": 937.31, "valley": "Hebbal Nagawara Valley", "subvalley": "HN_1", "ward_name": "21 - Kogilu", "Corporation": "North"}, "geometry": {"type": "LineString", "coordinates": [[77.626714, 13.116102, 0.0], [77.62659, 13.115405, 0.0], [77.626745, 13.114768, 0.0], [77.625096, 13.114344, 0.0], [77.623851, 13.11301, 0.0], [77.622513, 13.112283, 0.0], [77.622233, 13.111556, 0.0], [77.620988, 13.11098, 0.0]]}}, {"type": "Feature", "properties": {"Drain num": "BP156", "length_m": 1922.73, "valley": "Hebbal Nagawara Valley", "subvalley": "HN_1", "ward_name": "21 - Kogilu,2 - Akash Ward", "Corporation": "North"}, "geometry": {"type": "LineString", "coordinates": [[77.617254, 13.108676, 0.0], [77.615698, 13.108131, 0.0], [77.614204, 13.107161, 0.0], [77.612337, 13.106191, 0.0], [77.611715, 13.105464, 0.0], [77.610283, 13.104433, 0.0], [77.60935, 13.103524, 0.0], [77.609287, 13.102493, 0.0], [77.608229, 13.101402, 0.0], [77.607794, 13.099523, 0.0], [77.607047, 13.097583, 0.0], [77.606984, 13.096735, 0.0], [77.606424, 13.096795, 0.0]]}}, {"type": "Feature", "properties": {"Drain num": "BP141", "length_m": 4279.51, "valley": "Hebbal Nagawara Valley", "subvalley": "HN_1", "ward_name": "3 - Yelahanka Old Town,2 - Akash Ward", "Corporation": "North"}, "geometry": {"type": "LineString", "coordinates": [[77.60227, 13.124891, 0.0], [77.601896, 13.122951, 0.0], [77.602208, 13.122406, 0.0], [77.601585, 13.119557, 0.0], [77.600589, 13.119436, 0.0], [77.600527, 13.117193, 0.0], [77.598847, 13.116344, 0.0], [77.598847, 13.115193, 0.0], [77.599656, 13.111798, 0.0], [77.600838, 13.110283, 0.0], [77.599407, 13.110465, 0.0], [77.599282, 13.109495, 0.0], [77.599718, 13.109131, 0.0], [77.600278, 13.107494, 0.0], [77.598349, 13.107009, 0.0], [77.598411, 13.105737, 0.0], [77.59922, 13.103979, 0.0], [77.600341, 13.104039, 0.0], [77.600838, 13.103191, 0.0], [77.601336, 13.102766, 0.0], [77.604946, 13.100887, 0.0], [77.605071, 13.099129, 0.0], [77.604697, 13.09822, 0.0], [77.606424, 13.096795, 0.0]]}}, {"type": "Feature", "properties": {"Drain num": "BP141", "length_m": 750.77, "valley": "Hebbal Nagawara Valley", "subvalley": "HN_1", "ward_name": "17 - Jakkur,2 - Akash Ward", "Corporation": "North"}, "geometry": {"type": "LineString", "coordinates": [[77.606564, 13.095553, 0.0], [77.608058, 13.093795, 0.0], [77.607871, 13.092764, 0.0], [77.60812, 13.091673, 0.0], [77.609925, 13.090157, 0.0]]}}, {"type": "Feature", "properties": {"Drain num": "BP161", "length_m": 4294.45, "valley": "Hebbal Nagawara Valley", "subvalley": "HN_1", "ward_name": "4 - Nyayanga Badavane,3 - Yelahanka Old Town,2 - Akash Ward,5 - Yelahanka Satellite Town", "Corporation": "North"}, "geometry": {"type": "LineString", "coordinates": [[77.577841, 13.097038, 0.0], [77.578464, 13.09625, 0.0], [77.577655, 13.094795, 0.0], [77.578962, 13.094189, 0.0], [77.580642, 13.093522, 0.0], [77.582509, 13.092431, 0.0], [77.584252, 13.092309, 0.0], [77.589169, 13.092309, 0.0], [77.591347, 13.092613, 0.0], [77.591783, 13.092006, 0.0], [77.593837, 13.092613, 0.0], [77.593774, 13.089945, 0.0], [77.595579, 13.090309, 0.0], [77.596015, 13.091158, 0.0], [77.597322, 13.091036, 0.0], [77.597944, 13.091582, 0.0], [77.597509, 13.093522, 0.0], [77.598069, 13.094613, 0.0], [77.599251, 13.094371, 0.0], [77.600932, 13.095159, 0.0], [77.606564, 13.095553, 0.0]]}}, {"type": "Feature", "properties": {"Drain num": "BP136", "length_m": 1121.72, "valley": "Hebbal Nagawara Valley", "subvalley": "HN_1", "ward_name": "6 - Doddabettahalli,2 - Akash Ward,1 - Raja Kempegowda Ward", "Corporation": "North"}, "geometry": {"type": "LineString", "coordinates": [[77.579179, 13.113101, 0.0], [77.579397, 13.11395, 0.0], [77.580237, 13.11392, 0.0], [77.580331, 13.113344, 0.0], [77.581607, 13.113314, 0.0], [77.582416, 13.112586, 0.0], [77.586244, 13.114586, 0.0], [77.587084, 13.115556, 0.0]]}}, {"type": "Feature", "properties": {"Drain num": "BP135", "length_m": 806.61, "valley": "Hebbal Nagawara Valley", "subvalley": "HN_1", "ward_name": "6 - Doddabettahalli", "Corporation": "North"}, "geometry": {"type": "LineString", "coordinates": [[77.566545, 13.112132, 0.0], [77.567479, 13.112253, 0.0], [77.56751, 13.111192, 0.0], [77.569003, 13.110859, 0.0], [77.570093, 13.110192, 0.0], [77.572302, 13.110343, 0.0], [77.572676, 13.110283, 0.0]]}}, {"type": "Feature", "properties": {"Drain num": "BP133", "length_m": 1068.06, "valley": "Hebbal Nagawara Valley", "subvalley": "HN_1", "ward_name": "7 - Attur,6 - Doddabettahalli", "Corporation": "North"}, "geometry": {"type": "LineString", "coordinates": [[77.555155, 13.100251, 0.0], [77.554658, 13.098705, 0.0], [77.554689, 13.097553, 0.0], [77.555778, 13.097189, 0.0], [77.5564, 13.096583, 0.0], [77.556898, 13.095553, 0.0], [77.557458, 13.094704, 0.0], [77.557645, 13.092522, 0.0], [77.557614, 13.091976, 0.0]]}}, {"type": "Feature", "properties": {"Drain num": "BP125", "length_m": 1832.46, "valley": "Hebbal Nagawara Valley", "subvalley": "HN_1", "ward_name": "2 - Akash Ward,1 - Raja Kempegowda Ward", "Corporation": "North"}, "geometry": {"type": "LineString", "coordinates": [[77.580486, 13.138104, 0.0], [77.581747, 13.136589, 0.0], [77.58296, 13.13371, 0.0], [77.58433, 13.132164, 0.0], [77.585699, 13.130407, 0.0], [77.586197, 13.128391, 0.0], [77.585668, 13.127285, 0.0], [77.585777, 13.126618, 0.0], [77.586539, 13.124891, 0.0], [77.586804, 13.123542, 0.0]]}}, {"type": "Feature", "properties": {"Drain num": "H300", "length_m": 1148.6, "valley": "Hebbal Nagawara Valley", "subvalley": "HN_1", "ward_name": "36 - Maruthi Seva Nagara,24 - HBR Layout,29 - Lingarajpura,23 - Hennur,30 - Kacharakanahalli,35 - Kammanahalli,33 - HRBR Layout,19 - Thanisandra", "Corporation": "North"}, "geometry": {"type": "LineString", "coordinates": [[77.626815, 13.022742, 0.0], [77.626955, 13.022537, 0.0], [77.626527, 13.021252, 0.0], [77.6265, 13.020941, 0.0], [77.62846, 13.020932, 0.0], [77.627509, 13.015681, 0.0], [77.627963, 13.015444, 0.0], [77.62826, 13.015143, 0.0], [77.628329, 13.014869, 0.0]]}}, {"type": "Feature", "properties": {"Drain num": "H300", "length_m": 356.68, "valley": "Hebbal Nagawara Valley", "subvalley": "HN_2", "ward_name": "23 - Hennur,1 - K Narayanapura,2 - Horamavu", "Corporation": "North"}, "geometry": {"type": "LineString", "coordinates": [[77.634809, 13.040947, 0.0], [77.635385, 13.041129, 0.0], [77.636167, 13.041601, 0.0], [77.637278, 13.042924, 0.0]]}}, {"type": "Feature", "properties": {"Drain num": "H300", "length_m": 44.69, "valley": "Hebbal Nagawara Valley", "subvalley": "HN_2", "ward_name": "23 - Hennur,1 - K Narayanapura,2 - Horamavu", "Corporation": "East"}, "geometry": {"type": "LineString", "coordinates": [[77.637278, 13.042924, 0.0], [77.63767, 13.043034, 0.0]]}}, {"type": "Feature", "properties": {"Drain num": "H300", "length_m": 443.49, "valley": "Hebbal Nagawara Valley", "subvalley": "HN_2", "ward_name": "23 - Hennur,1 - K Narayanapura,2 - Horamavu", "Corporation": "North"}, "geometry": {"type": "LineString", "coordinates": [[77.63767, 13.043034, 0.0], [77.638768, 13.043191, 0.0], [77.639176, 13.04316, 0.0], [77.640115, 13.042643, 0.0], [77.64146, 13.042028, 0.0]]}}, {"type": "Feature", "properties": {"Drain num": "H300", "length_m": 1117.18, "valley": "Hebbal Nagawara Valley", "subvalley": "HN_2", "ward_name": "23 - Hennur,1 - K Narayanapura,2 - Horamavu", "Corporation": "East"}, "geometry": {"type": "LineString", "coordinates": [[77.64146, 13.042028, 0.0], [77.64195, 13.041875, 0.0], [77.642297, 13.04188, 0.0], [77.644297, 13.042548, 0.0], [77.644834, 13.04288, 0.0], [77.645113, 13.042908, 0.0], [77.645298, 13.042917, 0.0], [77.645736, 13.042663, 0.0], [77.646155, 13.042274, 0.0], [77.646647, 13.042344, 0.0], [77.647052, 13.042523, 0.0], [77.647385, 13.04328, 0.0], [77.647572, 13.044646, 0.0], [77.647782, 13.045007, 0.0], [77.648237, 13.045328, 0.0], [77.649173, 13.045445, 0.0]]}}, {"type": "Feature", "properties": {"Drain num": "H300", "length_m": 270.4, "valley": "Hebbal Nagawara Valley", "subvalley": "HN_1", "ward_name": "36 - Maruthi Seva Nagara,24 - HBR Layout,29 - Lingarajpura,23 - Hennur,30 - Kacharakanahalli,35 - Kammanahalli,33 - HRBR Layout,19 - Thanisandra", "Corporation": "North"}, "geometry": {"type": "LineString", "coordinates": [[77.629196, 13.012704, 0.0], [77.628966, 13.013045, 0.0], [77.628746, 13.013937, 0.0], [77.628453, 13.014401, 0.0], [77.628305, 13.014868, 0.0]]}}, {"type": "Feature", "properties": {"Drain num": "H300", "length_m": 407.52, "valley": "Hebbal Nagawara Valley", "subvalley": "HN_1", "ward_name": "36 - Maruthi Seva Nagara,24 - HBR Layout,29 - Lingarajpura,23 - Hennur,30 - Kacharakanahalli,35 - Kammanahalli,33 - HRBR Layout,19 - Thanisandra", "Corporation": "North"}, "geometry": {"type": "LineString", "coordinates": [[77.629552, 13.003521, 0.0], [77.629991, 13.003521, 0.0], [77.629991, 13.003449, 0.0], [77.630174, 13.003307, 0.0], [77.63054, 13.003093, 0.0], [77.630979, 13.003057, 0.0], [77.631236, 13.0032, 0.0], [77.631492, 13.003556, 0.0], [77.632078, 13.004667, 0.0]]}}, {"type": "Feature", "properties": {"Drain num": "H300", "length_m": 530.69, "valley": "Hebbal Nagawara Valley", "subvalley": "HN_2", "ward_name": "2 - Horamavu,28 - Byrathi", "Corporation": "East"}, "geometry": {"type": "LineString", "coordinates": [[77.649395, 13.04561, 0.0], [77.649761, 13.045503, 0.0], [77.650639, 13.045503, 0.0], [77.651115, 13.045681, 0.0], [77.652397, 13.046395, 0.0], [77.653166, 13.046609, 0.0], [77.653911, 13.046722, 0.0]]}}, {"type": "Feature", "properties": {"Drain num": "H100", "length_m": 1581.13, "valley": "Hebbal Nagawara Valley", "subvalley": "HN_2", "ward_name": "23 - Hennur,19 - Thanisandra", "Corporation": "North"}, "geometry": {"type": "LineString", "coordinates": [[77.636801, 13.04229, 0.0], [77.635873, 13.04229, 0.0], [77.635648, 13.04219, 0.0], [77.635403, 13.041951, 0.0], [77.635117, 13.041832, 0.0], [77.634156, 13.041832, 0.0], [77.633441, 13.042091, 0.0], [77.632991, 13.04215, 0.0], [77.632602, 13.042489, 0.0], [77.632459, 13.042708, 0.0], [77.632214, 13.042867, 0.0], [77.631294, 13.043106, 0.0], [77.631171, 13.043106, 0.0], [77.631028, 13.042867, 0.0], [77.630824, 13.042748, 0.0], [77.630129, 13.042728, 0.0], [77.629781, 13.042409, 0.0], [77.629679, 13.042429, 0.0], [77.629475, 13.042688, 0.0], [77.629209, 13.042688, 0.0], [77.628637, 13.042409, 0.0], [77.628555, 13.042529, 0.0], [77.628596, 13.042947, 0.0], [77.628187, 13.043325, 0.0], [77.628187, 13.043564, 0.0], [77.628616, 13.043963, 0.0], [77.628698, 13.044202, 0.0], [77.628534, 13.044361, 0.0], [77.627839, 13.044719, 0.0], [77.627778, 13.045317, 0.0], [77.627063, 13.046233, 0.0]]}}, {"type": "Feature", "properties": {"Drain num": "H100", "length_m": 1023.92, "valley": "Hebbal Nagawara Valley", "subvalley": "HN_1", "ward_name": "19 - Thanisandra,18 - Kempapura", "Corporation": "North"}, "geometry": {"type": "LineString", "coordinates": [[77.627063, 13.046233, 0.0], [77.626797, 13.046512, 0.0], [77.626061, 13.046552, 0.0], [77.625529, 13.04681, 0.0], [77.625366, 13.04701, 0.0], [77.625018, 13.047149, 0.0], [77.623056, 13.047288, 0.0], [77.622443, 13.047109, 0.0], [77.622013, 13.047448, 0.0], [77.621584, 13.047647, 0.0], [77.620787, 13.047647, 0.0], [77.618313, 13.048045, 0.0]]}}, {"type": "Feature", "properties": {"Drain num": "H100", "length_m": 2057.92, "valley": "Hebbal Nagawara Valley", "subvalley": "HN_1", "ward_name": "18 - Kempapura", "Corporation": "North"}, "geometry": {"type": "LineString", "coordinates": [[77.618313, 13.048045, 0.0], [77.615778, 13.048204, 0.0], [77.615022, 13.048424, 0.0], [77.613918, 13.048443, 0.0], [77.612426, 13.048145, 0.0], [77.611608, 13.047786, 0.0], [77.611158, 13.047388, 0.0], [77.611138, 13.04701, 0.0], [77.610933, 13.04689, 0.0], [77.610606, 13.04687, 0.0], [77.610238, 13.04697, 0.0], [77.609605, 13.04701, 0.0], [77.608807, 13.046791, 0.0], [77.607356, 13.046571, 0.0], [77.605087, 13.046532, 0.0], [77.604576, 13.046233, 0.0], [77.60386, 13.045994, 0.0], [77.601468, 13.045934, 0.0], [77.601121, 13.045755, 0.0], [77.60061, 13.045616, 0.0]]}}, {"type": "Feature", "properties": {"Drain num": "H200", "length_m": 2563.95, "valley": "Hebbal Nagawara Valley", "subvalley": "HN_1", "ward_name": "18 - Kempapura,14 - Rajiv Gandhi Nagar", "Corporation": "North"}, "geometry": {"type": "LineString", "coordinates": [[77.60061, 13.045616, 0.0], [77.600221, 13.045396, 0.0], [77.599158, 13.045317, 0.0], [77.598688, 13.045177, 0.0], [77.595193, 13.045436, 0.0], [77.593986, 13.045317, 0.0], [77.593782, 13.045496, 0.0], [77.593598, 13.046133, 0.0], [77.593394, 13.046313, 0.0], [77.59321, 13.046631, 0.0], [77.593291, 13.04693, 0.0], [77.593496, 13.047189, 0.0], [77.593496, 13.047488, 0.0], [77.592576, 13.047926, 0.0], [77.592392, 13.048204, 0.0], [77.592269, 13.048264, 0.0], [77.591779, 13.048384, 0.0], [77.591288, 13.048384, 0.0], [77.589203, 13.048782, 0.0], [77.584705, 13.050017, 0.0], [77.582825, 13.050674, 0.0], [77.582334, 13.050913, 0.0], [77.581496, 13.05149, 0.0], [77.580556, 13.051729, 0.0]]}}, {"type": "Feature", "properties": {"Drain num": "H200", "length_m": 744.1, "valley": "Hebbal Nagawara Valley", "subvalley": "HN_1", "ward_name": "14 - Rajiv Gandhi Nagar,13 - Kodigehalli", "Corporation": "North"}, "geometry": {"type": "LineString", "coordinates": [[77.580556, 13.051729, 0.0], [77.580147, 13.051729, 0.0], [77.579472, 13.05151, 0.0], [77.579309, 13.051351, 0.0], [77.579063, 13.050714, 0.0], [77.578654, 13.050136, 0.0], [77.57843, 13.049678, 0.0], [77.578246, 13.049499, 0.0], [77.578062, 13.049439, 0.0], [77.577489, 13.049579, 0.0], [77.576549, 13.049599, 0.0], [77.57612, 13.049718, 0.0], [77.575588, 13.050057, 0.0], [77.575241, 13.050096, 0.0]]}}, {"type": "Feature", "properties": {"Drain num": "H200", "length_m": 265.47, "valley": "Hebbal Nagawara Valley", "subvalley": "HN_1", "ward_name": "13 - Kodigehalli", "Corporation": "North"}, "geometry": {"type": "LineString", "coordinates": [[77.575241, 13.050096, 0.0], [77.574096, 13.050096, 0.0], [77.572849, 13.049877, 0.0]]}}, {"type": "Feature", "properties": {"Drain num": "H100", "length_m": 4344.02, "valley": "Hebbal Nagawara Valley", "subvalley": "HN_1", "ward_name": "43 - Varalakshmi Nagar,49 - Jaya Chamarajendra Nagara,53 - R.T Nagar,50 - Dinnur,51 - Manorayanapalya,52 - Vishwanatha Nagenahalli,18 - Kempapura", "Corporation": "North"}, "geometry": {"type": "LineString", "coordinates": [[77.60061, 13.045616, 0.0], [77.600569, 13.044241, 0.0], [77.600405, 13.043923, 0.0], [77.600283, 13.043365, 0.0], [77.600283, 13.042967, 0.0], [77.600487, 13.041652, 0.0], [77.600446, 13.039741, 0.0], [77.600732, 13.038984, 0.0], [77.601019, 13.038665, 0.0], [77.601223, 13.038546, 0.0], [77.601714, 13.03763, 0.0], [77.602082, 13.037311, 0.0], [77.602082, 13.037231, 0.0], [77.602531, 13.036952, 0.0], [77.603022, 13.036395, 0.0], [77.603063, 13.035957, 0.0], [77.602777, 13.035518, 0.0], [77.602695, 13.035518, 0.0], [77.601387, 13.033965, 0.0], [77.600692, 13.033487, 0.0], [77.600528, 13.033168, 0.0], [77.600324, 13.032969, 0.0], [77.600201, 13.032651, 0.0], [77.60016, 13.030858, 0.0], [77.599751, 13.029822, 0.0], [77.599588, 13.028827, 0.0], [77.599547, 13.02803, 0.0], [77.599629, 13.027871, 0.0], [77.599874, 13.027711, 0.0], [77.600119, 13.026954, 0.0], [77.60061, 13.026715, 0.0], [77.600651, 13.026237, 0.0], [77.600487, 13.025839, 0.0], [77.60061, 13.025759, 0.0], [77.600732, 13.025441, 0.0], [77.600732, 13.025122, 0.0], [77.600528, 13.024684, 0.0], [77.60016, 13.024166, 0.0], [77.599997, 13.023768, 0.0], [77.599792, 13.023529, 0.0], [77.599629, 13.023011, 0.0], [77.599629, 13.022294, 0.0], [77.599424, 13.021457, 0.0], [77.599179, 13.02082, 0.0], [77.598933, 13.020262, 0.0], [77.59832, 13.020103, 0.0], [77.597993, 13.019386, 0.0], [77.597707, 13.018948, 0.0], [77.597257, 13.017673, 0.0], [77.596767, 13.017076, 0.0], [77.596276, 13.01616, 0.0], [77.596031, 13.015881, 0.0], [77.596031, 13.014606, 0.0], [77.595867, 13.014287, 0.0], [77.594804, 13.012933, 0.0], [77.594559, 13.012774, 0.0], [77.594313, 13.012734, 0.0], [77.594068, 13.012893, 0.0]]}}, {"type": "Feature", "properties": {"Drain num": "H400", "length_m": 295.67, "valley": "Hebbal Nagawara Valley", "subvalley": "HN_2", "ward_name": "31 - Kalyanagar,12 - Kasturi Nagar", "Corporation": "Central"}, "geometry": {"type": "LineString", "coordinates": [[77.648993, 13.005208, 0.0], [77.649277, 13.005981, 0.0], [77.649264, 13.006103, 0.0], [77.648894, 13.006822, 0.0], [77.648383, 13.007582, 0.0]]}}, {"type": "Feature", "properties": {"Drain num": "H400", "length_m": 0.0, "valley": "Hebbal Nagawara Valley", "subvalley": "HN_2", "ward_name": "31 - Kalyanagar,12 - Kasturi Nagar", "Corporation": "North"}, "geometry": {"type": "LineString", "coordinates": [[77.648383, 13.007582, 0.0], [77.648383, 13.007582, 0.0]]}}, {"type": "Feature", "properties": {"Drain num": "H400", "length_m": 628.1, "valley": "Hebbal Nagawara Valley", "subvalley": "HN_2", "ward_name": "31 - Kalyanagar,12 - Kasturi Nagar", "Corporation": "North"}, "geometry": {"type": "LineString", "coordinates": [[77.648383, 13.007582, 0.0], [77.648028, 13.007915, 0.0], [77.647877, 13.008511, 0.0], [77.647361, 13.009039, 0.0], [77.646255, 13.010584, 0.0], [77.645833, 13.010897, 0.0], [77.645362, 13.012245, 0.0]]}}, {"type": "Feature", "properties": {"Drain num": "C200", "length_m": 31.37, "valley": "Koramangala Challaghatta Valley", "subvalley": "KC_1", "ward_name": "47 - Pulakeshi Nagar,48 - S.K Garden,10 - Cox Town,44 - Doddanna Nagar,1 - Ramaswamy Palya,49 - Jaya Chamarajendra Nagara", "Corporation": "North"}, "geometry": {"type": "LineString", "coordinates": [[77.595101, 13.010263, 0.0], [77.59535, 13.010156, 0.0]]}}, {"type": "Feature", "properties": {"Drain num": "C200", "length_m": 1201.76, "valley": "Koramangala Challaghatta Valley", "subvalley": "KC_1", "ward_name": "47 - Pulakeshi Nagar,48 - S.K Garden,10 - Cox Town,44 - Doddanna Nagar,1 - Ramaswamy Palya,49 - Jaya Chamarajendra Nagara", "Corporation": "Central"}, "geometry": {"type": "LineString", "coordinates": [[77.59535, 13.010156, 0.0], [77.597682, 13.009424, 0.0], [77.597773, 13.009282, 0.0], [77.597792, 13.008961, 0.0], [77.597938, 13.008675, 0.0], [77.598176, 13.008479, 0.0], [77.598725, 13.008194, 0.0], [77.599421, 13.008176, 0.0], [77.600171, 13.007427, 0.0], [77.602807, 13.006054, 0.0], [77.604107, 13.005572, 0.0], [77.604494, 13.005643, 0.0]]}}, {"type": "Feature", "properties": {"Drain num": "C200", "length_m": 1983.07, "valley": "Koramangala Challaghatta Valley", "subvalley": "KC_1", "ward_name": "47 - Pulakeshi Nagar,48 - S.K Garden,10 - Cox Town,44 - Doddanna Nagar,1 - Ramaswamy Palya,49 - Jaya Chamarajendra Nagara", "Corporation": "North"}, "geometry": {"type": "LineString", "coordinates": [[77.604494, 13.005643, 0.0], [77.604894, 13.005643, 0.0], [77.605187, 13.005501, 0.0], [77.605626, 13.005126, 0.0], [77.605938, 13.004734, 0.0], [77.606249, 13.004252, 0.0], [77.606249, 13.004074, 0.0], [77.606048, 13.003574, 0.0], [77.607036, 13.003253, 0.0], [77.607347, 13.002897, 0.0], [77.607567, 13.002807, 0.0], [77.608574, 13.00279, 0.0], [77.609178, 13.002647, 0.0], [77.609672, 13.002165, 0.0], [77.611081, 13.001042, 0.0], [77.611576, 13.00081, 0.0], [77.612345, 13.000649, 0.0], [77.612564, 13.000524, 0.0], [77.612839, 13.000257, 0.0], [77.613388, 12.999347, 0.0], [77.614614, 12.998598, 0.0], [77.615127, 12.998188, 0.0], [77.615475, 12.998045, 0.0], [77.615841, 12.997992, 0.0], [77.61617, 12.998313, 0.0], [77.616903, 12.99842, 0.0], [77.617122, 12.998188, 0.0], [77.61725, 12.996868, 0.0]]}}, {"type": "Feature", "properties": {"Drain num": "C200", "length_m": 1121.17, "valley": "Koramangala Challaghatta Valley", "subvalley": "KC_1", "ward_name": "47 - Pulakeshi Nagar,48 - S.K Garden,10 - Cox Town,44 - Doddanna Nagar,1 - Ramaswamy Palya,49 - Jaya Chamarajendra Nagara", "Corporation": "Central"}, "geometry": {"type": "LineString", "coordinates": [[77.61725, 12.996868, 0.0], [77.61725, 12.996707, 0.0], [77.617122, 12.996475, 0.0], [77.617195, 12.996012, 0.0], [77.617379, 12.995726, 0.0], [77.618019, 12.995049, 0.0], [77.618367, 12.994496, 0.0], [77.619722, 12.991695, 0.0], [77.619777, 12.991232, 0.0], [77.61996, 12.990696, 0.0], [77.620161, 12.989091, 0.0], [77.620051, 12.988164, 0.0], [77.620088, 12.987771, 0.0]]}}, {"type": "Feature", "properties": {"Drain num": "C300", "length_m": 707.51, "valley": "Koramangala Challaghatta Valley", "subvalley": "KC_1", "ward_name": "10 - Cox Town,37 - Jeevanahalli", "Corporation": "North"}, "geometry": {"type": "LineString", "coordinates": [[77.63235, 12.998725, 0.0], [77.632379, 12.998554, 0.0], [77.632174, 12.99824, 0.0], [77.632174, 12.997498, 0.0], [77.632262, 12.997213, 0.0], [77.632203, 12.996386, 0.0], [77.631793, 12.995872, 0.0], [77.631442, 12.995672, 0.0], [77.631179, 12.995359, 0.0], [77.631032, 12.994902, 0.0], [77.630798, 12.99456, 0.0], [77.630681, 12.994531, 0.0], [77.630388, 12.994703, 0.0], [77.62992, 12.994645, 0.0], [77.629811, 12.994149, 0.0]]}}, {"type": "Feature", "properties": {"Drain num": "C300", "length_m": 1288.48, "valley": "Koramangala Challaghatta Valley", "subvalley": "KC_1", "ward_name": "10 - Cox Town,37 - Jeevanahalli", "Corporation": "Central"}, "geometry": {"type": "LineString", "coordinates": [[77.629811, 12.994149, 0.0], [77.629773, 12.993761, 0.0], [77.629861, 12.993676, 0.0], [77.629861, 12.993191, 0.0], [77.629773, 12.992934, 0.0], [77.629598, 12.992734, 0.0], [77.627665, 12.991964, 0.0], [77.626641, 12.991821, 0.0], [77.624855, 12.991365, 0.0], [77.624181, 12.991022, 0.0], [77.623888, 12.990566, 0.0], [77.623566, 12.990338, 0.0], [77.622864, 12.989995, 0.0], [77.622337, 12.989625, 0.0], [77.622161, 12.988883, 0.0], [77.622161, 12.988483, 0.0], [77.622307, 12.987799, 0.0]]}}, {"type": "Feature", "properties": {"Drain num": "MD335", "length_m": 668.42, "valley": "Koramangala Challaghatta Valley", "subvalley": "KC_2", "ward_name": "43 - Dodda Nekkundi", "Corporation": "East"}, "geometry": {"type": "LineString", "coordinates": [[77.690908, 12.971476, 0.0], [77.690823, 12.971284, 0.0], [77.690481, 12.971291, 0.0], [77.690243, 12.971183, 0.0], [77.689292, 12.971212, 0.0], [77.689208, 12.96975, 0.0], [77.688998, 12.969182, 0.0], [77.688898, 12.968431, 0.0], [77.688731, 12.968058, 0.0], [77.688722, 12.967131, 0.0]]}}, {"type": "Feature", "properties": {"Drain num": "MD335", "length_m": 2758.89, "valley": "Koramangala Challaghatta Valley", "subvalley": "KC_2", "ward_name": "46 - Yamalur,23 - Sangama Ward,45 - Marathahalli,43 - Dodda Nekkundi,44 - Ashwath Nagar", "Corporation": "East"}, "geometry": {"type": "LineString", "coordinates": [[77.688722, 12.967131, 0.0], [77.689145, 12.961413, 0.0], [77.689141, 12.961233, 0.0], [77.688809, 12.960271, 0.0], [77.688971, 12.957656, 0.0], [77.689745, 12.955294, 0.0], [77.689997, 12.955, 0.0], [77.69035, 12.954757, 0.0], [77.690945, 12.95409, 0.0], [77.691049, 12.953201, 0.0], [77.691001, 12.952441, 0.0], [77.690875, 12.952003, 0.0], [77.69101, 12.95107, 0.0], [77.69115, 12.950924, 0.0], [77.691658, 12.950684, 0.0], [77.691866, 12.950466, 0.0], [77.692605, 12.94996, 0.0], [77.692651, 12.949802, 0.0], [77.69244, 12.947291, 0.0], [77.692617, 12.946871, 0.0], [77.693264, 12.946413, 0.0], [77.695519, 12.945976, 0.0]]}}, {"type": "Feature", "properties": {"Drain num": "MD349A", "length_m": 2011.37, "valley": "Koramangala Challaghatta Valley", "subvalley": "KC_2", "ward_name": "48 - Panathur", "Corporation": "East"}, "geometry": {"type": "LineString", "coordinates": [[77.694834, 12.945352, 0.0], [77.697946, 12.944624, 0.0], [77.698724, 12.944336, 0.0], [77.700155, 12.944275, 0.0], [77.701867, 12.943668, 0.0], [77.703516, 12.942349, 0.0], [77.704885, 12.941909, 0.0], [77.705866, 12.940802, 0.0], [77.707204, 12.940075, 0.0], [77.707982, 12.93874, 0.0], [77.70848, 12.937527, 0.0], [77.709476, 12.937921, 0.0], [77.710036, 12.938285, 0.0]]}}, {"type": "Feature", "properties": {"Drain num": "MD349", "length_m": 2782.91, "valley": "Koramangala Challaghatta Valley", "subvalley": "KC_2", "ward_name": "46 - Yamalur,45 - Marathahalli,41 - Munnenkolalu,48 - Panathur", "Corporation": "East"}, "geometry": {"type": "LineString", "coordinates": [[77.694834, 12.945352, 0.0], [77.695316, 12.94611, 0.0], [77.696872, 12.94561, 0.0], [77.698584, 12.946155, 0.0], [77.70238, 12.945594, 0.0], [77.703407, 12.945564, 0.0], [77.704294, 12.944745, 0.0], [77.704356, 12.943759, 0.0], [77.705103, 12.943274, 0.0], [77.705368, 12.942152, 0.0], [77.705835, 12.941909, 0.0], [77.70806, 12.941743, 0.0], [77.710549, 12.942046, 0.0], [77.710938, 12.94153, 0.0], [77.712696, 12.941303, 0.0], [77.713786, 12.941758, 0.0], [77.714501, 12.942182, 0.0], [77.716275, 12.942713, 0.0], [77.716726, 12.943016, 0.0]]}}, {"type": "Feature", "properties": {"Drain num": "MD355", "length_m": 929.17, "valley": "Koramangala Challaghatta Valley", "subvalley": "KC_2", "ward_name": "48 - Panathur", "Corporation": "East"}, "geometry": {"type": "LineString", "coordinates": [[77.709827, 12.938422, 0.0], [77.710141, 12.93861, 0.0], [77.71074, 12.93875, 0.0], [77.711073, 12.938679, 0.0], [77.712528, 12.938087, 0.0], [77.713532, 12.938025, 0.0], [77.714321, 12.938375, 0.0], [77.715145, 12.938196, 0.0], [77.716262, 12.938621, 0.0], [77.716994, 12.938731, 0.0], [77.717812, 12.939254, 0.0]]}}, {"type": "Feature", "properties": {"Drain num": "MD265", "length_m": 1601.14, "valley": "Koramangala Challaghatta Valley", "subvalley": "KC_2", "ward_name": "41 - Munnenkolalu", "Corporation": "East"}, "geometry": {"type": "LineString", "coordinates": [[77.717506, 12.942982, 0.0], [77.717516, 12.943122, 0.0], [77.717301, 12.943354, 0.0], [77.716681, 12.943556, 0.0], [77.7169, 12.944187, 0.0], [77.71666, 12.944934, 0.0], [77.716507, 12.945067, 0.0], [77.715578, 12.945414, 0.0], [77.715119, 12.945803, 0.0], [77.71395, 12.946301, 0.0], [77.713778, 12.946937, 0.0], [77.71349, 12.947629, 0.0], [77.713531, 12.94793, 0.0], [77.713289, 12.948061, 0.0], [77.712438, 12.948195, 0.0], [77.712654, 12.948913, 0.0], [77.712681, 12.9497, 0.0], [77.712617, 12.949839, 0.0], [77.712006, 12.950259, 0.0], [77.71175, 12.950667, 0.0], [77.7109, 12.952572, 0.0], [77.71076, 12.95321, 0.0], [77.710535, 12.953511, 0.0]]}}, {"type": "Feature", "properties": {"Drain num": "MD369", "length_m": 173.09, "valley": "Koramangala Challaghatta Valley", "subvalley": "KC_2", "ward_name": "41 - Munnenkolalu,48 - Panathur", "Corporation": "East"}, "geometry": {"type": "LineString", "coordinates": [[77.716726, 12.943016, 0.0], [77.71822, 12.942471, 0.0]]}}, {"type": "Feature", "properties": {"Drain num": "MD369", "length_m": 484.72, "valley": "Koramangala Challaghatta Valley", "subvalley": "KC_2", "ward_name": "40 - Varthur,48 - Panathur", "Corporation": "East"}, "geometry": {"type": "LineString", "coordinates": [[77.71822, 12.942471, 0.0], [77.72071, 12.94338, 0.0], [77.722515, 12.943471, 0.0]]}}, {"type": "Feature", "properties": {"Drain num": "MD358", "length_m": 588.52, "valley": "Koramangala Challaghatta Valley", "subvalley": "KC_2", "ward_name": "48 - Panathur", "Corporation": "East"}, "geometry": {"type": "LineString", "coordinates": [[77.718345, 12.933463, 0.0], [77.717473, 12.93871, 0.0]]}}, {"type": "Feature", "properties": {"Drain num": "MD358", "length_m": 496.37, "valley": "Koramangala Challaghatta Valley", "subvalley": "KC_2", "ward_name": "48 - Panathur", "Corporation": "East"}, "geometry": {"type": "LineString", "coordinates": [[77.717473, 12.93871, 0.0], [77.717691, 12.939893, 0.0], [77.717286, 12.940408, 0.0], [77.718469, 12.941379, 0.0], [77.71822, 12.942471, 0.0]]}}, {"type": "Feature", "properties": {"Drain num": "BH544", "length_m": 2701.49, "valley": "Koramangala Challaghatta Valley", "subvalley": "KC_1", "ward_name": "61 - Kodi Chikkanahalli", "Corporation": "South"}, "geometry": {"type": "LineString", "coordinates": [[77.622913, 12.916802, 0.0], [77.623073, 12.915355, 0.0], [77.622357, 12.912762, 0.0], [77.621688, 12.912428, 0.0], [77.621346, 12.91167, 0.0], [77.621346, 12.910866, 0.0], [77.620973, 12.910335, 0.0], [77.620708, 12.909061, 0.0], [77.620988, 12.907833, 0.0], [77.619603, 12.906164, 0.0], [77.618872, 12.905148, 0.0], [77.618483, 12.903495, 0.0], [77.618716, 12.902752, 0.0], [77.618514, 12.902403, 0.0], [77.617783, 12.902509, 0.0], [77.617425, 12.901948, 0.0], [77.616274, 12.901099, 0.0], [77.614126, 12.899006, 0.0], [77.613551, 12.899157, 0.0], [77.613286, 12.897944, 0.0], [77.612461, 12.897792, 0.0]]}}, {"type": "Feature", "properties": {"Drain num": "BH544", "length_m": 1718.24, "valley": "Koramangala Challaghatta Valley", "subvalley": "KC_1", "ward_name": "59 - Vijaya Bank Layout,61 - Kodi Chikkanahalli", "Corporation": "South"}, "geometry": {"type": "LineString", "coordinates": [[77.612331, 12.884131, 0.0], [77.612107, 12.886931, 0.0], [77.612215, 12.887552, 0.0], [77.611922, 12.888743, 0.0], [77.611865, 12.890226, 0.0], [77.612239, 12.891522, 0.0], [77.612591, 12.891849, 0.0], [77.612895, 12.893263, 0.0], [77.613071, 12.893486, 0.0], [77.613367, 12.893476, 0.0], [77.613534, 12.893741, 0.0], [77.613699, 12.894806, 0.0], [77.61344, 12.895318, 0.0], [77.613261, 12.895303, 0.0], [77.61271, 12.897746, 0.0], [77.611836, 12.897913, 0.0]]}}, {"type": "Feature", "properties": {"Drain num": "BH544", "length_m": 298.38, "valley": "Koramangala Challaghatta Valley", "subvalley": "KC_1", "ward_name": "59 - Vijaya Bank Layout", "Corporation": "South"}, "geometry": {"type": "LineString", "coordinates": [[77.612368, 12.883899, 0.0], [77.611715, 12.882291, 0.0], [77.611248, 12.88176, 0.0], [77.610983, 12.881715, 0.0]]}}, {"type": "Feature", "properties": {"Drain num": "BH544", "length_m": 2053.54, "valley": "Koramangala Challaghatta Valley", "subvalley": "KC_1", "ward_name": "59 - Vijaya Bank Layout,37 - Yelenahalli", "Corporation": "South"}, "geometry": {"type": "LineString", "coordinates": [[77.610983, 12.881715, 0.0], [77.611186, 12.880319, 0.0], [77.611668, 12.880213, 0.0], [77.612088, 12.87765, 0.0], [77.613675, 12.877104, 0.0], [77.614515, 12.875041, 0.0], [77.61436, 12.8736, 0.0], [77.614173, 12.872902, 0.0], [77.613333, 12.872553, 0.0], [77.613815, 12.871173, 0.0], [77.614453, 12.871112, 0.0], [77.613971, 12.866956, 0.0], [77.61313, 12.867168, 0.0]]}}, {"type": "Feature", "properties": {"Drain num": "BH541", "length_m": 1080.71, "valley": "Koramangala Challaghatta Valley", "subvalley": "KC_1", "ward_name": "59 - Vijaya Bank Layout,58 - Arakere,57 - Hulimavu", "Corporation": "South"}, "geometry": {"type": "LineString", "coordinates": [[77.607537, 12.873268, 0.0], [77.608521, 12.874099, 0.0], [77.608923, 12.874695, 0.0], [77.608902, 12.874753, 0.0], [77.608401, 12.874749, 0.0], [77.608229, 12.875588, 0.0], [77.608452, 12.876769, 0.0], [77.609347, 12.879733, 0.0], [77.609496, 12.880553, 0.0], [77.609572, 12.881766, 0.0]]}}, {"type": "Feature", "properties": {"Drain num": "BH541", "length_m": 156.91, "valley": "Koramangala Challaghatta Valley", "subvalley": "KC_1", "ward_name": "59 - Vijaya Bank Layout,58 - Arakere", "Corporation": "South"}, "geometry": {"type": "LineString", "coordinates": [[77.609583, 12.882064, 0.0], [77.610983, 12.881715, 0.0]]}}, {"type": "Feature", "properties": {"Drain num": "BH563", "length_m": 854.65, "valley": "Koramangala Challaghatta Valley", "subvalley": "KC_1", "ward_name": "36 - Beguru,35 - Vishwapriya Nagara,34 - Chikkathoguru", "Corporation": "South"}, "geometry": {"type": "LineString", "coordinates": [[77.6309, 12.869656, 0.0], [77.630557, 12.8682, 0.0], [77.630277, 12.86644, 0.0], [77.630246, 12.865287, 0.0], [77.62953, 12.863892, 0.0], [77.629499, 12.862163, 0.0]]}}, {"type": "Feature", "properties": {"Drain num": "BH568", "length_m": 1494.91, "valley": "Koramangala Challaghatta Valley", "subvalley": "KC_1", "ward_name": "36 - Beguru,35 - Vishwapriya Nagara,34 - Chikkathoguru", "Corporation": "South"}, "geometry": {"type": "LineString", "coordinates": [[77.630822, 12.86914, 0.0], [77.631771, 12.868124, 0.0], [77.633622, 12.868336, 0.0], [77.634867, 12.869034, 0.0], [77.636921, 12.868443, 0.0], [77.64078, 12.868503, 0.0], [77.641091, 12.867441, 0.0], [77.64302, 12.86729, 0.0]]}}, {"type": "Feature", "properties": {"Drain num": "BH565", "length_m": 829.92, "valley": "Koramangala Challaghatta Valley", "subvalley": "KC_1", "ward_name": "34 - Chikkathoguru", "Corporation": "South"}, "geometry": {"type": "LineString", "coordinates": [[77.648622, 12.869064, 0.0], [77.647253, 12.86867, 0.0], [77.647533, 12.86691, 0.0], [77.649338, 12.865909, 0.0], [77.651267, 12.864635, 0.0]]}}, {"type": "Feature", "properties": {"Drain num": "BH569", "length_m": 970.93, "valley": "Koramangala Challaghatta Valley", "subvalley": "KC_1", "ward_name": "36 - Beguru,37 - Yelenahalli", "Corporation": "South"}, "geometry": {"type": "LineString", "coordinates": [[77.626076, 12.87768, 0.0], [77.624396, 12.878378, 0.0], [77.623493, 12.878348, 0.0], [77.62256, 12.877407, 0.0], [77.621719, 12.876406, 0.0], [77.620941, 12.876376, 0.0], [77.621097, 12.875405, 0.0], [77.62091, 12.873676, 0.0]]}}, {"type": "Feature", "properties": {"Drain num": "BH524", "length_m": 388.15, "valley": "Koramangala Challaghatta Valley", "subvalley": "KC_1", "ward_name": "38 - Doddakammanahalli", "Corporation": "South"}, "geometry": {"type": "LineString", "coordinates": [[77.592498, 12.85608, 0.0], [77.593494, 12.859447, 0.0]]}}, {"type": "Feature", "properties": {"Drain num": "BH524", "length_m": 1417.55, "valley": "Koramangala Challaghatta Valley", "subvalley": "KC_1", "ward_name": "59 - Vijaya Bank Layout,37 - Yelenahalli,38 - Doddakammanahalli", "Corporation": "South"}, "geometry": {"type": "LineString", "coordinates": [[77.593494, 12.859447, 0.0], [77.594086, 12.860752, 0.0], [77.594366, 12.862299, 0.0], [77.595424, 12.863755, 0.0], [77.596108, 12.864059, 0.0], [77.596513, 12.866122, 0.0], [77.597073, 12.867032, 0.0], [77.597758, 12.867092, 0.0], [77.598038, 12.867487, 0.0], [77.601056, 12.867426, 0.0]]}}, {"type": "Feature", "properties": {"length_m": 2012.66, "valley": "Koramangala Challaghatta Valley", "subvalley": "KC_1", "ward_name": "59 - Vijaya Bank Layout,37 - Yelenahalli,38 - Doddakammanahalli", "Corporation": "South"}, "geometry": {"type": "LineString", "coordinates": [[77.602861, 12.849708, 0.0], [77.60255, 12.850892, 0.0], [77.603141, 12.851407, 0.0], [77.604137, 12.853652, 0.0], [77.605071, 12.857566, 0.0], [77.604791, 12.858658, 0.0], [77.603266, 12.858658, 0.0], [77.603732, 12.862572, 0.0], [77.602799, 12.862875, 0.0], [77.603764, 12.864847, 0.0]]}}, {"type": "Feature", "properties": {"Drain num": "K210", "length_m": 1684.97, "valley": "Koramangala Challaghatta Valley", "subvalley": "KC_1", "ward_name": "53 - Jaraganahalli,54 - Kengal Hanumanthaiah South,55 - Puttenahalli,56 - Doresanipalya,14 - J.P Nagar", "Corporation": "South"}, "geometry": {"type": "LineString", "coordinates": [[77.582634, 12.897853, 0.0], [77.582758, 12.900583, 0.0], [77.584252, 12.900522, 0.0], [77.584625, 12.900098, 0.0], [77.58892, 12.901008, 0.0], [77.590725, 12.900886, 0.0], [77.591036, 12.902039, 0.0], [77.59421, 12.902707, 0.0]]}}, {"type": "Feature", "properties": {"Drain num": "K209", "length_m": 3021.43, "valley": "Koramangala Challaghatta Valley", "subvalley": "KC_1", "ward_name": "61 - Kodi Chikkanahalli,60 - Bilekahalli,56 - Doresanipalya,14 - J.P Nagar", "Corporation": "South"}, "geometry": {"type": "LineString", "coordinates": [[77.59421, 12.902707, 0.0], [77.597322, 12.902161, 0.0], [77.5995, 12.90119, 0.0], [77.598878, 12.903799, 0.0], [77.606471, 12.903192, 0.0], [77.607778, 12.903677, 0.0], [77.608852, 12.903518, 0.0], [77.608976, 12.902866, 0.0], [77.611326, 12.90254, 0.0], [77.611925, 12.901986, 0.0], [77.611901, 12.899757, 0.0], [77.612749, 12.899666, 0.0], [77.611964, 12.897952, 0.0], [77.612461, 12.897792, 0.0]]}}, {"type": "Feature", "properties": {"Drain num": "BH513", "length_m": 1685.08, "valley": "Vrishabhavati Valley", "subvalley": "VV_1", "ward_name": "53 - Jaraganahalli,43 - Bheereshwara Nagar,42 - RBI Layout", "Corporation": "South"}, "geometry": {"type": "LineString", "coordinates": [[77.575476, 12.891172, 0.0], [77.575476, 12.891566, 0.0], [77.574636, 12.891718, 0.0], [77.574667, 12.894782, 0.0], [77.578308, 12.896662, 0.0], [77.581264, 12.898058, 0.0], [77.581171, 12.901728, 0.0]]}}, {"type": "Feature", "properties": {"Drain num": "BH512", "length_m": 1731.77, "valley": "Vrishabhavati Valley", "subvalley": "VV_1", "ward_name": "43 - Bheereshwara Nagar,42 - RBI Layout,41 - Kothanur", "Corporation": "South"}, "geometry": {"type": "LineString", "coordinates": [[77.575803, 12.886652, 0.0], [77.57655, 12.88553, 0.0], [77.577048, 12.885439, 0.0], [77.577172, 12.885105, 0.0], [77.577732, 12.885317, 0.0], [77.579849, 12.879584, 0.0], [77.579786, 12.879129, 0.0], [77.581373, 12.879098, 0.0], [77.581716, 12.878522, 0.0], [77.582307, 12.878401, 0.0], [77.582463, 12.877187, 0.0], [77.581933, 12.876398, 0.0], [77.581716, 12.875094, 0.0]]}}, {"type": "Feature", "properties": {"length_m": 571.43, "valley": "Koramangala Challaghatta Valley", "subvalley": "KC_1", "ward_name": "38 - Doddakammanahalli", "Corporation": "South"}, "geometry": {"type": "LineString", "coordinates": [[77.589776, 12.850277, 0.0], [77.589713, 12.849003, 0.0], [77.588935, 12.848305, 0.0], [77.589309, 12.847789, 0.0], [77.589184, 12.845574, 0.0]]}}, {"type": "Feature", "properties": {"length_m": 643.61, "valley": "Koramangala Challaghatta Valley", "subvalley": "KC_1", "ward_name": "39 - Gottigere", "Corporation": "South"}, "geometry": {"type": "LineString", "coordinates": [[77.583427, 12.854949, 0.0], [77.584112, 12.853463, 0.0], [77.586415, 12.853463, 0.0], [77.588188, 12.852644, 0.0]]}}, {"type": "Feature", "properties": {"length_m": 920.23, "valley": "Koramangala Challaghatta Valley", "subvalley": "KC_1", "ward_name": "37 - Yelenahalli,38 - Doddakammanahalli", "Corporation": "South"}, "geometry": {"type": "LineString", "coordinates": [[77.585886, 12.862565, 0.0], [77.58794, 12.861199, 0.0], [77.588873, 12.86035, 0.0], [77.591985, 12.859622, 0.0], [77.593494, 12.859447, 0.0]]}}, {"type": "Feature", "properties": {"Drain num": "BH552", "length_m": 1043.06, "valley": "Koramangala Challaghatta Valley", "subvalley": "KC_1", "ward_name": "58 - Arakere", "Corporation": "South"}, "geometry": {"type": "LineString", "coordinates": [[77.600947, 12.884013, 0.0], [77.601756, 12.8838, 0.0], [77.601819, 12.88286, 0.0], [77.609583, 12.882064, 0.0]]}}, {"type": "Feature", "properties": {"Drain num": "BH552", "length_m": 515.95, "valley": "Koramangala Challaghatta Valley", "subvalley": "KC_1", "ward_name": "59 - Vijaya Bank Layout,58 - Arakere", "Corporation": "South"}, "geometry": {"type": "LineString", "coordinates": [[77.609583, 12.882064, 0.0], [77.610283, 12.884498, 0.0], [77.612368, 12.883899, 0.0]]}}, {"type": "Feature", "properties": {"Drain num": "BH574", "length_m": 1360.7, "valley": "Koramangala Challaghatta Valley", "subvalley": "KC_1", "ward_name": "67 - Bandepalya,72 - HSR Layout", "Corporation": "South"}, "geometry": {"type": "LineString", "coordinates": [[77.632257, 12.916259, 0.0], [77.632627, 12.903973, 0.0]]}}, {"type": "Feature", "properties": {"Drain num": "BH574", "length_m": 1648.24, "valley": "Koramangala Challaghatta Valley", "subvalley": "KC_1", "ward_name": "64 - Hongasandra,65 - Garvebavi Palya,67 - Bandepalya,35 - Vishwapriya Nagara", "Corporation": "South"}, "geometry": {"type": "LineString", "coordinates": [[77.632627, 12.903973, 0.0], [77.63244, 12.902335, 0.0], [77.631631, 12.901243, 0.0], [77.632067, 12.898938, 0.0], [77.631133, 12.896389, 0.0], [77.630697, 12.894327, 0.0], [77.629764, 12.894509, 0.0], [77.629701, 12.89372, 0.0], [77.630511, 12.893538, 0.0], [77.62995, 12.891415, 0.0]]}}, {"type": "Feature", "properties": {"Drain num": "BH574", "length_m": 406.73, "valley": "Koramangala Challaghatta Valley", "subvalley": "KC_1", "ward_name": "35 - Vishwapriya Nagara", "Corporation": "South"}, "geometry": {"type": "LineString", "coordinates": [[77.62995, 12.891415, 0.0], [77.62883, 12.89008, 0.0], [77.628706, 12.888138, 0.0]]}}, {"type": "Feature", "properties": {"Drain num": "BH574", "length_m": 828.89, "valley": "Koramangala Challaghatta Valley", "subvalley": "KC_1", "ward_name": "35 - Vishwapriya Nagara", "Corporation": "South"}, "geometry": {"type": "LineString", "coordinates": [[77.628706, 12.888138, 0.0], [77.629608, 12.887228, 0.0], [77.629919, 12.885772, 0.0], [77.630946, 12.885105, 0.0], [77.631786, 12.884953, 0.0], [77.631911, 12.8838, 0.0], [77.631289, 12.882405, 0.0]]}}, {"type": "Feature", "properties": {"Drain num": "BH574", "length_m": 488.28, "valley": "Koramangala Challaghatta Valley", "subvalley": "KC_1", "ward_name": "35 - Vishwapriya Nagara", "Corporation": "South"}, "geometry": {"type": "LineString", "coordinates": [[77.631289, 12.882405, 0.0], [77.6316, 12.882011, 0.0], [77.631569, 12.881434, 0.0], [77.632378, 12.880979, 0.0], [77.633125, 12.880706, 0.0], [77.633125, 12.879068, 0.0]]}}, {"type": "Feature", "properties": {"Drain num": "BH573", "length_m": 764.35, "valley": "Koramangala Challaghatta Valley", "subvalley": "KC_1", "ward_name": "62 - Devarachikkanahalli,36 - Beguru,35 - Vishwapriya Nagara", "Corporation": "South"}, "geometry": {"type": "LineString", "coordinates": [[77.621673, 12.888351, 0.0], [77.625376, 12.88832, 0.0], [77.628706, 12.888138, 0.0]]}}, {"type": "Feature", "properties": {"Drain num": "K201", "length_m": 2575.55, "valley": "Koramangala Challaghatta Valley", "subvalley": "KC_1", "ward_name": "71 - Agara,69 - Hosapalya,72 - HSR Layout", "Corporation": "South"}, "geometry": {"type": "LineString", "coordinates": [[77.647377, 12.899393, 0.0], [77.646942, 12.900363, 0.0], [77.647066, 12.901759, 0.0], [77.647937, 12.903336, 0.0], [77.647937, 12.903761, 0.0], [77.644452, 12.904853, 0.0], [77.64453, 12.906157, 0.0], [77.642569, 12.906142, 0.0], [77.642102, 12.907037, 0.0], [77.641807, 12.9069, 0.0], [77.641869, 12.909084, 0.0], [77.641791, 12.911768, 0.0], [77.639893, 12.912011, 0.0], [77.639757, 12.915702, 0.0]]}}, {"type": "Feature", "properties": {"length_m": 610.93, "valley": "Koramangala Challaghatta Valley", "subvalley": "KC_1", "ward_name": "67 - Bandepalya,68 - Mangammana Palya", "Corporation": "South"}, "geometry": {"type": "LineString", "coordinates": [[77.632627, 12.903973, 0.0], [77.633482, 12.903427, 0.0], [77.635054, 12.903374, 0.0], [77.634828, 12.901781, 0.0], [77.636221, 12.901728, 0.0]]}}, {"type": "Feature", "properties": {"length_m": 270.66, "valley": "Koramangala Challaghatta Valley", "subvalley": "KC_1", "ward_name": "68 - Mangammana Palya", "Corporation": "South"}, "geometry": {"type": "LineString", "coordinates": [[77.636221, 12.901728, 0.0], [77.638298, 12.901751, 0.0], [77.638703, 12.901842, 0.0]]}}, {"type": "Feature", "properties": {"length_m": 1297.28, "valley": "Koramangala Challaghatta Valley", "subvalley": "KC_1", "ward_name": "67 - Bandepalya,68 - Mangammana Palya", "Corporation": "South"}, "geometry": {"type": "LineString", "coordinates": [[77.636221, 12.901728, 0.0], [77.635746, 12.899719, 0.0], [77.636773, 12.89987, 0.0], [77.636493, 12.898627, 0.0], [77.636867, 12.898414, 0.0], [77.638703, 12.896928, 0.0], [77.638547, 12.895715, 0.0], [77.641192, 12.896382, 0.0], [77.641908, 12.896352, 0.0]]}}, {"type": "Feature", "properties": {"Drain num": "BH572A", "length_m": 973.06, "valley": "Koramangala Challaghatta Valley", "subvalley": "KC_1", "ward_name": "65 - Garvebavi Palya,35 - Vishwapriya Nagara", "Corporation": "South"}, "geometry": {"type": "LineString", "coordinates": [[77.62995, 12.891415, 0.0], [77.630923, 12.890103, 0.0], [77.630861, 12.889648, 0.0], [77.631576, 12.889557, 0.0], [77.631639, 12.887949, 0.0], [77.634222, 12.888222, 0.0], [77.635124, 12.888556, 0.0], [77.635497, 12.887736, 0.0]]}}, {"type": "Feature", "properties": {"length_m": 369.68, "valley": "Koramangala Challaghatta Valley", "subvalley": "KC_1", "ward_name": "35 - Vishwapriya Nagara", "Corporation": "South"}, "geometry": {"type": "LineString", "coordinates": [[77.634222, 12.883004, 0.0], [77.633973, 12.882488, 0.0], [77.633319, 12.882094, 0.0], [77.631289, 12.882405, 0.0]]}}, {"type": "Feature", "properties": {"length_m": 818.09, "valley": "Koramangala Challaghatta Valley", "subvalley": "KC_1", "ward_name": "66 - Singasandra", "Corporation": "South"}, "geometry": {"type": "LineString", "coordinates": [[77.642157, 12.880153, 0.0], [77.640414, 12.879971, 0.0], [77.639356, 12.881548, 0.0], [77.638672, 12.882852, 0.0], [77.638236, 12.883095, 0.0], [77.638827, 12.884824, 0.0]]}}, {"type": "Feature", "properties": {"Drain num": "BH582", "length_m": 1630.89, "valley": "Koramangala Challaghatta Valley", "subvalley": "KC_1", "ward_name": "67 - Bandepalya,32 - Kudlu", "Corporation": "South"}, "geometry": {"type": "LineString", "coordinates": [[77.653235, 12.876998, 0.0], [77.651991, 12.877938, 0.0], [77.650559, 12.878696, 0.0], [77.649937, 12.879698, 0.0], [77.649314, 12.880426, 0.0], [77.646483, 12.881093, 0.0], [77.645611, 12.883945, 0.0], [77.644117, 12.885097, 0.0], [77.643246, 12.884885, 0.0], [77.643091, 12.885765, 0.0]]}}, {"type": "Feature", "properties": {"Drain num": "BH583", "length_m": 623.58, "valley": "Koramangala Challaghatta Valley", "subvalley": "KC_1", "ward_name": "32 - Kudlu", "Corporation": "South"}, "geometry": {"type": "LineString", "coordinates": [[77.647478, 12.88801, 0.0], [77.644615, 12.887797, 0.0], [77.6439, 12.886887, 0.0], [77.643215, 12.886735, 0.0], [77.643091, 12.885765, 0.0]]}}, {"type": "Feature", "properties": {"Drain num": "BH583", "length_m": 504.4, "valley": "Koramangala Challaghatta Valley", "subvalley": "KC_1", "ward_name": "66 - Singasandra,32 - Kudlu", "Corporation": "South"}, "geometry": {"type": "LineString", "coordinates": [[77.643091, 12.885765, 0.0], [77.641535, 12.885765, 0.0], [77.639232, 12.885461, 0.0], [77.638827, 12.884824, 0.0]]}}, {"type": "Feature", "properties": {"Drain num": "BH583", "length_m": 813.49, "valley": "Koramangala Challaghatta Valley", "subvalley": "KC_2", "ward_name": "18 - Dooravaninagar", "Corporation": "East"}, "geometry": {"type": "LineString", "coordinates": [[77.663723, 13.006198, 0.0], [77.664594, 12.999406, 0.0], [77.665092, 12.999285, 0.0]]}}, {"type": "Feature", "properties": {"length_m": 1235.41, "valley": "Koramangala Challaghatta Valley", "subvalley": "KC_2", "ward_name": "19 - K.S. Nissar Ahmed Ward,17 - Kaggadasapura,21 - Uday Nagar", "Corporation": "East"}, "geometry": {"type": "LineString", "coordinates": [[77.666959, 12.995707, 0.0], [77.668577, 12.992007, 0.0], [77.669448, 12.990855, 0.0], [77.668764, 12.989945, 0.0], [77.670009, 12.988975, 0.0], [77.670631, 12.986913, 0.0], [77.67053, 12.986059, 0.0]]}}, {"type": "Feature", "properties": {"length_m": 256.29, "valley": "Koramangala Challaghatta Valley", "subvalley": "KC_2", "ward_name": "19 - K.S. Nissar Ahmed Ward,17 - Kaggadasapura,21 - Uday Nagar", "Corporation": "Central"}, "geometry": {"type": "LineString", "coordinates": [[77.67053, 12.986059, 0.0], [77.670258, 12.98376, 0.0]]}}, {"type": "Feature", "properties": {"Drain num": "MD313", "length_m": 816.03, "valley": "Koramangala Challaghatta Valley", "subvalley": "KC_2", "ward_name": "17 - Kaggadasapura,23 - Sangama Ward,43 - Dodda Nekkundi", "Corporation": "Central"}, "geometry": {"type": "LineString", "coordinates": [[77.674614, 12.981698, 0.0], [77.674708, 12.980333, 0.0], [77.676575, 12.98009, 0.0], [77.676419, 12.978968, 0.0], [77.679341, 12.978001, 0.0]]}}, {"type": "Feature", "properties": {"Drain num": "MD313", "length_m": 678.51, "valley": "Koramangala Challaghatta Valley", "subvalley": "KC_2", "ward_name": "17 - Kaggadasapura,23 - Sangama Ward,43 - Dodda Nekkundi", "Corporation": "East"}, "geometry": {"type": "LineString", "coordinates": [[77.679341, 12.978001, 0.0], [77.679718, 12.977877, 0.0], [77.683172, 12.977725, 0.0], [77.685164, 12.976421, 0.0]]}}, {"type": "Feature", "properties": {"length_m": 705.67, "valley": "Koramangala Challaghatta Valley", "subvalley": "KC_2", "ward_name": "23 - Sangama Ward,44 - Ashwath Nagar", "Corporation": "East"}, "geometry": {"type": "LineString", "coordinates": [[77.688738, 12.966514, 0.0], [77.688399, 12.966605, 0.0], [77.688315, 12.966863, 0.0], [77.687753, 12.966864, 0.0], [77.687469, 12.96694, 0.0], [77.686908, 12.966888, 0.0], [77.686264, 12.966573, 0.0], [77.686038, 12.966571, 0.0], [77.685843, 12.966691, 0.0], [77.685809, 12.966983, 0.0], [77.685571, 12.967096, 0.0], [77.685407, 12.967084, 0.0], [77.684891, 12.966815, 0.0], [77.684341, 12.966675, 0.0], [77.683394, 12.966668, 0.0], [77.683003, 12.966596, 0.0]]}}, {"type": "Feature", "properties": {"Drain num": "MD332A", "length_m": 476.2, "valley": "Koramangala Challaghatta Valley", "subvalley": "KC_2", "ward_name": "23 - Sangama Ward,24 - Vignananagara", "Corporation": "East"}, "geometry": {"type": "LineString", "coordinates": [[77.682417, 12.969041, 0.0], [77.683475, 12.970042, 0.0], [77.686353, 12.969574, 0.0]]}}, {"type": "Feature", "properties": {"Drain num": "MD346", "length_m": 1032.17, "valley": "Koramangala Challaghatta Valley", "subvalley": "KC_2", "ward_name": "46 - Yamalur,47 - Bellanduru,48 - Panathur", "Corporation": "East"}, "geometry": {"type": "LineString", "coordinates": [[77.694874, 12.945496, 0.0], [77.693738, 12.945234, 0.0], [77.693004, 12.944791, 0.0], [77.692187, 12.944135, 0.0], [77.691971, 12.943507, 0.0], [77.691017, 12.942764, 0.0], [77.690611, 12.942539, 0.0], [77.69051, 12.942171, 0.0], [77.690325, 12.942005, 0.0], [77.690135, 12.942005, 0.0], [77.689211, 12.941294, 0.0], [77.688553, 12.941005, 0.0], [77.687751, 12.940888, 0.0], [77.687254, 12.940904, 0.0]]}}, {"type": "Feature", "properties": {"Drain num": "MD346", "length_m": 1873.25, "valley": "Koramangala Challaghatta Valley", "subvalley": "KC_2", "ward_name": "46 - Yamalur,47 - Bellanduru", "Corporation": "East"}, "geometry": {"type": "LineString", "coordinates": [[77.680679, 12.931061, 0.0], [77.681138, 12.931577, 0.0], [77.681244, 12.931908, 0.0], [77.681221, 12.932517, 0.0], [77.681117, 12.932892, 0.0], [77.680499, 12.933176, 0.0], [77.680202, 12.933508, 0.0], [77.67987, 12.934588, 0.0], [77.679564, 12.935235, 0.0], [77.679127, 12.935898, 0.0], [77.679629, 12.937603, 0.0], [77.679563, 12.93796, 0.0], [77.679645, 12.938389, 0.0], [77.680915, 12.939126, 0.0], [77.681479, 12.939317, 0.0], [77.682334, 12.939364, 0.0], [77.682803, 12.939229, 0.0], [77.683383, 12.939317, 0.0], [77.683533, 12.939263, 0.0], [77.683835, 12.938968, 0.0], [77.684096, 12.938965, 0.0], [77.68573, 12.939754, 0.0], [77.686421, 12.940222, 0.0], [77.686978, 12.940766, 0.0], [77.687308, 12.940937, 0.0]]}}, {"type": "Feature", "properties": {"Drain num": "MD346", "length_m": 297.04, "valley": "Koramangala Challaghatta Valley", "subvalley": "KC_2", "ward_name": "49 - Shivanasamudra Ward,47 - Bellanduru", "Corporation": "East"}, "geometry": {"type": "LineString", "coordinates": [[77.681519, 12.928595, 0.0], [77.681258, 12.928994, 0.0], [77.681009, 12.929976, 0.0], [77.68103, 12.930269, 0.0], [77.680726, 12.930755, 0.0], [77.680666, 12.931065, 0.0]]}}, {"type": "Feature", "properties": {"Drain num": "BH614", "length_m": 949.27, "valley": "Koramangala Challaghatta Valley", "subvalley": "KC_2", "ward_name": "66 - Singasandra,33 - Naganathapura,34 - Chikkathoguru", "Corporation": "South"}, "geometry": {"type": "LineString", "coordinates": [[77.659949, 12.877441, 0.0], [77.659327, 12.876228, 0.0], [77.659296, 12.874681, 0.0], [77.658736, 12.87462, 0.0], [77.658362, 12.87371, 0.0], [77.655873, 12.873315, 0.0], [77.654908, 12.87195, 0.0]]}}, {"type": "Feature", "properties": {"Drain num": "BH613", "length_m": 571.89, "valley": "Koramangala Challaghatta Valley", "subvalley": "KC_2", "ward_name": "33 - Naganathapura", "Corporation": "South"}, "geometry": {"type": "LineString", "coordinates": [[77.66191, 12.87729, 0.0], [77.663559, 12.876319, 0.0], [77.666796, 12.8755, 0.0]]}}, {"type": "Feature", "properties": {"length_m": 407.07, "valley": "Koramangala Challaghatta Valley", "subvalley": "KC_2", "ward_name": "33 - Naganathapura", "Corporation": "South"}, "geometry": {"type": "LineString", "coordinates": [[77.662968, 12.879504, 0.0], [77.662968, 12.879838, 0.0], [77.661941, 12.880111, 0.0], [77.662003, 12.881112, 0.0], [77.662843, 12.882113, 0.0]]}}, {"type": "Feature", "properties": {"Drain num": "BH621", "length_m": 1224.57, "valley": "Koramangala Challaghatta Valley", "subvalley": "KC_2", "ward_name": "32 - Kudlu", "Corporation": "South"}, "geometry": {"type": "LineString", "coordinates": [[77.668445, 12.88818, 0.0], [77.666578, 12.889515, 0.0], [77.664711, 12.888362, 0.0], [77.662781, 12.892184, 0.0], [77.662781, 12.89455, 0.0]]}}, {"type": "Feature", "properties": {"Drain num": "BH625", "length_m": 560.38, "valley": "Koramangala Challaghatta Valley", "subvalley": "KC_2", "ward_name": "31 - Kasavanahalli", "Corporation": "South"}, "geometry": {"type": "LineString", "coordinates": [[77.665067, 12.896692, 0.0], [77.66635, 12.897837, 0.0], [77.666055, 12.898146, 0.0], [77.665965, 12.898434, 0.0], [77.666455, 12.899164, 0.0], [77.666857, 12.900854, 0.0]]}}, {"type": "Feature", "properties": {"Drain num": "BH627", "length_m": 624.37, "valley": "Koramangala Challaghatta Valley", "subvalley": "KC_2", "ward_name": "31 - Kasavanahalli", "Corporation": "South"}, "geometry": {"type": "LineString", "coordinates": [[77.669885, 12.911623, 0.0], [77.669395, 12.911359, 0.0], [77.668616, 12.910624, 0.0], [77.66838, 12.910153, 0.0], [77.667869, 12.909907, 0.0], [77.667528, 12.909864, 0.0], [77.667035, 12.909553, 0.0], [77.666292, 12.907676, 0.0]]}}, {"type": "Feature", "properties": {"Drain num": "BH628", "length_m": 676.64, "valley": "Koramangala Challaghatta Valley", "subvalley": "KC_2", "ward_name": "49 - Shivanasamudra Ward", "Corporation": "East"}, "geometry": {"type": "LineString", "coordinates": [[77.673595, 12.916279, 0.0], [77.673875, 12.916384, 0.0], [77.674448, 12.915735, 0.0], [77.675378, 12.915229, 0.0], [77.675844, 12.91576, 0.0], [77.676353, 12.916788, 0.0], [77.676677, 12.917104, 0.0], [77.677654, 12.917479, 0.0], [77.67809, 12.917442, 0.0], [77.67823, 12.917519, 0.0]]}}, {"type": "Feature", "properties": {"length_m": 194.16, "valley": "Koramangala Challaghatta Valley", "subvalley": "KC_2", "ward_name": "49 - Shivanasamudra Ward", "Corporation": "East"}, "geometry": {"type": "LineString", "coordinates": [[77.68229, 12.915999, 0.0], [77.682713, 12.915895, 0.0], [77.682838, 12.914598, 0.0]]}}, {"type": "Feature", "properties": {"length_m": 338.23, "valley": "Koramangala Challaghatta Valley", "subvalley": "KC_2", "ward_name": "49 - Shivanasamudra Ward", "Corporation": "East"}, "geometry": {"type": "LineString", "coordinates": [[77.682838, 12.914598, 0.0], [77.682798, 12.914173, 0.0], [77.682637, 12.913779, 0.0], [77.682592, 12.913442, 0.0], [77.682604, 12.912822, 0.0], [77.682656, 12.912787, 0.0], [77.682408, 12.91165, 0.0]]}}, {"type": "Feature", "properties": {"length_m": 21.86, "valley": "Koramangala Challaghatta Valley", "subvalley": "KC_2", "ward_name": "49 - Shivanasamudra Ward", "Corporation": "South"}, "geometry": {"type": "LineString", "coordinates": [[77.682408, 12.91165, 0.0], [77.682387, 12.911561, 0.0], [77.68248, 12.911507, 0.0]]}}, {"type": "Feature", "properties": {"length_m": 1559.03, "valley": "Koramangala Challaghatta Valley", "subvalley": "KC_2", "ward_name": "49 - Shivanasamudra Ward,50 - Gunjur", "Corporation": "East"}, "geometry": {"type": "LineString", "coordinates": [[77.684303, 12.912954, 0.0], [77.684409, 12.912811, 0.0], [77.683911, 12.911173, 0.0], [77.688703, 12.909141, 0.0], [77.689015, 12.910263, 0.0], [77.689326, 12.910354, 0.0], [77.68945, 12.911628, 0.0], [77.69222, 12.911568, 0.0], [77.691162, 12.912781, 0.0]]}}, {"type": "Feature", "properties": {"length_m": 1076.36, "valley": "Koramangala Challaghatta Valley", "subvalley": "KC_2", "ward_name": "50 - Gunjur", "Corporation": "East"}, "geometry": {"type": "LineString", "coordinates": [[77.702178, 12.906957, 0.0], [77.70084, 12.907715, 0.0], [77.700653, 12.908201, 0.0], [77.698724, 12.908534, 0.0], [77.696826, 12.909596, 0.0], [77.696857, 12.910294, 0.0], [77.694367, 12.911901, 0.0]]}}, {"type": "Feature", "properties": {"length_m": 443.95, "valley": "Koramangala Challaghatta Valley", "subvalley": "KC_2", "ward_name": "46 - Yamalur,47 - Bellanduru", "Corporation": "East"}, "geometry": {"type": "LineString", "coordinates": [[77.676877, 12.931397, 0.0], [77.677328, 12.931075, 0.0], [77.678064, 12.930668, 0.0], [77.678331, 12.930592, 0.0], [77.680679, 12.931061, 0.0]]}}, {"type": "Feature", "properties": {"length_m": 947.76, "valley": "Koramangala Challaghatta Valley", "subvalley": "KC_2", "ward_name": "46 - Yamalur", "Corporation": "East"}, "geometry": {"type": "LineString", "coordinates": [[77.680612, 12.944233, 0.0], [77.68248, 12.94396, 0.0], [77.683164, 12.942717, 0.0], [77.685125, 12.943081, 0.0], [77.687054, 12.941928, 0.0], [77.687116, 12.940806, 0.0]]}}, {"type": "Feature", "properties": {"Drain num": "BH645", "length_m": 1020.76, "valley": "Koramangala Challaghatta Valley", "subvalley": "KC_2", "ward_name": "48 - Panathur", "Corporation": "East"}, "geometry": {"type": "LineString", "coordinates": [[77.699689, 12.924155, 0.0], [77.701462, 12.924671, 0.0], [77.702676, 12.925672, 0.0], [77.704917, 12.928037, 0.0], [77.705383, 12.928947, 0.0], [77.706908, 12.929524, 0.0]]}}, {"type": "Feature", "properties": {"Drain num": "BH645", "length_m": 723.57, "valley": "Koramangala Challaghatta Valley", "subvalley": "KC_2", "ward_name": "50 - Gunjur,48 - Panathur", "Corporation": "East"}, "geometry": {"type": "LineString", "coordinates": [[77.709841, 12.938446, 0.0], [77.7093, 12.935998, 0.0], [77.709395, 12.935569, 0.0], [77.709113, 12.934155, 0.0], [77.709185, 12.934045, 0.0], [77.709179, 12.933534, 0.0], [77.709024, 12.932122, 0.0]]}}, {"type": "Feature", "properties": {"Drain num": "BH648", "length_m": 864.28, "valley": "Koramangala Challaghatta Valley", "subvalley": "KC_2", "ward_name": "48 - Panathur", "Corporation": "East"}, "geometry": {"type": "LineString", "coordinates": [[77.705893, 12.931015, 0.0], [77.705844, 12.930585, 0.0], [77.705752, 12.930473, 0.0], [77.704911, 12.93017, 0.0], [77.704973, 12.930004, 0.0], [77.704743, 12.929962, 0.0], [77.703884, 12.930178, 0.0], [77.703528, 12.930367, 0.0], [77.703358, 12.930598, 0.0], [77.702767, 12.930824, 0.0], [77.702486, 12.931057, 0.0], [77.70198, 12.930943, 0.0], [77.701185, 12.931171, 0.0], [77.700231, 12.931034, 0.0], [77.699193, 12.931341, 0.0]]}}, {"type": "Feature", "properties": {"length_m": 259.49, "valley": "Koramangala Challaghatta Valley", "subvalley": "KC_2", "ward_name": "50 - Gunjur", "Corporation": "East"}, "geometry": {"type": "LineString", "coordinates": [[77.721379, 12.916117, 0.0], [77.721752, 12.917361, 0.0], [77.721223, 12.918271, 0.0]]}}, {"type": "Feature", "properties": {"Drain num": "MD388", "length_m": 737.11, "valley": "Koramangala Challaghatta Valley", "subvalley": "KC_2", "ward_name": "50 - Gunjur", "Corporation": "East"}, "geometry": {"type": "LineString", "coordinates": [[77.738183, 12.926782, 0.0], [77.7384, 12.927054, 0.0], [77.739356, 12.926758, 0.0], [77.739793, 12.926407, 0.0], [77.740051, 12.926463, 0.0], [77.74017, 12.926507, 0.0], [77.740629, 12.927243, 0.0], [77.740824, 12.92742, 0.0], [77.741141, 12.927613, 0.0], [77.742376, 12.928056, 0.0], [77.743714, 12.928715, 0.0], [77.743775, 12.928829, 0.0]]}}, {"type": "Feature", "properties": {"Drain num": "MD385", "length_m": 964.16, "valley": "Koramangala Challaghatta Valley", "subvalley": "KC_2", "ward_name": "50 - Gunjur", "Corporation": "East"}, "geometry": {"type": "LineString", "coordinates": [[77.739543, 12.918681, 0.0], [77.739438, 12.919207, 0.0], [77.739399, 12.920655, 0.0], [77.739211, 12.920618, 0.0], [77.739158, 12.921155, 0.0], [77.739341, 12.921872, 0.0], [77.739364, 12.922486, 0.0], [77.739248, 12.922933, 0.0], [77.738903, 12.923276, 0.0], [77.738737, 12.923744, 0.0], [77.738765, 12.924085, 0.0], [77.738931, 12.924551, 0.0], [77.738183, 12.926782, 0.0]]}}, {"type": "Feature", "properties": {"Drain num": "MD382", "length_m": 615.43, "valley": "Koramangala Challaghatta Valley", "subvalley": "KC_2", "ward_name": "50 - Gunjur,40 - Varthur", "Corporation": "East"}, "geometry": {"type": "LineString", "coordinates": [[77.723638, 12.920768, 0.0], [77.7238, 12.921787, 0.0], [77.725729, 12.922666, 0.0], [77.726037, 12.923679, 0.0], [77.727053, 12.92464, 0.0]]}}, {"type": "Feature", "properties": {"Drain num": "MD382", "length_m": 257.82, "valley": "Koramangala Challaghatta Valley", "subvalley": "KC_2", "ward_name": "50 - Gunjur,40 - Varthur", "Corporation": "East"}, "geometry": {"type": "LineString", "coordinates": [[77.727053, 12.924641, 0.0], [77.727313, 12.924945, 0.0], [77.727961, 12.925372, 0.0], [77.728497, 12.926401, 0.0]]}}, {"type": "Feature", "properties": {"Drain num": "MD387", "length_m": 804.44, "valley": "Koramangala Challaghatta Valley", "subvalley": "KC_2", "ward_name": "50 - Gunjur,40 - Varthur", "Corporation": "East"}, "geometry": {"type": "LineString", "coordinates": [[77.733493, 12.929776, 0.0], [77.733186, 12.929245, 0.0], [77.733262, 12.928615, 0.0], [77.733386, 12.9284, 0.0], [77.733897, 12.92832, 0.0], [77.734218, 12.928095, 0.0], [77.734558, 12.927684, 0.0], [77.735125, 12.927528, 0.0], [77.735763, 12.927484, 0.0], [77.736835, 12.926583, 0.0], [77.737666, 12.926351, 0.0], [77.738035, 12.926891, 0.0], [77.738183, 12.926782, 0.0]]}}, {"type": "Feature", "properties": {"Drain num": "MD399", "length_m": 1636.31, "valley": "Koramangala Challaghatta Valley", "subvalley": "KC_2", "ward_name": "50 - Gunjur,40 - Varthur", "Corporation": "East"}, "geometry": {"type": "LineString", "coordinates": [[77.751844, 12.93286, 0.0], [77.751378, 12.93377, 0.0], [77.750973, 12.934164, 0.0], [77.751813, 12.936014, 0.0], [77.752093, 12.938016, 0.0], [77.750631, 12.938471, 0.0], [77.750226, 12.940109, 0.0], [77.749448, 12.940048, 0.0], [77.749137, 12.941261, 0.0], [77.748546, 12.941655, 0.0], [77.74839, 12.944901, 0.0]]}}, {"type": "Feature", "properties": {"Drain num": "MD428", "length_m": 309.67, "valley": "Koramangala Challaghatta Valley", "subvalley": "KC_2", "ward_name": "40 - Varthur,39 - Hagaduru", "Corporation": "East"}, "geometry": {"type": "LineString", "coordinates": [[77.74839, 12.944901, 0.0], [77.749355, 12.945325, 0.0], [77.749417, 12.947084, 0.0]]}}, {"type": "Feature", "properties": {"Drain num": "MD428", "length_m": 572.07, "valley": "Koramangala Challaghatta Valley", "subvalley": "KC_2", "ward_name": "40 - Varthur,39 - Hagaduru", "Corporation": "East"}, "geometry": {"type": "LineString", "coordinates": [[77.749417, 12.947084, 0.0], [77.748857, 12.948479, 0.0], [77.74839, 12.952119, 0.0]]}}, {"type": "Feature", "properties": {"Drain num": "MD428", "length_m": 522.32, "valley": "Koramangala Challaghatta Valley", "subvalley": "KC_2", "ward_name": "40 - Varthur,39 - Hagaduru", "Corporation": "East"}, "geometry": {"type": "LineString", "coordinates": [[77.74839, 12.952119, 0.0], [77.74811, 12.953665, 0.0], [77.74727, 12.954757, 0.0], [77.748048, 12.956364, 0.0]]}}, {"type": "Feature", "properties": {"Drain num": "MD428", "length_m": 1207.44, "valley": "Koramangala Challaghatta Valley", "subvalley": "KC_2", "ward_name": "38 - Whitefield,39 - Hagaduru", "Corporation": "East"}, "geometry": {"type": "LineString", "coordinates": [[77.748048, 12.956364, 0.0], [77.747674, 12.958154, 0.0], [77.745963, 12.958912, 0.0], [77.74615, 12.960428, 0.0], [77.744905, 12.962399, 0.0], [77.744562, 12.964037, 0.0], [77.745558, 12.963946, 0.0], [77.745807, 12.964644, 0.0]]}}, {"type": "Feature", "properties": {"Drain num": "MD419", "length_m": 1132.52, "valley": "Koramangala Challaghatta Valley", "subvalley": "KC_2", "ward_name": "38 - Whitefield", "Corporation": "East"}, "geometry": {"type": "LineString", "coordinates": [[77.74285, 12.965644, 0.0], [77.742783, 12.965848, 0.0], [77.742009, 12.966488, 0.0], [77.741787, 12.966764, 0.0], [77.741534, 12.967972, 0.0], [77.741384, 12.968068, 0.0], [77.741195, 12.968063, 0.0], [77.74106, 12.968427, 0.0], [77.740569, 12.969245, 0.0], [77.740411, 12.969356, 0.0], [77.740485, 12.971146, 0.0], [77.73889, 12.971478, 0.0], [77.739055, 12.97235, 0.0], [77.739694, 12.973147, 0.0], [77.739716, 12.973317, 0.0]]}}, {"type": "Feature", "properties": {"length_m": 572.97, "valley": "Koramangala Challaghatta Valley", "subvalley": "KC_2", "ward_name": "33 - S.M Krishna Ward", "Corporation": "East"}, "geometry": {"type": "LineString", "coordinates": [[77.736638, 12.975955, 0.0], [77.736635, 12.976252, 0.0], [77.73701, 12.977893, 0.0], [77.736717, 12.977988, 0.0], [77.736815, 12.978511, 0.0], [77.735999, 12.979425, 0.0], [77.736405, 12.980242, 0.0], [77.736598, 12.980348, 0.0]]}}, {"type": "Feature", "properties": {"Drain num": "MD431", "length_m": 323.74, "valley": "Koramangala Challaghatta Valley", "subvalley": "KC_2", "ward_name": "40 - Varthur,39 - Hagaduru", "Corporation": "East"}, "geometry": {"type": "LineString", "coordinates": [[77.745403, 12.956668, 0.0], [77.746647, 12.957183, 0.0], [77.748048, 12.956364, 0.0]]}}, {"type": "Feature", "properties": {"Drain num": "MD431", "length_m": 2600.96, "valley": "Koramangala Challaghatta Valley", "subvalley": "KC_2", "ward_name": "40 - Varthur,39 - Hagaduru", "Corporation": "East"}, "geometry": {"type": "LineString", "coordinates": [[77.748048, 12.956364, 0.0], [77.74839, 12.955819, 0.0], [77.751097, 12.956061, 0.0], [77.75368, 12.95779, 0.0], [77.757352, 12.959427, 0.0], [77.760247, 12.961126, 0.0], [77.76146, 12.962248, 0.0], [77.764168, 12.963643, 0.0], [77.766595, 12.96434, 0.0], [77.768711, 12.963218, 0.0], [77.768898, 12.962885, 0.0]]}}, {"type": "Feature", "properties": {"Drain num": "MD432", "length_m": 616.1, "valley": "Koramangala Challaghatta Valley", "subvalley": "KC_2", "ward_name": "40 - Varthur,39 - Hagaduru", "Corporation": "East"}, "geometry": {"type": "LineString", "coordinates": [[77.74839, 12.952119, 0.0], [77.749946, 12.952634, 0.0], [77.751875, 12.953787, 0.0], [77.752934, 12.955182, 0.0]]}}, {"type": "Feature", "properties": {"Drain num": "MD433", "length_m": 708.43, "valley": "Koramangala Challaghatta Valley", "subvalley": "KC_2", "ward_name": "39 - Hagaduru", "Corporation": "East"}, "geometry": {"type": "LineString", "coordinates": [[77.749417, 12.947084, 0.0], [77.749884, 12.948479, 0.0], [77.749697, 12.948904, 0.0], [77.75256, 12.949996, 0.0], [77.753743, 12.950875, 0.0]]}}, {"type": "Feature", "properties": {"Drain num": "MD435", "length_m": 486.01, "valley": "Koramangala Challaghatta Valley", "subvalley": "KC_2", "ward_name": "39 - Hagaduru", "Corporation": "East"}, "geometry": {"type": "LineString", "coordinates": [[77.752934, 12.955182, 0.0], [77.753494, 12.953059, 0.0], [77.753743, 12.950875, 0.0]]}}, {"type": "Feature", "properties": {"Drain num": "MD436", "length_m": 1044.38, "valley": "Koramangala Challaghatta Valley", "subvalley": "KC_2", "ward_name": "39 - Hagaduru", "Corporation": "East"}, "geometry": {"type": "LineString", "coordinates": [[77.752934, 12.955182, 0.0], [77.754116, 12.955515, 0.0], [77.754241, 12.956213, 0.0], [77.759375, 12.956637, 0.0], [77.760651, 12.95876, 0.0]]}}, {"type": "Feature", "properties": {"Drain num": "MD441", "length_m": 532.54, "valley": "Koramangala Challaghatta Valley", "subvalley": "KC_2", "ward_name": "39 - Hagaduru", "Corporation": "East"}, "geometry": {"type": "LineString", "coordinates": [[77.760651, 12.95876, 0.0], [77.76118, 12.959397, 0.0], [77.763747, 12.959731, 0.0], [77.764323, 12.960792, 0.0], [77.764557, 12.960883, 0.0]]}}, {"type": "Feature", "properties": {"length_m": 1156.54, "valley": "Koramangala Challaghatta Valley", "subvalley": "KC_2", "ward_name": "22 - Mahadevapura,43 - Dodda Nekkundi", "Corporation": "East"}, "geometry": {"type": "LineString", "coordinates": [[77.688506, 12.978366, 0.0], [77.689621, 12.980147, 0.0], [77.689928, 12.980355, 0.0], [77.68994, 12.981187, 0.0], [77.690138, 12.982209, 0.0], [77.690336, 12.98281, 0.0], [77.690337, 12.983117, 0.0], [77.6901, 12.983561, 0.0], [77.689084, 12.983912, 0.0], [77.688942, 12.984074, 0.0], [77.689769, 12.985713, 0.0], [77.689842, 12.986093, 0.0], [77.690793, 12.98677, 0.0]]}}, {"type": "Feature", "properties": {"length_m": 181.64, "valley": "Koramangala Challaghatta Valley", "subvalley": "KC_2", "ward_name": "43 - Dodda Nekkundi", "Corporation": "East"}, "geometry": {"type": "LineString", "coordinates": [[77.69663, 12.975711, 0.0], [77.697195, 12.974925, 0.0], [77.697885, 12.97487, 0.0]]}}, {"type": "Feature", "properties": {"length_m": 413.61, "valley": "Koramangala Challaghatta Valley", "subvalley": "KC_2", "ward_name": "22 - Mahadevapura,35 - Garudachar Palya,36 - Bharath Aikya Ward", "Corporation": "East"}, "geometry": {"type": "LineString", "coordinates": [[77.698179, 12.986371, 0.0], [77.697028, 12.986796, 0.0], [77.696561, 12.986583, 0.0], [77.694601, 12.98722, 0.0]]}}, {"type": "Feature", "properties": {"length_m": 407.21, "valley": "Koramangala Challaghatta Valley", "subvalley": "KC_2", "ward_name": "22 - Mahadevapura,35 - Garudachar Palya", "Corporation": "East"}, "geometry": {"type": "LineString", "coordinates": [[77.696405, 12.990556, 0.0], [77.69541, 12.990434, 0.0], [77.694601, 12.988312, 0.0], [77.694165, 12.988342, 0.0]]}}, {"type": "Feature", "properties": {"Drain num": "K100", "length_m": 3204.75, "valley": "Koramangala Challaghatta Valley", "subvalley": "KC_1", "ward_name": "45 - K.R Market,58 - Chickpete,34 - D.V Gundappa Ward,33 - Dharmaraya Swamy Temple Ward,32 - SilverJubilee Park Ward,57 - Cottonpete", "Corporation": "Central"}, "geometry": {"type": "LineString", "coordinates": [[77.591462, 12.957645, 0.0], [77.591339, 12.957645, 0.0], [77.590644, 12.958004, 0.0], [77.58999, 12.958163, 0.0], [77.588477, 12.958841, 0.0], [77.584552, 12.959737, 0.0], [77.584184, 12.960016, 0.0], [77.583918, 12.960355, 0.0], [77.58214, 12.96145, 0.0], [77.581568, 12.962008, 0.0], [77.580382, 12.962805, 0.0], [77.579196, 12.963323, 0.0], [77.578501, 12.96418, 0.0], [77.577786, 12.964359, 0.0], [77.577254, 12.964698, 0.0], [77.576886, 12.965116, 0.0], [77.576763, 12.965734, 0.0], [77.57662, 12.965993, 0.0], [77.576416, 12.966212, 0.0], [77.575373, 12.966869, 0.0], [77.575087, 12.967487, 0.0], [77.574719, 12.967885, 0.0], [77.574597, 12.968303, 0.0], [77.574433, 12.968523, 0.0], [77.573554, 12.96904, 0.0], [77.572246, 12.969479, 0.0], [77.572164, 12.969718, 0.0], [77.572225, 12.970614, 0.0], [77.572123, 12.970833, 0.0], [77.572103, 12.971212, 0.0], [77.57243, 12.972128, 0.0], [77.57245, 12.972547, 0.0], [77.572062, 12.973025, 0.0], [77.571878, 12.973602, 0.0], [77.571775, 12.97424, 0.0]]}}, {"type": "Feature", "properties": {"Drain num": "K100", "length_m": 1477.79, "valley": "Koramangala Challaghatta Valley", "subvalley": "KC_1", "ward_name": "24 - Agaram", "Corporation": "Central"}, "geometry": {"type": "LineString", "coordinates": [[77.644229, 12.928239, 0.0], [77.644413, 12.928418, 0.0], [77.644413, 12.928498, 0.0], [77.644863, 12.928856, 0.0], [77.645435, 12.929135, 0.0], [77.645885, 12.929135, 0.0], [77.646294, 12.928577, 0.0], [77.646785, 12.928259, 0.0], [77.647725, 12.92794, 0.0], [77.648134, 12.927541, 0.0], [77.648461, 12.927382, 0.0], [77.649197, 12.927382, 0.0], [77.649442, 12.927462, 0.0], [77.64981, 12.92782, 0.0], [77.650342, 12.928099, 0.0], [77.650382, 12.928179, 0.0], [77.651118, 12.928498, 0.0], [77.651405, 12.928936, 0.0], [77.652059, 12.929334, 0.0], [77.652876, 12.929613, 0.0], [77.653653, 12.929773, 0.0], [77.655673, 12.930359, 0.0]]}}, {"type": "Feature", "properties": {"Drain num": "K100", "length_m": 262.18, "valley": "Koramangala Challaghatta Valley", "subvalley": "KC_1", "ward_name": "27 - Ambedkarnagar,25 - National Games Village,27 - Sri Lakshmi Devi Ward,30 - Vinayakanagar,31 - Shanthinagar,26 - Ejipura,26 - Vannarpet,24 - A Adugodi,24 - Agaram,28 - Kormangala East,35 - Hombegowda Nagara,32 - SilverJubilee Park Ward", "Corporation": "Central"}, "geometry": {"type": "LineString", "coordinates": [[77.644122, 12.928418, 0.0], [77.643222, 12.928856, 0.0], [77.642548, 12.929075, 0.0], [77.642262, 12.929155, 0.0], [77.641889, 12.929095, 0.0]]}}, {"type": "Feature", "properties": {"Drain num": "K100", "length_m": 233.68, "valley": "Koramangala Challaghatta Valley", "subvalley": "KC_1", "ward_name": "27 - Ambedkarnagar,25 - National Games Village,27 - Sri Lakshmi Devi Ward,30 - Vinayakanagar,31 - Shanthinagar,26 - Ejipura,26 - Vannarpet,24 - A Adugodi,24 - Agaram,28 - Kormangala East,35 - Hombegowda Nagara,32 - SilverJubilee Park Ward", "Corporation": "South"}, "geometry": {"type": "LineString", "coordinates": [[77.641889, 12.929095, 0.0], [77.641035, 12.929056, 0.0], [77.640095, 12.929434, 0.0], [77.6399, 12.929584, 0.0]]}}, {"type": "Feature", "properties": {"Drain num": "K100", "length_m": 54.09, "valley": "Koramangala Challaghatta Valley", "subvalley": "KC_1", "ward_name": "27 - Ambedkarnagar,25 - National Games Village,27 - Sri Lakshmi Devi Ward,30 - Vinayakanagar,31 - Shanthinagar,26 - Ejipura,26 - Vannarpet,24 - A Adugodi,24 - Agaram,28 - Kormangala East,35 - Hombegowda Nagara,32 - SilverJubilee Park Ward", "Corporation": "Central"}, "geometry": {"type": "LineString", "coordinates": [[77.6399, 12.929584, 0.0], [77.639566, 12.92993, 0.0]]}}, {"type": "Feature", "properties": {"Drain num": "K100", "length_m": 3770.14, "valley": "Koramangala Challaghatta Valley", "subvalley": "KC_1", "ward_name": "27 - Ambedkarnagar,25 - National Games Village,27 - Sri Lakshmi Devi Ward,30 - Vinayakanagar,31 - Shanthinagar,26 - Ejipura,26 - Vannarpet,24 - A Adugodi,24 - Agaram,28 - Kormangala East,35 - Hombegowda Nagara,32 - SilverJubilee Park Ward", "Corporation": "South"}, "geometry": {"type": "LineString", "coordinates": [[77.639566, 12.92993, 0.0], [77.639236, 12.930072, 0.0], [77.638418, 12.930151, 0.0], [77.638255, 12.929952, 0.0], [77.637928, 12.929215, 0.0], [77.637396, 12.928637, 0.0], [77.637049, 12.928498, 0.0], [77.636783, 12.928498, 0.0], [77.636272, 12.928657, 0.0], [77.635843, 12.928936, 0.0], [77.635536, 12.929235, 0.0], [77.635229, 12.929713, 0.0], [77.634718, 12.929972, 0.0], [77.63388, 12.930829, 0.0], [77.633451, 12.931068, 0.0], [77.633124, 12.931486, 0.0], [77.633124, 12.931805, 0.0], [77.633042, 12.931925, 0.0], [77.632183, 12.932443, 0.0], [77.631141, 12.933479, 0.0], [77.630446, 12.934415, 0.0], [77.630016, 12.934754, 0.0], [77.629853, 12.935093, 0.0], [77.629812, 12.93565, 0.0], [77.629649, 12.936129, 0.0], [77.629076, 12.937204, 0.0], [77.628524, 12.938061, 0.0], [77.628422, 12.938898, 0.0], [77.628156, 12.939057, 0.0], [77.627788, 12.939436, 0.0], [77.627563, 12.940014, 0.0], [77.627114, 12.940591, 0.0], [77.627032, 12.940791, 0.0], [77.626991, 12.941608, 0.0], [77.626337, 12.942086, 0.0], [77.626337, 12.942484, 0.0], [77.62601, 12.94362, 0.0], [77.625867, 12.944676, 0.0], [77.625478, 12.945034, 0.0], [77.624497, 12.945572, 0.0], [77.624129, 12.945951, 0.0], [77.623822, 12.947007, 0.0], [77.623046, 12.948242, 0.0], [77.622821, 12.948441, 0.0], [77.62186, 12.949696, 0.0], [77.62186, 12.950075, 0.0], [77.621962, 12.950274, 0.0], [77.622228, 12.950513, 0.0], [77.622248, 12.950792, 0.0], [77.621901, 12.95139, 0.0], [77.621488, 12.951641, 0.0]]}}, {"type": "Feature", "properties": {"Drain num": "K100", "length_m": 1898.42, "valley": "Koramangala Challaghatta Valley", "subvalley": "KC_1", "ward_name": "27 - Ambedkarnagar,25 - National Games Village,27 - Sri Lakshmi Devi Ward,30 - Vinayakanagar,31 - Shanthinagar,26 - Ejipura,26 - Vannarpet,24 - A Adugodi,24 - Agaram,28 - Kormangala East,35 - Hombegowda Nagara,32 - SilverJubilee Park Ward", "Corporation": "Central"}, "geometry": {"type": "LineString", "coordinates": [[77.621488, 12.951641, 0.0], [77.620817, 12.952007, 0.0], [77.620122, 12.952246, 0.0], [77.618793, 12.952187, 0.0], [77.618426, 12.951888, 0.0], [77.617996, 12.950912, 0.0], [77.617771, 12.950633, 0.0], [77.615932, 12.950593, 0.0], [77.615236, 12.950513, 0.0], [77.614092, 12.950095, 0.0], [77.61309, 12.949915, 0.0], [77.611741, 12.949856, 0.0], [77.611434, 12.949756, 0.0], [77.611189, 12.949457, 0.0], [77.611005, 12.949457, 0.0], [77.610657, 12.949318, 0.0], [77.610044, 12.949298, 0.0], [77.605716, 12.950035, 0.0]]}}, {"type": "Feature", "properties": {"Drain num": "K100", "length_m": 0.0, "valley": "Koramangala Challaghatta Valley", "subvalley": "KC_1", "ward_name": "27 - Ambedkarnagar,25 - National Games Village,27 - Sri Lakshmi Devi Ward,30 - Vinayakanagar,31 - Shanthinagar,26 - Ejipura,26 - Vannarpet,24 - A Adugodi,24 - Agaram,28 - Kormangala East,35 - Hombegowda Nagara,32 - SilverJubilee Park Ward", "Corporation": "South"}, "geometry": {"type": "LineString", "coordinates": [[77.605716, 12.950035, 0.0], [77.605716, 12.950035, 0.0]]}}, {"type": "Feature", "properties": {"Drain num": "K100", "length_m": 257.87, "valley": "Koramangala Challaghatta Valley", "subvalley": "KC_1", "ward_name": "27 - Ambedkarnagar,25 - National Games Village,27 - Sri Lakshmi Devi Ward,30 - Vinayakanagar,31 - Shanthinagar,26 - Ejipura,26 - Vannarpet,24 - A Adugodi,24 - Agaram,28 - Kormangala East,35 - Hombegowda Nagara,32 - SilverJubilee Park Ward", "Corporation": "South"}, "geometry": {"type": "LineString", "coordinates": [[77.605716, 12.950035, 0.0], [77.603768, 12.950334, 0.0], [77.603394, 12.950334, 0.0]]}}, {"type": "Feature", "properties": {"Drain num": "K100", "length_m": 1708.03, "valley": "Koramangala Challaghatta Valley", "subvalley": "KC_1", "ward_name": "27 - Ambedkarnagar,25 - National Games Village,27 - Sri Lakshmi Devi Ward,30 - Vinayakanagar,31 - Shanthinagar,26 - Ejipura,26 - Vannarpet,24 - A Adugodi,24 - Agaram,28 - Kormangala East,35 - Hombegowda Nagara,32 - SilverJubilee Park Ward", "Corporation": "Central"}, "geometry": {"type": "LineString", "coordinates": [[77.603394, 12.950334, 0.0], [77.602603, 12.950214, 0.0], [77.601969, 12.950015, 0.0], [77.601192, 12.949955, 0.0], [77.600722, 12.949836, 0.0], [77.600109, 12.949836, 0.0], [77.599066, 12.950314, 0.0], [77.598658, 12.950772, 0.0], [77.598106, 12.951589, 0.0], [77.597554, 12.951928, 0.0], [77.596961, 12.952485, 0.0], [77.596429, 12.953243, 0.0], [77.595203, 12.954119, 0.0], [77.59367, 12.954896, 0.0], [77.59324, 12.955454, 0.0], [77.592668, 12.955912, 0.0], [77.591932, 12.957127, 0.0], [77.591462, 12.957625, 0.0]]}}, {"type": "Feature", "properties": {"Drain num": "K200", "length_m": 1427.1, "valley": "Koramangala Challaghatta Valley", "subvalley": "KC_1", "ward_name": "10 - Abdul Kalam Nagar,9 - N.A.L Layout,18 - Viswamanava Kuvempu Ward,22 - S.G Palya,19 - New Tavarekere,21 - Chikka Adugodi,29 - Kormangala West,20 - Madiwala,61 - Kodi Chikkanahalli,30 - Jakkasandra,36 - Someshwara Nagara,37 - BHEL Ward,11 - Jayanagar East", "Corporation": "Central"}, "geometry": {"type": "LineString", "coordinates": [[77.592974, 12.939018, 0.0], [77.593097, 12.93846, 0.0], [77.593261, 12.938181, 0.0], [77.593956, 12.937981, 0.0], [77.594651, 12.937543, 0.0], [77.595346, 12.937224, 0.0], [77.596981, 12.936866, 0.0], [77.597186, 12.936667, 0.0], [77.597554, 12.936507, 0.0], [77.597922, 12.936228, 0.0], [77.598126, 12.93583, 0.0], [77.598208, 12.935192, 0.0], [77.598453, 12.934714, 0.0], [77.598862, 12.934515, 0.0], [77.599107, 12.934475, 0.0], [77.599393, 12.933797, 0.0], [77.599475, 12.933758, 0.0], [77.59968, 12.933359, 0.0], [77.59968, 12.932522, 0.0], [77.599516, 12.932004, 0.0], [77.599516, 12.931646, 0.0], [77.599598, 12.931486, 0.0], [77.600685, 12.930937, 0.0]]}}, {"type": "Feature", "properties": {"Drain num": "K200", "length_m": 1277.19, "valley": "Koramangala Challaghatta Valley", "subvalley": "KC_1", "ward_name": "10 - Abdul Kalam Nagar,9 - N.A.L Layout,18 - Viswamanava Kuvempu Ward,22 - S.G Palya,19 - New Tavarekere,21 - Chikka Adugodi,29 - Kormangala West,20 - Madiwala,61 - Kodi Chikkanahalli,30 - Jakkasandra,36 - Someshwara Nagara,37 - BHEL Ward,11 - Jayanagar East", "Corporation": "South"}, "geometry": {"type": "LineString", "coordinates": [[77.600685, 12.930937, 0.0], [77.601479, 12.93053, 0.0], [77.601847, 12.93045, 0.0], [77.60201, 12.929892, 0.0], [77.602215, 12.929733, 0.0], [77.603523, 12.929175, 0.0], [77.604013, 12.928737, 0.0], [77.604709, 12.928259, 0.0], [77.604831, 12.928019, 0.0], [77.604831, 12.927621, 0.0], [77.604668, 12.927103, 0.0], [77.604709, 12.926147, 0.0], [77.604954, 12.925987, 0.0], [77.60614, 12.925629, 0.0], [77.606835, 12.925549, 0.0], [77.607243, 12.92535, 0.0], [77.607284, 12.924832, 0.0], [77.607366, 12.924792, 0.0], [77.608388, 12.924792, 0.0]]}}, {"type": "Feature", "properties": {"Drain num": "K200", "length_m": 740.79, "valley": "Koramangala Challaghatta Valley", "subvalley": "KC_1", "ward_name": "61 - Kodi Chikkanahalli,72 - HSR Layout", "Corporation": "South"}, "geometry": {"type": "LineString", "coordinates": [[77.645348, 12.915107, 0.0], [77.644687, 12.915129, 0.0], [77.641771, 12.915588, 0.0], [77.638585, 12.915715, 0.0]]}}, {"type": "Feature", "properties": {"Drain num": "K200", "length_m": 987.8, "valley": "Koramangala Challaghatta Valley", "subvalley": "KC_1", "ward_name": "72 - HSR Layout", "Corporation": "South"}, "geometry": {"type": "LineString", "coordinates": [[77.63226, 12.916261, 0.0], [77.630961, 12.916405, 0.0], [77.628481, 12.91654, 0.0], [77.625546, 12.917348, 0.0], [77.624827, 12.917386, 0.0], [77.623318, 12.917117, 0.0]]}}, {"type": "Feature", "properties": {"Drain num": "K200", "length_m": 972.65, "valley": "Koramangala Challaghatta Valley", "subvalley": "KC_1", "ward_name": "24 - Agaram,28 - Kormangala East,72 - HSR Layout,30 - Jakkasandra", "Corporation": "South"}, "geometry": {"type": "LineString", "coordinates": [[77.638582, 12.91571, 0.0], [77.638582, 12.917559, 0.0], [77.638889, 12.920069, 0.0], [77.639379, 12.921544, 0.0], [77.639604, 12.9225, 0.0], [77.640054, 12.923238, 0.0], [77.640033, 12.923317, 0.0], [77.639706, 12.923536, 0.0], [77.639645, 12.923928, 0.0]]}}, {"type": "Feature", "properties": {"Drain num": "K200", "length_m": 290.54, "valley": "Koramangala Challaghatta Valley", "subvalley": "KC_1", "ward_name": "24 - Agaram,28 - Kormangala East,72 - HSR Layout,30 - Jakkasandra", "Corporation": "Central"}, "geometry": {"type": "LineString", "coordinates": [[77.639645, 12.923928, 0.0], [77.639849, 12.925788, 0.0], [77.639911, 12.925907, 0.0], [77.640502, 12.925946, 0.0]]}}, {"type": "Feature", "properties": {"Drain num": "K200", "length_m": 77.31, "valley": "Koramangala Challaghatta Valley", "subvalley": "KC_1", "ward_name": "24 - Agaram,28 - Kormangala East,72 - HSR Layout,30 - Jakkasandra", "Corporation": "South"}, "geometry": {"type": "LineString", "coordinates": [[77.640502, 12.925946, 0.0], [77.641187, 12.926047, 0.0]]}}, {"type": "Feature", "properties": {"Drain num": "K200", "length_m": 501.69, "valley": "Koramangala Challaghatta Valley", "subvalley": "KC_1", "ward_name": "24 - Agaram,28 - Kormangala East,72 - HSR Layout,30 - Jakkasandra", "Corporation": "Central"}, "geometry": {"type": "LineString", "coordinates": [[77.641187, 12.926047, 0.0], [77.641648, 12.926087, 0.0], [77.64173, 12.926186, 0.0], [77.64173, 12.927103, 0.0], [77.641935, 12.927701, 0.0], [77.642936, 12.928139, 0.0], [77.644229, 12.928239, 0.0]]}}, {"type": "Feature", "properties": {"Drain num": "K100", "length_m": 1477.79, "valley": "Koramangala Challaghatta Valley", "subvalley": "KC_1", "ward_name": "24 - Agaram", "Corporation": "Central"}, "geometry": {"type": "LineString", "coordinates": [[77.644229, 12.928239, 0.0], [77.644413, 12.928418, 0.0], [77.644413, 12.928498, 0.0], [77.644863, 12.928856, 0.0], [77.645435, 12.929135, 0.0], [77.645885, 12.929135, 0.0], [77.646294, 12.928577, 0.0], [77.646785, 12.928259, 0.0], [77.647725, 12.92794, 0.0], [77.648134, 12.927541, 0.0], [77.648461, 12.927382, 0.0], [77.649197, 12.927382, 0.0], [77.649442, 12.927462, 0.0], [77.64981, 12.92782, 0.0], [77.650342, 12.928099, 0.0], [77.650382, 12.928179, 0.0], [77.651118, 12.928498, 0.0], [77.651405, 12.928936, 0.0], [77.652059, 12.929334, 0.0], [77.652876, 12.929613, 0.0], [77.653653, 12.929773, 0.0], [77.655673, 12.930359, 0.0]]}}, {"type": "Feature", "properties": {"Drain num": "BH814", "length_m": 3526.33, "valley": "Suvarnamukhi Valley", "subvalley": "SV_1", "ward_name": "52 - Talagattapura,44 - Harinagar,40 - Anjanapura,45 - Konanakunte", "Corporation": "South"}, "geometry": {"type": "LineString", "coordinates": [[77.571944, 12.878719, 0.0], [77.571415, 12.879462, 0.0], [77.56989, 12.878689, 0.0], [77.567836, 12.880479, 0.0], [77.565534, 12.880509, 0.0], [77.563682, 12.881116, 0.0], [77.56169, 12.880843, 0.0], [77.561644, 12.880448, 0.0], [77.560072, 12.880464, 0.0], [77.559792, 12.87972, 0.0], [77.559777, 12.879114, 0.0], [77.55819, 12.878916, 0.0], [77.558018, 12.879159, 0.0], [77.557443, 12.878294, 0.0], [77.555918, 12.877794, 0.0], [77.554611, 12.877187, 0.0], [77.553133, 12.877233, 0.0], [77.551499, 12.876687, 0.0], [77.55097, 12.875139, 0.0], [77.550939, 12.872773, 0.0], [77.550394, 12.871742, 0.0], [77.549818, 12.871135, 0.0], [77.550596, 12.869224, 0.0]]}}, {"type": "Feature", "properties": {"Drain num": "BH861", "length_m": 2698.17, "valley": "Suvarnamukhi Valley", "subvalley": "SV_1", "ward_name": "52 - Talagattapura,40 - Anjanapura", "Corporation": "South"}, "geometry": {"type": "LineString", "coordinates": [[77.550596, 12.869224, 0.0], [77.550573, 12.867745, 0.0], [77.549997, 12.867176, 0.0], [77.548333, 12.866691, 0.0], [77.548286, 12.865962, 0.0], [77.547959, 12.864931, 0.0], [77.548504, 12.8644, 0.0], [77.548364, 12.864066, 0.0], [77.54799, 12.86349, 0.0], [77.546699, 12.862625, 0.0], [77.546014, 12.860911, 0.0], [77.545283, 12.859485, 0.0], [77.545236, 12.858954, 0.0], [77.545392, 12.858727, 0.0], [77.545734, 12.858803, 0.0], [77.546341, 12.858135, 0.0], [77.546294, 12.857301, 0.0], [77.545936, 12.856512, 0.0], [77.546481, 12.855177, 0.0], [77.545936, 12.85413, 0.0], [77.545952, 12.852993, 0.0], [77.54547, 12.852249, 0.0], [77.545298, 12.85146, 0.0], [77.545438, 12.850459, 0.0], [77.545796, 12.849883, 0.0], [77.54544, 12.849012, 0.0]]}}, {"type": "Feature", "properties": {"Drain num": "BH851", "length_m": 2008.06, "valley": "Suvarnamukhi Valley", "subvalley": "SV_1", "ward_name": "40 - Anjanapura", "Corporation": "South"}, "geometry": {"type": "LineString", "coordinates": [[77.564374, 12.8622, 0.0], [77.564219, 12.862822, 0.0], [77.561185, 12.864142, 0.0], [77.561045, 12.864415, 0.0], [77.559831, 12.864961, 0.0], [77.557139, 12.865674, 0.0], [77.555941, 12.866599, 0.0], [77.555537, 12.867297, 0.0], [77.556035, 12.86798, 0.0], [77.55605, 12.868617, 0.0], [77.55549, 12.869163, 0.0], [77.553732, 12.869542, 0.0], [77.552954, 12.868647, 0.0], [77.552596, 12.868632, 0.0], [77.550596, 12.869224, 0.0]]}}, {"type": "Feature", "properties": {"Drain num": "BH843", "length_m": 986.62, "valley": "Suvarnamukhi Valley", "subvalley": "SV_1", "ward_name": "44 - Harinagar,41 - Kothanur", "Corporation": "South"}, "geometry": {"type": "LineString", "coordinates": [[77.573212, 12.872106, 0.0], [77.573212, 12.871135, 0.0], [77.571158, 12.870437, 0.0], [77.571003, 12.869982, 0.0], [77.570256, 12.869648, 0.0], [77.569478, 12.86983, 0.0], [77.5687, 12.869527, 0.0], [77.567144, 12.867039, 0.0]]}}, {"type": "Feature", "properties": {"Drain num": "BH841", "length_m": 1732.01, "valley": "Suvarnamukhi Valley", "subvalley": "SV_1", "ward_name": "41 - Kothanur,40 - Anjanapura", "Corporation": "South"}, "geometry": {"type": "LineString", "coordinates": [[77.567175, 12.863763, 0.0], [77.566895, 12.862428, 0.0], [77.567891, 12.862519, 0.0], [77.5673, 12.861305, 0.0], [77.570412, 12.859242, 0.0], [77.57091, 12.860213, 0.0], [77.576386, 12.858727, 0.0], [77.57648, 12.857119, 0.0]]}}, {"type": "Feature", "properties": {"Drain num": "BH911", "length_m": 2185.98, "valley": "Suvarnamukhi Valley", "subvalley": "SV_1", "ward_name": "40 - Anjanapura", "Corporation": "South"}, "geometry": {"type": "LineString", "coordinates": [[77.573088, 12.855784, 0.0], [77.570318, 12.856269, 0.0], [77.569914, 12.854934, 0.0], [77.569198, 12.854752, 0.0], [77.568264, 12.850323, 0.0], [77.567486, 12.84829, 0.0], [77.565775, 12.845408, 0.0], [77.565121, 12.843193, 0.0], [77.564193, 12.840829, 0.0]]}}, {"type": "Feature", "properties": {"Drain num": "V200", "length_m": 672.89, "valley": "Vrishabhavati Valley", "subvalley": "VV_1", "ward_name": "21 - Mylasandra,23 - Rajarajeshwari Nagara", "Corporation": "West"}, "geometry": {"type": "LineString", "coordinates": [[77.510081, 12.93264, 0.0], [77.510427, 12.932423, 0.0], [77.511122, 12.932423, 0.0], [77.512124, 12.9331, 0.0], [77.512962, 12.933459, 0.0], [77.513289, 12.933499, 0.0], [77.513882, 12.933738, 0.0], [77.513984, 12.933817, 0.0], [77.514148, 12.934216, 0.0], [77.514148, 12.934973, 0.0], [77.514015, 12.935461, 0.0]]}}, {"type": "Feature", "properties": {"Drain num": "V200", "length_m": 5216.66, "valley": "Vrishabhavati Valley", "subvalley": "VV_1", "ward_name": "24 - Jnana Bharathi Ward,23 - Rajarajeshwari Nagara,79 - Nagarbhavi,34 - Peenya,33 - Lakshmi Devi Nagar,35 - Goraguntepalya,30 - Kempegowda Layout,42 - Raja Mayura Varma Ward,39 - Jai Maruthi Nagar,25 - Vinayaka Layout,29 - Chowdeshwari Nagar,28 - Kottegepalya,76 - Moodalapalya,31 - Freedom Fighter Ward,78 - Anubhava Nagara,74 - Pattegar Palya,72 - Kaveripura,44 - Shankar Mutt,46 - Kamalanagara,47 - Vrishabhavathi Nagar", "Corporation": "West"}, "geometry": {"type": "LineString", "coordinates": [[77.52604, 12.998683, 0.0], [77.52625, 12.997958, 0.0], [77.526227, 12.997815, 0.0], [77.526017, 12.997726, 0.0], [77.525343, 12.997885, 0.0], [77.525109, 12.997775, 0.0], [77.524931, 12.997388, 0.0], [77.524873, 12.996927, 0.0], [77.524782, 12.996741, 0.0], [77.524128, 12.995923, 0.0], [77.523607, 12.995435, 0.0], [77.523483, 12.994954, 0.0], [77.523043, 12.993931, 0.0], [77.522937, 12.993016, 0.0], [77.522237, 12.992254, 0.0], [77.521816, 12.992118, 0.0], [77.520941, 12.990428, 0.0], [77.520081, 12.987863, 0.0], [77.520171, 12.987423, 0.0], [77.520361, 12.987053, 0.0], [77.519844, 12.986187, 0.0], [77.519715, 12.985296, 0.0], [77.519005, 12.983664, 0.0], [77.51836, 12.982398, 0.0], [77.518338, 12.982127, 0.0], [77.518931, 12.980542, 0.0], [77.519419, 12.979862, 0.0], [77.519603, 12.979462, 0.0], [77.519531, 12.979233, 0.0], [77.518985, 12.978504, 0.0], [77.518701, 12.977407, 0.0], [77.518537, 12.976561, 0.0], [77.518654, 12.97599, 0.0], [77.518609, 12.975605, 0.0], [77.518032, 12.975224, 0.0], [77.517794, 12.974927, 0.0], [77.517514, 12.974059, 0.0], [77.517378, 12.973362, 0.0], [77.517467, 12.973186, 0.0], [77.517826, 12.973065, 0.0], [77.51819, 12.97276, 0.0], [77.517971, 12.972273, 0.0], [77.517955, 12.972082, 0.0], [77.518031, 12.971787, 0.0], [77.518432, 12.970986, 0.0], [77.518407, 12.970739, 0.0], [77.518224, 12.97035, 0.0], [77.517464, 12.969196, 0.0], [77.517473, 12.968341, 0.0], [77.51804, 12.967657, 0.0], [77.518083, 12.967456, 0.0], [77.518039, 12.967139, 0.0], [77.517483, 12.966563, 0.0], [77.517448, 12.966154, 0.0], [77.517523, 12.965924, 0.0], [77.518342, 12.965496, 0.0], [77.518385, 12.965145, 0.0], [77.518124, 12.964344, 0.0], [77.517559, 12.963836, 0.0], [77.517458, 12.963649, 0.0], [77.517469, 12.96311, 0.0], [77.517649, 12.962488, 0.0], [77.517626, 12.962097, 0.0], [77.517415, 12.96195, 0.0], [77.516237, 12.961953, 0.0], [77.515955, 12.96185, 0.0], [77.515871, 12.961678, 0.0], [77.515851, 12.960773, 0.0], [77.515733, 12.960336, 0.0], [77.515279, 12.959632, 0.0]]}}, {"type": "Feature", "properties": {"Drain num": "V200", "length_m": 2946.92, "valley": "Vrishabhavati Valley", "subvalley": "VV_1", "ward_name": "24 - Jnana Bharathi Ward,23 - Rajarajeshwari Nagara,79 - Nagarbhavi,34 - Peenya,33 - Lakshmi Devi Nagar,35 - Goraguntepalya,30 - Kempegowda Layout,42 - Raja Mayura Varma Ward,39 - Jai Maruthi Nagar,25 - Vinayaka Layout,29 - Chowdeshwari Nagar,28 - Kottegepalya,76 - Moodalapalya,31 - Freedom Fighter Ward,78 - Anubhava Nagara,74 - Pattegar Palya,72 - Kaveripura,44 - Shankar Mutt,46 - Kamalanagara,47 - Vrishabhavathi Nagar", "Corporation": "West"}, "geometry": {"type": "LineString", "coordinates": [[77.514015, 12.935461, 0.0], [77.51379, 12.936019, 0.0], [77.512809, 12.937314, 0.0], [77.512788, 12.938589, 0.0], [77.513013, 12.938709, 0.0], [77.513749, 12.938808, 0.0], [77.513974, 12.938968, 0.0], [77.514219, 12.939526, 0.0], [77.514444, 12.939665, 0.0], [77.514587, 12.939944, 0.0], [77.514567, 12.94096, 0.0], [77.514792, 12.941378, 0.0], [77.514689, 12.941916, 0.0], [77.514873, 12.942096, 0.0], [77.515425, 12.942275, 0.0], [77.515773, 12.942614, 0.0], [77.515875, 12.942873, 0.0], [77.515936, 12.94355, 0.0], [77.516223, 12.944088, 0.0], [77.516427, 12.944227, 0.0], [77.516713, 12.944208, 0.0], [77.516918, 12.944287, 0.0], [77.517102, 12.944546, 0.0], [77.516938, 12.944865, 0.0], [77.516264, 12.945582, 0.0], [77.51563, 12.9461, 0.0], [77.51518, 12.946658, 0.0], [77.514138, 12.947037, 0.0], [77.513095, 12.947594, 0.0], [77.512972, 12.947873, 0.0], [77.512931, 12.948451, 0.0], [77.511051, 12.950284, 0.0], [77.51101, 12.950623, 0.0], [77.511439, 12.951519, 0.0], [77.51148, 12.951778, 0.0], [77.51148, 12.951958, 0.0], [77.511112, 12.952535, 0.0], [77.511071, 12.952974, 0.0], [77.511214, 12.953372, 0.0], [77.511766, 12.954288, 0.0], [77.511991, 12.954806, 0.0], [77.511997, 12.955266, 0.0]]}}, {"type": "Feature", "properties": {"Drain num": "V300", "length_m": 1263.24, "valley": "Vrishabhavati Valley", "subvalley": "VV_1", "ward_name": "22 - Bangarappa Nagara,94 - Deepanjali Nagara,112 - Hosakerehalli,95 - Swamy Vivekananda Ward,97 - Srinivasa Nagara", "Corporation": "West"}, "geometry": {"type": "LineString", "coordinates": [[77.555514, 12.93694, 0.0], [77.555538, 12.936173, 0.0], [77.55545, 12.935787, 0.0], [77.555586, 12.935545, 0.0], [77.555511, 12.935345, 0.0], [77.555415, 12.935271, 0.0], [77.555032, 12.93527, 0.0], [77.554855, 12.934644, 0.0], [77.553965, 12.933696, 0.0], [77.553129, 12.933437, 0.0], [77.553063, 12.93326, 0.0], [77.552898, 12.933214, 0.0], [77.552495, 12.933414, 0.0], [77.551941, 12.933867, 0.0], [77.551607, 12.934398, 0.0], [77.551019, 12.934814, 0.0], [77.550563, 12.934856, 0.0], [77.550023, 12.935016, 0.0], [77.549756, 12.935014, 0.0], [77.548877, 12.934478, 0.0], [77.548171, 12.934292, 0.0], [77.547689, 12.934027, 0.0]]}}, {"type": "Feature", "properties": {"Drain num": "V100", "length_m": 28.33, "valley": "Vrishabhavati Valley", "subvalley": "VV_1", "ward_name": "22 - Bangarappa Nagara,94 - Deepanjali Nagara,91 - Gali Anjaneya Temple Ward,51 - Old Guddadahalli,86 - Vidyaranyanagara,87 - K.P Agrahara,88 - Sangolli Rayanna Ward,85 - Adi Chunchanagiri Ward,63 - Okalipuram,61 - Dattatreya Ward,60 - Seshadripuram,52 - Kodandarampura,59 - Nehru Nagar,62 - Swatantra Palya Ward,56 - Gopalpura,61 - Da.Ra. Bendre Ward,93 - Avalahalli,89 - Bapuji Nagara", "Corporation": "West"}, "geometry": {"type": "LineString", "coordinates": [[77.541248, 12.952991, 0.0], [77.541378, 12.953198, 0.0]]}}, {"type": "Feature", "properties": {"Drain num": "V100", "length_m": 402.78, "valley": "Vrishabhavati Valley", "subvalley": "VV_1", "ward_name": "22 - Bangarappa Nagara,94 - Deepanjali Nagara,91 - Gali Anjaneya Temple Ward,51 - Old Guddadahalli,86 - Vidyaranyanagara,87 - K.P Agrahara,88 - Sangolli Rayanna Ward,85 - Adi Chunchanagiri Ward,63 - Okalipuram,61 - Dattatreya Ward,60 - Seshadripuram,52 - Kodandarampura,59 - Nehru Nagar,62 - Swatantra Palya Ward,56 - Gopalpura,61 - Da.Ra. Bendre Ward,93 - Avalahalli,89 - Bapuji Nagara", "Corporation": "West"}, "geometry": {"type": "LineString", "coordinates": [[77.544052, 12.95898, 0.0], [77.544373, 12.959399, 0.0], [77.544476, 12.95978, 0.0], [77.544351, 12.960907, 0.0], [77.544679, 12.961549, 0.0], [77.545183, 12.962221, 0.0]]}}, {"type": "Feature", "properties": {"Drain num": "V100", "length_m": 3.67, "valley": "Vrishabhavati Valley", "subvalley": "VV_1", "ward_name": "22 - Bangarappa Nagara,94 - Deepanjali Nagara,91 - Gali Anjaneya Temple Ward,51 - Old Guddadahalli,86 - Vidyaranyanagara,87 - K.P Agrahara,88 - Sangolli Rayanna Ward,85 - Adi Chunchanagiri Ward,63 - Okalipuram,61 - Dattatreya Ward,60 - Seshadripuram,52 - Kodandarampura,59 - Nehru Nagar,62 - Swatantra Palya Ward,56 - Gopalpura,61 - Da.Ra. Bendre Ward,93 - Avalahalli,89 - Bapuji Nagara", "Corporation": "Central"}, "geometry": {"type": "LineString", "coordinates": [[77.545183, 12.962221, 0.0], [77.545188, 12.962254, 0.0]]}}, {"type": "Feature", "properties": {"Drain num": "V100", "length_m": 61.59, "valley": "Vrishabhavati Valley", "subvalley": "VV_1", "ward_name": "22 - Bangarappa Nagara,94 - Deepanjali Nagara,91 - Gali Anjaneya Temple Ward,51 - Old Guddadahalli,86 - Vidyaranyanagara,87 - K.P Agrahara,88 - Sangolli Rayanna Ward,85 - Adi Chunchanagiri Ward,63 - Okalipuram,61 - Dattatreya Ward,60 - Seshadripuram,52 - Kodandarampura,59 - Nehru Nagar,62 - Swatantra Palya Ward,56 - Gopalpura,61 - Da.Ra. Bendre Ward,93 - Avalahalli,89 - Bapuji Nagara", "Corporation": "West"}, "geometry": {"type": "LineString", "coordinates": [[77.545188, 12.962254, 0.0], [77.545451, 12.962737, 0.0]]}}, {"type": "Feature", "properties": {"Drain num": "V100", "length_m": 206.13, "valley": "Vrishabhavati Valley", "subvalley": "VV_1", "ward_name": "22 - Bangarappa Nagara,94 - Deepanjali Nagara,91 - Gali Anjaneya Temple Ward,51 - Old Guddadahalli,86 - Vidyaranyanagara,87 - K.P Agrahara,88 - Sangolli Rayanna Ward,85 - Adi Chunchanagiri Ward,63 - Okalipuram,61 - Dattatreya Ward,60 - Seshadripuram,52 - Kodandarampura,59 - Nehru Nagar,62 - Swatantra Palya Ward,56 - Gopalpura,61 - Da.Ra. Bendre Ward,93 - Avalahalli,89 - Bapuji Nagara", "Corporation": "Central"}, "geometry": {"type": "LineString", "coordinates": [[77.545451, 12.962737, 0.0], [77.545445, 12.962964, 0.0], [77.545118, 12.963124, 0.0], [77.544955, 12.963323, 0.0], [77.544832, 12.963841, 0.0], [77.544832, 12.964288, 0.0]]}}, {"type": "Feature", "properties": {"Drain num": "V100", "length_m": 1811.43, "valley": "Vrishabhavati Valley", "subvalley": "VV_1", "ward_name": "22 - Bangarappa Nagara,94 - Deepanjali Nagara,91 - Gali Anjaneya Temple Ward,51 - Old Guddadahalli,86 - Vidyaranyanagara,87 - K.P Agrahara,88 - Sangolli Rayanna Ward,85 - Adi Chunchanagiri Ward,63 - Okalipuram,61 - Dattatreya Ward,60 - Seshadripuram,52 - Kodandarampura,59 - Nehru Nagar,62 - Swatantra Palya Ward,56 - Gopalpura,61 - Da.Ra. Bendre Ward,93 - Avalahalli,89 - Bapuji Nagara", "Corporation": "West"}, "geometry": {"type": "LineString", "coordinates": [[77.544832, 12.964288, 0.0], [77.544832, 12.964678, 0.0], [77.544955, 12.965275, 0.0], [77.545241, 12.966112, 0.0], [77.545568, 12.96655, 0.0], [77.545854, 12.96667, 0.0], [77.545895, 12.96675, 0.0], [77.546345, 12.966869, 0.0], [77.546958, 12.967148, 0.0], [77.547449, 12.967546, 0.0], [77.547858, 12.967746, 0.0], [77.548839, 12.968025, 0.0], [77.549657, 12.968383, 0.0], [77.550147, 12.968702, 0.0], [77.550597, 12.969379, 0.0], [77.551946, 12.970256, 0.0], [77.55211, 12.970614, 0.0], [77.552968, 12.971889, 0.0], [77.553868, 12.973005, 0.0], [77.554236, 12.974439, 0.0], [77.554742, 12.975584, 0.0]]}}, {"type": "Feature", "properties": {"Drain num": "V100", "length_m": 0.0, "valley": "Vrishabhavati Valley", "subvalley": "VV_1", "ward_name": "22 - Bangarappa Nagara,94 - Deepanjali Nagara,91 - Gali Anjaneya Temple Ward,51 - Old Guddadahalli,86 - Vidyaranyanagara,87 - K.P Agrahara,88 - Sangolli Rayanna Ward,85 - Adi Chunchanagiri Ward,63 - Okalipuram,61 - Dattatreya Ward,60 - Seshadripuram,52 - Kodandarampura,59 - Nehru Nagar,62 - Swatantra Palya Ward,56 - Gopalpura,61 - Da.Ra. Bendre Ward,93 - Avalahalli,89 - Bapuji Nagara", "Corporation": "Central"}, "geometry": {"type": "LineString", "coordinates": [[77.554742, 12.975584, 0.0], [77.554742, 12.975585, 0.0]]}}, {"type": "Feature", "properties": {"Drain num": "V100", "length_m": 263.71, "valley": "Vrishabhavati Valley", "subvalley": "VV_1", "ward_name": "22 - Bangarappa Nagara,94 - Deepanjali Nagara,91 - Gali Anjaneya Temple Ward,51 - Old Guddadahalli,86 - Vidyaranyanagara,87 - K.P Agrahara,88 - Sangolli Rayanna Ward,85 - Adi Chunchanagiri Ward,63 - Okalipuram,61 - Dattatreya Ward,60 - Seshadripuram,52 - Kodandarampura,59 - Nehru Nagar,62 - Swatantra Palya Ward,56 - Gopalpura,61 - Da.Ra. Bendre Ward,93 - Avalahalli,89 - Bapuji Nagara", "Corporation": "Central"}, "geometry": {"type": "LineString", "coordinates": [[77.554742, 12.975585, 0.0], [77.555217, 12.976869, 0.0], [77.555761, 12.977664, 0.0]]}}, {"type": "Feature", "properties": {"Drain num": "V100", "length_m": 267.51, "valley": "Vrishabhavati Valley", "subvalley": "VV_1", "ward_name": "22 - Bangarappa Nagara,94 - Deepanjali Nagara,91 - Gali Anjaneya Temple Ward,51 - Old Guddadahalli,86 - Vidyaranyanagara,87 - K.P Agrahara,88 - Sangolli Rayanna Ward,85 - Adi Chunchanagiri Ward,63 - Okalipuram,61 - Dattatreya Ward,60 - Seshadripuram,52 - Kodandarampura,59 - Nehru Nagar,62 - Swatantra Palya Ward,56 - Gopalpura,61 - Da.Ra. Bendre Ward,93 - Avalahalli,89 - Bapuji Nagara", "Corporation": "West"}, "geometry": {"type": "LineString", "coordinates": [[77.555761, 12.977664, 0.0], [77.555994, 12.978025, 0.0], [77.556689, 12.978383, 0.0], [77.55673, 12.978463, 0.0], [77.557814, 12.978702, 0.0]]}}, {"type": "Feature", "properties": {"Drain num": "V100", "length_m": 74.02, "valley": "Vrishabhavati Valley", "subvalley": "VV_1", "ward_name": "22 - Bangarappa Nagara,94 - Deepanjali Nagara,91 - Gali Anjaneya Temple Ward,51 - Old Guddadahalli,86 - Vidyaranyanagara,87 - K.P Agrahara,88 - Sangolli Rayanna Ward,85 - Adi Chunchanagiri Ward,63 - Okalipuram,61 - Dattatreya Ward,60 - Seshadripuram,52 - Kodandarampura,59 - Nehru Nagar,62 - Swatantra Palya Ward,56 - Gopalpura,61 - Da.Ra. Bendre Ward,93 - Avalahalli,89 - Bapuji Nagara", "Corporation": "Central"}, "geometry": {"type": "LineString", "coordinates": [[77.557814, 12.978702, 0.0], [77.558468, 12.978832, 0.0]]}}, {"type": "Feature", "properties": {"Drain num": "V100", "length_m": 95.95, "valley": "Vrishabhavati Valley", "subvalley": "VV_1", "ward_name": "22 - Bangarappa Nagara,94 - Deepanjali Nagara,91 - Gali Anjaneya Temple Ward,51 - Old Guddadahalli,86 - Vidyaranyanagara,87 - K.P Agrahara,88 - Sangolli Rayanna Ward,85 - Adi Chunchanagiri Ward,63 - Okalipuram,61 - Dattatreya Ward,60 - Seshadripuram,52 - Kodandarampura,59 - Nehru Nagar,62 - Swatantra Palya Ward,56 - Gopalpura,61 - Da.Ra. Bendre Ward,93 - Avalahalli,89 - Bapuji Nagara", "Corporation": "West"}, "geometry": {"type": "LineString", "coordinates": [[77.558468, 12.978832, 0.0], [77.559146, 12.979303, 0.0]]}}, {"type": "Feature", "properties": {"Drain num": "V100", "length_m": 119.15, "valley": "Vrishabhavati Valley", "subvalley": "VV_1", "ward_name": "22 - Bangarappa Nagara,94 - Deepanjali Nagara,91 - Gali Anjaneya Temple Ward,51 - Old Guddadahalli,86 - Vidyaranyanagara,87 - K.P Agrahara,88 - Sangolli Rayanna Ward,85 - Adi Chunchanagiri Ward,63 - Okalipuram,61 - Dattatreya Ward,60 - Seshadripuram,52 - Kodandarampura,59 - Nehru Nagar,62 - Swatantra Palya Ward,56 - Gopalpura,61 - Da.Ra. Bendre Ward,93 - Avalahalli,89 - Bapuji Nagara", "Corporation": "Central"}, "geometry": {"type": "LineString", "coordinates": [[77.559146, 12.979303, 0.0], [77.559592, 12.979977, 0.0], [77.559788, 12.980121, 0.0]]}}, {"type": "Feature", "properties": {"Drain num": "V100", "length_m": 155.86, "valley": "Vrishabhavati Valley", "subvalley": "VV_1", "ward_name": "22 - Bangarappa Nagara,94 - Deepanjali Nagara,91 - Gali Anjaneya Temple Ward,51 - Old Guddadahalli,86 - Vidyaranyanagara,87 - K.P Agrahara,88 - Sangolli Rayanna Ward,85 - Adi Chunchanagiri Ward,63 - Okalipuram,61 - Dattatreya Ward,60 - Seshadripuram,52 - Kodandarampura,59 - Nehru Nagar,62 - Swatantra Palya Ward,56 - Gopalpura,61 - Da.Ra. Bendre Ward,93 - Avalahalli,89 - Bapuji Nagara", "Corporation": "West"}, "geometry": {"type": "LineString", "coordinates": [[77.559788, 12.980121, 0.0], [77.560491, 12.980415, 0.0], [77.560946, 12.980858, 0.0]]}}, {"type": "Feature", "properties": {"Drain num": "V100", "length_m": 138.64, "valley": "Vrishabhavati Valley", "subvalley": "VV_1", "ward_name": "22 - Bangarappa Nagara,94 - Deepanjali Nagara,91 - Gali Anjaneya Temple Ward,51 - Old Guddadahalli,86 - Vidyaranyanagara,87 - K.P Agrahara,88 - Sangolli Rayanna Ward,85 - Adi Chunchanagiri Ward,63 - Okalipuram,61 - Dattatreya Ward,60 - Seshadripuram,52 - Kodandarampura,59 - Nehru Nagar,62 - Swatantra Palya Ward,56 - Gopalpura,61 - Da.Ra. Bendre Ward,93 - Avalahalli,89 - Bapuji Nagara", "Corporation": "Central"}, "geometry": {"type": "LineString", "coordinates": [[77.560946, 12.980858, 0.0], [77.561432, 12.981531, 0.0], [77.561554, 12.981886, 0.0]]}}, {"type": "Feature", "properties": {"Drain num": "V100", "length_m": 27.49, "valley": "Vrishabhavati Valley", "subvalley": "VV_1", "ward_name": "22 - Bangarappa Nagara,94 - Deepanjali Nagara,91 - Gali Anjaneya Temple Ward,51 - Old Guddadahalli,86 - Vidyaranyanagara,87 - K.P Agrahara,88 - Sangolli Rayanna Ward,85 - Adi Chunchanagiri Ward,63 - Okalipuram,61 - Dattatreya Ward,60 - Seshadripuram,52 - Kodandarampura,59 - Nehru Nagar,62 - Swatantra Palya Ward,56 - Gopalpura,61 - Da.Ra. Bendre Ward,93 - Avalahalli,89 - Bapuji Nagara", "Corporation": "West"}, "geometry": {"type": "LineString", "coordinates": [[77.561554, 12.981886, 0.0], [77.561595, 12.982009, 0.0], [77.561708, 12.982029, 0.0]]}}, {"type": "Feature", "properties": {"Drain num": "V100", "length_m": 3058.38, "valley": "Vrishabhavati Valley", "subvalley": "VV_1", "ward_name": "22 - Bangarappa Nagara,94 - Deepanjali Nagara,91 - Gali Anjaneya Temple Ward,51 - Old Guddadahalli,86 - Vidyaranyanagara,87 - K.P Agrahara,88 - Sangolli Rayanna Ward,85 - Adi Chunchanagiri Ward,63 - Okalipuram,61 - Dattatreya Ward,60 - Seshadripuram,52 - Kodandarampura,59 - Nehru Nagar,62 - Swatantra Palya Ward,56 - Gopalpura,61 - Da.Ra. Bendre Ward,93 - Avalahalli,89 - Bapuji Nagara", "Corporation": "Central"}, "geometry": {"type": "LineString", "coordinates": [[77.561708, 12.982029, 0.0], [77.562208, 12.982248, 0.0], [77.562822, 12.982646, 0.0], [77.562965, 12.982606, 0.0], [77.56319, 12.983204, 0.0], [77.56321, 12.983722, 0.0], [77.563864, 12.984618, 0.0], [77.564866, 12.984818, 0.0], [77.565438, 12.984818, 0.0], [77.565724, 12.984977, 0.0], [77.566174, 12.985077, 0.0], [77.56642, 12.985256, 0.0], [77.568362, 12.985216, 0.0], [77.568505, 12.985395, 0.0], [77.568627, 12.986053, 0.0], [77.568975, 12.986351, 0.0], [77.569915, 12.985933, 0.0], [77.570508, 12.985814, 0.0], [77.57061, 12.98659, 0.0], [77.570733, 12.986869, 0.0], [77.570651, 12.988005, 0.0], [77.571183, 12.988961, 0.0], [77.571592, 12.989439, 0.0], [77.571837, 12.990614, 0.0], [77.572041, 12.991132, 0.0], [77.572655, 12.992108, 0.0], [77.57337, 12.992945, 0.0], [77.573718, 12.993224, 0.0], [77.574167, 12.99412, 0.0], [77.574678, 12.994678, 0.0], [77.574944, 12.995295, 0.0], [77.575046, 12.99665, 0.0], [77.574965, 12.996909, 0.0], [77.574494, 12.997566, 0.0], [77.574351, 12.998283, 0.0], [77.573922, 12.998901, 0.0], [77.573881, 13.000008, 0.0]]}}, {"type": "Feature", "properties": {"Drain num": "V100", "length_m": 32.16, "valley": "Vrishabhavati Valley", "subvalley": "VV_1", "ward_name": "22 - Bangarappa Nagara,94 - Deepanjali Nagara,91 - Gali Anjaneya Temple Ward,51 - Old Guddadahalli,86 - Vidyaranyanagara,87 - K.P Agrahara,88 - Sangolli Rayanna Ward,85 - Adi Chunchanagiri Ward,63 - Okalipuram,61 - Dattatreya Ward,60 - Seshadripuram,52 - Kodandarampura,59 - Nehru Nagar,62 - Swatantra Palya Ward,56 - Gopalpura,61 - Da.Ra. Bendre Ward,93 - Avalahalli,89 - Bapuji Nagara", "Corporation": "West"}, "geometry": {"type": "LineString", "coordinates": [[77.573881, 13.000008, 0.0], [77.573861, 13.000294, 0.0]]}}, {"type": "Feature", "properties": {"Drain num": "V100", "length_m": 1.02, "valley": "Vrishabhavati Valley", "subvalley": "VV_1", "ward_name": "22 - Bangarappa Nagara,94 - Deepanjali Nagara,91 - Gali Anjaneya Temple Ward,51 - Old Guddadahalli,86 - Vidyaranyanagara,87 - K.P Agrahara,88 - Sangolli Rayanna Ward,85 - Adi Chunchanagiri Ward,63 - Okalipuram,61 - Dattatreya Ward,60 - Seshadripuram,52 - Kodandarampura,59 - Nehru Nagar,62 - Swatantra Palya Ward,56 - Gopalpura,61 - Da.Ra. Bendre Ward,93 - Avalahalli,89 - Bapuji Nagara", "Corporation": "Central"}, "geometry": {"type": "LineString", "coordinates": [[77.573861, 13.000294, 0.0], [77.573861, 13.000303, 0.0]]}}, {"type": "Feature", "properties": {"Drain num": "V100", "length_m": 535.48, "valley": "Vrishabhavati Valley", "subvalley": "VV_1", "ward_name": "22 - Bangarappa Nagara,94 - Deepanjali Nagara,91 - Gali Anjaneya Temple Ward,51 - Old Guddadahalli,86 - Vidyaranyanagara,87 - K.P Agrahara,88 - Sangolli Rayanna Ward,85 - Adi Chunchanagiri Ward,63 - Okalipuram,61 - Dattatreya Ward,60 - Seshadripuram,52 - Kodandarampura,59 - Nehru Nagar,62 - Swatantra Palya Ward,56 - Gopalpura,61 - Da.Ra. Bendre Ward,93 - Avalahalli,89 - Bapuji Nagara", "Corporation": "West"}, "geometry": {"type": "LineString", "coordinates": [[77.573613, 13.000997, 0.0], [77.572961, 13.002247, 0.0], [77.572818, 13.003203, 0.0], [77.572614, 13.003243, 0.0], [77.572327, 13.003442, 0.0], [77.572246, 13.003641, 0.0], [77.572123, 13.004358, 0.0], [77.572103, 13.005255, 0.0]]}}, {"type": "Feature", "properties": {"Drain num": "V100", "length_m": 2239.05, "valley": "Vrishabhavati Valley", "subvalley": "VV_1", "ward_name": "23 - Rajarajeshwari Nagara,22 - Bangarappa Nagara", "Corporation": "West"}, "geometry": {"type": "LineString", "coordinates": [[77.514015, 12.935461, 0.0], [77.514291, 12.935451, 0.0], [77.514925, 12.93587, 0.0], [77.515211, 12.93587, 0.0], [77.515415, 12.93571, 0.0], [77.51562, 12.935332, 0.0], [77.51564, 12.934834, 0.0], [77.515722, 12.934614, 0.0], [77.516172, 12.934256, 0.0], [77.516764, 12.934873, 0.0], [77.516948, 12.934953, 0.0], [77.517439, 12.934913, 0.0], [77.517807, 12.934515, 0.0], [77.517909, 12.934276, 0.0], [77.517848, 12.933857, 0.0], [77.517459, 12.93304, 0.0], [77.517459, 12.932702, 0.0], [77.517603, 12.932443, 0.0], [77.518073, 12.932104, 0.0], [77.51932, 12.931506, 0.0], [77.520219, 12.930809, 0.0], [77.520465, 12.930968, 0.0], [77.52071, 12.931486, 0.0], [77.521344, 12.931865, 0.0], [77.521609, 12.931905, 0.0], [77.521875, 12.932243, 0.0], [77.521977, 12.932602, 0.0], [77.521916, 12.933299, 0.0], [77.52212, 12.933598, 0.0], [77.522488, 12.933837, 0.0], [77.523633, 12.934216, 0.0], [77.52441, 12.934555, 0.0], [77.524778, 12.934834, 0.0], [77.52486, 12.935192, 0.0], [77.524696, 12.935431, 0.0], [77.524757, 12.93571, 0.0], [77.525391, 12.936029, 0.0], [77.526188, 12.936069, 0.0]]}}, {"type": "Feature", "properties": {"Drain num": "V100", "length_m": 3600.53, "valley": "Vrishabhavati Valley", "subvalley": "VV_1", "ward_name": "22 - Bangarappa Nagara,94 - Deepanjali Nagara,91 - Gali Anjaneya Temple Ward,51 - Old Guddadahalli,86 - Vidyaranyanagara,87 - K.P Agrahara,88 - Sangolli Rayanna Ward,85 - Adi Chunchanagiri Ward,63 - Okalipuram,61 - Dattatreya Ward,60 - Seshadripuram,52 - Kodandarampura,59 - Nehru Nagar,62 - Swatantra Palya Ward,56 - Gopalpura,61 - Da.Ra. Bendre Ward,93 - Avalahalli,89 - Bapuji Nagara", "Corporation": "West"}, "geometry": {"type": "LineString", "coordinates": [[77.526188, 12.936069, 0.0], [77.526311, 12.936587, 0.0], [77.526311, 12.936906, 0.0], [77.526434, 12.937224, 0.0], [77.526597, 12.937463, 0.0], [77.526924, 12.937623, 0.0], [77.527211, 12.938181, 0.0], [77.527374, 12.938978, 0.0], [77.527415, 12.940014, 0.0], [77.527538, 12.940332, 0.0], [77.527701, 12.940651, 0.0], [77.528069, 12.94105, 0.0], [77.528478, 12.941169, 0.0], [77.528928, 12.941488, 0.0], [77.52905, 12.941847, 0.0], [77.529091, 12.942444, 0.0], [77.52901, 12.942644, 0.0], [77.528601, 12.942962, 0.0], [77.528396, 12.943441, 0.0], [77.528192, 12.944596, 0.0], [77.528192, 12.945353, 0.0], [77.528478, 12.945592, 0.0], [77.5295, 12.945871, 0.0], [77.52995, 12.945871, 0.0], [77.530195, 12.945234, 0.0], [77.530481, 12.945114, 0.0], [77.53134, 12.945074, 0.0], [77.531994, 12.945154, 0.0], [77.532362, 12.945074, 0.0], [77.532648, 12.944915, 0.0], [77.533916, 12.944915, 0.0], [77.535715, 12.945632, 0.0], [77.535837, 12.945632, 0.0], [77.53641, 12.945353, 0.0], [77.536819, 12.945393, 0.0], [77.537595, 12.94611, 0.0], [77.537636, 12.946947, 0.0], [77.538004, 12.948142, 0.0], [77.538004, 12.948222, 0.0], [77.537432, 12.94862, 0.0], [77.537473, 12.949417, 0.0], [77.5378, 12.949896, 0.0], [77.538413, 12.950493, 0.0], [77.538577, 12.950892, 0.0], [77.538577, 12.95137, 0.0], [77.538372, 12.951728, 0.0], [77.538209, 12.952286, 0.0], [77.538004, 12.952605, 0.0], [77.538004, 12.952844, 0.0], [77.538454, 12.953043, 0.0], [77.538945, 12.953043, 0.0], [77.539272, 12.953123, 0.0], [77.541152, 12.953123, 0.0], [77.541248, 12.952991, 0.0]]}}, {"type": "Feature", "properties": {"Drain num": "RNR11", "length_m": 2599.55, "valley": "Vrishabhavati Valley", "subvalley": "VV_1", "ward_name": "4 - Banashankari Temple Ward,49 - Uttarahalli,6 - Gowdanapalya,5 - Kane Muneshwara Ward,47 - Chandranagara", "Corporation": "South"}, "geometry": {"type": "LineString", "coordinates": [[77.569717, 12.912072, 0.0], [77.569509, 12.910697, 0.0], [77.56897, 12.910151, 0.0], [77.569115, 12.909382, 0.0], [77.568659, 12.90825, 0.0], [77.568161, 12.907663, 0.0], [77.567766, 12.906774, 0.0], [77.567206, 12.905884, 0.0], [77.566605, 12.905661, 0.0], [77.566667, 12.905257, 0.0], [77.565547, 12.904327, 0.0], [77.565816, 12.903498, 0.0], [77.563928, 12.902952, 0.0], [77.562082, 12.903477, 0.0], [77.561626, 12.902729, 0.0], [77.558348, 12.903599, 0.0], [77.55729, 12.903215, 0.0], [77.556045, 12.903761, 0.0], [77.554385, 12.903275, 0.0], [77.553327, 12.903376, 0.0]]}}, {"type": "Feature", "properties": {"length_m": 558.68, "valley": "Vrishabhavati Valley", "subvalley": "VV_1", "ward_name": "49 - Uttarahalli,6 - Gowdanapalya", "Corporation": "South"}, "geometry": {"type": "LineString", "coordinates": [[77.554966, 12.907401, 0.0], [77.55563, 12.906956, 0.0], [77.554831, 12.905449, 0.0], [77.55396, 12.904013, 0.0], [77.553327, 12.903376, 0.0]]}}, {"type": "Feature", "properties": {"Drain num": "RN223", "length_m": 3166.37, "valley": "Vrishabhavati Valley", "subvalley": "VV_1", "ward_name": "20 - Hemmigepura,21 - Mylasandra,52 - Talagattapura,22 - Bangarappa Nagara,51 - Subramanyapura,49 - Uttarahalli,6 - Gowdanapalya", "Corporation": "South"}, "geometry": {"type": "LineString", "coordinates": [[77.549103, 12.903921, 0.0], [77.548882, 12.903821, 0.0], [77.548553, 12.903492, 0.0], [77.548072, 12.903285, 0.0], [77.547021, 12.902489, 0.0], [77.546717, 12.902157, 0.0], [77.546331, 12.901932, 0.0], [77.545854, 12.901909, 0.0], [77.545533, 12.901982, 0.0], [77.544904, 12.902415, 0.0], [77.544549, 12.902467, 0.0], [77.54432, 12.901691, 0.0], [77.543881, 12.90182, 0.0], [77.543683, 12.90198, 0.0], [77.542309, 12.90261, 0.0], [77.541956, 12.902038, 0.0], [77.541454, 12.901751, 0.0], [77.541355, 12.901446, 0.0], [77.540813, 12.90051, 0.0], [77.540436, 12.90016, 0.0], [77.540211, 12.89964, 0.0], [77.539722, 12.899144, 0.0], [77.539331, 12.899139, 0.0], [77.538577, 12.899308, 0.0], [77.538263, 12.899399, 0.0], [77.537925, 12.8996, 0.0], [77.536199, 12.899741, 0.0], [77.535429, 12.89996, 0.0], [77.533955, 12.899001, 0.0], [77.532617, 12.89795, 0.0], [77.532463, 12.897772, 0.0], [77.531619, 12.896087, 0.0], [77.531333, 12.895367, 0.0], [77.530605, 12.894599, 0.0], [77.530055, 12.894791, 0.0], [77.529379, 12.895163, 0.0], [77.526552, 12.895293, 0.0]]}}, {"type": "Feature", "properties": {"Drain num": "RN181", "length_m": 2892.72, "valley": "Vrishabhavati Valley", "subvalley": "VV_1", "ward_name": "21 - Mylasandra,23 - Rajarajeshwari Nagara", "Corporation": "West"}, "geometry": {"type": "LineString", "coordinates": [[77.520279, 12.911526, 0.0], [77.520237, 12.912901, 0.0], [77.519117, 12.915287, 0.0], [77.518868, 12.916824, 0.0], [77.518245, 12.917754, 0.0], [77.517457, 12.918078, 0.0], [77.51725, 12.919533, 0.0], [77.51725, 12.92196, 0.0], [77.515548, 12.922728, 0.0], [77.514138, 12.923578, 0.0], [77.513391, 12.924548, 0.0], [77.511067, 12.924831, 0.0], [77.509491, 12.924831, 0.0], [77.508329, 12.926813, 0.0], [77.505798, 12.926853, 0.0], [77.505009, 12.92564, 0.0]]}}, {"type": "Feature", "properties": {"Drain num": "RN223", "length_m": 2109.1, "valley": "Vrishabhavati Valley", "subvalley": "VV_1", "ward_name": "20 - Hemmigepura,21 - Mylasandra,52 - Talagattapura,22 - Bangarappa Nagara,51 - Subramanyapura,49 - Uttarahalli,6 - Gowdanapalya", "Corporation": "South"}, "geometry": {"type": "LineString", "coordinates": [[77.524641, 12.897145, 0.0], [77.524377, 12.897398, 0.0], [77.524067, 12.89754, 0.0], [77.523847, 12.897492, 0.0], [77.522888, 12.897627, 0.0], [77.522634, 12.897394, 0.0], [77.52245, 12.897339, 0.0], [77.521999, 12.8974, 0.0], [77.521448, 12.897618, 0.0], [77.521141, 12.897668, 0.0], [77.521055, 12.897622, 0.0], [77.520633, 12.897097, 0.0], [77.520486, 12.89671, 0.0], [77.520756, 12.89604, 0.0], [77.521054, 12.894806, 0.0], [77.521016, 12.89367, 0.0], [77.518787, 12.892743, 0.0], [77.518535, 12.893342, 0.0], [77.517217, 12.893067, 0.0], [77.517117, 12.893093, 0.0], [77.516969, 12.893404, 0.0], [77.516703, 12.89359, 0.0], [77.515893, 12.893759, 0.0], [77.515818, 12.893743, 0.0], [77.515691, 12.893313, 0.0], [77.515833, 12.892481, 0.0], [77.515705, 12.89237, 0.0], [77.51537, 12.892441, 0.0], [77.515248, 12.892551, 0.0], [77.515245, 12.892856, 0.0], [77.515065, 12.892984, 0.0], [77.514845, 12.893008, 0.0], [77.514357, 12.892825, 0.0], [77.513946, 12.892967, 0.0], [77.513941, 12.893095, 0.0], [77.514194, 12.893396, 0.0], [77.514366, 12.894104, 0.0]]}}, {"type": "Feature", "properties": {"Drain num": "RN223", "length_m": 0.0, "valley": "Vrishabhavati Valley", "subvalley": "VV_1", "ward_name": "20 - Hemmigepura,21 - Mylasandra,52 - Talagattapura,22 - Bangarappa Nagara,51 - Subramanyapura,49 - Uttarahalli,6 - Gowdanapalya", "Corporation": "South"}, "geometry": {"type": "LineString", "coordinates": [[77.514366, 12.894104, 0.0], [77.514366, 12.894104, 0.0]]}}, {"type": "Feature", "properties": {"Drain num": "RN223", "length_m": 15.65, "valley": "Vrishabhavati Valley", "subvalley": "VV_1", "ward_name": "20 - Hemmigepura,21 - Mylasandra,52 - Talagattapura,22 - Bangarappa Nagara,51 - Subramanyapura,49 - Uttarahalli,6 - Gowdanapalya", "Corporation": "South"}, "geometry": {"type": "LineString", "coordinates": [[77.514366, 12.894104, 0.0], [77.51429, 12.894225, 0.0]]}}, {"type": "Feature", "properties": {"Drain num": "RN223", "length_m": 4005.08, "valley": "Vrishabhavati Valley", "subvalley": "VV_1", "ward_name": "20 - Hemmigepura,21 - Mylasandra,52 - Talagattapura,22 - Bangarappa Nagara,51 - Subramanyapura,49 - Uttarahalli,6 - Gowdanapalya", "Corporation": "West"}, "geometry": {"type": "LineString", "coordinates": [[77.51429, 12.894225, 0.0], [77.514235, 12.894422, 0.0], [77.514268, 12.894814, 0.0], [77.514162, 12.89501, 0.0], [77.514166, 12.895164, 0.0], [77.514524, 12.895172, 0.0], [77.514601, 12.895457, 0.0], [77.5142, 12.896631, 0.0], [77.514218, 12.8972, 0.0], [77.513929, 12.897729, 0.0], [77.513654, 12.897902, 0.0], [77.513521, 12.898091, 0.0], [77.513503, 12.898277, 0.0], [77.513736, 12.898616, 0.0], [77.513705, 12.899011, 0.0], [77.512667, 12.900073, 0.0], [77.512631, 12.90032, 0.0], [77.513097, 12.90067, 0.0], [77.513399, 12.90118, 0.0], [77.513989, 12.90142, 0.0], [77.514166, 12.901577, 0.0], [77.514239, 12.901732, 0.0], [77.51419, 12.901983, 0.0], [77.513291, 12.902103, 0.0], [77.51276, 12.902075, 0.0], [77.512413, 12.902166, 0.0], [77.511527, 12.902136, 0.0], [77.511103, 12.902553, 0.0], [77.511282, 12.902985, 0.0], [77.51112, 12.903544, 0.0], [77.511144, 12.904185, 0.0], [77.511796, 12.905566, 0.0], [77.511506, 12.906169, 0.0], [77.510879, 12.906517, 0.0], [77.510751, 12.906854, 0.0], [77.510751, 12.907464, 0.0], [77.511147, 12.908102, 0.0], [77.510971, 12.908896, 0.0], [77.510718, 12.909256, 0.0], [77.510231, 12.909378, 0.0], [77.509748, 12.909723, 0.0], [77.508361, 12.910033, 0.0], [77.508289, 12.910221, 0.0], [77.508278, 12.910776, 0.0], [77.507991, 12.911386, 0.0], [77.507945, 12.911967, 0.0], [77.507639, 12.912981, 0.0], [77.50743, 12.913225, 0.0], [77.507011, 12.913344, 0.0], [77.506874, 12.913515, 0.0], [77.506058, 12.915003, 0.0], [77.505938, 12.915622, 0.0], [77.505811, 12.915735, 0.0], [77.505339, 12.915813, 0.0], [77.504674, 12.916136, 0.0], [77.504328, 12.916946, 0.0], [77.503884, 12.917631, 0.0], [77.503902, 12.918086, 0.0], [77.503563, 12.919199, 0.0], [77.503385, 12.919408, 0.0], [77.502729, 12.919607, 0.0], [77.502409, 12.920055, 0.0], [77.502449, 12.920486, 0.0]]}}, {"type": "Feature", "properties": {"Drain num": "RN181", "length_m": 1350.45, "valley": "Vrishabhavati Valley", "subvalley": "VV_2", "ward_name": "21 - Mylasandra", "Corporation": "West"}, "geometry": {"type": "LineString", "coordinates": [[77.502448, 12.920485, 0.0], [77.501192, 12.921677, 0.0], [77.500445, 12.921919, 0.0], [77.499366, 12.921111, 0.0], [77.497416, 12.920989, 0.0], [77.493267, 12.920464, 0.0], [77.491732, 12.918644, 0.0]]}}, {"type": "Feature", "properties": {"Drain num": "RN181", "length_m": 640.61, "valley": "Vrishabhavati Valley", "subvalley": "VV_1", "ward_name": "21 - Mylasandra", "Corporation": "West"}, "geometry": {"type": "LineString", "coordinates": [[77.505009, 12.92564, 0.0], [77.504346, 12.924184, 0.0], [77.503516, 12.922607, 0.0], [77.503101, 12.921232, 0.0], [77.502446, 12.920487, 0.0]]}}, {"type": "Feature", "properties": {"Drain num": "RN572", "length_m": 2350.68, "valley": "Vrishabhavati Valley", "subvalley": "VV_2", "ward_name": "20 - Hemmigepura,18 - Kengal Hanumanthaiah West,19 - Kengeri", "Corporation": "West"}, "geometry": {"type": "LineString", "coordinates": [[77.478733, 12.92462, 0.0], [77.478394, 12.923987, 0.0], [77.478226, 12.92349, 0.0], [77.478314, 12.923185, 0.0], [77.478698, 12.922552, 0.0], [77.479269, 12.922265, 0.0], [77.479267, 12.922059, 0.0], [77.478694, 12.920053, 0.0], [77.478593, 12.919416, 0.0], [77.477745, 12.918291, 0.0], [77.477648, 12.918022, 0.0], [77.477663, 12.91772, 0.0], [77.477987, 12.917309, 0.0], [77.477997, 12.916553, 0.0], [77.477814, 12.916129, 0.0], [77.477378, 12.915536, 0.0], [77.477057, 12.914185, 0.0], [77.477305, 12.913519, 0.0], [77.477614, 12.913036, 0.0], [77.477958, 12.912013, 0.0], [77.477881, 12.910779, 0.0], [77.477975, 12.910209, 0.0], [77.477943, 12.90985, 0.0], [77.477656, 12.90958, 0.0], [77.477421, 12.909206, 0.0], [77.477495, 12.90874, 0.0], [77.47794, 12.907834, 0.0], [77.478311, 12.907298, 0.0], [77.47927, 12.906774, 0.0], [77.47897, 12.905878, 0.0]]}}, {"type": "Feature", "properties": {"Drain num": "RN181", "length_m": 2848.29, "valley": "Vrishabhavati Valley", "subvalley": "VV_2", "ward_name": "20 - Hemmigepura,21 - Mylasandra", "Corporation": "West"}, "geometry": {"type": "LineString", "coordinates": [[77.490303, 12.913281, 0.0], [77.490004, 12.912678, 0.0], [77.489408, 12.912255, 0.0], [77.487582, 12.912003, 0.0], [77.487382, 12.911776, 0.0], [77.487394, 12.9115, 0.0], [77.487946, 12.910627, 0.0], [77.488258, 12.909857, 0.0], [77.488335, 12.909322, 0.0], [77.488207, 12.909156, 0.0], [77.484877, 12.908508, 0.0], [77.484551, 12.908184, 0.0], [77.484461, 12.907412, 0.0], [77.484525, 12.907058, 0.0], [77.484895, 12.90683, 0.0], [77.486272, 12.90665, 0.0], [77.486844, 12.906392, 0.0], [77.487207, 12.906032, 0.0], [77.486954, 12.905075, 0.0], [77.486379, 12.904667, 0.0], [77.484958, 12.904364, 0.0], [77.484317, 12.904094, 0.0], [77.483677, 12.903382, 0.0], [77.483353, 12.903224, 0.0], [77.483014, 12.903251, 0.0], [77.482751, 12.903356, 0.0], [77.482608, 12.90368, 0.0], [77.482809, 12.905097, 0.0], [77.482397, 12.905429, 0.0], [77.481966, 12.905697, 0.0], [77.481288, 12.905899, 0.0], [77.479883, 12.905947, 0.0], [77.47897, 12.905879, 0.0]]}}, {"type": "Feature", "properties": {"Drain num": "RN572", "length_m": 351.32, "valley": "Vrishabhavati Valley", "subvalley": "VV_2", "ward_name": "20 - Hemmigepura", "Corporation": "West"}, "geometry": {"type": "LineString", "coordinates": [[77.481906, 12.889293, 0.0], [77.482116, 12.888988, 0.0], [77.48251, 12.887532, 0.0], [77.482967, 12.886312, 0.0]]}}, {"type": "Feature", "properties": {"Drain num": "RN572", "length_m": 17.47, "valley": "Vrishabhavati Valley", "subvalley": "VV_2", "ward_name": "20 - Hemmigepura", "Corporation": "West"}, "geometry": {"type": "LineString", "coordinates": [[77.482967, 12.886312, 0.0], [77.482942, 12.886169, 0.0]]}}, {"type": "Feature", "properties": {"Drain num": "RN572", "length_m": 31.76, "valley": "Vrishabhavati Valley", "subvalley": "VV_2", "ward_name": "20 - Hemmigepura", "Corporation": "West"}, "geometry": {"type": "LineString", "coordinates": [[77.482942, 12.886169, 0.0], [77.48281, 12.885912, 0.0]]}}, {"type": "Feature", "properties": {"Drain num": "RN572", "length_m": 54.39, "valley": "Vrishabhavati Valley", "subvalley": "VV_2", "ward_name": "20 - Hemmigepura", "Corporation": "West"}, "geometry": {"type": "LineString", "coordinates": [[77.48281, 12.885912, 0.0], [77.482697, 12.885691, 0.0], [77.482456, 12.885752, 0.0]]}}, {"type": "Feature", "properties": {"Drain num": "RN572", "length_m": 62.27, "valley": "Vrishabhavati Valley", "subvalley": "VV_2", "ward_name": "20 - Hemmigepura", "Corporation": "West"}, "geometry": {"type": "LineString", "coordinates": [[77.482456, 12.885752, 0.0], [77.481897, 12.88583, 0.0]]}}, {"type": "Feature", "properties": {"Drain num": "RN572", "length_m": 362.18, "valley": "Vrishabhavati Valley", "subvalley": "VV_2", "ward_name": "20 - Hemmigepura", "Corporation": "West"}, "geometry": {"type": "LineString", "coordinates": [[77.481897, 12.88583, 0.0], [77.479507, 12.885484, 0.0], [77.47901, 12.884725, 0.0]]}}, {"type": "Feature", "properties": {"Drain num": "RN572", "length_m": 70.36, "valley": "Vrishabhavati Valley", "subvalley": "VV_2", "ward_name": "20 - Hemmigepura", "Corporation": "West"}, "geometry": {"type": "LineString", "coordinates": [[77.47901, 12.884725, 0.0], [77.478631, 12.88421, 0.0]]}}, {"type": "Feature", "properties": {"Drain num": "C100", "length_m": 175.32, "valley": "Koramangala Challaghatta Valley", "subvalley": "KC_1", "ward_name": "27 - Vibhootipura,21 - Konena Agrahara,20 - Kodihalli,3 - Vasanth Nagar,3 - Vasanth Nagar,2 - Jayamahal,5 - Shivajinagar,7 - K Kamaraj Ward,5 - Shivajinagar,6 - Bharathi Nagar,3 - Vasanth Nagar,2 - Jayamahal,51 - Rajamahal,24 - Agaram,8 - Halasuru,7 - K Kamaraj Ward,8 - Halasuru,8 - Halasuru,5 - Shivajinagar,3 - Vasanth Nagar,24 - Agaram,9 - Hoysala Nagara Central,46 - Yamalur,27 - Vibhootipura,21 - Konena Agrahara,5 - Shivajinagar,7 - K Kamaraj Ward,6 - Bharathi Nagar,2 - Jayamahal,20 - Kodihalli,21 - Konena Agrahara,8 - Halasuru,9 - Hoysala Nagara Central,24 - Agaram,23 - Jogpalya,22 - Domluru,20 - Kodihalli", "Corporation": "Central"}, "geometry": {"type": "LineString", "coordinates": [[77.596146, 12.990576, 0.0], [77.596374, 12.99022, 0.0], [77.597242, 12.989427, 0.0]]}}, {"type": "Feature", "properties": {"Drain num": "H400", "length_m": 385.91, "valley": "Hebbal Nagawara Valley", "subvalley": "HN_2", "ward_name": "31 - Kalyanagar,2 - Horamavu,32 - Banaswadi,3 - Chellakere", "Corporation": "East"}, "geometry": {"type": "LineString", "coordinates": [[77.645612, 13.03262, 0.0], [77.645683, 13.033565, 0.0], [77.644919, 13.035974, 0.0]]}}, {"type": "Feature", "properties": {"Drain num": "RN572", "length_m": 297.37, "valley": "Vrishabhavati Valley", "subvalley": "VV_2", "ward_name": "20 - Hemmigepura", "Corporation": "West"}, "geometry": {"type": "LineString", "coordinates": [[77.478631, 12.88421, 0.0], [77.476961, 12.882081, 0.0]]}}, {"type": "Feature", "properties": {"Drain num": "RN572", "length_m": 1570.4, "valley": "Vrishabhavati Valley", "subvalley": "VV_2", "ward_name": "20 - Hemmigepura", "Corporation": "West"}, "geometry": {"type": "LineString", "coordinates": [[77.478971, 12.905879, 0.0], [77.478631, 12.905587, 0.0], [77.4786, 12.905166, 0.0], [77.479979, 12.901111, 0.0], [77.479782, 12.900262, 0.0], [77.478942, 12.899676, 0.0], [77.478714, 12.898381, 0.0], [77.479035, 12.89731, 0.0], [77.478288, 12.896794, 0.0], [77.477407, 12.89641, 0.0], [77.476141, 12.895682, 0.0], [77.47554, 12.894772, 0.0], [77.475498, 12.894405, 0.0]]}}, {"type": "Feature", "properties": {"Drain num": "MD379", "length_m": 880.12, "valley": "Koramangala Challaghatta Valley", "subvalley": "KC_2", "ward_name": "37 - Kundalahalli", "Corporation": "East"}, "geometry": {"type": "LineString", "coordinates": [[77.723827, 12.956797, 0.0], [77.723741, 12.956904, 0.0], [77.723808, 12.957503, 0.0], [77.724232, 12.957484, 0.0], [77.724361, 12.957761, 0.0], [77.724132, 12.959484, 0.0], [77.724187, 12.95987, 0.0], [77.724141, 12.960151, 0.0], [77.724262, 12.960575, 0.0], [77.722873, 12.960822, 0.0], [77.721383, 12.961438, 0.0], [77.720823, 12.961499, 0.0], [77.72083, 12.961548, 0.0]]}}, {"type": "Feature", "properties": {"Drain num": "RN572", "length_m": 248.56, "valley": "Vrishabhavati Valley", "subvalley": "VV_2", "ward_name": "20 - Hemmigepura", "Corporation": "West"}, "geometry": {"type": "LineString", "coordinates": [[77.479197, 12.891911, 0.0], [77.479336, 12.891799, 0.0], [77.479396, 12.889731, 0.0]]}}, {"type": "Feature", "properties": {"Drain num": "RN572", "length_m": 188.43, "valley": "Vrishabhavati Valley", "subvalley": "VV_2", "ward_name": "20 - Hemmigepura", "Corporation": "West"}, "geometry": {"type": "LineString", "coordinates": [[77.479396, 12.889731, 0.0], [77.479398, 12.889655, 0.0], [77.479792, 12.889615, 0.0], [77.480932, 12.890146, 0.0]]}}, {"type": "Feature", "properties": {"Drain num": "RN572", "length_m": 103.18, "valley": "Vrishabhavati Valley", "subvalley": "VV_2", "ward_name": "20 - Hemmigepura", "Corporation": "West"}, "geometry": {"type": "LineString", "coordinates": [[77.480932, 12.890146, 0.0], [77.481224, 12.890282, 0.0], [77.481575, 12.889772, 0.0]]}}, {"type": "Feature", "properties": {"Drain num": "RN572", "length_m": 64.02, "valley": "Vrishabhavati Valley", "subvalley": "VV_2", "ward_name": "20 - Hemmigepura", "Corporation": "West"}, "geometry": {"type": "LineString", "coordinates": [[77.481575, 12.889772, 0.0], [77.481906, 12.889293, 0.0]]}}, {"type": "Feature", "properties": {"Drain num": "RN312", "length_m": 1382.28, "valley": "Vrishabhavati Valley", "subvalley": "VV_2", "ward_name": "19 - Kengeri,21 - Mylasandra", "Corporation": "West"}, "geometry": {"type": "LineString", "coordinates": [[77.494865, 12.928896, 0.0], [77.492852, 12.926105, 0.0], [77.49252, 12.925033, 0.0], [77.491628, 12.924083, 0.0], [77.490549, 12.923436, 0.0], [77.490363, 12.922708, 0.0], [77.490508, 12.920888, 0.0], [77.490757, 12.92014, 0.0], [77.491711, 12.919635, 0.0], [77.491732, 12.918644, 0.0]]}}, {"type": "Feature", "properties": {"Drain num": "RN311", "length_m": 2273.66, "valley": "Vrishabhavati Valley", "subvalley": "VV_2", "ward_name": "19 - Kengeri,17 - Nagadevanahalli,24 - Jnana Bharathi Ward", "Corporation": "West"}, "geometry": {"type": "LineString", "coordinates": [[77.499408, 12.950267, 0.0], [77.499532, 12.948852, 0.0], [77.499698, 12.948205, 0.0], [77.499159, 12.946952, 0.0], [77.4992, 12.944566, 0.0], [77.499657, 12.942908, 0.0], [77.499159, 12.941128, 0.0], [77.497707, 12.939309, 0.0], [77.496421, 12.93846, 0.0], [77.495964, 12.937529, 0.0], [77.495881, 12.936518, 0.0], [77.496338, 12.935507, 0.0], [77.496172, 12.934213, 0.0], [77.495134, 12.931544, 0.0]]}}, {"type": "Feature", "properties": {"Drain num": "RN554", "length_m": 312.64, "valley": "Vrishabhavati Valley", "subvalley": "VV_2", "ward_name": "18 - Kengal Hanumanthaiah West", "Corporation": "West"}, "geometry": {"type": "LineString", "coordinates": [[77.484657, 12.939289, 0.0], [77.484155, 12.936507, 0.0]]}}, {"type": "Feature", "properties": {"Drain num": "RN554", "length_m": 7.38, "valley": "Vrishabhavati Valley", "subvalley": "VV_2", "ward_name": "18 - Kengal Hanumanthaiah West", "Corporation": "West"}, "geometry": {"type": "LineString", "coordinates": [[77.484155, 12.936507, 0.0], [77.484142, 12.936442, 0.0]]}}, {"type": "Feature", "properties": {"Drain num": "RN554", "length_m": 28.51, "valley": "Vrishabhavati Valley", "subvalley": "VV_2", "ward_name": "18 - Kengal Hanumanthaiah West", "Corporation": "West"}, "geometry": {"type": "LineString", "coordinates": [[77.484142, 12.936442, 0.0], [77.484095, 12.936188, 0.0]]}}, {"type": "Feature", "properties": {"Drain num": "RN554", "length_m": 381.41, "valley": "Vrishabhavati Valley", "subvalley": "VV_2", "ward_name": "18 - Kengal Hanumanthaiah West", "Corporation": "West"}, "geometry": {"type": "LineString", "coordinates": [[77.484095, 12.936188, 0.0], [77.48389, 12.935083, 0.0], [77.483266, 12.932843, 0.0]]}}, {"type": "Feature", "properties": {"Drain num": "RN554", "length_m": 1673.46, "valley": "Vrishabhavati Valley", "subvalley": "VV_2", "ward_name": "18 - Kengal Hanumanthaiah West,17 - Nagadevanahalli,24 - Jnana Bharathi Ward", "Corporation": "West"}, "geometry": {"type": "LineString", "coordinates": [[77.496192, 12.947497, 0.0], [77.492748, 12.94778, 0.0], [77.490093, 12.945435, 0.0], [77.487645, 12.942726, 0.0], [77.485736, 12.940825, 0.0], [77.484989, 12.940219, 0.0], [77.484657, 12.939289, 0.0]]}}, {"type": "Feature", "properties": {"Drain num": "RN555", "length_m": 1625.25, "valley": "Vrishabhavati Valley", "subvalley": "VV_2", "ward_name": "18 - Kengal Hanumanthaiah West,16 - Ullal", "Corporation": "West"}, "geometry": {"type": "LineString", "coordinates": [[77.485072, 12.952673, 0.0], [77.484761, 12.949964, 0.0], [77.484243, 12.949277, 0.0], [77.484056, 12.948185, 0.0], [77.48389, 12.946385, 0.0], [77.483267, 12.945011, 0.0], [77.483309, 12.944202, 0.0], [77.483081, 12.942038, 0.0], [77.483081, 12.940744, 0.0], [77.484429, 12.940259, 0.0], [77.484657, 12.939289, 0.0]]}}, {"type": "Feature", "properties": {"Drain num": "RN555", "length_m": 832.51, "valley": "Vrishabhavati Valley", "subvalley": "VV_2", "ward_name": "16 - Ullal,24 - Jnana Bharathi Ward", "Corporation": "West"}, "geometry": {"type": "LineString", "coordinates": [[77.484491, 12.959386, 0.0], [77.484491, 12.955605, 0.0], [77.485591, 12.955059, 0.0], [77.485487, 12.953179, 0.0], [77.485072, 12.952673, 0.0]]}}, {"type": "Feature", "properties": {"length_m": 256.04, "valley": "Vrishabhavati Valley", "subvalley": "VV_2", "ward_name": "20 - Hemmigepura", "Corporation": "West"}, "geometry": {"type": "LineString", "coordinates": [[77.483288, 12.891283, 0.0], [77.482624, 12.890454, 0.0], [77.481958, 12.889378, 0.0]]}}, {"type": "Feature", "properties": {"length_m": 11.0, "valley": "Vrishabhavati Valley", "subvalley": "VV_2", "ward_name": "20 - Hemmigepura", "Corporation": "West"}, "geometry": {"type": "LineString", "coordinates": [[77.481958, 12.889378, 0.0], [77.481906, 12.889293, 0.0]]}}, {"type": "Feature", "properties": {"Drain num": "RN583", "length_m": 987.38, "valley": "Vrishabhavati Valley", "subvalley": "VV_2", "ward_name": "20 - Hemmigepura", "Corporation": "West"}, "geometry": {"type": "LineString", "coordinates": [[77.493641, 12.896238, 0.0], [77.493184, 12.895388, 0.0], [77.49279, 12.895105, 0.0], [77.492582, 12.89464, 0.0], [77.492064, 12.895024, 0.0], [77.491068, 12.894539, 0.0], [77.489616, 12.893568, 0.0], [77.488786, 12.893508, 0.0], [77.487935, 12.893305, 0.0], [77.486774, 12.893609, 0.0], [77.486234, 12.893204, 0.0]]}}, {"type": "Feature", "properties": {"Drain num": "RN522", "length_m": 2129.21, "valley": "Vrishabhavati Valley", "subvalley": "VV_2", "ward_name": "16 - Ullal,15 - Byadarahalli,26 - Mallathahalli", "Corporation": "West"}, "geometry": {"type": "LineString", "coordinates": [[77.49065, 12.98534, 0.0], [77.491317, 12.983868, 0.0], [77.491607, 12.982534, 0.0], [77.492209, 12.981179, 0.0], [77.492271, 12.978713, 0.0], [77.493018, 12.978895, 0.0], [77.493848, 12.976894, 0.0], [77.493682, 12.974427, 0.0], [77.494118, 12.973659, 0.0], [77.49445, 12.973578, 0.0], [77.494201, 12.972668, 0.0], [77.494636, 12.971435, 0.0], [77.494512, 12.970303, 0.0], [77.493806, 12.968079, 0.0]]}}, {"type": "Feature", "properties": {"Drain num": "RN514", "length_m": 2401.51, "valley": "Vrishabhavati Valley", "subvalley": "VV_2", "ward_name": "16 - Ullal,15 - Byadarahalli,26 - Mallathahalli,27 - Srigandada Kaval", "Corporation": "West"}, "geometry": {"type": "LineString", "coordinates": [[77.510673, 12.983626, 0.0], [77.50976, 12.982938, 0.0], [77.50947, 12.980998, 0.0], [77.508018, 12.979744, 0.0], [77.50669, 12.979016, 0.0], [77.506482, 12.977803, 0.0], [77.505238, 12.977965, 0.0], [77.505072, 12.977561, 0.0], [77.5042, 12.977601, 0.0], [77.503453, 12.975822, 0.0], [77.503744, 12.975377, 0.0], [77.502914, 12.974609, 0.0], [77.501503, 12.972709, 0.0], [77.499968, 12.970849, 0.0], [77.499097, 12.970202, 0.0], [77.498184, 12.97, 0.0], [77.497603, 12.968989, 0.0]]}}, {"type": "Feature", "properties": {"Drain num": "V200", "length_m": 1180.66, "valley": "Vrishabhavati Valley", "subvalley": "VV_1", "ward_name": "21 - Mylasandra,23 - Rajarajeshwari Nagara", "Corporation": "West"}, "geometry": {"type": "LineString", "coordinates": [[77.510081, 12.93264, 0.0], [77.509376, 12.932808, 0.0], [77.508796, 12.932586, 0.0], [77.50696, 12.931373, 0.0], [77.506908, 12.930382, 0.0], [77.507043, 12.929138, 0.0], [77.506389, 12.928319, 0.0], [77.504325, 12.926863, 0.0], [77.505009, 12.92564, 0.0]]}}, {"type": "Feature", "properties": {"Drain num": "RN531", "length_m": 1582.31, "valley": "Vrishabhavati Valley", "subvalley": "VV_2", "ward_name": "16 - Ullal,24 - Jnana Bharathi Ward", "Corporation": "West"}, "geometry": {"type": "LineString", "coordinates": [[77.492085, 12.962034, 0.0], [77.492043, 12.960255, 0.0], [77.491628, 12.959406, 0.0], [77.491441, 12.958274, 0.0], [77.488703, 12.952249, 0.0], [77.486317, 12.952714, 0.0], [77.486172, 12.952411, 0.0], [77.485072, 12.952673, 0.0]]}}, {"type": "Feature", "properties": {"Drain num": "C100", "length_m": 626.02, "valley": "Koramangala Challaghatta Valley", "subvalley": "KC_1", "ward_name": "27 - Vibhootipura,21 - Konena Agrahara,20 - Kodihalli,3 - Vasanth Nagar,3 - Vasanth Nagar,2 - Jayamahal,5 - Shivajinagar,7 - K Kamaraj Ward,5 - Shivajinagar,6 - Bharathi Nagar,3 - Vasanth Nagar,2 - Jayamahal,51 - Rajamahal,24 - Agaram,8 - Halasuru,7 - K Kamaraj Ward,8 - Halasuru,8 - Halasuru,5 - Shivajinagar,3 - Vasanth Nagar,24 - Agaram,9 - Hoysala Nagara Central,46 - Yamalur,27 - Vibhootipura,21 - Konena Agrahara,5 - Shivajinagar,7 - K Kamaraj Ward,6 - Bharathi Nagar,2 - Jayamahal,20 - Kodihalli,21 - Konena Agrahara,8 - Halasuru,9 - Hoysala Nagara Central,24 - Agaram,23 - Jogpalya,22 - Domluru,20 - Kodihalli", "Corporation": "Central"}, "geometry": {"type": "LineString", "coordinates": [[77.647629, 12.954152, 0.0], [77.647981, 12.953366, 0.0], [77.650393, 12.951811, 0.0], [77.650985, 12.951769, 0.0], [77.651964, 12.952045, 0.0], [77.652341, 12.951948, 0.0]]}}, {"type": "Feature", "properties": {"Drain num": "C100", "length_m": 35.83, "valley": "Koramangala Challaghatta Valley", "subvalley": "KC_1", "ward_name": "27 - Vibhootipura,21 - Konena Agrahara,20 - Kodihalli,3 - Vasanth Nagar,3 - Vasanth Nagar,2 - Jayamahal,5 - Shivajinagar,7 - K Kamaraj Ward,5 - Shivajinagar,6 - Bharathi Nagar,3 - Vasanth Nagar,2 - Jayamahal,51 - Rajamahal,24 - Agaram,8 - Halasuru,7 - K Kamaraj Ward,8 - Halasuru,8 - Halasuru,5 - Shivajinagar,3 - Vasanth Nagar,24 - Agaram,9 - Hoysala Nagara Central,46 - Yamalur,27 - Vibhootipura,21 - Konena Agrahara,5 - Shivajinagar,7 - K Kamaraj Ward,6 - Bharathi Nagar,2 - Jayamahal,20 - Kodihalli,21 - Konena Agrahara,8 - Halasuru,9 - Hoysala Nagara Central,24 - Agaram,23 - Jogpalya,22 - Domluru,20 - Kodihalli", "Corporation": "East"}, "geometry": {"type": "LineString", "coordinates": [[77.652341, 12.951948, 0.0], [77.652641, 12.951821, 0.0]]}}, {"type": "Feature", "properties": {"Drain num": "RN591", "length_m": 2344.35, "valley": "Vrishabhavati Valley", "subvalley": "VV_2", "ward_name": "20 - Hemmigepura,52 - Talagattapura", "Corporation": "South"}, "geometry": {"type": "LineString", "coordinates": [[77.508858, 12.883295, 0.0], [77.508661, 12.881899, 0.0], [77.507312, 12.881606, 0.0], [77.507561, 12.881161, 0.0], [77.507219, 12.88019, 0.0], [77.506285, 12.880059, 0.0], [77.505082, 12.878967, 0.0], [77.501254, 12.87654, 0.0], [77.499937, 12.875539, 0.0], [77.497074, 12.874376, 0.0], [77.495508, 12.874386, 0.0], [77.494242, 12.875488, 0.0], [77.493703, 12.876651, 0.0], [77.493307, 12.877266, 0.0]]}}, {"type": "Feature", "properties": {"Drain num": "RN591", "length_m": 2025.84, "valley": "Vrishabhavati Valley", "subvalley": "VV_2", "ward_name": "20 - Hemmigepura,52 - Talagattapura", "Corporation": "West"}, "geometry": {"type": "LineString", "coordinates": [[77.493307, 12.877266, 0.0], [77.492914, 12.877875, 0.0], [77.492728, 12.879291, 0.0], [77.49, 12.879756, 0.0], [77.487645, 12.880322, 0.0], [77.487105, 12.879462, 0.0], [77.486224, 12.879331, 0.0], [77.48613, 12.878229, 0.0], [77.484408, 12.877844, 0.0], [77.48334, 12.876206, 0.0], [77.482998, 12.875033, 0.0], [77.482749, 12.872465, 0.0], [77.482261, 12.872121, 0.0]]}}, {"type": "Feature", "properties": {"Drain num": "C100", "length_m": 198.93, "valley": "Koramangala Challaghatta Valley", "subvalley": "KC_1", "ward_name": "27 - Vibhootipura,21 - Konena Agrahara,20 - Kodihalli,3 - Vasanth Nagar,3 - Vasanth Nagar,2 - Jayamahal,5 - Shivajinagar,7 - K Kamaraj Ward,5 - Shivajinagar,6 - Bharathi Nagar,3 - Vasanth Nagar,2 - Jayamahal,51 - Rajamahal,24 - Agaram,8 - Halasuru,7 - K Kamaraj Ward,8 - Halasuru,8 - Halasuru,5 - Shivajinagar,3 - Vasanth Nagar,24 - Agaram,9 - Hoysala Nagara Central,46 - Yamalur,27 - Vibhootipura,21 - Konena Agrahara,5 - Shivajinagar,7 - K Kamaraj Ward,6 - Bharathi Nagar,2 - Jayamahal,20 - Kodihalli,21 - Konena Agrahara,8 - Halasuru,9 - Hoysala Nagara Central,24 - Agaram,23 - Jogpalya,22 - Domluru,20 - Kodihalli", "Corporation": "Central"}, "geometry": {"type": "LineString", "coordinates": [[77.597242, 12.989427, 0.0], [77.597599, 12.989071, 0.0], [77.598673, 12.988315, 0.0]]}}, {"type": "Feature", "properties": {"Drain num": "C100", "length_m": 571.99, "valley": "Koramangala Challaghatta Valley", "subvalley": "KC_1", "ward_name": "27 - Vibhootipura,21 - Konena Agrahara,20 - Kodihalli,3 - Vasanth Nagar,3 - Vasanth Nagar,2 - Jayamahal,5 - Shivajinagar,7 - K Kamaraj Ward,5 - Shivajinagar,6 - Bharathi Nagar,3 - Vasanth Nagar,2 - Jayamahal,51 - Rajamahal,24 - Agaram,8 - Halasuru,7 - K Kamaraj Ward,8 - Halasuru,8 - Halasuru,5 - Shivajinagar,3 - Vasanth Nagar,24 - Agaram,9 - Hoysala Nagara Central,46 - Yamalur,27 - Vibhootipura,21 - Konena Agrahara,5 - Shivajinagar,7 - K Kamaraj Ward,6 - Bharathi Nagar,2 - Jayamahal,20 - Kodihalli,21 - Konena Agrahara,8 - Halasuru,9 - Hoysala Nagara Central,24 - Agaram,23 - Jogpalya,22 - Domluru,20 - Kodihalli", "Corporation": "Central"}, "geometry": {"type": "LineString", "coordinates": [[77.611811, 12.984417, 0.0], [77.612157, 12.98437, 0.0], [77.612456, 12.984026, 0.0], [77.61288, 12.98276, 0.0], [77.614999, 12.982161, 0.0], [77.615463, 12.981729, 0.0], [77.615686, 12.981625, 0.0]]}}, {"type": "Feature", "properties": {"Drain num": "C100", "length_m": 68.48, "valley": "Koramangala Challaghatta Valley", "subvalley": "KC_1", "ward_name": "27 - Vibhootipura,21 - Konena Agrahara,20 - Kodihalli,3 - Vasanth Nagar,3 - Vasanth Nagar,2 - Jayamahal,5 - Shivajinagar,7 - K Kamaraj Ward,5 - Shivajinagar,6 - Bharathi Nagar,3 - Vasanth Nagar,2 - Jayamahal,51 - Rajamahal,24 - Agaram,8 - Halasuru,7 - K Kamaraj Ward,8 - Halasuru,8 - Halasuru,5 - Shivajinagar,3 - Vasanth Nagar,24 - Agaram,9 - Hoysala Nagara Central,46 - Yamalur,27 - Vibhootipura,21 - Konena Agrahara,5 - Shivajinagar,7 - K Kamaraj Ward,6 - Bharathi Nagar,2 - Jayamahal,20 - Kodihalli,21 - Konena Agrahara,8 - Halasuru,9 - Hoysala Nagara Central,24 - Agaram,23 - Jogpalya,22 - Domluru,20 - Kodihalli", "Corporation": "Central"}, "geometry": {"type": "LineString", "coordinates": [[77.643727, 12.957997, 0.0], [77.644276, 12.957692, 0.0]]}}, {"type": "Feature", "properties": {"Drain num": "C100", "length_m": 47.17, "valley": "Koramangala Challaghatta Valley", "subvalley": "KC_1", "ward_name": "27 - Vibhootipura,21 - Konena Agrahara,20 - Kodihalli,3 - Vasanth Nagar,3 - Vasanth Nagar,2 - Jayamahal,5 - Shivajinagar,7 - K Kamaraj Ward,5 - Shivajinagar,6 - Bharathi Nagar,3 - Vasanth Nagar,2 - Jayamahal,51 - Rajamahal,24 - Agaram,8 - Halasuru,7 - K Kamaraj Ward,8 - Halasuru,8 - Halasuru,5 - Shivajinagar,3 - Vasanth Nagar,24 - Agaram,9 - Hoysala Nagara Central,46 - Yamalur,27 - Vibhootipura,21 - Konena Agrahara,5 - Shivajinagar,7 - K Kamaraj Ward,6 - Bharathi Nagar,2 - Jayamahal,20 - Kodihalli,21 - Konena Agrahara,8 - Halasuru,9 - Hoysala Nagara Central,24 - Agaram,23 - Jogpalya,22 - Domluru,20 - Kodihalli", "Corporation": "Central"}, "geometry": {"type": "LineString", "coordinates": [[77.598673, 12.988315, 0.0], [77.599076, 12.988156, 0.0]]}}, {"type": "Feature", "properties": {"Drain num": "C100", "length_m": 23.46, "valley": "Koramangala Challaghatta Valley", "subvalley": "KC_1", "ward_name": "27 - Vibhootipura,21 - Konena Agrahara,20 - Kodihalli,3 - Vasanth Nagar,3 - Vasanth Nagar,2 - Jayamahal,5 - Shivajinagar,7 - K Kamaraj Ward,5 - Shivajinagar,6 - Bharathi Nagar,3 - Vasanth Nagar,2 - Jayamahal,51 - Rajamahal,24 - Agaram,8 - Halasuru,7 - K Kamaraj Ward,8 - Halasuru,8 - Halasuru,5 - Shivajinagar,3 - Vasanth Nagar,24 - Agaram,9 - Hoysala Nagara Central,46 - Yamalur,27 - Vibhootipura,21 - Konena Agrahara,5 - Shivajinagar,7 - K Kamaraj Ward,6 - Bharathi Nagar,2 - Jayamahal,20 - Kodihalli,21 - Konena Agrahara,8 - Halasuru,9 - Hoysala Nagara Central,24 - Agaram,23 - Jogpalya,22 - Domluru,20 - Kodihalli", "Corporation": "West"}, "geometry": {"type": "LineString", "coordinates": [[77.594598, 12.995594, 0.0], [77.594517, 12.995397, 0.0]]}}, {"type": "Feature", "properties": {"Drain num": "C100", "length_m": 678.0, "valley": "Koramangala Challaghatta Valley", "subvalley": "KC_1", "ward_name": "27 - Vibhootipura,21 - Konena Agrahara,20 - Kodihalli,3 - Vasanth Nagar,3 - Vasanth Nagar,2 - Jayamahal,5 - Shivajinagar,7 - K Kamaraj Ward,5 - Shivajinagar,6 - Bharathi Nagar,3 - Vasanth Nagar,2 - Jayamahal,51 - Rajamahal,24 - Agaram,8 - Halasuru,7 - K Kamaraj Ward,8 - Halasuru,8 - Halasuru,5 - Shivajinagar,3 - Vasanth Nagar,24 - Agaram,9 - Hoysala Nagara Central,46 - Yamalur,27 - Vibhootipura,21 - Konena Agrahara,5 - Shivajinagar,7 - K Kamaraj Ward,6 - Bharathi Nagar,2 - Jayamahal,20 - Kodihalli,21 - Konena Agrahara,8 - Halasuru,9 - Hoysala Nagara Central,24 - Agaram,23 - Jogpalya,22 - Domluru,20 - Kodihalli", "Corporation": "Central"}, "geometry": {"type": "LineString", "coordinates": [[77.594517, 12.995397, 0.0], [77.594091, 12.99436, 0.0], [77.594714, 12.994059, 0.0], [77.594196, 12.993077, 0.0], [77.594837, 12.9927, 0.0], [77.59499, 12.992523, 0.0], [77.595371, 12.991974, 0.0], [77.596146, 12.990576, 0.0]]}}, {"type": "Feature", "properties": {"Drain num": "C100", "length_m": 513.32, "valley": "Koramangala Challaghatta Valley", "subvalley": "KC_1", "ward_name": "27 - Vibhootipura,21 - Konena Agrahara,20 - Kodihalli,3 - Vasanth Nagar,3 - Vasanth Nagar,2 - Jayamahal,5 - Shivajinagar,7 - K Kamaraj Ward,5 - Shivajinagar,6 - Bharathi Nagar,3 - Vasanth Nagar,2 - Jayamahal,51 - Rajamahal,24 - Agaram,8 - Halasuru,7 - K Kamaraj Ward,8 - Halasuru,8 - Halasuru,5 - Shivajinagar,3 - Vasanth Nagar,24 - Agaram,9 - Hoysala Nagara Central,46 - Yamalur,27 - Vibhootipura,21 - Konena Agrahara,5 - Shivajinagar,7 - K Kamaraj Ward,6 - Bharathi Nagar,2 - Jayamahal,20 - Kodihalli,21 - Konena Agrahara,8 - Halasuru,9 - Hoysala Nagara Central,24 - Agaram,23 - Jogpalya,22 - Domluru,20 - Kodihalli", "Corporation": "Central"}, "geometry": {"type": "LineString", "coordinates": [[77.603854, 12.986776, 0.0], [77.604711, 12.986557, 0.0], [77.605248, 12.986535, 0.0], [77.606143, 12.98686, 0.0], [77.607238, 12.986817, 0.0], [77.607825, 12.986696, 0.0], [77.608217, 12.98653, 0.0], [77.60838, 12.986373, 0.0]]}}, {"type": "Feature", "properties": {"Drain num": "C100", "length_m": 109.16, "valley": "Koramangala Challaghatta Valley", "subvalley": "KC_1", "ward_name": "27 - Vibhootipura,21 - Konena Agrahara,20 - Kodihalli,3 - Vasanth Nagar,3 - Vasanth Nagar,2 - Jayamahal,5 - Shivajinagar,7 - K Kamaraj Ward,5 - Shivajinagar,6 - Bharathi Nagar,3 - Vasanth Nagar,2 - Jayamahal,51 - Rajamahal,24 - Agaram,8 - Halasuru,7 - K Kamaraj Ward,8 - Halasuru,8 - Halasuru,5 - Shivajinagar,3 - Vasanth Nagar,24 - Agaram,9 - Hoysala Nagara Central,46 - Yamalur,27 - Vibhootipura,21 - Konena Agrahara,5 - Shivajinagar,7 - K Kamaraj Ward,6 - Bharathi Nagar,2 - Jayamahal,20 - Kodihalli,21 - Konena Agrahara,8 - Halasuru,9 - Hoysala Nagara Central,24 - Agaram,23 - Jogpalya,22 - Domluru,20 - Kodihalli", "Corporation": "Central"}, "geometry": {"type": "LineString", "coordinates": [[77.620186, 12.976145, 0.0], [77.620851, 12.976101, 0.0], [77.620891, 12.97643, 0.0]]}}, {"type": "Feature", "properties": {"Drain num": "C100", "length_m": 28.8, "valley": "Koramangala Challaghatta Valley", "subvalley": "KC_1", "ward_name": "27 - Vibhootipura,21 - Konena Agrahara,20 - Kodihalli,3 - Vasanth Nagar,3 - Vasanth Nagar,2 - Jayamahal,5 - Shivajinagar,7 - K Kamaraj Ward,5 - Shivajinagar,6 - Bharathi Nagar,3 - Vasanth Nagar,2 - Jayamahal,51 - Rajamahal,24 - Agaram,8 - Halasuru,7 - K Kamaraj Ward,8 - Halasuru,8 - Halasuru,5 - Shivajinagar,3 - Vasanth Nagar,24 - Agaram,9 - Hoysala Nagara Central,46 - Yamalur,27 - Vibhootipura,21 - Konena Agrahara,5 - Shivajinagar,7 - K Kamaraj Ward,6 - Bharathi Nagar,2 - Jayamahal,20 - Kodihalli,21 - Konena Agrahara,8 - Halasuru,9 - Hoysala Nagara Central,24 - Agaram,23 - Jogpalya,22 - Domluru,20 - Kodihalli", "Corporation": "Central"}, "geometry": {"type": "LineString", "coordinates": [[77.628348, 12.978208, 0.0], [77.628572, 12.978068, 0.0]]}}, {"type": "Feature", "properties": {"Drain num": "C100", "length_m": 389.04, "valley": "Koramangala Challaghatta Valley", "subvalley": "KC_1", "ward_name": "27 - Vibhootipura,21 - Konena Agrahara,20 - Kodihalli,3 - Vasanth Nagar,3 - Vasanth Nagar,2 - Jayamahal,5 - Shivajinagar,7 - K Kamaraj Ward,5 - Shivajinagar,6 - Bharathi Nagar,3 - Vasanth Nagar,2 - Jayamahal,51 - Rajamahal,24 - Agaram,8 - Halasuru,7 - K Kamaraj Ward,8 - Halasuru,8 - Halasuru,5 - Shivajinagar,3 - Vasanth Nagar,24 - Agaram,9 - Hoysala Nagara Central,46 - Yamalur,27 - Vibhootipura,21 - Konena Agrahara,5 - Shivajinagar,7 - K Kamaraj Ward,6 - Bharathi Nagar,2 - Jayamahal,20 - Kodihalli,21 - Konena Agrahara,8 - Halasuru,9 - Hoysala Nagara Central,24 - Agaram,23 - Jogpalya,22 - Domluru,20 - Kodihalli", "Corporation": "Central"}, "geometry": {"type": "LineString", "coordinates": [[77.601084, 12.987673, 0.0], [77.601289, 12.98759, 0.0], [77.601367, 12.987441, 0.0], [77.601462, 12.98681, 0.0], [77.60174, 12.986635, 0.0], [77.602668, 12.986563, 0.0], [77.603267, 12.986822, 0.0], [77.603506, 12.986865, 0.0], [77.603854, 12.986776, 0.0]]}}, {"type": "Feature", "properties": {"Drain num": "C100", "length_m": 392.46, "valley": "Koramangala Challaghatta Valley", "subvalley": "KC_1", "ward_name": "27 - Vibhootipura,21 - Konena Agrahara,20 - Kodihalli,3 - Vasanth Nagar,3 - Vasanth Nagar,2 - Jayamahal,5 - Shivajinagar,7 - K Kamaraj Ward,5 - Shivajinagar,6 - Bharathi Nagar,3 - Vasanth Nagar,2 - Jayamahal,51 - Rajamahal,24 - Agaram,8 - Halasuru,7 - K Kamaraj Ward,8 - Halasuru,8 - Halasuru,5 - Shivajinagar,3 - Vasanth Nagar,24 - Agaram,9 - Hoysala Nagara Central,46 - Yamalur,27 - Vibhootipura,21 - Konena Agrahara,5 - Shivajinagar,7 - K Kamaraj Ward,6 - Bharathi Nagar,2 - Jayamahal,20 - Kodihalli,21 - Konena Agrahara,8 - Halasuru,9 - Hoysala Nagara Central,24 - Agaram,23 - Jogpalya,22 - Domluru,20 - Kodihalli", "Corporation": "Central"}, "geometry": {"type": "LineString", "coordinates": [[77.620903, 12.97643, 0.0], [77.621088, 12.977228, 0.0], [77.621372, 12.977671, 0.0], [77.622158, 12.978116, 0.0], [77.622913, 12.978387, 0.0], [77.623443, 12.978463, 0.0]]}}, {"type": "Feature", "properties": {"Drain num": "C100", "length_m": 467.61, "valley": "Koramangala Challaghatta Valley", "subvalley": "KC_1", "ward_name": "27 - Vibhootipura,21 - Konena Agrahara,20 - Kodihalli,3 - Vasanth Nagar,3 - Vasanth Nagar,2 - Jayamahal,5 - Shivajinagar,7 - K Kamaraj Ward,5 - Shivajinagar,6 - Bharathi Nagar,3 - Vasanth Nagar,2 - Jayamahal,51 - Rajamahal,24 - Agaram,8 - Halasuru,7 - K Kamaraj Ward,8 - Halasuru,8 - Halasuru,5 - Shivajinagar,3 - Vasanth Nagar,24 - Agaram,9 - Hoysala Nagara Central,46 - Yamalur,27 - Vibhootipura,21 - Konena Agrahara,5 - Shivajinagar,7 - K Kamaraj Ward,6 - Bharathi Nagar,2 - Jayamahal,20 - Kodihalli,21 - Konena Agrahara,8 - Halasuru,9 - Hoysala Nagara Central,24 - Agaram,23 - Jogpalya,22 - Domluru,20 - Kodihalli", "Corporation": "Central"}, "geometry": {"type": "LineString", "coordinates": [[77.641999, 12.961687, 0.0], [77.642198, 12.961569, 0.0], [77.643103, 12.958527, 0.0], [77.643188, 12.958393, 0.0], [77.643727, 12.957997, 0.0]]}}, {"type": "Feature", "properties": {"Drain num": "C100", "length_m": 712.41, "valley": "Koramangala Challaghatta Valley", "subvalley": "KC_1", "ward_name": "27 - Vibhootipura,21 - Konena Agrahara,20 - Kodihalli,3 - Vasanth Nagar,3 - Vasanth Nagar,2 - Jayamahal,5 - Shivajinagar,7 - K Kamaraj Ward,5 - Shivajinagar,6 - Bharathi Nagar,3 - Vasanth Nagar,2 - Jayamahal,51 - Rajamahal,24 - Agaram,8 - Halasuru,7 - K Kamaraj Ward,8 - Halasuru,8 - Halasuru,5 - Shivajinagar,3 - Vasanth Nagar,24 - Agaram,9 - Hoysala Nagara Central,46 - Yamalur,27 - Vibhootipura,21 - Konena Agrahara,5 - Shivajinagar,7 - K Kamaraj Ward,6 - Bharathi Nagar,2 - Jayamahal,20 - Kodihalli,21 - Konena Agrahara,8 - Halasuru,9 - Hoysala Nagara Central,24 - Agaram,23 - Jogpalya,22 - Domluru,20 - Kodihalli", "Corporation": "Central"}, "geometry": {"type": "LineString", "coordinates": [[77.628572, 12.978068, 0.0], [77.630234, 12.97709, 0.0], [77.631693, 12.97643, 0.0], [77.631857, 12.976296, 0.0], [77.63261, 12.975108, 0.0], [77.632974, 12.973809, 0.0]]}}, {"type": "Feature", "properties": {"Drain num": "C100", "length_m": 1919.92, "valley": "Koramangala Challaghatta Valley", "subvalley": "KC_1", "ward_name": "27 - Vibhootipura,21 - Konena Agrahara,20 - Kodihalli,3 - Vasanth Nagar,3 - Vasanth Nagar,2 - Jayamahal,5 - Shivajinagar,7 - K Kamaraj Ward,5 - Shivajinagar,6 - Bharathi Nagar,3 - Vasanth Nagar,2 - Jayamahal,51 - Rajamahal,24 - Agaram,8 - Halasuru,7 - K Kamaraj Ward,8 - Halasuru,8 - Halasuru,5 - Shivajinagar,3 - Vasanth Nagar,24 - Agaram,9 - Hoysala Nagara Central,46 - Yamalur,27 - Vibhootipura,21 - Konena Agrahara,5 - Shivajinagar,7 - K Kamaraj Ward,6 - Bharathi Nagar,2 - Jayamahal,20 - Kodihalli,21 - Konena Agrahara,8 - Halasuru,9 - Hoysala Nagara Central,24 - Agaram,23 - Jogpalya,22 - Domluru,20 - Kodihalli", "Corporation": "East"}, "geometry": {"type": "LineString", "coordinates": [[77.652641, 12.951821, 0.0], [77.652591, 12.9517, 0.0], [77.651316, 12.950657, 0.0], [77.650918, 12.950615, 0.0], [77.650669, 12.950508, 0.0], [77.649542, 12.949103, 0.0], [77.649385, 12.948631, 0.0], [77.6493, 12.94799, 0.0], [77.649381, 12.947882, 0.0], [77.649677, 12.947603, 0.0], [77.65063, 12.947623, 0.0], [77.650728, 12.947285, 0.0], [77.651454, 12.947355, 0.0], [77.651603, 12.947154, 0.0], [77.652258, 12.946714, 0.0], [77.653263, 12.946267, 0.0], [77.654103, 12.946199, 0.0], [77.655413, 12.946224, 0.0], [77.657244, 12.945755, 0.0], [77.658534, 12.945823, 0.0], [77.658936, 12.945781, 0.0], [77.659213, 12.945668, 0.0], [77.660181, 12.944622, 0.0]]}}, {"type": "Feature", "properties": {"Drain num": "C100", "length_m": 13.51, "valley": "Koramangala Challaghatta Valley", "subvalley": "KC_1", "ward_name": "27 - Vibhootipura,21 - Konena Agrahara,20 - Kodihalli,3 - Vasanth Nagar,3 - Vasanth Nagar,2 - Jayamahal,5 - Shivajinagar,7 - K Kamaraj Ward,5 - Shivajinagar,6 - Bharathi Nagar,3 - Vasanth Nagar,2 - Jayamahal,51 - Rajamahal,24 - Agaram,8 - Halasuru,7 - K Kamaraj Ward,8 - Halasuru,8 - Halasuru,5 - Shivajinagar,3 - Vasanth Nagar,24 - Agaram,9 - Hoysala Nagara Central,46 - Yamalur,27 - Vibhootipura,21 - Konena Agrahara,5 - Shivajinagar,7 - K Kamaraj Ward,6 - Bharathi Nagar,2 - Jayamahal,20 - Kodihalli,21 - Konena Agrahara,8 - Halasuru,9 - Hoysala Nagara Central,24 - Agaram,23 - Jogpalya,22 - Domluru,20 - Kodihalli", "Corporation": "Central"}, "geometry": {"type": "LineString", "coordinates": [[77.600961, 12.98769, 0.0], [77.601084, 12.987673, 0.0]]}}, {"type": "Feature", "properties": {"Drain num": "C100", "length_m": 450.26, "valley": "Koramangala Challaghatta Valley", "subvalley": "KC_1", "ward_name": "27 - Vibhootipura,21 - Konena Agrahara,20 - Kodihalli,3 - Vasanth Nagar,3 - Vasanth Nagar,2 - Jayamahal,5 - Shivajinagar,7 - K Kamaraj Ward,5 - Shivajinagar,6 - Bharathi Nagar,3 - Vasanth Nagar,2 - Jayamahal,51 - Rajamahal,24 - Agaram,8 - Halasuru,7 - K Kamaraj Ward,8 - Halasuru,8 - Halasuru,5 - Shivajinagar,3 - Vasanth Nagar,24 - Agaram,9 - Hoysala Nagara Central,46 - Yamalur,27 - Vibhootipura,21 - Konena Agrahara,5 - Shivajinagar,7 - K Kamaraj Ward,6 - Bharathi Nagar,2 - Jayamahal,20 - Kodihalli,21 - Konena Agrahara,8 - Halasuru,9 - Hoysala Nagara Central,24 - Agaram,23 - Jogpalya,22 - Domluru,20 - Kodihalli", "Corporation": "Central"}, "geometry": {"type": "LineString", "coordinates": [[77.608404, 12.986355, 0.0], [77.60904, 12.985741, 0.0], [77.609992, 12.985541, 0.0], [77.610236, 12.985345, 0.0], [77.610523, 12.984688, 0.0], [77.610645, 12.98458, 0.0], [77.611702, 12.98445, 0.0]]}}, {"type": "Feature", "properties": {"Drain num": "C100", "length_m": 489.36, "valley": "Koramangala Challaghatta Valley", "subvalley": "KC_1", "ward_name": "27 - Vibhootipura,21 - Konena Agrahara,20 - Kodihalli,3 - Vasanth Nagar,3 - Vasanth Nagar,2 - Jayamahal,5 - Shivajinagar,7 - K Kamaraj Ward,5 - Shivajinagar,6 - Bharathi Nagar,3 - Vasanth Nagar,2 - Jayamahal,51 - Rajamahal,24 - Agaram,8 - Halasuru,7 - K Kamaraj Ward,8 - Halasuru,8 - Halasuru,5 - Shivajinagar,3 - Vasanth Nagar,24 - Agaram,9 - Hoysala Nagara Central,46 - Yamalur,27 - Vibhootipura,21 - Konena Agrahara,5 - Shivajinagar,7 - K Kamaraj Ward,6 - Bharathi Nagar,2 - Jayamahal,20 - Kodihalli,21 - Konena Agrahara,8 - Halasuru,9 - Hoysala Nagara Central,24 - Agaram,23 - Jogpalya,22 - Domluru,20 - Kodihalli", "Corporation": "Central"}, "geometry": {"type": "LineString", "coordinates": [[77.644779, 12.957311, 0.0], [77.645672, 12.956712, 0.0], [77.646546, 12.955462, 0.0], [77.647169, 12.955233, 0.0], [77.647278, 12.955108, 0.0], [77.647629, 12.954152, 0.0]]}}, {"type": "Feature", "properties": {"Drain num": "C100", "length_m": 44.74, "valley": "Koramangala Challaghatta Valley", "subvalley": "KC_1", "ward_name": "27 - Vibhootipura,21 - Konena Agrahara,20 - Kodihalli,3 - Vasanth Nagar,3 - Vasanth Nagar,2 - Jayamahal,5 - Shivajinagar,7 - K Kamaraj Ward,5 - Shivajinagar,6 - Bharathi Nagar,3 - Vasanth Nagar,2 - Jayamahal,51 - Rajamahal,24 - Agaram,8 - Halasuru,7 - K Kamaraj Ward,8 - Halasuru,8 - Halasuru,5 - Shivajinagar,3 - Vasanth Nagar,24 - Agaram,9 - Hoysala Nagara Central,46 - Yamalur,27 - Vibhootipura,21 - Konena Agrahara,5 - Shivajinagar,7 - K Kamaraj Ward,6 - Bharathi Nagar,2 - Jayamahal,20 - Kodihalli,21 - Konena Agrahara,8 - Halasuru,9 - Hoysala Nagara Central,24 - Agaram,23 - Jogpalya,22 - Domluru,20 - Kodihalli", "Corporation": "Central"}, "geometry": {"type": "LineString", "coordinates": [[77.623443, 12.978463, 0.0], [77.623853, 12.978502, 0.0]]}}, {"type": "Feature", "properties": {"Drain num": "C100", "length_m": 8.06, "valley": "Koramangala Challaghatta Valley", "subvalley": "KC_1", "ward_name": "27 - Vibhootipura,21 - Konena Agrahara,20 - Kodihalli,3 - Vasanth Nagar,3 - Vasanth Nagar,2 - Jayamahal,5 - Shivajinagar,7 - K Kamaraj Ward,5 - Shivajinagar,6 - Bharathi Nagar,3 - Vasanth Nagar,2 - Jayamahal,51 - Rajamahal,24 - Agaram,8 - Halasuru,7 - K Kamaraj Ward,8 - Halasuru,8 - Halasuru,5 - Shivajinagar,3 - Vasanth Nagar,24 - Agaram,9 - Hoysala Nagara Central,46 - Yamalur,27 - Vibhootipura,21 - Konena Agrahara,5 - Shivajinagar,7 - K Kamaraj Ward,6 - Bharathi Nagar,2 - Jayamahal,20 - Kodihalli,21 - Konena Agrahara,8 - Halasuru,9 - Hoysala Nagara Central,24 - Agaram,23 - Jogpalya,22 - Domluru,20 - Kodihalli", "Corporation": "Central"}, "geometry": {"type": "LineString", "coordinates": [[77.611737, 12.984427, 0.0], [77.611811, 12.984417, 0.0]]}}, {"type": "Feature", "properties": {"Drain num": "C100", "length_m": 72.01, "valley": "Koramangala Challaghatta Valley", "subvalley": "KC_1", "ward_name": "27 - Vibhootipura,21 - Konena Agrahara,20 - Kodihalli,3 - Vasanth Nagar,3 - Vasanth Nagar,2 - Jayamahal,5 - Shivajinagar,7 - K Kamaraj Ward,5 - Shivajinagar,6 - Bharathi Nagar,3 - Vasanth Nagar,2 - Jayamahal,51 - Rajamahal,24 - Agaram,8 - Halasuru,7 - K Kamaraj Ward,8 - Halasuru,8 - Halasuru,5 - Shivajinagar,3 - Vasanth Nagar,24 - Agaram,9 - Hoysala Nagara Central,46 - Yamalur,27 - Vibhootipura,21 - Konena Agrahara,5 - Shivajinagar,7 - K Kamaraj Ward,6 - Bharathi Nagar,2 - Jayamahal,20 - Kodihalli,21 - Konena Agrahara,8 - Halasuru,9 - Hoysala Nagara Central,24 - Agaram,23 - Jogpalya,22 - Domluru,20 - Kodihalli", "Corporation": "Central"}, "geometry": {"type": "LineString", "coordinates": [[77.644276, 12.957692, 0.0], [77.644788, 12.957283, 0.0]]}}, {"type": "Feature", "properties": {"Drain num": "C100", "length_m": 215.04, "valley": "Koramangala Challaghatta Valley", "subvalley": "KC_1", "ward_name": "27 - Vibhootipura,21 - Konena Agrahara,20 - Kodihalli,3 - Vasanth Nagar,3 - Vasanth Nagar,2 - Jayamahal,5 - Shivajinagar,7 - K Kamaraj Ward,5 - Shivajinagar,6 - Bharathi Nagar,3 - Vasanth Nagar,2 - Jayamahal,51 - Rajamahal,24 - Agaram,8 - Halasuru,7 - K Kamaraj Ward,8 - Halasuru,8 - Halasuru,5 - Shivajinagar,3 - Vasanth Nagar,24 - Agaram,9 - Hoysala Nagara Central,46 - Yamalur,27 - Vibhootipura,21 - Konena Agrahara,5 - Shivajinagar,7 - K Kamaraj Ward,6 - Bharathi Nagar,2 - Jayamahal,20 - Kodihalli,21 - Konena Agrahara,8 - Halasuru,9 - Hoysala Nagara Central,24 - Agaram,23 - Jogpalya,22 - Domluru,20 - Kodihalli", "Corporation": "Central"}, "geometry": {"type": "LineString", "coordinates": [[77.599076, 12.988156, 0.0], [77.599938, 12.987758, 0.0], [77.600961, 12.98769, 0.0]]}}, {"type": "Feature", "properties": {"Drain num": "C100", "length_m": 1827.29, "valley": "Koramangala Challaghatta Valley", "subvalley": "KC_1", "ward_name": "27 - Vibhootipura,21 - Konena Agrahara,20 - Kodihalli,3 - Vasanth Nagar,3 - Vasanth Nagar,2 - Jayamahal,5 - Shivajinagar,7 - K Kamaraj Ward,5 - Shivajinagar,6 - Bharathi Nagar,3 - Vasanth Nagar,2 - Jayamahal,51 - Rajamahal,24 - Agaram,8 - Halasuru,7 - K Kamaraj Ward,8 - Halasuru,8 - Halasuru,5 - Shivajinagar,3 - Vasanth Nagar,24 - Agaram,9 - Hoysala Nagara Central,46 - Yamalur,27 - Vibhootipura,21 - Konena Agrahara,5 - Shivajinagar,7 - K Kamaraj Ward,6 - Bharathi Nagar,2 - Jayamahal,20 - Kodihalli,21 - Konena Agrahara,8 - Halasuru,9 - Hoysala Nagara Central,24 - Agaram,23 - Jogpalya,22 - Domluru,20 - Kodihalli", "Corporation": "Central"}, "geometry": {"type": "LineString", "coordinates": [[77.632974, 12.973809, 0.0], [77.634766, 12.968245, 0.0], [77.635132, 12.966419, 0.0], [77.639248, 12.961915, 0.0], [77.640011, 12.961663, 0.0], [77.640328, 12.961635, 0.0], [77.6411, 12.961609, 0.0], [77.641999, 12.961687, 0.0]]}}, {"type": "Feature", "properties": {"Drain num": "C100", "length_m": 267.09, "valley": "Koramangala Challaghatta Valley", "subvalley": "KC_1", "ward_name": "27 - Vibhootipura,21 - Konena Agrahara,20 - Kodihalli,3 - Vasanth Nagar,3 - Vasanth Nagar,2 - Jayamahal,5 - Shivajinagar,7 - K Kamaraj Ward,5 - Shivajinagar,6 - Bharathi Nagar,3 - Vasanth Nagar,2 - Jayamahal,51 - Rajamahal,24 - Agaram,8 - Halasuru,7 - K Kamaraj Ward,8 - Halasuru,8 - Halasuru,5 - Shivajinagar,3 - Vasanth Nagar,24 - Agaram,9 - Hoysala Nagara Central,46 - Yamalur,27 - Vibhootipura,21 - Konena Agrahara,5 - Shivajinagar,7 - K Kamaraj Ward,6 - Bharathi Nagar,2 - Jayamahal,20 - Kodihalli,21 - Konena Agrahara,8 - Halasuru,9 - Hoysala Nagara Central,24 - Agaram,23 - Jogpalya,22 - Domluru,20 - Kodihalli", "Corporation": "Central"}, "geometry": {"type": "LineString", "coordinates": [[77.623853, 12.978502, 0.0], [77.626306, 12.978692, 0.0]]}}, {"type": "Feature", "properties": {"Drain num": "MD382", "length_m": 1358.27, "valley": "Koramangala Challaghatta Valley", "subvalley": "KC_2", "ward_name": "40 - Varthur,48 - Panathur", "Corporation": "East"}, "geometry": {"type": "LineString", "coordinates": [[77.732808, 12.941048, 0.0], [77.73277, 12.940644, 0.0], [77.732996, 12.939755, 0.0], [77.732867, 12.939242, 0.0], [77.733672, 12.937772, 0.0], [77.733484, 12.937353, 0.0], [77.733213, 12.937213, 0.0], [77.73316, 12.93703, 0.0], [77.733745, 12.934665, 0.0], [77.733761, 12.933587, 0.0], [77.733927, 12.933491, 0.0], [77.733911, 12.931432, 0.0], [77.73405, 12.930314, 0.0], [77.734045, 12.930225, 0.0], [77.733749, 12.930159, 0.0], [77.733493, 12.929776, 0.0]]}}, {"type": "Feature", "properties": {"Drain num": "C100", "length_m": 230.48, "valley": "Koramangala Challaghatta Valley", "subvalley": "KC_1", "ward_name": "27 - Vibhootipura,21 - Konena Agrahara,20 - Kodihalli,3 - Vasanth Nagar,3 - Vasanth Nagar,2 - Jayamahal,5 - Shivajinagar,7 - K Kamaraj Ward,5 - Shivajinagar,6 - Bharathi Nagar,3 - Vasanth Nagar,2 - Jayamahal,51 - Rajamahal,24 - Agaram,8 - Halasuru,7 - K Kamaraj Ward,8 - Halasuru,8 - Halasuru,5 - Shivajinagar,3 - Vasanth Nagar,24 - Agaram,9 - Hoysala Nagara Central,46 - Yamalur,27 - Vibhootipura,21 - Konena Agrahara,5 - Shivajinagar,7 - K Kamaraj Ward,6 - Bharathi Nagar,2 - Jayamahal,20 - Kodihalli,21 - Konena Agrahara,8 - Halasuru,9 - Hoysala Nagara Central,24 - Agaram,23 - Jogpalya,22 - Domluru,20 - Kodihalli", "Corporation": "Central"}, "geometry": {"type": "LineString", "coordinates": [[77.626306, 12.978692, 0.0], [77.626558, 12.978706, 0.0], [77.627908, 12.978415, 0.0], [77.628348, 12.978208, 0.0]]}}, {"type": "Feature", "properties": {"length_m": 1175.54, "valley": "Koramangala Challaghatta Valley", "subvalley": "KC_2", "ward_name": "50 - Gunjur", "Corporation": "East"}, "geometry": {"type": "LineString", "coordinates": [[77.711669, 12.917261, 0.0], [77.711857, 12.917366, 0.0], [77.711784, 12.917702, 0.0], [77.712394, 12.917885, 0.0], [77.712102, 12.918492, 0.0], [77.713248, 12.918856, 0.0], [77.714667, 12.919446, 0.0], [77.714987, 12.919744, 0.0], [77.715924, 12.919858, 0.0], [77.715928, 12.919384, 0.0], [77.716476, 12.919359, 0.0], [77.716481, 12.91896, 0.0], [77.716712, 12.918629, 0.0], [77.717286, 12.918747, 0.0], [77.71754, 12.918917, 0.0], [77.717835, 12.919, 0.0], [77.718028, 12.919166, 0.0], [77.718423, 12.919256, 0.0], [77.718932, 12.919052, 0.0], [77.718982, 12.918904, 0.0], [77.719191, 12.918723, 0.0]]}}, {"type": "Feature", "properties": {"length_m": 403.44, "valley": "Koramangala Challaghatta Valley", "subvalley": "KC_2", "ward_name": "40 - Varthur", "Corporation": "East"}, "geometry": {"type": "LineString", "coordinates": [[77.733546, 12.929849, 0.0], [77.732886, 12.929948, 0.0], [77.732793, 12.92984, 0.0], [77.732648, 12.929818, 0.0], [77.731666, 12.929775, 0.0], [77.729975, 12.930214, 0.0]]}}, {"type": "Feature", "properties": {"Drain num": "H200", "length_m": 470.79, "valley": "Hebbal Nagawara Valley", "subvalley": "HN_1", "ward_name": "63 - J.P PARK,54 - Subedarpalya,64 - Yeshwanthpura,62 - Brundavana Nagara,59 - Geddalahalli,48 - Mathikere,13 - Kodigehalli", "Corporation": "North"}, "geometry": {"type": "LineString", "coordinates": [[77.572848, 13.049877, 0.0], [77.572455, 13.049498, 0.0], [77.572116, 13.049504, 0.0], [77.572026, 13.049088, 0.0], [77.57193, 13.04897, 0.0], [77.57169, 13.048772, 0.0], [77.571384, 13.048669, 0.0], [77.571122, 13.048133, 0.0], [77.57085, 13.0481, 0.0], [77.570697, 13.04783, 0.0], [77.570858, 13.047407, 0.0], [77.570915, 13.046907, 0.0]]}}, {"type": "Feature", "properties": {"Drain num": "H200", "length_m": 19.71, "valley": "Hebbal Nagawara Valley", "subvalley": "HN_1", "ward_name": "63 - J.P PARK,54 - Subedarpalya,64 - Yeshwanthpura,62 - Brundavana Nagara,59 - Geddalahalli,48 - Mathikere,13 - Kodigehalli", "Corporation": "West"}, "geometry": {"type": "LineString", "coordinates": [[77.557596, 13.037801, 0.0], [77.557421, 13.037769, 0.0]]}}, {"type": "Feature", "properties": {"Drain num": "H200", "length_m": 2258.33, "valley": "Hebbal Nagawara Valley", "subvalley": "HN_1", "ward_name": "63 - J.P PARK,54 - Subedarpalya,64 - Yeshwanthpura,62 - Brundavana Nagara,59 - Geddalahalli,48 - Mathikere,13 - Kodigehalli", "Corporation": "North"}, "geometry": {"type": "LineString", "coordinates": [[77.557421, 13.037769, 0.0], [77.555718, 13.03741, 0.0], [77.55537, 13.03745, 0.0], [77.554757, 13.037251, 0.0], [77.552938, 13.037012, 0.0], [77.553346, 13.036614, 0.0], [77.553387, 13.03506, 0.0], [77.553633, 13.034343, 0.0], [77.553714, 13.034304, 0.0], [77.553878, 13.033905, 0.0], [77.553919, 13.033666, 0.0], [77.553919, 13.033109, 0.0], [77.553592, 13.032591, 0.0], [77.553714, 13.032471, 0.0], [77.553878, 13.032471, 0.0], [77.554614, 13.032153, 0.0], [77.554696, 13.031914, 0.0], [77.554737, 13.031276, 0.0], [77.554941, 13.030878, 0.0], [77.554941, 13.030081, 0.0], [77.555186, 13.029842, 0.0], [77.555636, 13.029643, 0.0], [77.55584, 13.029325, 0.0], [77.555881, 13.028528, 0.0], [77.555432, 13.027373, 0.0], [77.555309, 13.025859, 0.0], [77.555513, 13.02558, 0.0], [77.55584, 13.025421, 0.0], [77.557231, 13.024943, 0.0], [77.557312, 13.024744, 0.0], [77.557312, 13.024351, 0.0]]}}, {"type": "Feature", "properties": {"Drain num": "H200", "length_m": 0.98, "valley": "Hebbal Nagawara Valley", "subvalley": "HN_1", "ward_name": "63 - J.P PARK,54 - Subedarpalya,64 - Yeshwanthpura,62 - Brundavana Nagara,59 - Geddalahalli,48 - Mathikere,13 - Kodigehalli", "Corporation": "West"}, "geometry": {"type": "LineString", "coordinates": [[77.557312, 13.024351, 0.0], [77.55731, 13.024343, 0.0]]}}, {"type": "Feature", "properties": {"Drain num": "H200", "length_m": 314.35, "valley": "Hebbal Nagawara Valley", "subvalley": "HN_1", "ward_name": "63 - J.P PARK,54 - Subedarpalya,64 - Yeshwanthpura,62 - Brundavana Nagara,59 - Geddalahalli,48 - Mathikere,13 - Kodigehalli", "Corporation": "North"}, "geometry": {"type": "LineString", "coordinates": [[77.55731, 13.024343, 0.0], [77.556699, 13.02327, 0.0], [77.556331, 13.022075, 0.0], [77.556389, 13.021803, 0.0]]}}, {"type": "Feature", "properties": {"Drain num": "H200", "length_m": 564.75, "valley": "Hebbal Nagawara Valley", "subvalley": "HN_1", "ward_name": "63 - J.P PARK,54 - Subedarpalya,64 - Yeshwanthpura,62 - Brundavana Nagara,59 - Geddalahalli,48 - Mathikere,13 - Kodigehalli", "Corporation": "West"}, "geometry": {"type": "LineString", "coordinates": [[77.556389, 13.021803, 0.0], [77.556658, 13.021477, 0.0], [77.556658, 13.021119, 0.0], [77.555759, 13.019804, 0.0], [77.555759, 13.019406, 0.0], [77.556004, 13.019087, 0.0], [77.556045, 13.018928, 0.0], [77.556004, 13.017255, 0.0]]}}, {"type": "Feature", "properties": {"length_m": 442.9, "valley": "Koramangala Challaghatta Valley", "subvalley": "KC_2", "ward_name": "31 - Kasavanahalli,49 - Shivanasamudra Ward", "Corporation": "South"}, "geometry": {"type": "LineString", "coordinates": [[77.68248, 12.911507, 0.0], [77.683102, 12.911082, 0.0], [77.683102, 12.90993, 0.0], [77.682915, 12.908625, 0.0], [77.682542, 12.907928, 0.0]]}}, {"type": "Feature", "properties": {"length_m": 293.86, "valley": "Koramangala Challaghatta Valley", "subvalley": "KC_2", "ward_name": "50 - Gunjur", "Corporation": "East"}, "geometry": {"type": "LineString", "coordinates": [[77.719765, 12.916864, 0.0], [77.719308, 12.91666, 0.0], [77.718452, 12.916621, 0.0], [77.718179, 12.916502, 0.0], [77.718026, 12.916121, 0.0], [77.718048, 12.915791, 0.0], [77.718223, 12.915571, 0.0]]}}, {"type": "Feature", "properties": {"Drain num": "MD346", "length_m": 920.68, "valley": "Koramangala Challaghatta Valley", "subvalley": "KC_2", "ward_name": "49 - Shivanasamudra Ward,47 - Bellanduru", "Corporation": "East"}, "geometry": {"type": "LineString", "coordinates": [[77.677299, 12.9207, 0.0], [77.677134, 12.921188, 0.0], [77.677308, 12.92197, 0.0], [77.678607, 12.921677, 0.0], [77.678816, 12.921932, 0.0], [77.679031, 12.922387, 0.0], [77.6795, 12.924256, 0.0], [77.679742, 12.924659, 0.0], [77.679712, 12.925281, 0.0], [77.679475, 12.926369, 0.0], [77.679459, 12.927079, 0.0]]}}, {"type": "Feature", "properties": {"Drain num": "MD379", "length_m": 0.26, "valley": "Koramangala Challaghatta Valley", "subvalley": "KC_2", "ward_name": "37 - Kundalahalli,40 - Varthur", "Corporation": "East"}, "geometry": {"type": "LineString", "coordinates": [[77.723827, 12.956799, 0.0], [77.723827, 12.956797, 0.0]]}}, {"type": "Feature", "properties": {"Drain num": "MD379", "length_m": 1260.3, "valley": "Koramangala Challaghatta Valley", "subvalley": "KC_2", "ward_name": "37 - Kundalahalli", "Corporation": "East"}, "geometry": {"type": "LineString", "coordinates": [[77.723827, 12.956797, 0.0], [77.723817, 12.956005, 0.0], [77.724042, 12.955671, 0.0], [77.724875, 12.955443, 0.0], [77.725721, 12.955462, 0.0], [77.725889, 12.955091, 0.0], [77.725947, 12.954566, 0.0], [77.725731, 12.952813, 0.0], [77.725763, 12.952698, 0.0], [77.725933, 12.952667, 0.0], [77.725945, 12.952606, 0.0], [77.725881, 12.951782, 0.0], [77.725717, 12.951344, 0.0], [77.72571, 12.951064, 0.0], [77.725828, 12.950655, 0.0], [77.726555, 12.949252, 0.0], [77.726908, 12.949213, 0.0], [77.72699, 12.949116, 0.0], [77.727143, 12.94855, 0.0], [77.727037, 12.948136, 0.0], [77.727144, 12.947817, 0.0]]}}, {"type": "Feature", "properties": {"Drain num": "V200", "length_m": 1057.99, "valley": "Vrishabhavati Valley", "subvalley": "VV_1", "ward_name": "24 - Jnana Bharathi Ward,23 - Rajarajeshwari Nagara,79 - Nagarbhavi,34 - Peenya,33 - Lakshmi Devi Nagar,35 - Goraguntepalya,30 - Kempegowda Layout,42 - Raja Mayura Varma Ward,39 - Jai Maruthi Nagar,25 - Vinayaka Layout,29 - Chowdeshwari Nagar,28 - Kottegepalya,76 - Moodalapalya,31 - Freedom Fighter Ward,78 - Anubhava Nagara,74 - Pattegar Palya,72 - Kaveripura,44 - Shankar Mutt,46 - Kamalanagara,47 - Vrishabhavathi Nagar", "Corporation": "West"}, "geometry": {"type": "LineString", "coordinates": [[77.515279, 12.959632, 0.0], [77.514887, 12.958927, 0.0], [77.514609, 12.957897, 0.0], [77.514426, 12.957734, 0.0], [77.514099, 12.957969, 0.0], [77.513311, 12.958334, 0.0], [77.51244, 12.959175, 0.0], [77.511917, 12.959374, 0.0], [77.511776, 12.959298, 0.0], [77.511671, 12.959067, 0.0], [77.511686, 12.958839, 0.0], [77.511951, 12.958503, 0.0], [77.511859, 12.956914, 0.0], [77.511906, 12.956335, 0.0], [77.511787, 12.955684, 0.0], [77.512001, 12.955269, 0.0]]}}, {"type": "Feature", "properties": {"Drain num": "K200", "length_m": 1828.95, "valley": "Koramangala Challaghatta Valley", "subvalley": "KC_1", "ward_name": "10 - Abdul Kalam Nagar,9 - N.A.L Layout,18 - Viswamanava Kuvempu Ward,22 - S.G Palya,19 - New Tavarekere,21 - Chikka Adugodi,29 - Kormangala West,20 - Madiwala,61 - Kodi Chikkanahalli,30 - Jakkasandra,36 - Someshwara Nagara,37 - BHEL Ward,11 - Jayanagar East", "Corporation": "South"}, "geometry": {"type": "LineString", "coordinates": [[77.622331, 12.917516, 0.0], [77.621091, 12.919301, 0.0], [77.618368, 12.921041, 0.0], [77.617499, 12.921498, 0.0], [77.616357, 12.921962, 0.0], [77.616288, 12.92206, 0.0], [77.616272, 12.922443, 0.0], [77.615669, 12.923101, 0.0], [77.614698, 12.923464, 0.0], [77.614216, 12.923417, 0.0], [77.613822, 12.923492, 0.0], [77.613503, 12.923779, 0.0], [77.612484, 12.924093, 0.0], [77.611766, 12.924212, 0.0], [77.61024, 12.924869, 0.0], [77.609141, 12.924989, 0.0], [77.608389, 12.924794, 0.0]]}}, {"type": "Feature", "properties": {"Drain num": "MD379", "length_m": 0.06, "valley": "Koramangala Challaghatta Valley", "subvalley": "KC_2", "ward_name": "37 - Kundalahalli,40 - Varthur", "Corporation": "East"}, "geometry": {"type": "LineString", "coordinates": [[77.723827, 12.956796, 0.0], [77.723827, 12.956797, 0.0]]}}, {"type": "Feature", "properties": {"Drain num": "H300", "length_m": 1228.9, "valley": "Hebbal Nagawara Valley", "subvalley": "HN_1", "ward_name": "36 - Maruthi Seva Nagara,24 - HBR Layout,29 - Lingarajpura,23 - Hennur,30 - Kacharakanahalli,35 - Kammanahalli,33 - HRBR Layout,19 - Thanisandra", "Corporation": "North"}, "geometry": {"type": "LineString", "coordinates": [[77.625779, 13.033289, 0.0], [77.625209, 13.030759, 0.0], [77.625091, 13.030424, 0.0], [77.624738, 13.030027, 0.0], [77.624699, 13.02984, 0.0], [77.625014, 13.028107, 0.0], [77.625867, 13.024755, 0.0], [77.626815, 13.022742, 0.0]]}}, {"type": "Feature", "properties": {"Drain num": "C100", "length_m": 808.48, "valley": "Koramangala Challaghatta Valley", "subvalley": "KC_1", "ward_name": "27 - Vibhootipura,21 - Konena Agrahara,20 - Kodihalli,3 - Vasanth Nagar,3 - Vasanth Nagar,2 - Jayamahal,5 - Shivajinagar,7 - K Kamaraj Ward,5 - Shivajinagar,6 - Bharathi Nagar,3 - Vasanth Nagar,2 - Jayamahal,51 - Rajamahal,24 - Agaram,8 - Halasuru,7 - K Kamaraj Ward,8 - Halasuru,8 - Halasuru,5 - Shivajinagar,3 - Vasanth Nagar,24 - Agaram,9 - Hoysala Nagara Central,46 - Yamalur,27 - Vibhootipura,21 - Konena Agrahara,5 - Shivajinagar,7 - K Kamaraj Ward,6 - Bharathi Nagar,2 - Jayamahal,20 - Kodihalli,21 - Konena Agrahara,8 - Halasuru,9 - Hoysala Nagara Central,24 - Agaram,23 - Jogpalya,22 - Domluru,20 - Kodihalli", "Corporation": "Central"}, "geometry": {"type": "LineString", "coordinates": [[77.615686, 12.981625, 0.0], [77.616222, 12.98101, 0.0], [77.617878, 12.980246, 0.0], [77.618066, 12.980038, 0.0], [77.620186, 12.976145, 0.0]]}}, {"type": "Feature", "properties": {"Drain num": "V100", "length_m": 749.85, "valley": "Vrishabhavati Valley", "subvalley": "VV_1", "ward_name": "22 - Bangarappa Nagara,94 - Deepanjali Nagara,91 - Gali Anjaneya Temple Ward,51 - Old Guddadahalli,86 - Vidyaranyanagara,87 - K.P Agrahara,88 - Sangolli Rayanna Ward,85 - Adi Chunchanagiri Ward,63 - Okalipuram,61 - Dattatreya Ward,60 - Seshadripuram,52 - Kodandarampura,59 - Nehru Nagar,62 - Swatantra Palya Ward,56 - Gopalpura,61 - Da.Ra. Bendre Ward,93 - Avalahalli,89 - Bapuji Nagara", "Corporation": "West"}, "geometry": {"type": "LineString", "coordinates": [[77.541378, 12.953198, 0.0], [77.541758, 12.954314, 0.0], [77.541658, 12.955128, 0.0], [77.541921, 12.955751, 0.0], [77.542107, 12.955996, 0.0], [77.542561, 12.956316, 0.0], [77.54293, 12.956776, 0.0], [77.543387, 12.95707, 0.0], [77.543638, 12.957392, 0.0], [77.543729, 12.957756, 0.0], [77.543646, 12.958156, 0.0], [77.543678, 12.958315, 0.0], [77.544046, 12.958965, 0.0]]}}, {"type": "Feature", "properties": {"Drain num": "H300", "length_m": 1544.47, "valley": "Hebbal Nagawara Valley", "subvalley": "HN_1", "ward_name": "36 - Maruthi Seva Nagara,24 - HBR Layout,29 - Lingarajpura,23 - Hennur,30 - Kacharakanahalli,35 - Kammanahalli,33 - HRBR Layout,19 - Thanisandra", "Corporation": "North"}, "geometry": {"type": "LineString", "coordinates": [[77.634803, 13.040946, 0.0], [77.634156, 13.04069, 0.0], [77.633031, 13.040423, 0.0], [77.630012, 13.039985, 0.0], [77.629244, 13.040057, 0.0], [77.626412, 13.038272, 0.0], [77.626115, 13.037691, 0.0], [77.626179, 13.036792, 0.0], [77.625779, 13.033289, 0.0]]}}, {"type": "Feature", "properties": {"Drain num": "MD379", "length_m": 735.96, "valley": "Koramangala Challaghatta Valley", "subvalley": "KC_2", "ward_name": "37 - Kundalahalli", "Corporation": "East"}, "geometry": {"type": "LineString", "coordinates": [[77.720289, 12.966645, 0.0], [77.720912, 12.963855, 0.0], [77.72197, 12.963521, 0.0], [77.722063, 12.962005, 0.0], [77.721565, 12.961884, 0.0], [77.721804, 12.961246, 0.0]]}}, {"type": "Feature", "properties": {"Drain num": "MD346", "length_m": 340.91, "valley": "Koramangala Challaghatta Valley", "subvalley": "KC_2", "ward_name": "49 - Shivanasamudra Ward,47 - Bellanduru", "Corporation": "East"}, "geometry": {"type": "LineString", "coordinates": [[77.679464, 12.926711, 0.0], [77.681699, 12.928188, 0.0], [77.681536, 12.928593, 0.0]]}}, {"type": "Feature", "properties": {"length_m": 332.05, "valley": "Koramangala Challaghatta Valley", "subvalley": "KC_2", "ward_name": "49 - Shivanasamudra Ward", "Corporation": "East"}, "geometry": {"type": "LineString", "coordinates": [[77.682838, 12.914598, 0.0], [77.683732, 12.914413, 0.0], [77.684182, 12.914188, 0.0], [77.683996, 12.913812, 0.0], [77.684003, 12.913669, 0.0], [77.683793, 12.913346, 0.0], [77.684291, 12.912951, 0.0]]}}, {"type": "Feature", "properties": {"Drain num": "MD332A", "length_m": 74.25, "valley": "Koramangala Challaghatta Valley", "subvalley": "KC_2", "ward_name": "43 - Dodda Nekkundi", "Corporation": "East"}, "geometry": {"type": "LineString", "coordinates": [[77.68851, 12.968134, 0.0], [77.688728, 12.967498, 0.0]]}}, {"type": "Feature", "properties": {"Drain num": "MD332A", "length_m": 197.1, "valley": "Koramangala Challaghatta Valley", "subvalley": "KC_2", "ward_name": "23 - Sangama Ward", "Corporation": "East"}, "geometry": {"type": "LineString", "coordinates": [[77.686296, 12.969664, 0.0], [77.686546, 12.969316, 0.0], [77.687692, 12.969095, 0.0], [77.687748, 12.968901, 0.0]]}}, {"type": "Feature", "properties": {"Drain num": "MD332A", "length_m": 167.26, "valley": "Koramangala Challaghatta Valley", "subvalley": "KC_2", "ward_name": "43 - Dodda Nekkundi", "Corporation": "East"}, "geometry": {"type": "LineString", "coordinates": [[77.687743, 12.968906, 0.0], [77.68778, 12.968122, 0.0], [77.688515, 12.968132, 0.0]]}}, {"type": "Feature", "properties": {"length_m": 421.1, "valley": "Koramangala Challaghatta Valley", "subvalley": "KC_2", "ward_name": "36 - Bharath Aikya Ward,43 - Dodda Nekkundi", "Corporation": "East"}, "geometry": {"type": "LineString", "coordinates": [[77.700111, 12.972542, 0.0], [77.700723, 12.972678, 0.0], [77.700915, 12.972425, 0.0], [77.702101, 12.972873, 0.0], [77.70363, 12.972241, 0.0]]}}, {"type": "Feature", "properties": {"Drain num": "MD332A", "length_m": 449.36, "valley": "Koramangala Challaghatta Valley", "subvalley": "KC_2", "ward_name": "24 - Vignananagara", "Corporation": "East"}, "geometry": {"type": "LineString", "coordinates": [[77.678341, 12.968837, 0.0], [77.678825, 12.968877, 0.0], [77.679825, 12.968758, 0.0], [77.680629, 12.96896, 0.0], [77.681394, 12.968924, 0.0], [77.682399, 12.969202, 0.0]]}}, {"type": "Feature", "properties": {"length_m": 655.59, "valley": "Koramangala Challaghatta Valley", "subvalley": "KC_2", "ward_name": "23 - Sangama Ward,24 - Vignananagara", "Corporation": "East"}, "geometry": {"type": "LineString", "coordinates": [[77.67794, 12.966745, 0.0], [77.679395, 12.966448, 0.0], [77.680122, 12.967386, 0.0], [77.683391, 12.966663, 0.0]]}}, {"type": "Feature", "properties": {"length_m": 616.91, "valley": "Koramangala Challaghatta Valley", "subvalley": "KC_2", "ward_name": "43 - Dodda Nekkundi", "Corporation": "East"}, "geometry": {"type": "LineString", "coordinates": [[77.691603, 12.975604, 0.0], [77.691896, 12.975729, 0.0], [77.693169, 12.975987, 0.0], [77.693334, 12.976196, 0.0], [77.693976, 12.976322, 0.0], [77.694748, 12.976348, 0.0], [77.695347, 12.976478, 0.0], [77.696057, 12.976415, 0.0], [77.696181, 12.976012, 0.0], [77.696515, 12.97592, 0.0], [77.696635, 12.975709, 0.0]]}}, {"type": "Feature", "properties": {"length_m": 368.89, "valley": "Koramangala Challaghatta Valley", "subvalley": "KC_2", "ward_name": "43 - Dodda Nekkundi", "Corporation": "East"}, "geometry": {"type": "LineString", "coordinates": [[77.697884, 12.974867, 0.0], [77.698133, 12.974831, 0.0], [77.698825, 12.974272, 0.0], [77.698906, 12.974113, 0.0], [77.699257, 12.973885, 0.0], [77.700037, 12.972893, 0.0], [77.700107, 12.972544, 0.0]]}}, {"type": "Feature", "properties": {"length_m": 902.22, "valley": "Koramangala Challaghatta Valley", "subvalley": "KC_2", "ward_name": "22 - Mahadevapura,35 - Garudachar Palya", "Corporation": "East"}, "geometry": {"type": "LineString", "coordinates": [[77.69163, 12.988934, 0.0], [77.691264, 12.989295, 0.0], [77.691338, 12.989538, 0.0], [77.690846, 12.989806, 0.0], [77.691045, 12.990338, 0.0], [77.690536, 12.99044, 0.0], [77.689929, 12.990748, 0.0], [77.690057, 12.991111, 0.0], [77.690044, 12.991371, 0.0], [77.689832, 12.991622, 0.0], [77.690362, 12.992879, 0.0], [77.690805, 12.993592, 0.0], [77.691133, 12.994729, 0.0], [77.691246, 12.995412, 0.0]]}}, {"type": "Feature", "properties": {"length_m": 252.44, "valley": "Koramangala Challaghatta Valley", "subvalley": "KC_2", "ward_name": "22 - Mahadevapura", "Corporation": "East"}, "geometry": {"type": "LineString", "coordinates": [[77.691266, 12.989294, 0.0], [77.690222, 12.989695, 0.0], [77.689989, 12.98998, 0.0], [77.68925, 12.990327, 0.0]]}}, {"type": "Feature", "properties": {"length_m": 885.5, "valley": "Koramangala Challaghatta Valley", "subvalley": "KC_2", "ward_name": "25 - L.B Shastri Nagar,26 - Jagadish Nagar", "Corporation": "East"}, "geometry": {"type": "LineString", "coordinates": [[77.674124, 12.967467, 0.0], [77.67378, 12.967455, 0.0], [77.673294, 12.967304, 0.0], [77.672596, 12.966956, 0.0], [77.670468, 12.966153, 0.0], [77.669881, 12.966111, 0.0], [77.669749, 12.966197, 0.0], [77.668523, 12.966018, 0.0], [77.668572, 12.965418, 0.0], [77.667546, 12.965564, 0.0], [77.667027, 12.965806, 0.0]]}}, {"type": "Feature", "properties": {"length_m": 1555.79, "valley": "Koramangala Challaghatta Valley", "subvalley": "KC_2", "ward_name": "20 - A Narayanapura,22 - Mahadevapura,43 - Dodda Nekkundi", "Corporation": "East"}, "geometry": {"type": "LineString", "coordinates": [[77.679072, 12.996135, 0.0], [77.680877, 12.995529, 0.0], [77.683491, 12.995953, 0.0], [77.684145, 12.995104, 0.0], [77.684145, 12.994012, 0.0], [77.683896, 12.992678, 0.0], [77.686074, 12.992678, 0.0], [77.68763, 12.991647, 0.0], [77.688595, 12.990647, 0.0], [77.68928, 12.990395, 0.0]]}}, {"type": "Feature", "properties": {"Drain num": "MD349A", "length_m": 833.35, "valley": "Koramangala Challaghatta Valley", "subvalley": "KC_2", "ward_name": "48 - Panathur", "Corporation": "East"}, "geometry": {"type": "LineString", "coordinates": [[77.704727, 12.941965, 0.0], [77.704615, 12.941838, 0.0], [77.704431, 12.941885, 0.0], [77.703685, 12.942282, 0.0], [77.70329, 12.942413, 0.0], [77.703179, 12.942563, 0.0], [77.703054, 12.942594, 0.0], [77.703046, 12.94272, 0.0], [77.70268, 12.942921, 0.0], [77.70226, 12.942956, 0.0], [77.701893, 12.943091, 0.0], [77.701737, 12.943174, 0.0], [77.701507, 12.943486, 0.0], [77.70036, 12.944267, 0.0], [77.700186, 12.944267, 0.0], [77.699839, 12.944647, 0.0], [77.699924, 12.944867, 0.0], [77.700163, 12.944975, 0.0], [77.700497, 12.944963, 0.0], [77.701029, 12.945535, 0.0]]}}, {"type": "Feature", "properties": {"Drain num": "MD265", "length_m": 900.17, "valley": "Koramangala Challaghatta Valley", "subvalley": "KC_2", "ward_name": "41 - Munnenkolalu,42 - Priyadarshini Ward", "Corporation": "East"}, "geometry": {"type": "LineString", "coordinates": [[77.71054, 12.953508, 0.0], [77.710393, 12.953987, 0.0], [77.70949, 12.955748, 0.0], [77.709421, 12.956184, 0.0], [77.709049, 12.956758, 0.0], [77.708444, 12.959923, 0.0], [77.708859, 12.959905, 0.0], [77.709721, 12.959627, 0.0]]}}, {"type": "Feature", "properties": {"Drain num": "MD265", "length_m": 129.38, "valley": "Koramangala Challaghatta Valley", "subvalley": "KC_2", "ward_name": "41 - Munnenkolalu,42 - Priyadarshini Ward,37 - Kundalahalli,40 - Varthur", "Corporation": "East"}, "geometry": {"type": "LineString", "coordinates": [[77.712459, 12.948212, 0.0], [77.711691, 12.948479, 0.0], [77.71147, 12.948647, 0.0], [77.71148, 12.948726, 0.0]]}}, {"type": "Feature", "properties": {"Drain num": "H300", "length_m": 1157.9, "valley": "Hebbal Nagawara Valley", "subvalley": "HN_1", "ward_name": "36 - Maruthi Seva Nagara,24 - HBR Layout,29 - Lingarajpura,23 - Hennur,30 - Kacharakanahalli,35 - Kammanahalli,33 - HRBR Layout,19 - Thanisandra", "Corporation": "North"}, "geometry": {"type": "LineString", "coordinates": [[77.628832, 13.012565, 0.0], [77.629628, 13.011862, 0.0], [77.629721, 13.011507, 0.0], [77.630378, 13.011254, 0.0], [77.630395, 13.011473, 0.0], [77.631064, 13.010729, 0.0], [77.631736, 13.010148, 0.0], [77.632382, 13.008799, 0.0], [77.632519, 13.00868, 0.0], [77.632476, 13.008406, 0.0], [77.632329, 13.008216, 0.0], [77.631395, 13.00755, 0.0], [77.631389, 13.007041, 0.0], [77.631968, 13.005991, 0.0], [77.631773, 13.00479, 0.0]]}}, {"type": "Feature", "properties": {"Drain num": "K200", "length_m": 703.13, "valley": "Koramangala Challaghatta Valley", "subvalley": "KC_1", "ward_name": "61 - Kodi Chikkanahalli,72 - HSR Layout", "Corporation": "South"}, "geometry": {"type": "LineString", "coordinates": [[77.638585, 12.915715, 0.0], [77.63849, 12.915717, 0.0], [77.63848, 12.915598, 0.0], [77.637802, 12.91565, 0.0], [77.635629, 12.915966, 0.0], [77.632262, 12.916262, 0.0]]}}, {"type": "Feature", "properties": {"Drain num": "RN223", "length_m": 492.68, "valley": "Vrishabhavati Valley", "subvalley": "VV_1", "ward_name": "20 - Hemmigepura,21 - Mylasandra,52 - Talagattapura,22 - Bangarappa Nagara,51 - Subramanyapura,49 - Uttarahalli,6 - Gowdanapalya", "Corporation": "South"}, "geometry": {"type": "LineString", "coordinates": [[77.526594, 12.895288, 0.0], [77.526202, 12.895308, 0.0], [77.525953, 12.89557, 0.0], [77.525745, 12.895995, 0.0], [77.525372, 12.89555, 0.0], [77.524666, 12.895368, 0.0], [77.524376, 12.896015, 0.0], [77.524791, 12.896723, 0.0], [77.524649, 12.89712, 0.0]]}}, {"type": "Feature", "properties": {"Drain num": "H200", "length_m": 1179.84, "valley": "Hebbal Nagawara Valley", "subvalley": "HN_1", "ward_name": "63 - J.P PARK,54 - Subedarpalya,64 - Yeshwanthpura,62 - Brundavana Nagara,59 - Geddalahalli,48 - Mathikere,13 - Kodigehalli", "Corporation": "North"}, "geometry": {"type": "LineString", "coordinates": [[77.570915, 13.046907, 0.0], [77.570924, 13.046573, 0.0], [77.569772, 13.046442, 0.0], [77.569159, 13.045613, 0.0], [77.568294, 13.044843, 0.0], [77.567926, 13.044401, 0.0], [77.567761, 13.04416, 0.0], [77.567576, 13.043486, 0.0], [77.567365, 13.043143, 0.0], [77.566347, 13.042547, 0.0], [77.56483, 13.041377, 0.0], [77.564789, 13.040879, 0.0], [77.564623, 13.040622, 0.0], [77.563655, 13.03994, 0.0]]}}, {"type": "Feature", "properties": {"Drain num": "H200", "length_m": 849.48, "valley": "Hebbal Nagawara Valley", "subvalley": "HN_1", "ward_name": "63 - J.P PARK,54 - Subedarpalya,64 - Yeshwanthpura,62 - Brundavana Nagara,59 - Geddalahalli,48 - Mathikere,13 - Kodigehalli", "Corporation": "West"}, "geometry": {"type": "LineString", "coordinates": [[77.563655, 13.03994, 0.0], [77.562632, 13.039483, 0.0], [77.562445, 13.039942, 0.0], [77.561621, 13.039779, 0.0], [77.561088, 13.039853, 0.0], [77.560739, 13.039363, 0.0], [77.559805, 13.037676, 0.0], [77.559302, 13.037888, 0.0], [77.557629, 13.037647, 0.0]]}}, {"type": "Feature", "properties": {"Drain num": "H400", "length_m": 946.44, "valley": "Hebbal Nagawara Valley", "subvalley": "HN_2", "ward_name": "31 - Kalyanagar,2 - Horamavu,32 - Banaswadi,3 - Chellakere", "Corporation": "North"}, "geometry": {"type": "LineString", "coordinates": [[77.644775, 13.014934, 0.0], [77.645206, 13.023472, 0.0]]}}, {"type": "Feature", "properties": {"Drain num": "H400", "length_m": 1274.14, "valley": "Hebbal Nagawara Valley", "subvalley": "HN_2", "ward_name": "31 - Kalyanagar,2 - Horamavu,32 - Banaswadi,3 - Chellakere", "Corporation": "East"}, "geometry": {"type": "LineString", "coordinates": [[77.645228, 13.023886, 0.0], [77.645342, 13.02456, 0.0], [77.64323, 13.028326, 0.0], [77.643096, 13.029592, 0.0], [77.643144, 13.029775, 0.0], [77.64343, 13.029616, 0.0], [77.644096, 13.029767, 0.0], [77.644946, 13.029725, 0.0], [77.645287, 13.029842, 0.0], [77.645411, 13.030123, 0.0], [77.645517, 13.030831, 0.0], [77.645411, 13.032015, 0.0], [77.645612, 13.03262, 0.0]]}}, {"type": "Feature", "properties": {"Drain num": "H400", "length_m": 31.97, "valley": "Hebbal Nagawara Valley", "subvalley": "HN_2", "ward_name": "31 - Kalyanagar,2 - Horamavu,32 - Banaswadi,3 - Chellakere", "Corporation": "North"}, "geometry": {"type": "LineString", "coordinates": [[77.644919, 13.035974, 0.0], [77.644675, 13.036131, 0.0]]}}, {"type": "Feature", "properties": {"Drain num": "H400", "length_m": 784.09, "valley": "Hebbal Nagawara Valley", "subvalley": "HN_2", "ward_name": "31 - Kalyanagar,2 - Horamavu,32 - Banaswadi,3 - Chellakere", "Corporation": "East"}, "geometry": {"type": "LineString", "coordinates": [[77.644675, 13.036131, 0.0], [77.644451, 13.036284, 0.0], [77.644275, 13.03695, 0.0], [77.644138, 13.03799, 0.0], [77.643866, 13.038547, 0.0], [77.64375, 13.039083, 0.0], [77.643005, 13.039082, 0.0], [77.642709, 13.039176, 0.0], [77.642547, 13.040967, 0.0], [77.642733, 13.041992, 0.0]]}}, {"type": "Feature", "properties": {"Drain num": "V300", "length_m": 1961.8, "valley": "Vrishabhavati Valley", "subvalley": "VV_1", "ward_name": "22 - Bangarappa Nagara,94 - Deepanjali Nagara,112 - Hosakerehalli,95 - Swamy Vivekananda Ward,97 - Srinivasa Nagara", "Corporation": "West"}, "geometry": {"type": "LineString", "coordinates": [[77.539198, 12.933526, 0.0], [77.539223, 12.9323, 0.0], [77.538662, 12.932281, 0.0], [77.538219, 12.931732, 0.0], [77.537845, 12.931625, 0.0], [77.537448, 12.931668, 0.0], [77.536305, 12.932274, 0.0], [77.536058, 12.931907, 0.0], [77.535209, 12.93205, 0.0], [77.534698, 12.931774, 0.0], [77.534517, 12.93175, 0.0], [77.534271, 12.931838, 0.0], [77.534127, 12.932863, 0.0], [77.533868, 12.933286, 0.0], [77.53358, 12.934004, 0.0], [77.532931, 12.933972, 0.0], [77.532365, 12.933657, 0.0], [77.531514, 12.933853, 0.0], [77.530407, 12.933787, 0.0], [77.529927, 12.933943, 0.0], [77.527986, 12.934022, 0.0], [77.527491, 12.934294, 0.0], [77.526978, 12.935102, 0.0], [77.526789, 12.935591, 0.0], [77.526002, 12.935848, 0.0]]}}, {"type": "Feature", "properties": {"Drain num": "V300", "length_m": 1358.22, "valley": "Vrishabhavati Valley", "subvalley": "VV_1", "ward_name": "22 - Bangarappa Nagara,94 - Deepanjali Nagara,112 - Hosakerehalli,95 - Swamy Vivekananda Ward,97 - Srinivasa Nagara", "Corporation": "West"}, "geometry": {"type": "LineString", "coordinates": [[77.546866, 12.934432, 0.0], [77.545343, 12.935365, 0.0], [77.544337, 12.935797, 0.0], [77.54427, 12.936036, 0.0], [77.544319, 12.936312, 0.0], [77.544229, 12.936549, 0.0], [77.543796, 12.936815, 0.0], [77.543416, 12.937419, 0.0], [77.542508, 12.937648, 0.0], [77.541783, 12.937931, 0.0], [77.541124, 12.938034, 0.0], [77.540733, 12.937917, 0.0], [77.539965, 12.935918, 0.0], [77.539374, 12.933821, 0.0], [77.539198, 12.933526, 0.0]]}}, {"type": "Feature", "properties": {"Drain num": "V300", "length_m": 110.25, "valley": "Vrishabhavati Valley", "subvalley": "VV_1", "ward_name": "22 - Bangarappa Nagara,94 - Deepanjali Nagara,112 - Hosakerehalli,95 - Swamy Vivekananda Ward,97 - Srinivasa Nagara", "Corporation": "West"}, "geometry": {"type": "LineString", "coordinates": [[77.547682, 12.934021, 0.0], [77.547509, 12.933947, 0.0], [77.547383, 12.933973, 0.0], [77.546866, 12.934432, 0.0]]}}, {"type": "Feature", "properties": {"Drain num": "V100", "length_m": 1.74, "valley": "Vrishabhavati Valley", "subvalley": "VV_1", "ward_name": "22 - Bangarappa Nagara,94 - Deepanjali Nagara,91 - Gali Anjaneya Temple Ward,51 - Old Guddadahalli,86 - Vidyaranyanagara,87 - K.P Agrahara,88 - Sangolli Rayanna Ward,85 - Adi Chunchanagiri Ward,63 - Okalipuram,61 - Dattatreya Ward,60 - Seshadripuram,52 - Kodandarampura,59 - Nehru Nagar,62 - Swatantra Palya Ward,56 - Gopalpura,61 - Da.Ra. Bendre Ward,93 - Avalahalli,89 - Bapuji Nagara", "Corporation": "West"}, "geometry": {"type": "LineString", "coordinates": [[77.544046, 12.958965, 0.0], [77.544052, 12.95898, 0.0]]}}, {"type": "Feature", "properties": {"Drain num": "V200", "length_m": 3073.99, "valley": "Vrishabhavati Valley", "subvalley": "VV_1", "ward_name": "24 - Jnana Bharathi Ward,23 - Rajarajeshwari Nagara,79 - Nagarbhavi,34 - Peenya,33 - Lakshmi Devi Nagar,35 - Goraguntepalya,30 - Kempegowda Layout,42 - Raja Mayura Varma Ward,39 - Jai Maruthi Nagar,25 - Vinayaka Layout,29 - Chowdeshwari Nagar,28 - Kottegepalya,76 - Moodalapalya,31 - Freedom Fighter Ward,78 - Anubhava Nagara,74 - Pattegar Palya,72 - Kaveripura,44 - Shankar Mutt,46 - Kamalanagara,47 - Vrishabhavathi Nagar", "Corporation": "West"}, "geometry": {"type": "LineString", "coordinates": [[77.532003, 13.033117, 0.0], [77.531677, 13.032534, 0.0], [77.531294, 13.032237, 0.0], [77.530984, 13.031614, 0.0], [77.531392, 13.031412, 0.0], [77.530843, 13.030157, 0.0], [77.530893, 13.030058, 0.0], [77.531228, 13.029897, 0.0], [77.530059, 13.027302, 0.0], [77.529902, 13.027361, 0.0], [77.529071, 13.026889, 0.0], [77.528176, 13.024976, 0.0], [77.528149, 13.024893, 0.0], [77.528333, 13.024461, 0.0], [77.528737, 13.024244, 0.0], [77.528803, 13.024105, 0.0], [77.52855, 13.023686, 0.0], [77.527533, 13.021395, 0.0], [77.527515, 13.02133, 0.0], [77.527782, 13.021249, 0.0], [77.527692, 13.021052, 0.0], [77.527364, 13.020777, 0.0], [77.52747, 13.020535, 0.0], [77.527885, 13.02021, 0.0], [77.528097, 13.019788, 0.0], [77.528476, 13.019756, 0.0], [77.528597, 13.019678, 0.0], [77.528621, 13.019358, 0.0], [77.528159, 13.017741, 0.0], [77.528469, 13.017563, 0.0], [77.528934, 13.017146, 0.0], [77.528773, 13.016679, 0.0], [77.528695, 13.015721, 0.0], [77.528006, 13.014893, 0.0], [77.526842, 13.013265, 0.0], [77.526896, 13.011768, 0.0], [77.527339, 13.011171, 0.0], [77.527469, 13.010743, 0.0], [77.527699, 13.010479, 0.0]]}}, {"type": "Feature", "properties": {"Drain num": "V200", "length_m": 1774.38, "valley": "Vrishabhavati Valley", "subvalley": "VV_1", "ward_name": "24 - Jnana Bharathi Ward,23 - Rajarajeshwari Nagara,79 - Nagarbhavi,34 - Peenya,33 - Lakshmi Devi Nagar,35 - Goraguntepalya,30 - Kempegowda Layout,42 - Raja Mayura Varma Ward,39 - Jai Maruthi Nagar,25 - Vinayaka Layout,29 - Chowdeshwari Nagar,28 - Kottegepalya,76 - Moodalapalya,31 - Freedom Fighter Ward,78 - Anubhava Nagara,74 - Pattegar Palya,72 - Kaveripura,44 - Shankar Mutt,46 - Kamalanagara,47 - Vrishabhavathi Nagar", "Corporation": "West"}, "geometry": {"type": "LineString", "coordinates": [[77.527699, 13.010479, 0.0], [77.528051, 13.009714, 0.0], [77.528702, 13.008966, 0.0], [77.530268, 13.008771, 0.0], [77.530418, 13.008534, 0.0], [77.530479, 13.008084, 0.0], [77.530421, 13.007825, 0.0], [77.530203, 13.007722, 0.0], [77.530081, 13.00752, 0.0], [77.529895, 13.006247, 0.0], [77.529939, 13.005886, 0.0], [77.529572, 13.004844, 0.0], [77.529592, 13.004219, 0.0], [77.529219, 13.003868, 0.0], [77.528977, 13.003481, 0.0], [77.528991, 13.003111, 0.0], [77.529199, 13.002567, 0.0], [77.529165, 13.002314, 0.0], [77.528773, 13.001889, 0.0], [77.528003, 13.0015, 0.0], [77.527898, 13.001357, 0.0], [77.527817, 12.999454, 0.0], [77.527713, 12.999313, 0.0], [77.527337, 12.999156, 0.0], [77.526012, 12.998811, 0.0], [77.52604, 12.998683, 0.0]]}}, {"type": "Feature", "properties": {"Drain num": "H400", "length_m": 307.52, "valley": "Hebbal Nagawara Valley", "subvalley": "HN_2", "ward_name": "31 - Kalyanagar,12 - Kasturi Nagar", "Corporation": "North"}, "geometry": {"type": "LineString", "coordinates": [[77.645362, 13.012245, 0.0], [77.644794, 13.014039, 0.0], [77.644775, 13.014934, 0.0]]}}]}