{"type": "FeatureCollection", "features": [{"type": "Feature", "properties": {"sec_id": 1, "length_m": 1900.12, "valley": "Arkavathi Valley", "subvalley": "AV_1", "ward_name": "6 - Doddabettahalli,8 - Singapura,7 - Attur,9 - Kuvempunagara", "Corporation": "North"}, "geometry": {"type": "LineString", "coordinates": [[77.539711, 13.087994], [77.539993, 13.087262], [77.540932, 13.086257], [77.544029, 13.084977], [77.543372, 13.082874], [77.544217, 13.081959], [77.547033, 13.082051], [77.548723, 13.081685], [77.551163, 13.081319], [77.550976, 13.080588], [77.55117, 13.079957]]}}, {"type": "Feature", "properties": {"sec_id": 2, "length_m": 652.87, "valley": "Arkavathi Valley", "subvalley": "AV_1", "ward_name": "8 - Singapura", "Corporation": "North"}, "geometry": {"type": "LineString", "coordinates": [[77.541589, 13.079216], [77.539336, 13.079216], [77.538679, 13.079765], [77.53774, 13.080222], [77.536426, 13.081502]]}}, {"type": "Feature", "properties": {"sec_id": 3, "pri_Drain num": "BP114", "length_m": 439.44, "valley": "Arkavathi Valley", "subvalley": "AV_1", "ward_name": "9 - Kuvempunagara", "Corporation": "North"}, "geometry": {"type": "LineString", "coordinates": [[77.538491, 13.069616], [77.53896, 13.069158], [77.539805, 13.069616], [77.540932, 13.071719]]}}, {"type": "Feature", "properties": {"sec_id": 4, "pri_Drain num": "BP114", "length_m": 363.37, "valley": "Arkavathi Valley", "subvalley": "AV_1", "ward_name": "9 - Kuvempunagara", "Corporation": "North"}, "geometry": {"type": "LineString", "coordinates": [[77.538491, 13.069616], [77.539148, 13.071261], [77.539805, 13.072633]]}}, {"type": "Feature", "properties": {"sec_id": 5, "length_m": 524.15, "valley": "Arkavathi Valley", "subvalley": "AV_1", "ward_name": "65 - Abbigere", "Corporation": "North"}, "geometry": {"type": "LineString", "coordinates": [[77.521782, 13.079948], [77.523284, 13.079948], [77.524317, 13.079216], [77.524974, 13.078119], [77.525725, 13.078211]]}}, {"type": "Feature", "properties": {"sec_id": 6, "pri_Drain num": "DH233", "length_m": 1270.27, "valley": "Arkavathi Valley", "subvalley": "AV_2", "ward_name": "69 - Bagalagunte", "Corporation": "North"}, "geometry": {"type": "LineString", "coordinates": [[77.493152, 13.062986], [77.494842, 13.062986], [77.495217, 13.063809], [77.496531, 13.063809], [77.497376, 13.064449], [77.498409, 13.065089], [77.499441, 13.065272], [77.499535, 13.066004], [77.503196, 13.065547]]}}, {"type": "Feature", "properties": {"sec_id": 7, "pri_Drain num": "DH233", "length_m": 1060.32, "valley": "Arkavathi Valley", "subvalley": "AV_2", "ward_name": "69 - Bagalagunte", "Corporation": "North"}, "geometry": {"type": "LineString", "coordinates": [[77.498972, 13.057683], [77.499347, 13.058414], [77.500098, 13.05942], [77.5016, 13.059694], [77.502445, 13.060152], [77.504229, 13.059877], [77.505073, 13.058963], [77.505824, 13.058506], [77.507045, 13.058414]]}}, {"type": "Feature", "properties": {"sec_id": 8, "pri_Drain num": "DH213", "length_m": 258.05, "valley": "Arkavathi Valley", "subvalley": "AV_2", "ward_name": "71 - Nele Maheshwaramma Temple Ward,72 - Dasarahalli,2 - Chokkasandra", "Corporation": "West"}, "geometry": {"type": "LineString", "coordinates": [[77.506951, 13.043234], [77.507326, 13.043509], [77.508394, 13.04506]]}}, {"type": "Feature", "properties": {"sec_id": 8, "pri_Drain num": "DH213", "length_m": 986.49, "valley": "Arkavathi Valley", "subvalley": "AV_2", "ward_name": "71 - Nele Maheshwaramma Temple Ward,72 - Dasarahalli,2 - Chokkasandra", "Corporation": "North"}, "geometry": {"type": "LineString", "coordinates": [[77.508394, 13.04506], [77.509298, 13.046435], [77.509673, 13.047715], [77.51033, 13.048721], [77.510987, 13.050367], [77.512395, 13.050641], [77.513991, 13.050824]]}}, {"type": "Feature", "properties": {"sec_id": 9, "pri_Drain num": "DH211", "length_m": 563.15, "valley": "Arkavathi Valley", "subvalley": "AV_2", "ward_name": "3 - Nelagadaranahalli,2 - Chokkasandra", "Corporation": "West"}, "geometry": {"type": "LineString", "coordinates": [[77.51446, 13.041131], [77.514742, 13.040216], [77.514648, 13.039485], [77.514273, 13.038845], [77.514179, 13.03793], [77.514179, 13.036193]]}}, {"type": "Feature", "properties": {"sec_id": 10, "pri_Drain num": "DH213", "length_m": 1265.29, "valley": "Arkavathi Valley", "subvalley": "AV_2", "ward_name": "1 - Nagasandra", "Corporation": "West"}, "geometry": {"type": "LineString", "coordinates": [[77.502257, 13.044515], [77.501788, 13.042777], [77.50282, 13.042777], [77.502914, 13.040857], [77.502914, 13.040034], [77.50282, 13.039211], [77.50329, 13.039028], [77.503384, 13.036833], [77.50282, 13.034547]]}}, {"type": "Feature", "properties": {"sec_id": 11, "pri_Drain num": "DH213", "length_m": 1783.32, "valley": "Arkavathi Valley", "subvalley": "AV_2", "ward_name": "3 - Nelagadaranahalli,2 - Chokkasandra,1 - Nagasandra", "Corporation": "West"}, "geometry": {"type": "LineString", "coordinates": [[77.513334, 13.031437], [77.512395, 13.031163], [77.511457, 13.031346], [77.509861, 13.033083], [77.509485, 13.034547], [77.508734, 13.03601], [77.508171, 13.037656], [77.507608, 13.037839], [77.506857, 13.039028], [77.506951, 13.039393], [77.506388, 13.039576], [77.50573, 13.040857], [77.505449, 13.04168], [77.505261, 13.043417]]}}, {"type": "Feature", "properties": {"sec_id": 12, "pri_Drain num": "DH221", "length_m": 808.07, "valley": "Arkavathi Valley", "subvalley": "AV_2", "ward_name": "11 - Dodda Bidarakallu", "Corporation": "West"}, "geometry": {"type": "LineString", "coordinates": [[77.489773, 13.038296], [77.490617, 13.038205], [77.490899, 13.037382], [77.491087, 13.037382], [77.491462, 13.036833], [77.491744, 13.036101], [77.492213, 13.035278], [77.492213, 13.034729], [77.49287, 13.034455], [77.49334, 13.034455], [77.493903, 13.034272], [77.494278, 13.033632]]}}, {"type": "Feature", "properties": {"sec_id": 13, "pri_Drain num": "DH221", "length_m": 1014.72, "valley": "Arkavathi Valley", "subvalley": "AV_2", "ward_name": "12 - Andrahalli,11 - Dodda Bidarakallu", "Corporation": "West"}, "geometry": {"type": "LineString", "coordinates": [[77.486393, 13.037199], [77.486957, 13.036833], [77.486863, 13.036101], [77.487144, 13.035735], [77.486863, 13.034638], [77.486863, 13.033906], [77.48752, 13.033906], [77.48752, 13.032626], [77.487238, 13.031712], [77.487238, 13.029883], [77.487144, 13.029151]]}}, {"type": "Feature", "properties": {"sec_id": 14, "pri_Drain num": "DH221", "length_m": 1147.65, "valley": "Arkavathi Valley", "subvalley": "AV_2", "ward_name": "11 - Dodda Bidarakallu", "Corporation": "West"}, "geometry": {"type": "LineString", "coordinates": [[77.49578, 13.029151], [77.493527, 13.029608], [77.492589, 13.030157], [77.490993, 13.030431], [77.490805, 13.030523], [77.490524, 13.031346], [77.489866, 13.031712], [77.489116, 13.032718], [77.488646, 13.032718], [77.488646, 13.033541], [77.48752, 13.033449]]}}, {"type": "Feature", "properties": {"sec_id": 15, "pri_Drain num": "DH135", "length_m": 651.21, "valley": "Arkavathi Valley", "subvalley": "AV_1", "ward_name": "65 - Abbigere,67 - Shettihalli", "Corporation": "North"}, "geometry": {"type": "LineString", "coordinates": [[77.51737, 13.069936], [77.51737, 13.069021], [77.518403, 13.068473], [77.518778, 13.067741], [77.519999, 13.066461], [77.52028, 13.065638], [77.520186, 13.065272]]}}, {"type": "Feature", "properties": {"sec_id": 16, "pri_Drain num": "DH135", "length_m": 422.78, "valley": "Arkavathi Valley", "subvalley": "AV_1", "ward_name": "66 - Kammagondanahalli,67 - Shettihalli", "Corporation": "North"}, "geometry": {"type": "LineString", "coordinates": [[77.527133, 13.066735], [77.527696, 13.064541], [77.527602, 13.063901], [77.526945, 13.063261]]}}, {"type": "Feature", "properties": {"sec_id": 17, "pri_Drain num": "DH311", "length_m": 557.95, "valley": "Arkavathi Valley", "subvalley": "AV_2", "ward_name": "3 - Nelagadaranahalli", "Corporation": "West"}, "geometry": {"type": "LineString", "coordinates": [[77.498784, 13.024853], [77.498878, 13.026041], [77.499441, 13.02659], [77.500004, 13.027322], [77.500474, 13.029425]]}}, {"type": "Feature", "properties": {"sec_id": 18, "pri_Drain num": "DH311", "length_m": 374.96, "valley": "Arkavathi Valley", "subvalley": "AV_2", "ward_name": "3 - Nelagadaranahalli", "Corporation": "West"}, "geometry": {"type": "LineString", "coordinates": [[77.506106, 13.030889], [77.506012, 13.029242], [77.505824, 13.028236], [77.505355, 13.027688]]}}, {"type": "Feature", "properties": {"sec_id": 19, "pri_Drain num": "DH311", "length_m": 443.44, "valley": "Arkavathi Valley", "subvalley": "AV_2", "ward_name": "3 - Nelagadaranahalli", "Corporation": "West"}, "geometry": {"type": "LineString", "coordinates": [[77.498878, 13.026041], [77.501037, 13.026224], [77.501976, 13.027047], [77.50207, 13.027688]]}}, {"type": "Feature", "properties": {"sec_id": 20, "pri_Drain num": "DH311", "length_m": 423.75, "valley": "Arkavathi Valley", "subvalley": "AV_2", "ward_name": "4 - Parvathi Nagar", "Corporation": "West"}, "geometry": {"type": "LineString", "coordinates": [[77.512958, 13.023206], [77.514554, 13.024761], [77.515399, 13.024395], [77.515962, 13.024853]]}}, {"type": "Feature", "properties": {"sec_id": 21, "pri_Drain num": "DH213", "length_m": 401.3, "valley": "Arkavathi Valley", "subvalley": "AV_2", "ward_name": "70 - Manjunatha Nagar,1 - Nagasandra", "Corporation": "West"}, "geometry": {"type": "LineString", "coordinates": [[77.499723, 13.044606], [77.499723, 13.046618], [77.50038, 13.046618], [77.500672, 13.047544]]}}, {"type": "Feature", "properties": {"sec_id": 21, "pri_Drain num": "DH213", "length_m": 30.44, "valley": "Arkavathi Valley", "subvalley": "AV_2", "ward_name": "70 - Manjunatha Nagar,1 - Nagasandra", "Corporation": "North"}, "geometry": {"type": "LineString", "coordinates": [[77.500672, 13.047544], [77.500755, 13.047807]]}}, {"type": "Feature", "properties": {"sec_id": 22, "pri_Drain num": "DH211", "length_m": 843.37, "valley": "Arkavathi Valley", "subvalley": "AV_2", "ward_name": "34 - Peenya,2 - Chokkasandra", "Corporation": "West"}, "geometry": {"type": "LineString", "coordinates": [[77.51737, 13.03793], [77.518497, 13.038662], [77.519248, 13.039942], [77.519811, 13.039668], [77.520656, 13.039028], [77.521313, 13.039942], [77.521782, 13.040308], [77.522252, 13.040857], [77.522252, 13.041588]]}}, {"type": "Feature", "properties": {"sec_id": 23, "pri_Drain num": "DH321", "length_m": 631.03, "valley": "Arkavathi Valley", "subvalley": "AV_2", "ward_name": "12 - Andrahalli", "Corporation": "West"}, "geometry": {"type": "LineString", "coordinates": [[77.482169, 13.018999], [77.482169, 13.020646], [77.482545, 13.021926], [77.482075, 13.022749], [77.482545, 13.023481], [77.482545, 13.024395]]}}, {"type": "Feature", "properties": {"sec_id": 24, "pri_Drain num": "DH331", "length_m": 827.65, "valley": "Arkavathi Valley", "subvalley": "AV_2", "ward_name": "12 - Andrahalli", "Corporation": "West"}, "geometry": {"type": "LineString", "coordinates": [[77.488365, 13.010951], [77.489866, 13.011043], [77.490336, 13.011225], [77.491275, 13.011774], [77.492119, 13.012049], [77.492495, 13.012597], [77.494184, 13.012323], [77.495217, 13.012414], [77.495405, 13.012506]]}}, {"type": "Feature", "properties": {"sec_id": 25, "pri_Drain num": "DH321", "length_m": 424.63, "valley": "Arkavathi Valley", "subvalley": "AV_2", "ward_name": "12 - Andrahalli", "Corporation": "West"}, "geometry": {"type": "LineString", "coordinates": [[77.483296, 13.018725], [77.483014, 13.017445], [77.483389, 13.01717], [77.483859, 13.01653], [77.48414, 13.015981], [77.484704, 13.015615]]}}, {"type": "Feature", "properties": {"sec_id": 26, "length_m": 795.18, "valley": "Arkavathi Valley", "subvalley": "AV_2", "ward_name": "6 - Shivapura", "Corporation": "West"}, "geometry": {"type": "LineString", "coordinates": [[77.500192, 13.01653], [77.500568, 13.015615], [77.500849, 13.015433], [77.50038, 13.014609], [77.500098, 13.013512], [77.500098, 13.01214], [77.500004, 13.010768], [77.500661, 13.009945]]}}, {"type": "Feature", "properties": {"sec_id": 27, "length_m": 886.79, "valley": "Arkavathi Valley", "subvalley": "AV_2", "ward_name": "6 - Shivapura,8 - Hegganahalli", "Corporation": "West"}, "geometry": {"type": "LineString", "coordinates": [[77.500849, 13.015433], [77.50207, 13.013969], [77.503759, 13.010585], [77.503947, 13.009671], [77.503571, 13.008299]]}}, {"type": "Feature", "properties": {"sec_id": 28, "pri_Drain num": "DH352", "length_m": 773.93, "valley": "Arkavathi Valley", "subvalley": "AV_2", "ward_name": "12 - Andrahalli,13 - Nada prabhu Kempegowda Nagara", "Corporation": "West"}, "geometry": {"type": "LineString", "coordinates": [[77.48166, 13.003621], [77.483671, 13.003085], [77.484704, 13.002628], [77.485079, 13.002537], [77.486112, 13.003085], [77.488271, 13.002171]]}}, {"type": "Feature", "properties": {"sec_id": 29, "pri_Drain num": "DH361", "length_m": 339.67, "valley": "Arkavathi Valley", "subvalley": "AV_2", "ward_name": "13 - Nada prabhu Kempegowda Nagara", "Corporation": "West"}, "geometry": {"type": "LineString", "coordinates": [[77.482263, 12.996683], [77.484704, 12.994762]]}}, {"type": "Feature", "properties": {"sec_id": 30, "length_m": 416.19, "valley": "Arkavathi Valley", "subvalley": "VV_2", "ward_name": "14 - Herohalli", "Corporation": "West"}, "geometry": {"type": "LineString", "coordinates": [[77.489397, 12.990555], [77.489585, 12.991652], [77.490336, 12.993299], [77.490148, 12.994122]]}}, {"type": "Feature", "properties": {"sec_id": 31, "length_m": 2033.82, "valley": "Arkavathi Valley", "subvalley": "VV_2", "ward_name": "9 - Srigandhanagar,14 - Herohalli,10 - Sunkadakatte", "Corporation": "West"}, "geometry": {"type": "LineString", "coordinates": [[77.492964, 12.989914], [77.493997, 12.993299], [77.495311, 12.993299], [77.499066, 12.998329], [77.500004, 12.999701], [77.501225, 12.999701], [77.502914, 13.002079], [77.504416, 13.001531]]}}, {"type": "Feature", "properties": {"sec_id": 32, "length_m": 1368.23, "valley": "Arkavathi Valley", "subvalley": "VV_2", "ward_name": "14 - Herohalli,10 - Sunkadakatte", "Corporation": "West"}, "geometry": {"type": "LineString", "coordinates": [[77.493809, 12.988908], [77.49456, 12.989274], [77.494842, 12.989914], [77.496907, 12.989823], [77.498409, 12.990738], [77.498878, 12.991286], [77.499629, 12.991744], [77.501131, 12.991286], [77.502163, 12.991652], [77.502914, 12.99339], [77.503478, 12.994213]]}}, {"type": "Feature", "properties": {"Drain num": "DH142A", "sec_id": 33, "pri_Drain num": "DH143", "length_m": 432.25, "valley": "Arkavathi Valley", "subvalley": "AV_1", "ward_name": "68 - Mallasandra,67 - Shettihalli", "Corporation": "North"}, "geometry": {"type": "LineString", "coordinates": [[77.514138, 13.061766], [77.513486, 13.060992], [77.513428, 13.060374], [77.512958, 13.058466], [77.512794, 13.058191]]}}, {"type": "Feature", "properties": {"sec_id": 34, "pri_Drain num": "DH311", "length_m": 231.53, "valley": "Arkavathi Valley", "subvalley": "AV_2", "ward_name": "3 - Nelagadaranahalli", "Corporation": "West"}, "geometry": {"type": "LineString", "coordinates": [[77.505948, 13.027384], [77.507263, 13.027351], [77.508054, 13.027444]]}}, {"type": "Feature", "properties": {"sec_id": 35, "length_m": 85.68, "valley": "Arkavathi Valley", "subvalley": "VV_2", "ward_name": "15 - Byadarahalli", "Corporation": "West"}, "geometry": {"type": "LineString", "coordinates": [[77.474582, 12.977561], [77.475305, 12.977296]]}}, {"type": "Feature", "properties": {"sec_id": 36, "pri_Drain num": "DH311", "length_m": 260.4, "valley": "Arkavathi Valley", "subvalley": "AV_2", "ward_name": "3 - Nelagadaranahalli", "Corporation": "West"}, "geometry": {"type": "LineString", "coordinates": [[77.50207, 13.027688], [77.50249, 13.027602], [77.502632, 13.027285], [77.502845, 13.027127], [77.503191, 13.027058], [77.504136, 13.027078]]}}, {"type": "Feature", "properties": {"sec_id": 37, "length_m": 915.29, "valley": "Vrishabhavati Valley", "subvalley": "VV_1", "ward_name": "28 - Kottegepalya,27 - Srigandada Kaval,29 - Chowdeshwari Nagar", "Corporation": "West"}, "geometry": {"type": "LineString", "coordinates": [[77.507136, 12.996779], [77.506917, 12.99628], [77.5068, 12.995624], [77.506712, 12.994811], [77.506756, 12.994326], [77.506888, 12.994212], [77.507297, 12.994083], [77.507415, 12.993641], [77.507737, 12.993427], [77.507912, 12.9929], [77.508293, 12.992457], [77.508805, 12.992329], [77.508952, 12.991758], [77.509113, 12.991687], [77.509654, 12.991659], [77.509669, 12.991416], [77.509991, 12.991288], [77.51005, 12.990746]]}}, {"type": "Feature", "properties": {"Drain num": "DH367", "sec_id": 38, "length_m": 2280.26, "valley": "Arkavathi Valley", "subvalley": "VV_2", "ward_name": "15 - Byadarahalli,14 - Herohalli,13 - Nada prabhu Kempegowda Nagara", "Corporation": "West"}, "geometry": {"type": "LineString", "coordinates": [[77.48632, 12.985639], [77.485295, 12.985183], [77.484797, 12.985068], [77.484329, 12.985068], [77.484153, 12.985183], [77.48389, 12.985582], [77.483275, 12.985753], [77.483099, 12.986381], [77.482602, 12.986666], [77.481899, 12.986752], [77.481548, 12.986894], [77.480113, 12.987208], [77.478766, 12.987265], [77.478239, 12.987379], [77.477917, 12.987693], [77.477683, 12.987779], [77.477214, 12.988178], [77.477185, 12.988806], [77.476746, 12.989034], [77.476629, 12.989234], [77.476073, 12.989519], [77.475194, 12.98949], [77.475136, 12.989547], [77.474989, 12.989975], [77.474814, 12.990232], [77.474579, 12.990375], [77.474492, 12.991088], [77.474257, 12.99163], [77.473525, 12.992315], [77.473321, 12.993085], [77.472647, 12.993342], [77.47253, 12.993741], [77.47253, 12.994141], [77.472413, 12.994397], [77.472413, 12.994683], [77.472267, 12.994882], [77.472208, 12.995225], [77.472149, 12.995253]]}}, {"type": "Feature", "properties": {"Drain num": "DH612", "sec_id": 39, "length_m": 286.38, "valley": "Arkavathi Valley", "subvalley": "VV_2", "ward_name": "15 - Byadarahalli", "Corporation": "West"}, "geometry": {"type": "LineString", "coordinates": [[77.473944, 12.981209], [77.474075, 12.981145], [77.474238, 12.9814], [77.474696, 12.982643], [77.474892, 12.982929], [77.474958, 12.983312]]}}, {"type": "Feature", "properties": {"Drain num": "DH612A", "sec_id": 40, "length_m": 394.65, "valley": "Arkavathi Valley", "subvalley": "VV_2", "ward_name": "15 - Byadarahalli", "Corporation": "West"}, "geometry": {"type": "LineString", "coordinates": [[77.474565, 12.98226], [77.474631, 12.982388], [77.47499, 12.982228], [77.475579, 12.982101], [77.476527, 12.982037], [77.476821, 12.981846], [77.477148, 12.98175], [77.477312, 12.982101], [77.477279, 12.982483]]}}, {"type": "Feature", "properties": {"Drain num": "RN522", "sec_id": 41, "pri_Drain num": "RN522", "length_m": 194.43, "valley": "Arkavathi Valley", "subvalley": "VV_2", "ward_name": "15 - Byadarahalli,14 - Herohalli", "Corporation": "West"}, "geometry": {"type": "LineString", "coordinates": [[77.490359, 12.986944], [77.490523, 12.986817], [77.490719, 12.986179], [77.490751, 12.985733], [77.49065, 12.98534]]}}, {"type": "Feature", "properties": {"Drain num": "DH236", "sec_id": 42, "pri_Drain num": "DH233", "length_m": 98.23, "valley": "Arkavathi Valley", "subvalley": "AV_2", "ward_name": "69 - Bagalagunte", "Corporation": "North"}, "geometry": {"type": "LineString", "coordinates": [[77.492501, 13.06205], [77.492762, 13.062321], [77.492935, 13.062784]]}}, {"type": "Feature", "properties": {"Drain num": "DH236", "sec_id": 42, "pri_Drain num": "DH233", "length_m": 432.78, "valley": "Arkavathi Valley", "subvalley": "AV_2", "ward_name": "69 - Bagalagunte", "Corporation": "North"}, "geometry": {"type": "LineString", "coordinates": [[77.492935, 13.062784], [77.493152, 13.062986], [77.493089, 13.063213], [77.493253, 13.064152], [77.493923, 13.064551], [77.494185, 13.064885], [77.494365, 13.066]]}}, {"type": "Feature", "properties": {"Drain num": "BP113", "sec_id": 43, "length_m": 177.06, "valley": "Arkavathi Valley", "subvalley": "AV_1", "ward_name": "8 - Singapura", "Corporation": "North"}, "geometry": {"type": "LineString", "coordinates": [[77.537397, 13.083853], [77.537381, 13.084426], [77.537626, 13.08441], [77.537937, 13.084187], [77.538068, 13.084203], [77.538166, 13.08441]]}}, {"type": "Feature", "properties": {"sec_id": 44, "length_m": 331.41, "valley": "Arkavathi Valley", "subvalley": "AV_1", "ward_name": "8 - Singapura,65 - Abbigere", "Corporation": "North"}, "geometry": {"type": "LineString", "coordinates": [[77.539993, 13.087262], [77.539711, 13.087994], [77.539915, 13.088614], [77.540111, 13.088965], [77.540537, 13.089315], [77.540765, 13.089825]]}}, {"type": "Feature", "properties": {"sec_id": 45, "pri_Drain num": "BP141", "length_m": 656.33, "valley": "Hebbal Nagawara Valley", "subvalley": "HN_1", "ward_name": "2 - Akash Ward,17 - Jakkur", "Corporation": "North"}, "geometry": {"type": "LineString", "coordinates": [[77.608424, 13.091194], [77.607297, 13.091468], [77.604106, 13.091011], [77.60251, 13.090554]]}}, {"type": "Feature", "properties": {"sec_id": 46, "pri_Drain num": "BP141", "length_m": 481.31, "valley": "Hebbal Nagawara Valley", "subvalley": "HN_1", "ward_name": "2 - Akash Ward,17 - Jakkur", "Corporation": "North"}, "geometry": {"type": "LineString", "coordinates": [[77.607955, 13.088543], [77.605983, 13.087628], [77.60373, 13.087537]]}}, {"type": "Feature", "properties": {"sec_id": 47, "length_m": 1129.49, "valley": "Hebbal Nagawara Valley", "subvalley": "HN_1", "ward_name": "17 - Jakkur", "Corporation": "North"}, "geometry": {"type": "LineString", "coordinates": [[77.609832, 13.083514], [77.607204, 13.083697], [77.605702, 13.082599], [77.605232, 13.082142], [77.605232, 13.081411], [77.604951, 13.080314], [77.6042, 13.079308], [77.602135, 13.079399]]}}, {"type": "Feature", "properties": {"sec_id": 48, "length_m": 473.99, "valley": "Hebbal Nagawara Valley", "subvalley": "HN_1", "ward_name": "15 - Byatarayanapura,17 - Jakkur", "Corporation": "North"}, "geometry": {"type": "LineString", "coordinates": [[77.605702, 13.082599], [77.602698, 13.085708]]}}, {"type": "Feature", "properties": {"sec_id": 49, "pri_Drain num": "BP171A", "length_m": 1249.81, "valley": "Hebbal Nagawara Valley", "subvalley": "HN_1", "ward_name": "17 - Jakkur", "Corporation": "North"}, "geometry": {"type": "LineString", "coordinates": [[77.612273, 13.072084], [77.607673, 13.072633], [77.607016, 13.074005], [77.606734, 13.075742], [77.605795, 13.076656], [77.605983, 13.077662], [77.605983, 13.078028], [77.605514, 13.078668]]}}, {"type": "Feature", "properties": {"sec_id": 50, "pri_Drain num": "BP171A", "length_m": 602.4, "valley": "Hebbal Nagawara Valley", "subvalley": "HN_1", "ward_name": "15 - Byatarayanapura,17 - Jakkur", "Corporation": "North"}, "geometry": {"type": "LineString", "coordinates": [[77.606734, 13.075742], [77.604951, 13.075833], [77.604951, 13.076245], [77.601712, 13.077068]]}}, {"type": "Feature", "properties": {"sec_id": 51, "pri_Drain num": "BP171A", "length_m": 1419.54, "valley": "Hebbal Nagawara Valley", "subvalley": "HN_1", "ward_name": "16 - Amruthahalli,17 - Jakkur", "Corporation": "North"}, "geometry": {"type": "LineString", "coordinates": [[77.61124, 13.068061], [77.610489, 13.068335], [77.610583, 13.068975], [77.609926, 13.069067], [77.608705, 13.069433], [77.607485, 13.070347], [77.606453, 13.070987], [77.605232, 13.071444], [77.604106, 13.071444], [77.603261, 13.071079], [77.601853, 13.071079], [77.602135, 13.07245], [77.601571, 13.072907]]}}, {"type": "Feature", "properties": {"sec_id": 52, "pri_Drain num": "BP171A", "length_m": 1137.05, "valley": "Hebbal Nagawara Valley", "subvalley": "HN_1", "ward_name": "20 - Sampigehalli", "Corporation": "North"}, "geometry": {"type": "LineString", "coordinates": [[77.61293, 13.076839], [77.614995, 13.077022], [77.622035, 13.076199], [77.623349, 13.076199]]}}, {"type": "Feature", "properties": {"sec_id": 53, "pri_Drain num": "BP158", "length_m": 302.05, "valley": "Hebbal Nagawara Valley", "subvalley": "HN_1", "ward_name": "20 - Sampigehalli", "Corporation": "North"}, "geometry": {"type": "LineString", "coordinates": [[77.616591, 13.088177], [77.617248, 13.090828]]}}, {"type": "Feature", "properties": {"sec_id": 54, "pri_Drain num": "BP158", "length_m": 508.41, "valley": "Hebbal Nagawara Valley", "subvalley": "HN_1", "ward_name": "20 - Sampigehalli", "Corporation": "North"}, "geometry": {"type": "LineString", "coordinates": [[77.619125, 13.088451], [77.619125, 13.08964], [77.619782, 13.09092], [77.619031, 13.092748]]}}, {"type": "Feature", "properties": {"sec_id": 55, "pri_Drain num": "BP158", "length_m": 504.48, "valley": "Hebbal Nagawara Valley", "subvalley": "HN_1", "ward_name": "20 - Sampigehalli", "Corporation": "North"}, "geometry": {"type": "LineString", "coordinates": [[77.626541, 13.089365], [77.627198, 13.09092], [77.627292, 13.091925], [77.626541, 13.092291], [77.626259, 13.093297]]}}, {"type": "Feature", "properties": {"sec_id": 56, "length_m": 685.01, "valley": "Hebbal Nagawara Valley", "subvalley": "HN_1", "ward_name": "2 - Akash Ward,21 - Kogilu", "Corporation": "North"}, "geometry": {"type": "LineString", "coordinates": [[77.620439, 13.108017], [77.622974, 13.107194], [77.622974, 13.106462], [77.622223, 13.10372]]}}, {"type": "Feature", "properties": {"sec_id": 57, "length_m": 781.8, "valley": "Hebbal Nagawara Valley", "subvalley": "HN_1", "ward_name": "2 - Akash Ward,21 - Kogilu", "Corporation": "North"}, "geometry": {"type": "LineString", "coordinates": [[77.622974, 13.106462], [77.626635, 13.104451], [77.627573, 13.104908], [77.628418, 13.104542], [77.629451, 13.104634]]}}, {"type": "Feature", "properties": {"sec_id": 58, "length_m": 33.37, "valley": "Hebbal Nagawara Valley", "subvalley": "HN_2", "ward_name": "21 - Kogilu", "Corporation": "North"}, "geometry": {"type": "LineString", "coordinates": [[77.64738, 13.096863], [77.647208, 13.096612]]}}, {"type": "Feature", "properties": {"sec_id": 58, "length_m": 518.68, "valley": "Hebbal Nagawara Valley", "subvalley": "HN_2", "ward_name": "21 - Kogilu", "Corporation": "North"}, "geometry": {"type": "LineString", "coordinates": [[77.647208, 13.096612], [77.646817, 13.09604], [77.644751, 13.095308], [77.644282, 13.095217], [77.643437, 13.09412]]}}, {"type": "Feature", "properties": {"sec_id": 59, "pri_Drain num": "BP161", "length_m": 1420.07, "valley": "Hebbal Nagawara Valley", "subvalley": "HN_1", "ward_name": "4 - Nyayanga Badavane", "Corporation": "North"}, "geometry": {"type": "LineString", "coordinates": [[77.592761, 13.088659], [77.592466, 13.087354], [77.59256, 13.085434], [77.592748, 13.084977], [77.592278, 13.084154], [77.591246, 13.083148], [77.591246, 13.081777], [77.591058, 13.079216], [77.589932, 13.077845], [77.589932, 13.076839]]}}, {"type": "Feature", "properties": {"sec_id": 60, "pri_Drain num": "BP135", "length_m": 1030.63, "valley": "Hebbal Nagawara Valley", "subvalley": "HN_1", "ward_name": "5 - Yelahanka Satellite Town,6 - Doddabettahalli,7 - Attur", "Corporation": "North"}, "geometry": {"type": "LineString", "coordinates": [[77.570219, 13.099971], [77.571721, 13.101434], [77.572941, 13.102257], [77.572847, 13.105548], [77.572284, 13.106188], [77.572284, 13.107834]]}}, {"type": "Feature", "properties": {"sec_id": 61, "pri_Drain num": "BP135", "length_m": 856.12, "valley": "Hebbal Nagawara Valley", "subvalley": "HN_1", "ward_name": "6 - Doddabettahalli,7 - Attur", "Corporation": "North"}, "geometry": {"type": "LineString", "coordinates": [[77.572284, 13.107834], [77.570782, 13.107834], [77.570594, 13.106371], [77.570031, 13.105], [77.570031, 13.103811], [77.56975, 13.101708]]}}, {"type": "Feature", "properties": {"sec_id": 62, "length_m": 577.17, "valley": "Hebbal Nagawara Valley", "subvalley": "HN_1", "ward_name": "21 - Kogilu", "Corporation": "North"}, "geometry": {"type": "LineString", "coordinates": [[77.617248, 13.121273], [77.618656, 13.126301]]}}, {"type": "Feature", "properties": {"sec_id": 63, "pri_Drain num": "BP161", "length_m": 486.96, "valley": "Hebbal Nagawara Valley", "subvalley": "HN_1", "ward_name": "5 - Yelahanka Satellite Town,4 - Nyayanga Badavane", "Corporation": "North"}, "geometry": {"type": "LineString", "coordinates": [[77.579324, 13.093937], [77.578573, 13.09348], [77.577541, 13.093114], [77.576414, 13.09092]]}}, {"type": "Feature", "properties": {"sec_id": 64, "length_m": 567.19, "valley": "Hebbal Nagawara Valley", "subvalley": "HN_1", "ward_name": "8 - Singapura", "Corporation": "North"}, "geometry": {"type": "LineString", "coordinates": [[77.55117, 13.079957], [77.551257, 13.079674], [77.552571, 13.078759], [77.553135, 13.077571], [77.554824, 13.076565]]}}, {"type": "Feature", "properties": {"sec_id": 65, "pri_Drain num": "BP016", "length_m": 745.62, "valley": "Hebbal Nagawara Valley", "subvalley": "HN_1", "ward_name": "10 - Vidyaranyapura,11 - Doddabommasandra", "Corporation": "North"}, "geometry": {"type": "LineString", "coordinates": [[77.555669, 13.058003], [77.556045, 13.059283], [77.556138, 13.060746], [77.555481, 13.0623], [77.556702, 13.062483], [77.557359, 13.063306]]}}, {"type": "Feature", "properties": {"sec_id": 66, "pri_Drain num": "BP016", "length_m": 951.1, "valley": "Hebbal Nagawara Valley", "subvalley": "HN_1", "ward_name": "10 - Vidyaranyapura,9 - Kuvempunagara,11 - Doddabommasandra", "Corporation": "North"}, "geometry": {"type": "LineString", "coordinates": [[77.553322, 13.06294], [77.552571, 13.061203], [77.552571, 13.060563], [77.551727, 13.06038], [77.550694, 13.060289], [77.54938, 13.060014], [77.546845, 13.058551]]}}, {"type": "Feature", "properties": {"sec_id": 67, "pri_Drain num": "BP016", "length_m": 454.8, "valley": "Hebbal Nagawara Valley", "subvalley": "HN_1", "ward_name": "12 - Thindlu", "Corporation": "North"}, "geometry": {"type": "LineString", "coordinates": [[77.566558, 13.064129], [77.567872, 13.064586], [77.569092, 13.064678], [77.570594, 13.064221]]}}, {"type": "Feature", "properties": {"sec_id": 68, "pri_Drain num": "BP176", "length_m": 497.55, "valley": "Hebbal Nagawara Valley", "subvalley": "HN_1", "ward_name": "15 - Byatarayanapura", "Corporation": "North"}, "geometry": {"type": "LineString", "coordinates": [[77.590495, 13.065775], [77.591621, 13.066232], [77.592748, 13.069341]]}}, {"type": "Feature", "properties": {"sec_id": 69, "pri_Drain num": "BP176", "length_m": 252.96, "valley": "Hebbal Nagawara Valley", "subvalley": "HN_1", "ward_name": "15 - Byatarayanapura", "Corporation": "North"}, "geometry": {"type": "LineString", "coordinates": [[77.588993, 13.066141], [77.587679, 13.066598], [77.586928, 13.067147]]}}, {"type": "Feature", "properties": {"sec_id": 70, "length_m": 865.44, "valley": "Hebbal Nagawara Valley", "subvalley": "HN_1", "ward_name": "16 - Amruthahalli", "Corporation": "North"}, "geometry": {"type": "LineString", "coordinates": [[77.60664, 13.062758], [77.606546, 13.063123], [77.605702, 13.063032], [77.604669, 13.063306], [77.603167, 13.064038], [77.602041, 13.064038], [77.601571, 13.064678], [77.601571, 13.065684], [77.600539, 13.065592]]}}, {"type": "Feature", "properties": {"sec_id": 71, "length_m": 865.42, "valley": "Hebbal Nagawara Valley", "subvalley": "HN_1", "ward_name": "16 - Amruthahalli", "Corporation": "North"}, "geometry": {"type": "LineString", "coordinates": [[77.604294, 13.06166], [77.603261, 13.06166], [77.603543, 13.062849], [77.600633, 13.062666], [77.600633, 13.063672], [77.599694, 13.063855], [77.599412, 13.063123]]}}, {"type": "Feature", "properties": {"sec_id": 72, "length_m": 213.05, "valley": "Hebbal Nagawara Valley", "subvalley": "HN_1", "ward_name": "16 - Amruthahalli", "Corporation": "North"}, "geometry": {"type": "LineString", "coordinates": [[77.599694, 13.063855], [77.600539, 13.065592]]}}, {"type": "Feature", "properties": {"sec_id": 73, "pri_Drain num": "BP191", "length_m": 501.72, "valley": "Hebbal Nagawara Valley", "subvalley": "HN_2", "ward_name": "1 - K Narayanapura", "Corporation": "East"}, "geometry": {"type": "LineString", "coordinates": [[77.647192, 13.070439], [77.647567, 13.071719], [77.647567, 13.074919]]}}, {"type": "Feature", "properties": {"sec_id": 74, "pri_Drain num": "BP191", "length_m": 367.96, "valley": "Hebbal Nagawara Valley", "subvalley": "HN_2", "ward_name": "1 - K Narayanapura", "Corporation": "East"}, "geometry": {"type": "LineString", "coordinates": [[77.647567, 13.071719], [77.647567, 13.07245], [77.648976, 13.074645]]}}, {"type": "Feature", "properties": {"sec_id": 75, "pri_Drain num": "H300", "length_m": 1559.1, "valley": "Hebbal Nagawara Valley", "subvalley": "HN_2", "ward_name": "2 - Horamavu", "Corporation": "East"}, "geometry": {"type": "LineString", "coordinates": [[77.662868, 13.047761], [77.662681, 13.049956], [77.662681, 13.05151], [77.664276, 13.054894], [77.664558, 13.056905], [77.664276, 13.058003], [77.662774, 13.05846], [77.660991, 13.059191]]}}, {"type": "Feature", "properties": {"sec_id": 76, "pri_Drain num": "MD243", "length_m": 2304.0, "valley": "Hebbal Nagawara Valley", "subvalley": "HN_2", "ward_name": "2 - Horamavu,6 - Kalkere", "Corporation": "East"}, "geometry": {"type": "LineString", "coordinates": [[77.677606, 13.029654], [77.6777, 13.031666], [77.677981, 13.033495], [77.677512, 13.035873], [77.677418, 13.038342], [77.675822, 13.037976], [77.674602, 13.037244], [77.673006, 13.03697], [77.671692, 13.036879], [77.671129, 13.035964], [77.670284, 13.034044], [77.670096, 13.033221], [77.670472, 13.032123], [77.670472, 13.031117]]}}, {"type": "Feature", "properties": {"sec_id": 77, "length_m": 1917.27, "valley": "Hebbal Nagawara Valley", "subvalley": "HN_2", "ward_name": "5 - Hoysala Nagara East,4 - Babusab Palya", "Corporation": "East"}, "geometry": {"type": "LineString", "coordinates": [[77.658926, 13.023526], [77.660146, 13.024898], [77.664182, 13.023344], [77.665497, 13.023435], [77.666341, 13.02252], [77.666529, 13.020417], [77.666248, 13.018679], [77.664558, 13.017856], [77.664746, 13.016576], [77.665121, 13.015478], [77.665121, 13.01493]]}}, {"type": "Feature", "properties": {"sec_id": 78, "length_m": 2275.67, "valley": "Hebbal Nagawara Valley", "subvalley": "HN_2", "ward_name": "5 - Hoysala Nagara East,15 - Ramamurthy Nagara,8 - T.C Palya,18 - Dooravaninagar", "Corporation": "East"}, "geometry": {"type": "LineString", "coordinates": [[77.667515, 13.015021], [77.667984, 13.018131], [77.670425, 13.017765], [77.670237, 13.01685], [77.67127, 13.016027], [77.672959, 13.016027], [77.673335, 13.016484], [77.674837, 13.016027], [77.675869, 13.014747], [77.676902, 13.014015], [77.677371, 13.013466], [77.67953, 13.012003], [77.682065, 13.010722]]}}, {"type": "Feature", "properties": {"sec_id": 79, "length_m": 797.19, "valley": "Hebbal Nagawara Valley", "subvalley": "HN_2", "ward_name": "15 - Ramamurthy Nagara,7 - K Chennasandra", "Corporation": "East"}, "geometry": {"type": "LineString", "coordinates": [[77.683942, 13.014015], [77.683097, 13.014015], [77.682628, 13.01493], [77.681877, 13.01493], [77.681501, 13.016393], [77.681501, 13.017673], [77.680938, 13.019411]]}}, {"type": "Feature", "properties": {"sec_id": 80, "length_m": 939.16, "valley": "Hebbal Nagawara Valley", "subvalley": "HN_2", "ward_name": "8 - T.C Palya,9 - Bhattarahalli", "Corporation": "East"}, "geometry": {"type": "LineString", "coordinates": [[77.691639, 13.023526], [77.692484, 13.022886], [77.693892, 13.02252], [77.694362, 13.02252], [77.694362, 13.022155], [77.696427, 13.021149], [77.697459, 13.020966], [77.698022, 13.021332], [77.698586, 13.022429]]}}, {"type": "Feature", "properties": {"sec_id": 81, "length_m": 1216.4, "valley": "Hebbal Nagawara Valley", "subvalley": "HN_2", "ward_name": "10 - Medahalli", "Corporation": "East"}, "geometry": {"type": "LineString", "coordinates": [[77.723575, 13.012591], [77.722993, 13.014526], [77.722934, 13.014545], [77.724494, 13.015295], [77.723086, 13.016484], [77.723086, 13.017399], [77.722429, 13.019502], [77.721959, 13.020051], [77.721865, 13.020691], [77.72149, 13.021514]]}}, {"type": "Feature", "properties": {"sec_id": 82, "pri_Drain num": "MD246", "length_m": 459.09, "valley": "Hebbal Nagawara Valley", "subvalley": "HN_2", "ward_name": "28 - Byrathi", "Corporation": "East"}, "geometry": {"type": "LineString", "coordinates": [[77.68413, 13.031666], [77.688354, 13.031483]]}}, {"type": "Feature", "properties": {"sec_id": 83, "length_m": 760.83, "valley": "Hebbal Nagawara Valley", "subvalley": "HN_2", "ward_name": "16 - Kotthur,17 - Vijinapura", "Corporation": "East"}, "geometry": {"type": "LineString", "coordinates": [[77.675024, 13.007155], [77.675024, 13.006515], [77.674367, 13.006515], [77.674086, 13.005601], [77.674086, 13.005326], [77.673335, 13.004686], [77.672678, 13.004686], [77.671833, 13.005326], [77.671457, 13.006973]]}}, {"type": "Feature", "properties": {"sec_id": 84, "length_m": 245.55, "valley": "Hebbal Nagawara Valley", "subvalley": "HN_2", "ward_name": "17 - Vijinapura", "Corporation": "East"}, "geometry": {"type": "LineString", "coordinates": [[77.672208, 13.005052], [77.671363, 13.00432], [77.671176, 13.003223]]}}, {"type": "Feature", "properties": {"sec_id": 85, "length_m": 1247.7, "valley": "Hebbal Nagawara Valley", "subvalley": "HN_2", "ward_name": "10 - Medahalli,9 - Bhattarahalli", "Corporation": "East"}, "geometry": {"type": "LineString", "coordinates": [[77.716509, 13.030143], [77.716557, 13.029904], [77.716527, 13.029688], [77.716341, 13.029371], [77.716359, 13.028975], [77.716503, 13.028496], [77.716635, 13.028244], [77.716799, 13.028107], [77.716885, 13.027658], [77.716897, 13.026992], [77.717331, 13.026875], [77.717356, 13.026797], [77.717359, 13.026267], [77.717455, 13.025758], [77.717085, 13.023919], [77.717174, 13.023411], [77.717611, 13.022287], [77.718202, 13.022022], [77.719265, 13.022027], [77.719258, 13.020961]]}}, {"type": "Feature", "properties": {"sec_id": 86, "length_m": 190.26, "valley": "Hebbal Nagawara Valley", "subvalley": "HN_2", "ward_name": "9 - Bhattarahalli", "Corporation": "East"}, "geometry": {"type": "LineString", "coordinates": [[77.718486, 13.027459], [77.716796, 13.027916]]}}, {"type": "Feature", "properties": {"sec_id": 87, "length_m": 1318.59, "valley": "Hebbal Nagawara Valley", "subvalley": "HN_2", "ward_name": "31 - Kadugodi,30 - Belathur", "Corporation": "East"}, "geometry": {"type": "LineString", "coordinates": [[77.756128, 12.996454], [77.756315, 12.997277], [77.756879, 12.997186], [77.757817, 12.999198], [77.759601, 12.999473], [77.761009, 12.999473], [77.762042, 13.000662], [77.762417, 13.002034], [77.763074, 13.001576], [77.763586, 13.002852]]}}, {"type": "Feature", "properties": {"sec_id": 88, "length_m": 801.06, "valley": "Hebbal Nagawara Valley", "subvalley": "HN_2", "ward_name": "10 - Medahalli,9 - Bhattarahalli", "Corporation": "East"}, "geometry": {"type": "LineString", "coordinates": [[77.7102, 13.025214], [77.711066, 13.025387], [77.711524, 13.025309], [77.711644, 13.025196], [77.711979, 13.024447], [77.713253, 13.022893], [77.713685, 13.022161], [77.714232, 13.021554], [77.714763, 13.021152], [77.714867, 13.021138], [77.715322, 13.021384]]}}, {"type": "Feature", "properties": {"sec_id": 89, "length_m": 829.86, "valley": "Hebbal Nagawara Valley", "subvalley": "HN_2", "ward_name": "29 - Hoodi,30 - Belathur", "Corporation": "East"}, "geometry": {"type": "LineString", "coordinates": [[77.726277, 12.998741], [77.725714, 12.998649], [77.725526, 12.999015], [77.725526, 12.999473], [77.723743, 13.000021], [77.719425, 12.99993]]}}, {"type": "Feature", "properties": {"sec_id": 90, "pri_Drain num": "MD282", "length_m": 1101.32, "valley": "Hebbal Nagawara Valley", "subvalley": "HN_2", "ward_name": "29 - Hoodi", "Corporation": "East"}, "geometry": {"type": "LineString", "coordinates": [[77.725479, 12.994991], [77.723977, 12.994991], [77.72088, 12.99554], [77.719284, 12.99554], [77.71919, 12.994716], [77.717219, 12.99243]]}}, {"type": "Feature", "properties": {"sec_id": 91, "pri_Drain num": "BP016", "length_m": 238.3, "valley": "Hebbal Nagawara Valley", "subvalley": "HN_1", "ward_name": "10 - Vidyaranyapura,12 - Thindlu", "Corporation": "North"}, "geometry": {"type": "LineString", "coordinates": [[77.56224, 13.069433], [77.562709, 13.071536]]}}, {"type": "Feature", "properties": {"sec_id": 91, "pri_Drain num": "BP016", "length_m": 154.32, "valley": "Hebbal Nagawara Valley", "subvalley": "HN_1", "ward_name": "10 - Vidyaranyapura,12 - Thindlu", "Corporation": "North"}, "geometry": {"type": "LineString", "coordinates": [[77.562709, 13.071536], [77.563273, 13.072816]]}}, {"type": "Feature", "properties": {"sec_id": 91, "pri_Drain num": "BP016", "length_m": 109.11, "valley": "Hebbal Nagawara Valley", "subvalley": "HN_1", "ward_name": "10 - Vidyaranyapura,12 - Thindlu", "Corporation": "North"}, "geometry": {"type": "LineString", "coordinates": [[77.563273, 13.072816], [77.563648, 13.07373]]}}, {"type": "Feature", "properties": {"sec_id": 91, "pri_Drain num": "BP016", "length_m": 96.08, "valley": "Hebbal Nagawara Valley", "subvalley": "HN_1", "ward_name": "10 - Vidyaranyapura,12 - Thindlu", "Corporation": "North"}, "geometry": {"type": "LineString", "coordinates": [[77.563648, 13.07373], [77.56393, 13.074553]]}}, {"type": "Feature", "properties": {"sec_id": 91, "pri_Drain num": "BP016", "length_m": 115.68, "valley": "Hebbal Nagawara Valley", "subvalley": "HN_1", "ward_name": "10 - Vidyaranyapura,12 - Thindlu", "Corporation": "North"}, "geometry": {"type": "LineString", "coordinates": [[77.56393, 13.074553], [77.564587, 13.075376]]}}, {"type": "Feature", "properties": {"sec_id": 91, "pri_Drain num": "BP016", "length_m": 295.39, "valley": "Hebbal Nagawara Valley", "subvalley": "HN_1", "ward_name": "10 - Vidyaranyapura,12 - Thindlu", "Corporation": "North"}, "geometry": {"type": "LineString", "coordinates": [[77.564587, 13.075376], [77.567309, 13.075376]]}}, {"type": "Feature", "properties": {"sec_id": 92, "pri_Drain num": "BP133", "length_m": 1077.3, "valley": "Hebbal Nagawara Valley", "subvalley": "HN_1", "ward_name": "6 - Doddabettahalli,7 - Attur", "Corporation": "North"}, "geometry": {"type": "LineString", "coordinates": [[77.555294, 13.100063], [77.554637, 13.099057], [77.554824, 13.098051], [77.555012, 13.097503], [77.555669, 13.097411], [77.556045, 13.097137], [77.556326, 13.096497], [77.556889, 13.095857], [77.556983, 13.0954], [77.557359, 13.094851], [77.557922, 13.091743]]}}, {"type": "Feature", "properties": {"sec_id": 93, "pri_Drain num": "BP135", "length_m": 268.95, "valley": "Hebbal Nagawara Valley", "subvalley": "HN_1", "ward_name": "6 - Doddabettahalli", "Corporation": "North"}, "geometry": {"type": "LineString", "coordinates": [[77.572472, 13.110256], [77.572284, 13.107834]]}}, {"type": "Feature", "properties": {"sec_id": 94, "pri_Drain num": "BP191", "length_m": 779.08, "valley": "Hebbal Nagawara Valley", "subvalley": "HN_2", "ward_name": "1 - K Narayanapura,20 - Sampigehalli", "Corporation": "East"}, "geometry": {"type": "LineString", "coordinates": [[77.644658, 13.061889], [77.638274, 13.061797], [77.638316, 13.062576]]}}, {"type": "Feature", "properties": {"sec_id": 94, "pri_Drain num": "BP191", "length_m": 77.71, "valley": "Hebbal Nagawara Valley", "subvalley": "HN_2", "ward_name": "1 - K Narayanapura,20 - Sampigehalli", "Corporation": "North"}, "geometry": {"type": "LineString", "coordinates": [[77.638316, 13.062576], [77.638354, 13.063277]]}}, {"type": "Feature", "properties": {"sec_id": 94, "pri_Drain num": "BP191", "length_m": 63.3, "valley": "Hebbal Nagawara Valley", "subvalley": "HN_2", "ward_name": "1 - K Narayanapura,20 - Sampigehalli", "Corporation": "East"}, "geometry": {"type": "LineString", "coordinates": [[77.638354, 13.063277], [77.638389, 13.063848]]}}, {"type": "Feature", "properties": {"sec_id": 94, "pri_Drain num": "BP191", "length_m": 279.76, "valley": "Hebbal Nagawara Valley", "subvalley": "HN_2", "ward_name": "1 - K Narayanapura,20 - Sampigehalli", "Corporation": "North"}, "geometry": {"type": "LineString", "coordinates": [[77.638389, 13.063848], [77.638556, 13.066369]]}}, {"type": "Feature", "properties": {"sec_id": 95, "pri_Drain num": "BP161", "length_m": 1543.98, "valley": "Hebbal Nagawara Valley", "subvalley": "HN_1", "ward_name": "4 - Nyayanga Badavane", "Corporation": "North"}, "geometry": {"type": "LineString", "coordinates": [[77.586623, 13.080439], [77.587561, 13.080302], [77.588312, 13.082497], [77.588312, 13.083319], [77.587843, 13.083639], [77.58789, 13.084691], [77.588688, 13.088257], [77.589814, 13.089445], [77.592761, 13.088659]]}}, {"type": "Feature", "properties": {"Drain num": "BP162B", "sec_id": 96, "pri_Drain num": "BP161", "length_m": 509.24, "valley": "Hebbal Nagawara Valley", "subvalley": "HN_1", "ward_name": "4 - Nyayanga Badavane,12 - Thindlu", "Corporation": "North"}, "geometry": {"type": "LineString", "coordinates": [[77.587843, 13.083639], [77.58667, 13.084554], [77.586388, 13.083914], [77.584886, 13.084051], [77.584088, 13.083502]]}}, {"type": "Feature", "properties": {"sec_id": 97, "length_m": 1045.92, "valley": "Hebbal Nagawara Valley", "subvalley": "HN_3", "ward_name": "32 - Channasandra,31 - Kadugodi", "Corporation": "East"}, "geometry": {"type": "LineString", "coordinates": [[77.760037, 12.981391], [77.760323, 12.981371], [77.761324, 12.981073], [77.761836, 12.981112], [77.76298, 12.98167], [77.763185, 12.982009], [77.763635, 12.982168], [77.764227, 12.982726], [77.765168, 12.982826], [77.766026, 12.983324], [77.766435, 12.983423], [77.766864, 12.983463], [77.76711, 12.983383], [77.767927, 12.983383], [77.768673, 12.983739]]}}, {"type": "Feature", "properties": {"sec_id": 98, "length_m": 8.19, "valley": "Hebbal Nagawara Valley", "subvalley": "HN_3", "ward_name": "31 - Kadugodi", "Corporation": "East"}, "geometry": {"type": "LineString", "coordinates": [[77.768673, 12.983739], [77.768599, 12.983721]]}}, {"type": "Feature", "properties": {"sec_id": 98, "length_m": 7.69, "valley": "Hebbal Nagawara Valley", "subvalley": "HN_3", "ward_name": "31 - Kadugodi", "Corporation": "East"}, "geometry": {"type": "LineString", "coordinates": [[77.768599, 12.983721], [77.768541, 12.983682]]}}, {"type": "Feature", "properties": {"sec_id": 98, "length_m": 1747.61, "valley": "Hebbal Nagawara Valley", "subvalley": "HN_3", "ward_name": "31 - Kadugodi", "Corporation": "East"}, "geometry": {"type": "LineString", "coordinates": [[77.768541, 12.983682], [77.7685, 12.984041], [77.768336, 12.9841], [77.768132, 12.98432], [77.767989, 12.984897], [77.767927, 12.985634], [77.767641, 12.985814], [77.767314, 12.985913], [77.767192, 12.985734], [77.766946, 12.985634], [77.766619, 12.985734], [77.766312, 12.985953], [77.764636, 12.986391], [77.76435, 12.98661], [77.764043, 12.987168], [77.763471, 12.987407], [77.763123, 12.987825], [77.762776, 12.988064], [77.759853, 12.988104], [77.75926, 12.988204], [77.758524, 12.988642], [77.757563, 12.988881], [77.757582, 12.989183], [77.75742, 12.988921], [77.757532, 12.989208], [77.757126, 12.989677], [77.756923, 12.989826], [77.756643, 12.989678]]}}, {"type": "Feature", "properties": {"sec_id": 98, "length_m": 33.07, "valley": "Hebbal Nagawara Valley", "subvalley": "HN_3", "ward_name": "31 - Kadugodi", "Corporation": "East"}, "geometry": {"type": "LineString", "coordinates": [[77.756643, 12.989678], [77.756872, 12.989875]]}}, {"type": "Feature", "properties": {"sec_id": 98, "length_m": 66.02, "valley": "Hebbal Nagawara Valley", "subvalley": "HN_3", "ward_name": "31 - Kadugodi", "Corporation": "East"}, "geometry": {"type": "LineString", "coordinates": [[77.756643, 12.989678], [77.756193, 12.990056]]}}, {"type": "Feature", "properties": {"sec_id": 99, "length_m": 482.48, "valley": "Hebbal Nagawara Valley", "subvalley": "HN_3", "ward_name": "31 - Kadugodi", "Corporation": "East"}, "geometry": {"type": "LineString", "coordinates": [[77.767253, 12.997526], [77.768009, 12.997546], [77.768255, 12.997486], [77.768602, 12.997247], [77.769502, 12.996909], [77.770749, 12.996152], [77.771239, 12.995992]]}}, {"type": "Feature", "properties": {"sec_id": 100, "length_m": 520.46, "valley": "Hebbal Nagawara Valley", "subvalley": "HN_3", "ward_name": "31 - Kadugodi", "Corporation": "East"}, "geometry": {"type": "LineString", "coordinates": [[77.761631, 12.992865], [77.762653, 12.992805], [77.763083, 12.992467], [77.763201, 12.992569], [77.763265, 12.992545], [77.763267, 12.992387], [77.764759, 12.992009], [77.765658, 12.991929], [77.765649, 12.991778], [77.765801, 12.991829]]}}, {"type": "Feature", "properties": {"sec_id": 100, "length_m": 16.67, "valley": "Hebbal Nagawara Valley", "subvalley": "HN_3", "ward_name": "31 - Kadugodi", "Corporation": "East"}, "geometry": {"type": "LineString", "coordinates": [[77.765801, 12.991829], [77.765662, 12.991766]]}}, {"type": "Feature", "properties": {"sec_id": 100, "length_m": 1061.23, "valley": "Hebbal Nagawara Valley", "subvalley": "HN_3", "ward_name": "31 - Kadugodi", "Corporation": "East"}, "geometry": {"type": "LineString", "coordinates": [[77.765801, 12.991829], [77.765842, 12.99163], [77.766006, 12.99163], [77.766149, 12.99173], [77.766284, 12.991643], [77.766651, 12.991704], [77.76778, 12.991556], [77.767866, 12.99169], [77.768582, 12.99153], [77.769174, 12.99153], [77.769358, 12.992686], [77.769951, 12.993941], [77.770156, 12.994737], [77.77034, 12.995016], [77.770495, 12.99493], [77.770888, 12.995017], [77.770953, 12.995156], [77.771321, 12.995116], [77.771484, 12.995455], [77.771403, 12.995674], [77.771444, 12.995813], [77.771321, 12.995933]]}}, {"type": "Feature", "properties": {"sec_id": 101, "length_m": 167.87, "valley": "Hebbal Nagawara Valley", "subvalley": "HN_3", "ward_name": "31 - Kadugodi", "Corporation": "East"}, "geometry": {"type": "LineString", "coordinates": [[77.764636, 12.991371], [77.765249, 12.991311], [77.765256, 12.991469], [77.765599, 12.991618], [77.765662, 12.991766], [77.765842, 12.99167]]}}, {"type": "Feature", "properties": {"sec_id": 102, "length_m": 373.21, "valley": "Hebbal Nagawara Valley", "subvalley": "HN_2", "ward_name": "8 - T.C Palya,9 - Bhattarahalli", "Corporation": "East"}, "geometry": {"type": "LineString", "coordinates": [[77.696998, 13.020997], [77.696889, 13.020121], [77.696916, 13.01967], [77.697216, 13.019311], [77.697352, 13.018846], [77.698088, 13.018129]]}}, {"type": "Feature", "properties": {"sec_id": 103, "length_m": 458.97, "valley": "Hebbal Nagawara Valley", "subvalley": "HN_1", "ward_name": "21 - Kogilu", "Corporation": "North"}, "geometry": {"type": "LineString", "coordinates": [[77.630133, 13.114887], [77.631048, 13.114867], [77.632461, 13.114392], [77.632613, 13.114382], [77.632659, 13.114498], [77.632654, 13.114372], [77.633375, 13.114243], [77.634016, 13.114243]]}}, {"type": "Feature", "properties": {"sec_id": 104, "length_m": 413.75, "valley": "Hebbal Nagawara Valley", "subvalley": "HN_1", "ward_name": "21 - Kogilu", "Corporation": "North"}, "geometry": {"type": "LineString", "coordinates": [[77.616545, 13.11163], [77.61661, 13.11214], [77.616484, 13.112135], [77.616464, 13.112274], [77.616573, 13.112426], [77.616443, 13.112432], [77.616433, 13.112551], [77.616536, 13.11264], [77.616423, 13.112699], [77.616536, 13.112747], [77.616423, 13.112798], [77.616536, 13.112854], [77.616413, 13.112897], [77.6165, 13.113067], [77.616443, 13.11458]]}}, {"type": "Feature", "properties": {"sec_id": 105, "length_m": 876.67, "valley": "Hebbal Nagawara Valley", "subvalley": "HN_1", "ward_name": "21 - Kogilu", "Corporation": "North"}, "geometry": {"type": "LineString", "coordinates": [[77.616353, 13.117311], [77.616353, 13.118487], [77.616474, 13.11851], [77.616353, 13.118558], [77.616484, 13.118579], [77.616586, 13.119311], [77.6165, 13.11945], [77.616573, 13.120662], [77.616756, 13.121161], [77.616829, 13.121197], [77.616911, 13.121103], [77.616992, 13.121113], [77.616976, 13.121233], [77.618953, 13.121233], [77.619356, 13.121304], [77.619795, 13.121482], [77.619838, 13.12137], [77.620143, 13.12138]]}}, {"type": "Feature", "properties": {"sec_id": 106, "pri_Drain num": "BP171A", "length_m": 492.86, "valley": "Hebbal Nagawara Valley", "subvalley": "HN_1", "ward_name": "20 - Sampigehalli,17 - Jakkur", "Corporation": "North"}, "geometry": {"type": "LineString", "coordinates": [[77.609919, 13.079245], [77.609956, 13.079103], [77.609753, 13.078967], [77.609992, 13.079031], [77.610798, 13.078425], [77.611017, 13.078175], [77.611603, 13.077854], [77.611969, 13.077534], [77.612189, 13.077213], [77.612548, 13.07698], [77.612548, 13.07686], [77.61293, 13.076839]]}}, {"type": "Feature", "properties": {"sec_id": 107, "length_m": 622.06, "valley": "Hebbal Nagawara Valley", "subvalley": "HN_1", "ward_name": "15 - Byatarayanapura,14 - Rajiv Gandhi Nagar", "Corporation": "North"}, "geometry": {"type": "LineString", "coordinates": [[77.594834, 13.060903], [77.594442, 13.060776], [77.593166, 13.060776], [77.593134, 13.06068], [77.593265, 13.060266], [77.593265, 13.059597], [77.593199, 13.059534], [77.593036, 13.058578], [77.593036, 13.057463], [77.593134, 13.056953]]}}, {"type": "Feature", "properties": {"sec_id": 108, "length_m": 430.84, "valley": "Hebbal Nagawara Valley", "subvalley": "HN_1", "ward_name": "16 - Amruthahalli,15 - Byatarayanapura", "Corporation": "North"}, "geometry": {"type": "LineString", "coordinates": [[77.598251, 13.056969], [77.598496, 13.057447], [77.59884, 13.058912], [77.59924, 13.058984], [77.599404, 13.059088], [77.599829, 13.059796], [77.600107, 13.059966]]}}, {"type": "Feature", "properties": {"sec_id": 109, "length_m": 354.72, "valley": "Hebbal Nagawara Valley", "subvalley": "HN_1", "ward_name": "17 - Jakkur", "Corporation": "North"}, "geometry": {"type": "LineString", "coordinates": [[77.614732, 13.057431], [77.61532, 13.057208], [77.615582, 13.056922], [77.615778, 13.056476], [77.616203, 13.054947]]}}, {"type": "Feature", "properties": {"Drain num": "BP132", "sec_id": 110, "length_m": 5.99, "valley": "Hebbal Nagawara Valley", "subvalley": "HN_1", "ward_name": "6 - Doddabettahalli", "Corporation": "North"}, "geometry": {"type": "LineString", "coordinates": [[77.560565, 13.113074], [77.560516, 13.113098]]}}, {"type": "Feature", "properties": {"Drain num": "BP132", "sec_id": 110, "length_m": 185.87, "valley": "Hebbal Nagawara Valley", "subvalley": "HN_1", "ward_name": "6 - Doddabettahalli", "Corporation": "North"}, "geometry": {"type": "LineString", "coordinates": [[77.560516, 13.113098], [77.559126, 13.113934]]}}, {"type": "Feature", "properties": {"Drain num": "BP211", "sec_id": 111, "length_m": 545.91, "valley": "Hebbal Nagawara Valley", "subvalley": "HN_2", "ward_name": "21 - Kogilu", "Corporation": "North"}, "geometry": {"type": "LineString", "coordinates": [[77.633698, 13.105622], [77.634221, 13.105431], [77.634417, 13.105781], [77.634548, 13.105813], [77.635202, 13.105654], [77.635529, 13.105654], [77.636052, 13.106036], [77.636542, 13.106227], [77.637262, 13.106195], [77.638112, 13.106004]]}}, {"type": "Feature", "properties": {"Drain num": "BP213", "sec_id": 112, "length_m": 680.04, "valley": "Hebbal Nagawara Valley", "subvalley": "HN_2", "ward_name": "21 - Kogilu", "Corporation": "North"}, "geometry": {"type": "LineString", "coordinates": [[77.644259, 13.10352], [77.644292, 13.102915], [77.644554, 13.102564], [77.645142, 13.102341], [77.645469, 13.1018], [77.646352, 13.101322], [77.646843, 13.100653], [77.648445, 13.099857]]}}, {"type": "Feature", "properties": {"Drain num": "MD292", "sec_id": 113, "length_m": 359.34, "valley": "Hebbal Nagawara Valley", "subvalley": "HN_3", "ward_name": "31 - Kadugodi", "Corporation": "East"}, "geometry": {"type": "LineString", "coordinates": [[77.771403, 12.995813], [77.773047, 12.99577], [77.773619, 12.995961], [77.774649, 12.995961]]}}, {"type": "Feature", "properties": {"Drain num": "BP026B", "sec_id": 114, "pri_Drain num": "BP017", "length_m": 76.38, "valley": "Hebbal Nagawara Valley", "subvalley": "HN_1", "ward_name": "13 - Kodigehalli,15 - Byatarayanapura", "Corporation": "North"}, "geometry": {"type": "LineString", "coordinates": [[77.576508, 13.060731], [77.57666, 13.060057]]}}, {"type": "Feature", "properties": {"Drain num": "BP026B", "sec_id": 114, "pri_Drain num": "BP017", "length_m": 75.29, "valley": "Hebbal Nagawara Valley", "subvalley": "HN_1", "ward_name": "13 - Kodigehalli,15 - Byatarayanapura", "Corporation": "North"}, "geometry": {"type": "LineString", "coordinates": [[77.57666, 13.060057], [77.577307, 13.059812]]}}, {"type": "Feature", "properties": {"Drain num": "BP026B", "sec_id": 114, "pri_Drain num": "BP017", "length_m": 76.68, "valley": "Hebbal Nagawara Valley", "subvalley": "HN_1", "ward_name": "13 - Kodigehalli,15 - Byatarayanapura", "Corporation": "North"}, "geometry": {"type": "LineString", "coordinates": [[77.577307, 13.059812], [77.577434, 13.05913]]}}, {"type": "Feature", "properties": {"Drain num": "H305", "sec_id": 115, "pri_Drain num": "H300", "length_m": 541.03, "valley": "Hebbal Nagawara Valley", "subvalley": "HN_1", "ward_name": "35 - Kammanahalli,36 - Maruthi Seva Nagara,29 - Lingarajpura", "Corporation": "North"}, "geometry": {"type": "LineString", "coordinates": [[77.627479, 13.007521], [77.627479, 13.008162], [77.62992, 13.007887], [77.631748, 13.00748]]}}, {"type": "Feature", "properties": {"Drain num": "H401", "sec_id": 116, "pri_Drain num": "H400", "length_m": 918.52, "valley": "Hebbal Nagawara Valley", "subvalley": "HN_2", "ward_name": "32 - Banaswadi,31 - Kalyanagar", "Corporation": "North"}, "geometry": {"type": "LineString", "coordinates": [[77.645315, 13.018588], [77.641841, 13.018588], [77.636866, 13.018954]]}}, {"type": "Feature", "properties": {"Drain num": "H303", "sec_id": 117, "pri_Drain num": "H300", "length_m": 276.77, "valley": "Hebbal Nagawara Valley", "subvalley": "HN_1", "ward_name": "33 - HRBR Layout,30 - Kacharakanahalli", "Corporation": "North"}, "geometry": {"type": "LineString", "coordinates": [[77.636585, 13.015387], [77.63405, 13.015661]]}}, {"type": "Feature", "properties": {"Drain num": "H301", "sec_id": 118, "pri_Drain num": "H300", "length_m": 1085.7, "valley": "Hebbal Nagawara Valley", "subvalley": "HN_1", "ward_name": "24 - HBR Layout,30 - Kacharakanahalli", "Corporation": "North"}, "geometry": {"type": "LineString", "coordinates": [[77.626806, 13.023425], [77.628606, 13.023618], [77.629732, 13.023618], [77.630953, 13.023801], [77.632548, 13.023709], [77.632924, 13.024167], [77.63405, 13.023526], [77.63405, 13.02124]]}}, {"type": "Feature", "properties": {"Drain num": "BP187", "sec_id": 119, "pri_Drain num": "H300", "length_m": 719.43, "valley": "Hebbal Nagawara Valley", "subvalley": "HN_2", "ward_name": "23 - Hennur,19 - Thanisandra", "Corporation": "North"}, "geometry": {"type": "LineString", "coordinates": [[77.636288, 13.040974], [77.635928, 13.039439], [77.63574, 13.03697], [77.635083, 13.035598], [77.634895, 13.034684]]}}, {"type": "Feature", "properties": {"Drain num": "H306", "sec_id": 120, "pri_Drain num": "H300", "length_m": 3010.35, "valley": "Hebbal Nagawara Valley", "subvalley": "HN_1", "ward_name": "39 - Kaval Byrasandra,25 - Govindapura,24 - HBR Layout,26 - Samadhana Nagar,43 - Varalakshmi Nagar", "Corporation": "North"}, "geometry": {"type": "LineString", "coordinates": [[77.624829, 13.029917], [77.622223, 13.028282], [77.621472, 13.028191], [77.621472, 13.02755], [77.620533, 13.027642], [77.620533, 13.026727], [77.619125, 13.026727], [77.618186, 13.027002], [77.617623, 13.027368], [77.617248, 13.026362], [77.616215, 13.024898], [77.615933, 13.023252], [77.615652, 13.022795], [77.614807, 13.02252], [77.614807, 13.021789], [77.613587, 13.021789], [77.612273, 13.021514], [77.611897, 13.020326], [77.610958, 13.019228], [77.608799, 13.018039], [77.608048, 13.017399], [77.605326, 13.017125]]}}, {"type": "Feature", "properties": {"Drain num": "H307", "sec_id": 121, "pri_Drain num": "H300", "length_m": 595.43, "valley": "Hebbal Nagawara Valley", "subvalley": "HN_1", "ward_name": "39 - Kaval Byrasandra,42 - Aruna Asif Ali Ward,44 - Doddanna Nagar", "Corporation": "North"}, "geometry": {"type": "LineString", "coordinates": [[77.608799, 13.018039], [77.608705, 13.015936], [77.608142, 13.014472], [77.607673, 13.012826]]}}, {"type": "Feature", "properties": {"Drain num": "H308", "sec_id": 122, "pri_Drain num": "H300", "length_m": 977.78, "valley": "Hebbal Nagawara Valley", "subvalley": "HN_1", "ward_name": "42 - Aruna Asif Ali Ward,41 - Periyar Nagar,44 - Doddanna Nagar,43 - Varalakshmi Nagar", "Corporation": "North"}, "geometry": {"type": "LineString", "coordinates": [[77.610489, 13.008802], [77.61124, 13.011271], [77.61124, 13.0131], [77.611428, 13.014289], [77.610677, 13.01493], [77.609926, 13.015021], [77.608705, 13.015936]]}}, {"type": "Feature", "properties": {"Drain num": "H101", "sec_id": 123, "pri_Drain num": "H100", "length_m": 515.16, "valley": "Hebbal Nagawara Valley", "subvalley": "HN_1", "ward_name": "50 - Dinnur,51 - Manorayanapalya,53 - R.T Nagar", "Corporation": "North"}, "geometry": {"type": "LineString", "coordinates": [[77.601387, 13.033965], [77.601853, 13.032763], [77.602416, 13.031849], [77.604669, 13.031209]]}}, {"type": "Feature", "properties": {"Drain num": "H103", "sec_id": 124, "pri_Drain num": "H100", "length_m": 1102.51, "valley": "Hebbal Nagawara Valley", "subvalley": "HN_1", "ward_name": "55 - Ganganagar,54 - Gangenahalli", "Corporation": "North"}, "geometry": {"type": "LineString", "coordinates": [[77.588523, 13.017216], [77.589462, 13.018496], [77.590682, 13.018954], [77.591152, 13.0206], [77.591058, 13.021514], [77.590307, 13.022795], [77.590307, 13.02435], [77.589612, 13.02562]]}}, {"type": "Feature", "properties": {"Drain num": "H204", "sec_id": 125, "pri_Drain num": "H200", "length_m": 54.89, "valley": "Hebbal Nagawara Valley", "subvalley": "HN_1", "ward_name": "54 - Subedarpalya,49 - Aramane Nagara,64 - Yeshwanthpura", "Corporation": "North"}, "geometry": {"type": "LineString", "coordinates": [[77.556983, 13.02499], [77.55747, 13.024854]]}}, {"type": "Feature", "properties": {"Drain num": "H204", "sec_id": 125, "pri_Drain num": "H200", "length_m": 878.32, "valley": "Hebbal Nagawara Valley", "subvalley": "HN_1", "ward_name": "54 - Subedarpalya,49 - Aramane Nagara,64 - Yeshwanthpura", "Corporation": "West"}, "geometry": {"type": "LineString", "coordinates": [[77.55747, 13.024854], [77.558297, 13.024624], [77.559706, 13.023892], [77.560269, 13.023892], [77.559987, 13.022978], [77.560738, 13.022978], [77.56102, 13.02188], [77.561865, 13.02188], [77.562991, 13.022612]]}}, {"type": "Feature", "properties": {"Drain num": "H203", "sec_id": 126, "pri_Drain num": "H200", "length_m": 802.74, "valley": "Hebbal Nagawara Valley", "subvalley": "HN_1", "ward_name": "48 - Mathikere,62 - Brundavana Nagara", "Corporation": "North"}, "geometry": {"type": "LineString", "coordinates": [[77.555857, 13.036879], [77.555106, 13.033678], [77.557265, 13.034684], [77.55824, 13.033371]]}}, {"type": "Feature", "properties": {"Drain num": "H203", "sec_id": 126, "pri_Drain num": "H200", "length_m": 546.75, "valley": "Hebbal Nagawara Valley", "subvalley": "HN_1", "ward_name": "48 - Mathikere,62 - Brundavana Nagara", "Corporation": "West"}, "geometry": {"type": "LineString", "coordinates": [[77.55824, 13.033371], [77.561207, 13.02938]]}}, {"type": "Feature", "properties": {"Drain num": "H202", "sec_id": 127, "pri_Drain num": "H200", "length_m": 800.53, "valley": "Hebbal Nagawara Valley", "subvalley": "HN_1", "ward_name": "49 - Aramane Nagara,59 - Geddalahalli", "Corporation": "North"}, "geometry": {"type": "LineString", "coordinates": [[77.568529, 13.045017], [77.568248, 13.04264], [77.568692, 13.037822]]}}, {"type": "Feature", "properties": {"Drain num": "H201", "sec_id": 128, "pri_Drain num": "H200", "length_m": 83.79, "valley": "Hebbal Nagawara Valley", "subvalley": "HN_1", "ward_name": "59 - Geddalahalli,50 - Sadashiva Nagara", "Corporation": "West"}, "geometry": {"type": "LineString", "coordinates": [[77.574161, 13.027093], [77.574336, 13.027831]]}}, {"type": "Feature", "properties": {"Drain num": "H201", "sec_id": 128, "pri_Drain num": "H200", "length_m": 948.27, "valley": "Hebbal Nagawara Valley", "subvalley": "HN_1", "ward_name": "59 - Geddalahalli,50 - Sadashiva Nagara", "Corporation": "North"}, "geometry": {"type": "LineString", "coordinates": [[77.574336, 13.027831], [77.574725, 13.029471], [77.57388, 13.029471], [77.573786, 13.030477], [77.573129, 13.03066], [77.573035, 13.032032], [77.572566, 13.032672], [77.570313, 13.032763]]}}, {"type": "Feature", "properties": {"Drain num": "H207", "sec_id": 129, "length_m": 1053.96, "valley": "Hebbal Nagawara Valley", "subvalley": "HN_1", "ward_name": "58 - Nagashettyhalli,14 - Rajiv Gandhi Nagar,57 - Bhoopasandra", "Corporation": "North"}, "geometry": {"type": "LineString", "coordinates": [[77.576978, 13.04264], [77.581483, 13.042457], [77.58383, 13.042091], [77.585426, 13.044377]]}}, {"type": "Feature", "properties": {"Drain num": "H206", "sec_id": 130, "length_m": 650.64, "valley": "Hebbal Nagawara Valley", "subvalley": "HN_1", "ward_name": "57 - Bhoopasandra", "Corporation": "North"}, "geometry": {"type": "LineString", "coordinates": [[77.58261, 13.042183], [77.58261, 13.041451], [77.58214, 13.040902], [77.581108, 13.038433], [77.580263, 13.036879]]}}, {"type": "Feature", "properties": {"Drain num": "H400A", "sec_id": 131, "pri_Drain num": "H400", "length_m": 172.97, "valley": "Hebbal Nagawara Valley", "subvalley": "HN_2", "ward_name": "12 - Kasturi Nagar", "Corporation": "Central"}, "geometry": {"type": "LineString", "coordinates": [[77.649914, 13.006012], [77.650477, 13.006012], [77.650384, 13.005006]]}}, {"type": "Feature", "properties": {"Drain num": "H104", "sec_id": 132, "pri_Drain num": "H100", "length_m": 970.75, "valley": "Hebbal Nagawara Valley", "subvalley": "HN_1", "ward_name": "50 - Dinnur,56 - Hebbal,55 - Ganganagar,54 - Gangenahalli,53 - R.T Nagar", "Corporation": "North"}, "geometry": {"type": "LineString", "coordinates": [[77.589591, 13.02558], [77.588993, 13.023984], [77.588993, 13.022795], [77.587491, 13.022338], [77.587022, 13.022429], [77.586458, 13.021423], [77.585707, 13.020783], [77.584018, 13.020234]]}}, {"type": "Feature", "properties": {"Drain num": "H104", "sec_id": 132, "pri_Drain num": "H100", "length_m": 1803.84, "valley": "Hebbal Nagawara Valley", "subvalley": "HN_1", "ward_name": "50 - Dinnur,56 - Hebbal,55 - Ganganagar,54 - Gangenahalli,53 - R.T Nagar", "Corporation": "North"}, "geometry": {"type": "LineString", "coordinates": [[77.600651, 13.033407], [77.599833, 13.033188], [77.599588, 13.033188], [77.599117, 13.033348], [77.598688, 13.033348], [77.598443, 13.033228], [77.598198, 13.032969], [77.59783, 13.03281], [77.596746, 13.03267], [77.595867, 13.032431], [77.594293, 13.031714], [77.594232, 13.031436], [77.593802, 13.030958], [77.5937, 13.029922], [77.593618, 13.029803], [77.593455, 13.029783], [77.593414, 13.029902], [77.593291, 13.029902], [77.59325, 13.029544], [77.593148, 13.029444], [77.592842, 13.029444], [77.59231, 13.029603], [77.591779, 13.029623], [77.590756, 13.028886], [77.590613, 13.028627], [77.59047, 13.027731], [77.590327, 13.027432], [77.590164, 13.027154], [77.589714, 13.026715], [77.589714, 13.026257], [77.589591, 13.02558]]}}, {"type": "Feature", "properties": {"Drain num": "H205", "sec_id": 133, "pri_Drain num": "H200", "length_m": 1760.19, "valley": "Hebbal Nagawara Valley", "subvalley": "HN_1", "ward_name": "60 - Jalahalli,63 - J.P PARK,61 - HMT Ward", "Corporation": "North"}, "geometry": {"type": "LineString", "coordinates": [[77.548072, 13.039103], [77.545907, 13.04104], [77.545625, 13.041222], [77.545531, 13.041954], [77.544311, 13.043143], [77.542997, 13.045063], [77.54187, 13.046435], [77.541307, 13.046435], [77.539805, 13.046984], [77.538491, 13.046984], [77.538115, 13.047807], [77.537646, 13.049636]]}}, {"type": "Feature", "properties": {"Drain num": "H205", "sec_id": 133, "pri_Drain num": "H200", "length_m": 643.11, "valley": "Hebbal Nagawara Valley", "subvalley": "HN_1", "ward_name": "60 - Jalahalli,63 - J.P PARK,61 - HMT Ward", "Corporation": "North"}, "geometry": {"type": "LineString", "coordinates": [[77.552856, 13.037012], [77.552467, 13.036992], [77.552018, 13.037351], [77.551772, 13.03745], [77.550382, 13.03761], [77.54934, 13.037649], [77.548972, 13.037789], [77.54842, 13.038107], [77.548215, 13.038526], [77.548072, 13.039103]]}}, {"type": "Feature", "properties": {"Drain num": "H302", "sec_id": 134, "pri_Drain num": "H300", "length_m": 1024.8, "valley": "Hebbal Nagawara Valley", "subvalley": "HN_1", "ward_name": "29 - Lingarajpura,33 - HRBR Layout,30 - Kacharakanahalli", "Corporation": "North"}, "geometry": {"type": "LineString", "coordinates": [[77.634801, 13.012826], [77.63405, 13.015661], [77.63114, 13.016942], [77.628087, 13.018075]]}}, {"type": "Feature", "properties": {"Drain num": "H304", "sec_id": 135, "pri_Drain num": "H300", "length_m": 1194.72, "valley": "Hebbal Nagawara Valley", "subvalley": "HN_1", "ward_name": "28 - Venkateshpuram,29 - Lingarajpura,30 - Kacharakanahalli", "Corporation": "North"}, "geometry": {"type": "LineString", "coordinates": [[77.618656, 13.009442], [77.619594, 13.009168], [77.620627, 13.009716], [77.622035, 13.010997], [77.622129, 13.011637], [77.62288, 13.014015], [77.624851, 13.017125]]}}, {"type": "Feature", "properties": {"Drain num": "H304", "sec_id": 135, "pri_Drain num": "H300", "length_m": 483.95, "valley": "Hebbal Nagawara Valley", "subvalley": "HN_1", "ward_name": "28 - Venkateshpuram,29 - Lingarajpura,30 - Kacharakanahalli", "Corporation": "North"}, "geometry": {"type": "LineString", "coordinates": [[77.624851, 13.017125], [77.626916, 13.020999]]}}, {"type": "Feature", "properties": {"Drain num": "H304", "sec_id": 135, "pri_Drain num": "H300", "length_m": 358.81, "valley": "Hebbal Nagawara Valley", "subvalley": "HN_1", "ward_name": "28 - Venkateshpuram,29 - Lingarajpura,30 - Kacharakanahalli", "Corporation": "North"}, "geometry": {"type": "LineString", "coordinates": [[77.627794, 13.015649], [77.624851, 13.017125]]}}, {"type": "Feature", "properties": {"Drain num": "C101", "sec_id": 136, "pri_Drain num": "C100", "length_m": 844.35, "valley": "Koramangala Challaghatta Valley", "subvalley": "KC_1", "ward_name": "46 - Yamalur,27 - Vibhootipura,19 - Jeevan Bhimanagar,21 - Konena Agrahara,26 - Jagadish Nagar", "Corporation": "East"}, "geometry": {"type": "LineString", "coordinates": [[77.656836, 12.945858], [77.656063, 12.948065], [77.655969, 12.949803], [77.656626, 12.951175], [77.656626, 12.95209], [77.657377, 12.95273], [77.657436, 12.952865]]}}, {"type": "Feature", "properties": {"Drain num": "C101", "sec_id": 136, "pri_Drain num": "C100", "length_m": 0.01, "valley": "Koramangala Challaghatta Valley", "subvalley": "KC_1", "ward_name": "46 - Yamalur,27 - Vibhootipura,19 - Jeevan Bhimanagar,21 - Konena Agrahara,26 - Jagadish Nagar", "Corporation": "East"}, "geometry": {"type": "LineString", "coordinates": [[77.657436, 12.952865], [77.657436, 12.952865]]}}, {"type": "Feature", "properties": {"Drain num": "C101", "sec_id": 136, "pri_Drain num": "C100", "length_m": 1156.02, "valley": "Koramangala Challaghatta Valley", "subvalley": "KC_1", "ward_name": "46 - Yamalur,27 - Vibhootipura,19 - Jeevan Bhimanagar,21 - Konena Agrahara,26 - Jagadish Nagar", "Corporation": "Central"}, "geometry": {"type": "LineString", "coordinates": [[77.657436, 12.952865], [77.658409, 12.955109], [77.658597, 12.956664], [77.658034, 12.956755], [77.658128, 12.958402], [77.657658, 12.959317], [77.658409, 12.96078], [77.659955, 12.960384]]}}, {"type": "Feature", "properties": {"Drain num": "C101", "sec_id": 136, "pri_Drain num": "C100", "length_m": 179.26, "valley": "Koramangala Challaghatta Valley", "subvalley": "KC_1", "ward_name": "46 - Yamalur,27 - Vibhootipura,19 - Jeevan Bhimanagar,21 - Konena Agrahara,26 - Jagadish Nagar", "Corporation": "East"}, "geometry": {"type": "LineString", "coordinates": [[77.659955, 12.960384], [77.660193, 12.960323], [77.660663, 12.961622]]}}, {"type": "Feature", "properties": {"Drain num": "C101", "sec_id": 136, "pri_Drain num": "C100", "length_m": 91.72, "valley": "Koramangala Challaghatta Valley", "subvalley": "KC_1", "ward_name": "46 - Yamalur,27 - Vibhootipura,19 - Jeevan Bhimanagar,21 - Konena Agrahara,26 - Jagadish Nagar", "Corporation": "Central"}, "geometry": {"type": "LineString", "coordinates": [[77.660663, 12.961622], [77.66085, 12.962427]]}}, {"type": "Feature", "properties": {"Drain num": "C105", "sec_id": 137, "pri_Drain num": "C100", "length_m": 3788.02, "valley": "Koramangala Challaghatta Valley", "subvalley": "KC_1", "ward_name": "20 - Kodihalli,15 - Indiranagar,16 - New Thippasandra", "Corporation": "Central"}, "geometry": {"type": "LineString", "coordinates": [[77.642667, 12.960522], [77.643813, 12.961878], [77.644376, 12.964439], [77.64447, 12.965537], [77.644751, 12.966269], [77.646159, 12.96572], [77.646817, 12.964531], [77.648412, 12.96819], [77.649257, 12.968647], [77.650571, 12.968464], [77.651041, 12.970385], [77.651041, 12.972306], [77.655734, 12.971757], [77.65611, 12.972672], [77.657705, 12.973678], [77.658175, 12.973861], [77.655453, 12.977154], [77.655453, 12.977703], [77.656297, 12.97752], [77.65733, 12.977612], [77.657508, 12.977925]]}}, {"type": "Feature", "properties": {"Drain num": "C102", "sec_id": 138, "pri_Drain num": "C100", "length_m": 846.05, "valley": "Koramangala Challaghatta Valley", "subvalley": "KC_1", "ward_name": "9 - Hoysala Nagara Central", "Corporation": "Central"}, "geometry": {"type": "LineString", "coordinates": [[77.632197, 12.976292], [77.633018, 12.978069], [77.633863, 12.98063], [77.634332, 12.981362], [77.635083, 12.981362], [77.635834, 12.982551]]}}, {"type": "Feature", "properties": {"Drain num": "C201", "sec_id": 139, "pri_Drain num": "C200", "length_m": 202.14, "valley": "Koramangala Challaghatta Valley", "subvalley": "KC_1", "ward_name": "10 - Cox Town", "Corporation": "Central"}, "geometry": {"type": "LineString", "coordinates": [[77.620088, 12.987771], [77.621941, 12.987948]]}}, {"type": "Feature", "properties": {"Drain num": "C202", "sec_id": 140, "pri_Drain num": "C200", "length_m": 653.77, "valley": "Koramangala Challaghatta Valley", "subvalley": "KC_1", "ward_name": "47 - Pulakeshi Nagar,10 - Cox Town,36 - Maruthi Seva Nagara", "Corporation": "Central"}, "geometry": {"type": "LineString", "coordinates": [[77.618184, 12.994745], [77.619125, 12.995631], [77.61875, 12.996912], [77.619407, 12.998192], [77.620377, 12.999792]]}}, {"type": "Feature", "properties": {"Drain num": "C202", "sec_id": 140, "pri_Drain num": "C200", "length_m": 478.21, "valley": "Koramangala Challaghatta Valley", "subvalley": "KC_1", "ward_name": "47 - Pulakeshi Nagar,10 - Cox Town,36 - Maruthi Seva Nagara", "Corporation": "North"}, "geometry": {"type": "LineString", "coordinates": [[77.620377, 12.999792], [77.620627, 13.000204], [77.620533, 13.00057], [77.618937, 13.001668], [77.61959, 13.003081]]}}, {"type": "Feature", "properties": {"Drain num": "C203", "sec_id": 141, "pri_Drain num": "C200", "length_m": 589.31, "valley": "Koramangala Challaghatta Valley", "subvalley": "KC_1", "ward_name": "46 - Sagayapuram,44 - Doddanna Nagar", "Corporation": "North"}, "geometry": {"type": "LineString", "coordinates": [[77.610715, 13.00138], [77.613023, 13.002217], [77.613493, 13.003406], [77.614347, 13.004811]]}}, {"type": "Feature", "properties": {"Drain num": "C103", "sec_id": 142, "pri_Drain num": "C100", "length_m": 1820.55, "valley": "Koramangala Challaghatta Valley", "subvalley": "KC_1", "ward_name": "24 - Agaram,23 - Jogpalya", "Corporation": "Central"}, "geometry": {"type": "LineString", "coordinates": [[77.635785, 12.966338], [77.635785, 12.966266], [77.635556, 12.966132], [77.635393, 12.965853], [77.635127, 12.965654], [77.634718, 12.965495], [77.634187, 12.965514], [77.63388, 12.966092], [77.633574, 12.967188], [77.63341, 12.968303], [77.633267, 12.968503], [77.633083, 12.968562], [77.632715, 12.968343], [77.632551, 12.968323], [77.63251, 12.968542], [77.63232, 12.968542], [77.632245, 12.968283], [77.632186, 12.968505], [77.632163, 12.968283], [77.630548, 12.968084], [77.628769, 12.968303], [77.628361, 12.968283], [77.627604, 12.968084], [77.625805, 12.968084], [77.625519, 12.968164], [77.625069, 12.968164], [77.62462, 12.967985], [77.624456, 12.967686], [77.624293, 12.967586], [77.624027, 12.967666], [77.623863, 12.968005], [77.623454, 12.968363]]}}, {"type": "Feature", "properties": {"Drain num": "C104", "sec_id": 143, "pri_Drain num": "C100", "length_m": 1413.79, "valley": "Koramangala Challaghatta Valley", "subvalley": "KC_1", "ward_name": "9 - Hoysala Nagara Central,15 - Indiranagar,11 - Old Baiyappanahalli", "Corporation": "Central"}, "geometry": {"type": "LineString", "coordinates": [[77.635834, 12.982551], [77.63696, 12.982734], [77.637523, 12.982917], [77.637711, 12.983832], [77.638556, 12.984381], [77.639213, 12.987033], [77.638556, 12.987856], [77.639119, 12.990052], [77.639307, 12.992613], [77.639776, 12.992887]]}}, {"type": "Feature", "properties": {"sec_id": 144, "length_m": 813.12, "valley": "Koramangala Challaghatta Valley", "subvalley": "KC_2", "ward_name": "35 - Garudachar Palya,22 - Mahadevapura", "Corporation": "East"}, "geometry": {"type": "LineString", "coordinates": [[77.691733, 12.989411], [77.691827, 12.990235], [77.691264, 12.990326], [77.691076, 12.991241], [77.69117, 12.992247], [77.691921, 12.993619], [77.691452, 12.994534], [77.690513, 12.995631]]}}, {"type": "Feature", "properties": {"sec_id": 145, "length_m": 868.99, "valley": "Koramangala Challaghatta Valley", "subvalley": "KC_2", "ward_name": "33 - S.M Krishna Ward", "Corporation": "East"}, "geometry": {"type": "LineString", "coordinates": [[77.736509, 12.979441], [77.737072, 12.980264], [77.739043, 12.980722], [77.739137, 12.981637], [77.738856, 12.982094], [77.739701, 12.982643], [77.74017, 12.985021]]}}, {"type": "Feature", "properties": {"sec_id": 146, "length_m": 238.83, "valley": "Koramangala Challaghatta Valley", "subvalley": "KC_2", "ward_name": "33 - S.M Krishna Ward", "Corporation": "East"}, "geometry": {"type": "LineString", "coordinates": [[77.740076, 12.97999], [77.740827, 12.97999], [77.741766, 12.980264], [77.742235, 12.980264]]}}, {"type": "Feature", "properties": {"sec_id": 147, "pri_Drain num": "MD428", "length_m": 790.33, "valley": "Koramangala Challaghatta Valley", "subvalley": "KC_2", "ward_name": "38 - Whitefield", "Corporation": "East"}, "geometry": {"type": "LineString", "coordinates": [[77.745979, 12.958746], [77.744206, 12.958493], [77.742235, 12.957853], [77.738856, 12.957396]]}}, {"type": "Feature", "properties": {"sec_id": 148, "pri_Drain num": "MD428", "length_m": 382.87, "valley": "Koramangala Challaghatta Valley", "subvalley": "KC_2", "ward_name": "40 - Varthur", "Corporation": "East"}, "geometry": {"type": "LineString", "coordinates": [[77.747443, 12.955089], [77.744582, 12.954834], [77.744582, 12.954194]]}}, {"type": "Feature", "properties": {"sec_id": 149, "pri_Drain num": "MD428", "length_m": 23.78, "valley": "Koramangala Challaghatta Valley", "subvalley": "KC_2", "ward_name": "39 - Hagaduru,40 - Varthur", "Corporation": "East"}, "geometry": {"type": "LineString", "coordinates": [[77.748523, 12.952556], [77.748541, 12.952342]]}}, {"type": "Feature", "properties": {"sec_id": 149, "pri_Drain num": "MD428", "length_m": 294.14, "valley": "Koramangala Challaghatta Valley", "subvalley": "KC_2", "ward_name": "39 - Hagaduru,40 - Varthur", "Corporation": "East"}, "geometry": {"type": "LineString", "coordinates": [[77.748541, 12.952342], [77.74599, 12.951449]]}}, {"type": "Feature", "properties": {"sec_id": 150, "pri_Drain num": "MD335", "length_m": 365.34, "valley": "Koramangala Challaghatta Valley", "subvalley": "KC_2", "ward_name": "44 - Ashwath Nagar", "Corporation": "East"}, "geometry": {"type": "LineString", "coordinates": [[77.690325, 12.955749], [77.691921, 12.956206], [77.692203, 12.957853]]}}, {"type": "Feature", "properties": {"sec_id": 151, "pri_Drain num": "MD379", "length_m": 494.32, "valley": "Koramangala Challaghatta Valley", "subvalley": "KC_2", "ward_name": "37 - Kundalahalli", "Corporation": "East"}, "geometry": {"type": "LineString", "coordinates": [[77.721771, 12.961512], [77.717266, 12.962153]]}}, {"type": "Feature", "properties": {"sec_id": 152, "length_m": 194.7, "valley": "Koramangala Challaghatta Valley", "subvalley": "KC_2", "ward_name": "37 - Kundalahalli", "Corporation": "East"}, "geometry": {"type": "LineString", "coordinates": [[77.720739, 12.969013], [77.718955, 12.96883]]}}, {"type": "Feature", "properties": {"sec_id": 153, "pri_Drain num": "MD419", "length_m": 196.5, "valley": "Koramangala Challaghatta Valley", "subvalley": "KC_2", "ward_name": "38 - Whitefield", "Corporation": "East"}, "geometry": {"type": "LineString", "coordinates": [[77.741062, 12.971209], [77.741906, 12.971209], [77.742751, 12.971666]]}}, {"type": "Feature", "properties": {"sec_id": 154, "length_m": 971.75, "valley": "Koramangala Challaghatta Valley", "subvalley": "KC_2", "ward_name": "35 - Garudachar Palya,22 - Mahadevapura,36 - Bharath Aikya Ward", "Corporation": "East"}, "geometry": {"type": "LineString", "coordinates": [[77.703514, 12.986393], [77.70173, 12.986484], [77.700792, 12.987033], [77.699853, 12.986759], [77.698257, 12.986484], [77.697225, 12.986576], [77.694878, 12.987216]]}}, {"type": "Feature", "properties": {"sec_id": 155, "length_m": 382.87, "valley": "Koramangala Challaghatta Valley", "subvalley": "KC_2", "ward_name": "17 - Kaggadasapura,21 - Uday Nagar", "Corporation": "Central"}, "geometry": {"type": "LineString", "coordinates": [[77.671504, 12.983832], [77.672349, 12.985844], [77.673532, 12.986387]]}}, {"type": "Feature", "properties": {"sec_id": 155, "length_m": 49.47, "valley": "Koramangala Challaghatta Valley", "subvalley": "KC_2", "ward_name": "17 - Kaggadasapura,21 - Uday Nagar", "Corporation": "East"}, "geometry": {"type": "LineString", "coordinates": [[77.673532, 12.986387], [77.673945, 12.986576]]}}, {"type": "Feature", "properties": {"sec_id": 156, "length_m": 195.75, "valley": "Koramangala Challaghatta Valley", "subvalley": "KC_2", "ward_name": "17 - Kaggadasapura", "Corporation": "Central"}, "geometry": {"type": "LineString", "coordinates": [[77.672349, 12.985844], [77.673945, 12.985021]]}}, {"type": "Feature", "properties": {"sec_id": 157, "pri_Drain num": "BH583", "length_m": 518.58, "valley": "Koramangala Challaghatta Valley", "subvalley": "KC_2", "ward_name": "18 - Dooravaninagar,19 - K.S. Nissar Ahmed Ward", "Corporation": "East"}, "geometry": {"type": "LineString", "coordinates": [[77.665684, 12.99993], [77.666248, 13.000387], [77.665966, 13.000936], [77.666623, 13.002217], [77.667937, 13.002674], [77.6685, 13.002674]]}}, {"type": "Feature", "properties": {"sec_id": 158, "pri_Drain num": "BH583", "length_m": 141.81, "valley": "Koramangala Challaghatta Valley", "subvalley": "KC_2", "ward_name": "13 - Krishnaiahnapalya,18 - Dooravaninagar,12 - Kasturi Nagar", "Corporation": "East"}, "geometry": {"type": "LineString", "coordinates": [[77.665684, 12.99993], [77.664464, 12.999473]]}}, {"type": "Feature", "properties": {"sec_id": 158, "pri_Drain num": "BH583", "length_m": 107.47, "valley": "Koramangala Challaghatta Valley", "subvalley": "KC_2", "ward_name": "13 - Krishnaiahnapalya,18 - Dooravaninagar,12 - Kasturi Nagar", "Corporation": "East"}, "geometry": {"type": "LineString", "coordinates": [[77.664464, 12.999473], [77.66349, 12.999645]]}}, {"type": "Feature", "properties": {"sec_id": 158, "pri_Drain num": "BH583", "length_m": 223.5, "valley": "Koramangala Challaghatta Valley", "subvalley": "KC_2", "ward_name": "13 - Krishnaiahnapalya,18 - Dooravaninagar,12 - Kasturi Nagar", "Corporation": "Central"}, "geometry": {"type": "LineString", "coordinates": [[77.66349, 12.999645], [77.662774, 12.999656], [77.661554, 12.999107]]}}, {"type": "Feature", "properties": {"sec_id": 159, "pri_Drain num": "MD399", "length_m": 156.11, "valley": "Koramangala Challaghatta Valley", "subvalley": "KC_2", "ward_name": "40 - Varthur", "Corporation": "East"}, "geometry": {"type": "LineString", "coordinates": [[77.748601, 12.941612], [77.747163, 12.941615]]}}, {"type": "Feature", "properties": {"Drain num": "BH514A", "sec_id": 160, "pri_Drain num": "BH513", "length_m": 1196.1, "valley": "Koramangala Challaghatta Valley", "subvalley": "SV_1", "ward_name": "45 - Konanakunte,43 - Bheereshwara Nagar", "Corporation": "South"}, "geometry": {"type": "LineString", "coordinates": [[77.574832, 12.894724], [77.572296, 12.893598], [77.571075, 12.8925], [77.56948, 12.892134], [77.569198, 12.891036], [77.569292, 12.890487], [77.568447, 12.889663], [77.568353, 12.88884], [77.569204, 12.888057]]}}, {"type": "Feature", "properties": {"Drain num": "BH514A", "sec_id": 160, "pri_Drain num": "BH513", "length_m": 311.86, "valley": "Koramangala Challaghatta Valley", "subvalley": "SV_1", "ward_name": "45 - Konanakunte,43 - Bheereshwara Nagar", "Corporation": "South"}, "geometry": {"type": "LineString", "coordinates": [[77.569389, 12.886615], [77.56948, 12.885911], [77.569386, 12.883807]]}}, {"type": "Feature", "properties": {"sec_id": 161, "pri_Drain num": "BH583", "length_m": 707.64, "valley": "Koramangala Challaghatta Valley", "subvalley": "KC_2", "ward_name": "18 - Dooravaninagar", "Corporation": "East"}, "geometry": {"type": "LineString", "coordinates": [[77.664464, 12.999473], [77.664323, 13.004126], [77.66376, 13.005772]]}}, {"type": "Feature", "properties": {"sec_id": 162, "pri_Drain num": "MD265", "length_m": 420.17, "valley": "Koramangala Challaghatta Valley", "subvalley": "KC_2", "ward_name": "42 - Priyadarshini Ward", "Corporation": "East"}, "geometry": {"type": "LineString", "coordinates": [[77.709707, 12.956629], [77.708317, 12.956629], [77.706661, 12.956928], [77.705884, 12.956888]]}}, {"type": "Feature", "properties": {"sec_id": 163, "pri_Drain num": "MD369", "length_m": 1058.5, "valley": "Koramangala Challaghatta Valley", "subvalley": "KC_2", "ward_name": "48 - Panathur", "Corporation": "East"}, "geometry": {"type": "LineString", "coordinates": [[77.722279, 12.930968], [77.7223, 12.931287], [77.72224, 12.931387], [77.7223, 12.931446], [77.722227, 12.931487], [77.7223, 12.931486], [77.722361, 12.931686], [77.722361, 12.932403], [77.722234, 12.932856], [77.72187, 12.933339], [77.721788, 12.933578], [77.722034, 12.934057], [77.722034, 12.934455], [77.721625, 12.93571], [77.721645, 12.936228], [77.721932, 12.936866], [77.721809, 12.937304], [77.721911, 12.937962], [77.721911, 12.938978], [77.721829, 12.939157], [77.721686, 12.939257], [77.721298, 12.939316], [77.721105, 12.93942]]}}, {"type": "Feature", "properties": {"sec_id": 164, "pri_Drain num": "MD441", "length_m": 408.65, "valley": "Koramangala Challaghatta Valley", "subvalley": "KC_2", "ward_name": "39 - Hagaduru", "Corporation": "East"}, "geometry": {"type": "LineString", "coordinates": [[77.766619, 12.972347], [77.766415, 12.972068], [77.766047, 12.971252], [77.766129, 12.971092], [77.766374, 12.970893], [77.766272, 12.970395], [77.766701, 12.969977], [77.766603, 12.969812], [77.766875, 12.969563], [77.767008, 12.969539], [77.767069, 12.969419]]}}, {"type": "Feature", "properties": {"sec_id": 164, "pri_Drain num": "MD441", "length_m": 6.03, "valley": "Koramangala Challaghatta Valley", "subvalley": "KC_2", "ward_name": "39 - Hagaduru", "Corporation": "East"}, "geometry": {"type": "LineString", "coordinates": [[77.767069, 12.969419], [77.76703, 12.96938]]}}, {"type": "Feature", "properties": {"sec_id": 164, "pri_Drain num": "MD441", "length_m": 612.39, "valley": "Koramangala Challaghatta Valley", "subvalley": "KC_2", "ward_name": "39 - Hagaduru", "Corporation": "East"}, "geometry": {"type": "LineString", "coordinates": [[77.76703, 12.96938], [77.767089, 12.969379], [77.767294, 12.968961], [77.767641, 12.968582], [77.769686, 12.967805], [77.770033, 12.967307], [77.770442, 12.967148], [77.770749, 12.966789], [77.771239, 12.96651], [77.771369, 12.966364]]}}, {"type": "Feature", "properties": {"sec_id": 165, "pri_Drain num": "MD441", "length_m": 468.63, "valley": "Koramangala Challaghatta Valley", "subvalley": "KC_2", "ward_name": "39 - Hagaduru", "Corporation": "East"}, "geometry": {"type": "LineString", "coordinates": [[77.762813, 12.971123], [77.763103, 12.970973], [77.763614, 12.970435], [77.763778, 12.970156], [77.763696, 12.96912], [77.763328, 12.968124], [77.763348, 12.967526], [77.76341, 12.967447]]}}, {"type": "Feature", "properties": {"sec_id": 166, "pri_Drain num": "MD441", "length_m": 481.22, "valley": "Koramangala Challaghatta Valley", "subvalley": "KC_2", "ward_name": "39 - Hagaduru,38 - Whitefield", "Corporation": "East"}, "geometry": {"type": "LineString", "coordinates": [[77.763287, 12.967367], [77.763083, 12.967268], [77.762755, 12.967287], [77.762719, 12.967421], [77.762514, 12.967594], [77.762367, 12.967945], [77.762433, 12.968146], [77.76236, 12.968399], [77.762244, 12.968622], [77.76204, 12.968782], [77.761482, 12.96882], [77.761386, 12.968901], [77.760691, 12.968762], [77.760486, 12.968841], [77.7602, 12.9691]]}}, {"type": "Feature", "properties": {"sec_id": 166, "pri_Drain num": "MD441", "length_m": 33.42, "valley": "Koramangala Challaghatta Valley", "subvalley": "KC_2", "ward_name": "39 - Hagaduru,38 - Whitefield", "Corporation": "East"}, "geometry": {"type": "LineString", "coordinates": [[77.7602, 12.9691], [77.760411, 12.96932]]}}, {"type": "Feature", "properties": {"sec_id": 166, "pri_Drain num": "MD441", "length_m": 550.95, "valley": "Koramangala Challaghatta Valley", "subvalley": "KC_2", "ward_name": "39 - Hagaduru,38 - Whitefield", "Corporation": "East"}, "geometry": {"type": "LineString", "coordinates": [[77.7602, 12.9691], [77.760385, 12.969345], [77.760309, 12.969444], [77.75998, 12.969815], [77.759669, 12.969738], [77.759423, 12.970236], [77.759055, 12.970495], [77.758647, 12.971053], [77.758054, 12.971292], [77.75742, 12.971272], [77.757318, 12.971431], [77.757113, 12.971152], [77.756909, 12.971172]]}}, {"type": "Feature", "properties": {"sec_id": 166, "pri_Drain num": "MD441", "length_m": 11.07, "valley": "Koramangala Challaghatta Valley", "subvalley": "KC_2", "ward_name": "39 - Hagaduru,38 - Whitefield", "Corporation": "East"}, "geometry": {"type": "LineString", "coordinates": [[77.756909, 12.971172], [77.756827, 12.971232]]}}, {"type": "Feature", "properties": {"sec_id": 166, "pri_Drain num": "MD441", "length_m": 120.14, "valley": "Koramangala Challaghatta Valley", "subvalley": "KC_2", "ward_name": "39 - Hagaduru,38 - Whitefield", "Corporation": "East"}, "geometry": {"type": "LineString", "coordinates": [[77.756827, 12.971232], [77.756418, 12.971431], [77.755785, 12.971451]]}}, {"type": "Feature", "properties": {"sec_id": 166, "pri_Drain num": "MD441", "length_m": 6.26, "valley": "Koramangala Challaghatta Valley", "subvalley": "KC_2", "ward_name": "39 - Hagaduru,38 - Whitefield", "Corporation": "East"}, "geometry": {"type": "LineString", "coordinates": [[77.755785, 12.971451], [77.755825, 12.971491]]}}, {"type": "Feature", "properties": {"sec_id": 166, "pri_Drain num": "MD441", "length_m": 270.18, "valley": "Koramangala Challaghatta Valley", "subvalley": "KC_2", "ward_name": "39 - Hagaduru,38 - Whitefield", "Corporation": "East"}, "geometry": {"type": "LineString", "coordinates": [[77.755785, 12.971451], [77.75558, 12.971331], [77.755417, 12.971331], [77.755171, 12.971451], [77.754578, 12.971292], [77.754231, 12.971292], [77.753863, 12.971531], [77.753495, 12.97157]]}}, {"type": "Feature", "properties": {"sec_id": 167, "pri_Drain num": "MD441", "length_m": 406.19, "valley": "Koramangala Challaghatta Valley", "subvalley": "KC_2", "ward_name": "38 - Whitefield", "Corporation": "East"}, "geometry": {"type": "LineString", "coordinates": [[77.754671, 12.97487], [77.75464, 12.974738], [77.754722, 12.974678], [77.754678, 12.974536], [77.755001, 12.974234], [77.755122, 12.973881], [77.755069, 12.973822], [77.755519, 12.973662], [77.755527, 12.973585], [77.755601, 12.973622], [77.755623, 12.973535], [77.755682, 12.973582], [77.755705, 12.973504], [77.756016, 12.973325], [77.756091, 12.973343], [77.756255, 12.973045], [77.756623, 12.972746], [77.756606, 12.97267], [77.756684, 12.972686]]}}, {"type": "Feature", "properties": {"sec_id": 167, "pri_Drain num": "MD441", "length_m": 8.43, "valley": "Koramangala Challaghatta Valley", "subvalley": "KC_2", "ward_name": "38 - Whitefield", "Corporation": "East"}, "geometry": {"type": "LineString", "coordinates": [[77.756684, 12.972686], [77.756612, 12.972658]]}}, {"type": "Feature", "properties": {"sec_id": 167, "pri_Drain num": "MD441", "length_m": 8.28, "valley": "Koramangala Challaghatta Valley", "subvalley": "KC_2", "ward_name": "38 - Whitefield", "Corporation": "East"}, "geometry": {"type": "LineString", "coordinates": [[77.756684, 12.972686], [77.756625, 12.972639]]}}, {"type": "Feature", "properties": {"sec_id": 167, "pri_Drain num": "MD441", "length_m": 185.53, "valley": "Koramangala Challaghatta Valley", "subvalley": "KC_2", "ward_name": "38 - Whitefield", "Corporation": "East"}, "geometry": {"type": "LineString", "coordinates": [[77.756684, 12.972686], [77.756631, 12.972627], [77.756669, 12.97254], [77.75677, 12.972361], [77.756848, 12.972387], [77.75679, 12.972336], [77.757072, 12.972009], [77.757318, 12.971431]]}}, {"type": "Feature", "properties": {"sec_id": 168, "pri_Drain num": "MD435", "length_m": 20.1, "valley": "Koramangala Challaghatta Valley", "subvalley": "KC_2", "ward_name": "39 - Hagaduru,40 - Varthur", "Corporation": "East"}, "geometry": {"type": "LineString", "coordinates": [[77.757604, 12.943162], [77.757788, 12.943182]]}}, {"type": "Feature", "properties": {"sec_id": 168, "pri_Drain num": "MD435", "length_m": 4.44, "valley": "Koramangala Challaghatta Valley", "subvalley": "KC_2", "ward_name": "39 - Hagaduru,40 - Varthur", "Corporation": "East"}, "geometry": {"type": "LineString", "coordinates": [[77.757788, 12.943182], [77.757829, 12.943182]]}}, {"type": "Feature", "properties": {"sec_id": 168, "pri_Drain num": "MD435", "length_m": 9.15, "valley": "Koramangala Challaghatta Valley", "subvalley": "KC_2", "ward_name": "39 - Hagaduru,40 - Varthur", "Corporation": "East"}, "geometry": {"type": "LineString", "coordinates": [[77.757829, 12.943182], [77.757911, 12.943201]]}}, {"type": "Feature", "properties": {"sec_id": 168, "pri_Drain num": "MD435", "length_m": 4.96, "valley": "Koramangala Challaghatta Valley", "subvalley": "KC_2", "ward_name": "39 - Hagaduru,40 - Varthur", "Corporation": "East"}, "geometry": {"type": "LineString", "coordinates": [[77.757911, 12.943201], [77.757951, 12.943221]]}}, {"type": "Feature", "properties": {"sec_id": 168, "pri_Drain num": "MD435", "length_m": 9.91, "valley": "Koramangala Challaghatta Valley", "subvalley": "KC_2", "ward_name": "39 - Hagaduru,40 - Varthur", "Corporation": "East"}, "geometry": {"type": "LineString", "coordinates": [[77.757951, 12.943221], [77.758033, 12.943261]]}}, {"type": "Feature", "properties": {"sec_id": 168, "pri_Drain num": "MD435", "length_m": 7.99, "valley": "Koramangala Challaghatta Valley", "subvalley": "KC_2", "ward_name": "39 - Hagaduru,40 - Varthur", "Corporation": "East"}, "geometry": {"type": "LineString", "coordinates": [[77.758033, 12.943261], [77.758095, 12.943301]]}}, {"type": "Feature", "properties": {"sec_id": 168, "pri_Drain num": "MD435", "length_m": 6.26, "valley": "Koramangala Challaghatta Valley", "subvalley": "KC_2", "ward_name": "39 - Hagaduru,40 - Varthur", "Corporation": "East"}, "geometry": {"type": "LineString", "coordinates": [[77.758095, 12.943301], [77.758135, 12.943341]]}}, {"type": "Feature", "properties": {"sec_id": 168, "pri_Drain num": "MD435", "length_m": 7.99, "valley": "Koramangala Challaghatta Valley", "subvalley": "KC_2", "ward_name": "39 - Hagaduru,40 - Varthur", "Corporation": "East"}, "geometry": {"type": "LineString", "coordinates": [[77.758135, 12.943341], [77.758197, 12.943381]]}}, {"type": "Feature", "properties": {"sec_id": 168, "pri_Drain num": "MD435", "length_m": 6.26, "valley": "Koramangala Challaghatta Valley", "subvalley": "KC_2", "ward_name": "39 - Hagaduru,40 - Varthur", "Corporation": "East"}, "geometry": {"type": "LineString", "coordinates": [[77.758197, 12.943381], [77.758238, 12.943421]]}}, {"type": "Feature", "properties": {"sec_id": 168, "pri_Drain num": "MD435", "length_m": 14.18, "valley": "Koramangala Challaghatta Valley", "subvalley": "KC_2", "ward_name": "39 - Hagaduru,40 - Varthur", "Corporation": "East"}, "geometry": {"type": "LineString", "coordinates": [[77.758238, 12.943421], [77.75834, 12.9435]]}}, {"type": "Feature", "properties": {"sec_id": 168, "pri_Drain num": "MD435", "length_m": 9.39, "valley": "Koramangala Challaghatta Valley", "subvalley": "KC_2", "ward_name": "39 - Hagaduru,40 - Varthur", "Corporation": "East"}, "geometry": {"type": "LineString", "coordinates": [[77.75834, 12.9435], [77.758401, 12.94356]]}}, {"type": "Feature", "properties": {"sec_id": 168, "pri_Drain num": "MD435", "length_m": 6.26, "valley": "Koramangala Challaghatta Valley", "subvalley": "KC_2", "ward_name": "39 - Hagaduru,40 - Varthur", "Corporation": "East"}, "geometry": {"type": "LineString", "coordinates": [[77.758401, 12.94356], [77.758442, 12.9436]]}}, {"type": "Feature", "properties": {"sec_id": 168, "pri_Drain num": "MD435", "length_m": 6.98, "valley": "Koramangala Challaghatta Valley", "subvalley": "KC_2", "ward_name": "39 - Hagaduru,40 - Varthur", "Corporation": "East"}, "geometry": {"type": "LineString", "coordinates": [[77.758442, 12.9436], [77.758463, 12.94366]]}}, {"type": "Feature", "properties": {"sec_id": 168, "pri_Drain num": "MD435", "length_m": 8.82, "valley": "Koramangala Challaghatta Valley", "subvalley": "KC_2", "ward_name": "39 - Hagaduru,40 - Varthur", "Corporation": "East"}, "geometry": {"type": "LineString", "coordinates": [[77.758463, 12.94366], [77.758463, 12.943739]]}}, {"type": "Feature", "properties": {"sec_id": 168, "pri_Drain num": "MD435", "length_m": 8.82, "valley": "Koramangala Challaghatta Valley", "subvalley": "KC_2", "ward_name": "39 - Hagaduru,40 - Varthur", "Corporation": "East"}, "geometry": {"type": "LineString", "coordinates": [[77.758463, 12.943739], [77.758463, 12.943819]]}}, {"type": "Feature", "properties": {"sec_id": 168, "pri_Drain num": "MD435", "length_m": 6.62, "valley": "Koramangala Challaghatta Valley", "subvalley": "KC_2", "ward_name": "39 - Hagaduru,40 - Varthur", "Corporation": "East"}, "geometry": {"type": "LineString", "coordinates": [[77.758463, 12.943819], [77.758463, 12.943879]]}}, {"type": "Feature", "properties": {"sec_id": 168, "pri_Drain num": "MD435", "length_m": 6.62, "valley": "Koramangala Challaghatta Valley", "subvalley": "KC_2", "ward_name": "39 - Hagaduru,40 - Varthur", "Corporation": "East"}, "geometry": {"type": "LineString", "coordinates": [[77.758463, 12.943879], [77.758463, 12.943939]]}}, {"type": "Feature", "properties": {"sec_id": 168, "pri_Drain num": "MD435", "length_m": 9.1, "valley": "Koramangala Challaghatta Valley", "subvalley": "KC_2", "ward_name": "39 - Hagaduru,40 - Varthur", "Corporation": "East"}, "geometry": {"type": "LineString", "coordinates": [[77.758463, 12.943939], [77.758442, 12.944018]]}}, {"type": "Feature", "properties": {"sec_id": 168, "pri_Drain num": "MD435", "length_m": 6.62, "valley": "Koramangala Challaghatta Valley", "subvalley": "KC_2", "ward_name": "39 - Hagaduru,40 - Varthur", "Corporation": "East"}, "geometry": {"type": "LineString", "coordinates": [[77.758442, 12.944018], [77.758442, 12.944078]]}}, {"type": "Feature", "properties": {"sec_id": 168, "pri_Drain num": "MD435", "length_m": 4.41, "valley": "Koramangala Challaghatta Valley", "subvalley": "KC_2", "ward_name": "39 - Hagaduru,40 - Varthur", "Corporation": "East"}, "geometry": {"type": "LineString", "coordinates": [[77.758442, 12.944078], [77.758442, 12.944118]]}}, {"type": "Feature", "properties": {"sec_id": 168, "pri_Drain num": "MD435", "length_m": 4.41, "valley": "Koramangala Challaghatta Valley", "subvalley": "KC_2", "ward_name": "39 - Hagaduru,40 - Varthur", "Corporation": "East"}, "geometry": {"type": "LineString", "coordinates": [[77.758442, 12.944118], [77.758442, 12.944158]]}}, {"type": "Feature", "properties": {"sec_id": 168, "pri_Drain num": "MD435", "length_m": 8.82, "valley": "Koramangala Challaghatta Valley", "subvalley": "KC_2", "ward_name": "39 - Hagaduru,40 - Varthur", "Corporation": "East"}, "geometry": {"type": "LineString", "coordinates": [[77.758442, 12.944158], [77.758442, 12.944237]]}}, {"type": "Feature", "properties": {"sec_id": 168, "pri_Drain num": "MD435", "length_m": 4.41, "valley": "Koramangala Challaghatta Valley", "subvalley": "KC_2", "ward_name": "39 - Hagaduru,40 - Varthur", "Corporation": "East"}, "geometry": {"type": "LineString", "coordinates": [[77.758442, 12.944237], [77.758442, 12.944277]]}}, {"type": "Feature", "properties": {"sec_id": 168, "pri_Drain num": "MD435", "length_m": 8.82, "valley": "Koramangala Challaghatta Valley", "subvalley": "KC_2", "ward_name": "39 - Hagaduru,40 - Varthur", "Corporation": "East"}, "geometry": {"type": "LineString", "coordinates": [[77.758442, 12.944277], [77.758442, 12.944357]]}}, {"type": "Feature", "properties": {"sec_id": 168, "pri_Drain num": "MD435", "length_m": 8.82, "valley": "Koramangala Challaghatta Valley", "subvalley": "KC_2", "ward_name": "39 - Hagaduru,40 - Varthur", "Corporation": "East"}, "geometry": {"type": "LineString", "coordinates": [[77.758442, 12.944357], [77.758442, 12.944437]]}}, {"type": "Feature", "properties": {"sec_id": 168, "pri_Drain num": "MD435", "length_m": 4.41, "valley": "Koramangala Challaghatta Valley", "subvalley": "KC_2", "ward_name": "39 - Hagaduru,40 - Varthur", "Corporation": "East"}, "geometry": {"type": "LineString", "coordinates": [[77.758442, 12.944437], [77.758442, 12.944477]]}}, {"type": "Feature", "properties": {"sec_id": 168, "pri_Drain num": "MD435", "length_m": 9.1, "valley": "Koramangala Challaghatta Valley", "subvalley": "KC_2", "ward_name": "39 - Hagaduru,40 - Varthur", "Corporation": "East"}, "geometry": {"type": "LineString", "coordinates": [[77.758442, 12.944477], [77.758463, 12.944556]]}}, {"type": "Feature", "properties": {"sec_id": 168, "pri_Drain num": "MD435", "length_m": 11.89, "valley": "Koramangala Challaghatta Valley", "subvalley": "KC_2", "ward_name": "39 - Hagaduru,40 - Varthur", "Corporation": "East"}, "geometry": {"type": "LineString", "coordinates": [[77.758463, 12.944556], [77.758503, 12.944656]]}}, {"type": "Feature", "properties": {"sec_id": 168, "pri_Drain num": "MD435", "length_m": 9.88, "valley": "Koramangala Challaghatta Valley", "subvalley": "KC_2", "ward_name": "39 - Hagaduru,40 - Varthur", "Corporation": "East"}, "geometry": {"type": "LineString", "coordinates": [[77.758503, 12.944656], [77.758544, 12.944736]]}}, {"type": "Feature", "properties": {"sec_id": 168, "pri_Drain num": "MD435", "length_m": 4.94, "valley": "Koramangala Challaghatta Valley", "subvalley": "KC_2", "ward_name": "39 - Hagaduru,40 - Varthur", "Corporation": "East"}, "geometry": {"type": "LineString", "coordinates": [[77.758544, 12.944736], [77.758565, 12.944775]]}}, {"type": "Feature", "properties": {"sec_id": 168, "pri_Drain num": "MD435", "length_m": 9.88, "valley": "Koramangala Challaghatta Valley", "subvalley": "KC_2", "ward_name": "39 - Hagaduru,40 - Varthur", "Corporation": "East"}, "geometry": {"type": "LineString", "coordinates": [[77.758565, 12.944775], [77.758606, 12.944855]]}}, {"type": "Feature", "properties": {"sec_id": 168, "pri_Drain num": "MD435", "length_m": 4.94, "valley": "Koramangala Challaghatta Valley", "subvalley": "KC_2", "ward_name": "39 - Hagaduru,40 - Varthur", "Corporation": "East"}, "geometry": {"type": "LineString", "coordinates": [[77.758606, 12.944855], [77.758626, 12.944895]]}}, {"type": "Feature", "properties": {"sec_id": 168, "pri_Drain num": "MD435", "length_m": 7.97, "valley": "Koramangala Challaghatta Valley", "subvalley": "KC_2", "ward_name": "39 - Hagaduru,40 - Varthur", "Corporation": "East"}, "geometry": {"type": "LineString", "coordinates": [[77.758626, 12.944895], [77.758667, 12.944955]]}}, {"type": "Feature", "properties": {"sec_id": 168, "pri_Drain num": "MD435", "length_m": 4.94, "valley": "Koramangala Challaghatta Valley", "subvalley": "KC_2", "ward_name": "39 - Hagaduru,40 - Varthur", "Corporation": "East"}, "geometry": {"type": "LineString", "coordinates": [[77.758667, 12.944955], [77.758687, 12.944995]]}}, {"type": "Feature", "properties": {"sec_id": 168, "pri_Drain num": "MD435", "length_m": 7.99, "valley": "Koramangala Challaghatta Valley", "subvalley": "KC_2", "ward_name": "39 - Hagaduru,40 - Varthur", "Corporation": "East"}, "geometry": {"type": "LineString", "coordinates": [[77.758687, 12.944995], [77.758749, 12.945034]]}}, {"type": "Feature", "properties": {"sec_id": 168, "pri_Drain num": "MD435", "length_m": 9.88, "valley": "Koramangala Challaghatta Valley", "subvalley": "KC_2", "ward_name": "39 - Hagaduru,40 - Varthur", "Corporation": "East"}, "geometry": {"type": "LineString", "coordinates": [[77.758749, 12.945034], [77.75879, 12.945114]]}}, {"type": "Feature", "properties": {"sec_id": 168, "pri_Drain num": "MD435", "length_m": 9.39, "valley": "Koramangala Challaghatta Valley", "subvalley": "KC_2", "ward_name": "39 - Hagaduru,40 - Varthur", "Corporation": "East"}, "geometry": {"type": "LineString", "coordinates": [[77.75879, 12.945114], [77.758851, 12.945174]]}}, {"type": "Feature", "properties": {"sec_id": 168, "pri_Drain num": "MD435", "length_m": 6.26, "valley": "Koramangala Challaghatta Valley", "subvalley": "KC_2", "ward_name": "39 - Hagaduru,40 - Varthur", "Corporation": "East"}, "geometry": {"type": "LineString", "coordinates": [[77.758851, 12.945174], [77.758892, 12.945214]]}}, {"type": "Feature", "properties": {"sec_id": 168, "pri_Drain num": "MD435", "length_m": 4.41, "valley": "Koramangala Challaghatta Valley", "subvalley": "KC_2", "ward_name": "39 - Hagaduru,40 - Varthur", "Corporation": "East"}, "geometry": {"type": "LineString", "coordinates": [[77.758892, 12.945214], [77.758892, 12.945254]]}}, {"type": "Feature", "properties": {"sec_id": 168, "pri_Drain num": "MD435", "length_m": 7.97, "valley": "Koramangala Challaghatta Valley", "subvalley": "KC_2", "ward_name": "39 - Hagaduru,40 - Varthur", "Corporation": "East"}, "geometry": {"type": "LineString", "coordinates": [[77.758892, 12.945254], [77.758933, 12.945313]]}}, {"type": "Feature", "properties": {"sec_id": 168, "pri_Drain num": "MD435", "length_m": 4.96, "valley": "Koramangala Challaghatta Valley", "subvalley": "KC_2", "ward_name": "39 - Hagaduru,40 - Varthur", "Corporation": "East"}, "geometry": {"type": "LineString", "coordinates": [[77.758933, 12.945313], [77.758974, 12.945333]]}}, {"type": "Feature", "properties": {"sec_id": 168, "pri_Drain num": "MD435", "length_m": 9.1, "valley": "Koramangala Challaghatta Valley", "subvalley": "KC_2", "ward_name": "39 - Hagaduru,40 - Varthur", "Corporation": "East"}, "geometry": {"type": "LineString", "coordinates": [[77.758974, 12.945333], [77.758994, 12.945413]]}}, {"type": "Feature", "properties": {"sec_id": 168, "pri_Drain num": "MD435", "length_m": 4.41, "valley": "Koramangala Challaghatta Valley", "subvalley": "KC_2", "ward_name": "39 - Hagaduru,40 - Varthur", "Corporation": "East"}, "geometry": {"type": "LineString", "coordinates": [[77.758994, 12.945413], [77.758994, 12.945453]]}}, {"type": "Feature", "properties": {"sec_id": 168, "pri_Drain num": "MD435", "length_m": 4.41, "valley": "Koramangala Challaghatta Valley", "subvalley": "KC_2", "ward_name": "39 - Hagaduru,40 - Varthur", "Corporation": "East"}, "geometry": {"type": "LineString", "coordinates": [[77.758994, 12.945453], [77.758994, 12.945493]]}}, {"type": "Feature", "properties": {"sec_id": 168, "pri_Drain num": "MD435", "length_m": 8.82, "valley": "Koramangala Challaghatta Valley", "subvalley": "KC_2", "ward_name": "39 - Hagaduru,40 - Varthur", "Corporation": "East"}, "geometry": {"type": "LineString", "coordinates": [[77.758994, 12.945493], [77.758994, 12.945572]]}}, {"type": "Feature", "properties": {"sec_id": 168, "pri_Drain num": "MD435", "length_m": 4.41, "valley": "Koramangala Challaghatta Valley", "subvalley": "KC_2", "ward_name": "39 - Hagaduru,40 - Varthur", "Corporation": "East"}, "geometry": {"type": "LineString", "coordinates": [[77.758994, 12.945572], [77.758994, 12.945612]]}}, {"type": "Feature", "properties": {"sec_id": 168, "pri_Drain num": "MD435", "length_m": 9.1, "valley": "Koramangala Challaghatta Valley", "subvalley": "KC_2", "ward_name": "39 - Hagaduru,40 - Varthur", "Corporation": "East"}, "geometry": {"type": "LineString", "coordinates": [[77.758994, 12.945612], [77.758974, 12.945692]]}}, {"type": "Feature", "properties": {"sec_id": 168, "pri_Drain num": "MD435", "length_m": 9.1, "valley": "Koramangala Challaghatta Valley", "subvalley": "KC_2", "ward_name": "39 - Hagaduru,40 - Varthur", "Corporation": "East"}, "geometry": {"type": "LineString", "coordinates": [[77.758974, 12.945692], [77.758953, 12.945772]]}}, {"type": "Feature", "properties": {"sec_id": 168, "pri_Drain num": "MD435", "length_m": 6.98, "valley": "Koramangala Challaghatta Valley", "subvalley": "KC_2", "ward_name": "39 - Hagaduru,40 - Varthur", "Corporation": "East"}, "geometry": {"type": "LineString", "coordinates": [[77.758953, 12.945772], [77.758933, 12.945831]]}}, {"type": "Feature", "properties": {"sec_id": 168, "pri_Drain num": "MD435", "length_m": 11.94, "valley": "Koramangala Challaghatta Valley", "subvalley": "KC_2", "ward_name": "39 - Hagaduru,40 - Varthur", "Corporation": "East"}, "geometry": {"type": "LineString", "coordinates": [[77.758933, 12.945831], [77.75883, 12.945871]]}}, {"type": "Feature", "properties": {"sec_id": 168, "pri_Drain num": "MD435", "length_m": 7.02, "valley": "Koramangala Challaghatta Valley", "subvalley": "KC_2", "ward_name": "39 - Hagaduru,40 - Varthur", "Corporation": "East"}, "geometry": {"type": "LineString", "coordinates": [[77.75883, 12.945871], [77.758769, 12.945851]]}}, {"type": "Feature", "properties": {"sec_id": 168, "pri_Drain num": "MD435", "length_m": 7.02, "valley": "Koramangala Challaghatta Valley", "subvalley": "KC_2", "ward_name": "39 - Hagaduru,40 - Varthur", "Corporation": "East"}, "geometry": {"type": "LineString", "coordinates": [[77.758769, 12.945851], [77.758708, 12.945831]]}}, {"type": "Feature", "properties": {"sec_id": 168, "pri_Drain num": "MD435", "length_m": 8.88, "valley": "Koramangala Challaghatta Valley", "subvalley": "KC_2", "ward_name": "39 - Hagaduru,40 - Varthur", "Corporation": "East"}, "geometry": {"type": "LineString", "coordinates": [[77.758708, 12.945831], [77.758626, 12.945831]]}}, {"type": "Feature", "properties": {"sec_id": 168, "pri_Drain num": "MD435", "length_m": 13.5, "valley": "Koramangala Challaghatta Valley", "subvalley": "KC_2", "ward_name": "39 - Hagaduru,40 - Varthur", "Corporation": "East"}, "geometry": {"type": "LineString", "coordinates": [[77.758626, 12.945831], [77.758503, 12.945811]]}}, {"type": "Feature", "properties": {"sec_id": 168, "pri_Drain num": "MD435", "length_m": 8.88, "valley": "Koramangala Challaghatta Valley", "subvalley": "KC_2", "ward_name": "39 - Hagaduru,40 - Varthur", "Corporation": "East"}, "geometry": {"type": "LineString", "coordinates": [[77.758503, 12.945811], [77.758422, 12.945811]]}}, {"type": "Feature", "properties": {"sec_id": 168, "pri_Drain num": "MD435", "length_m": 23.76, "valley": "Koramangala Challaghatta Valley", "subvalley": "KC_2", "ward_name": "39 - Hagaduru,40 - Varthur", "Corporation": "East"}, "geometry": {"type": "LineString", "coordinates": [[77.758422, 12.945811], [77.758314, 12.945998]]}}, {"type": "Feature", "properties": {"sec_id": 168, "pri_Drain num": "MD435", "length_m": 19.38, "valley": "Koramangala Challaghatta Valley", "subvalley": "KC_2", "ward_name": "39 - Hagaduru,40 - Varthur", "Corporation": "East"}, "geometry": {"type": "LineString", "coordinates": [[77.758314, 12.945998], [77.758217, 12.945851]]}}, {"type": "Feature", "properties": {"sec_id": 168, "pri_Drain num": "MD435", "length_m": 26.46, "valley": "Koramangala Challaghatta Valley", "subvalley": "KC_2", "ward_name": "39 - Hagaduru,40 - Varthur", "Corporation": "East"}, "geometry": {"type": "LineString", "coordinates": [[77.758217, 12.945851], [77.758102, 12.946062]]}}, {"type": "Feature", "properties": {"sec_id": 168, "pri_Drain num": "MD435", "length_m": 24.48, "valley": "Koramangala Challaghatta Valley", "subvalley": "KC_2", "ward_name": "39 - Hagaduru,40 - Varthur", "Corporation": "East"}, "geometry": {"type": "LineString", "coordinates": [[77.758102, 12.946062], [77.758033, 12.945851]]}}, {"type": "Feature", "properties": {"sec_id": 168, "pri_Drain num": "MD435", "length_m": 16.89, "valley": "Koramangala Challaghatta Valley", "subvalley": "KC_2", "ward_name": "39 - Hagaduru,40 - Varthur", "Corporation": "East"}, "geometry": {"type": "LineString", "coordinates": [[77.758033, 12.945851], [77.75789, 12.945911]]}}, {"type": "Feature", "properties": {"sec_id": 168, "pri_Drain num": "MD435", "length_m": 11.94, "valley": "Koramangala Challaghatta Valley", "subvalley": "KC_2", "ward_name": "39 - Hagaduru,40 - Varthur", "Corporation": "East"}, "geometry": {"type": "LineString", "coordinates": [[77.75789, 12.945911], [77.757788, 12.945951]]}}, {"type": "Feature", "properties": {"sec_id": 168, "pri_Drain num": "MD435", "length_m": 7.02, "valley": "Koramangala Challaghatta Valley", "subvalley": "KC_2", "ward_name": "39 - Hagaduru,40 - Varthur", "Corporation": "East"}, "geometry": {"type": "LineString", "coordinates": [[77.757788, 12.945951], [77.757727, 12.945971]]}}, {"type": "Feature", "properties": {"sec_id": 168, "pri_Drain num": "MD435", "length_m": 7.99, "valley": "Koramangala Challaghatta Valley", "subvalley": "KC_2", "ward_name": "39 - Hagaduru,40 - Varthur", "Corporation": "East"}, "geometry": {"type": "LineString", "coordinates": [[77.757727, 12.945971], [77.757665, 12.946011]]}}, {"type": "Feature", "properties": {"sec_id": 168, "pri_Drain num": "MD435", "length_m": 12.92, "valley": "Koramangala Challaghatta Valley", "subvalley": "KC_2", "ward_name": "39 - Hagaduru,40 - Varthur", "Corporation": "East"}, "geometry": {"type": "LineString", "coordinates": [[77.757665, 12.946011], [77.757563, 12.94607]]}}, {"type": "Feature", "properties": {"sec_id": 168, "pri_Drain num": "MD435", "length_m": 7.99, "valley": "Koramangala Challaghatta Valley", "subvalley": "KC_2", "ward_name": "39 - Hagaduru,40 - Varthur", "Corporation": "East"}, "geometry": {"type": "LineString", "coordinates": [[77.757563, 12.94607], [77.757502, 12.94611]]}}, {"type": "Feature", "properties": {"sec_id": 168, "pri_Drain num": "MD435", "length_m": 7.99, "valley": "Koramangala Challaghatta Valley", "subvalley": "KC_2", "ward_name": "39 - Hagaduru,40 - Varthur", "Corporation": "East"}, "geometry": {"type": "LineString", "coordinates": [[77.757502, 12.94611], [77.75744, 12.94615]]}}, {"type": "Feature", "properties": {"sec_id": 168, "pri_Drain num": "MD435", "length_m": 4.94, "valley": "Koramangala Challaghatta Valley", "subvalley": "KC_2", "ward_name": "39 - Hagaduru,40 - Varthur", "Corporation": "East"}, "geometry": {"type": "LineString", "coordinates": [[77.75744, 12.94615], [77.75742, 12.94619]]}}, {"type": "Feature", "properties": {"sec_id": 168, "pri_Drain num": "MD435", "length_m": 4.96, "valley": "Koramangala Challaghatta Valley", "subvalley": "KC_2", "ward_name": "39 - Hagaduru,40 - Varthur", "Corporation": "East"}, "geometry": {"type": "LineString", "coordinates": [[77.75742, 12.94619], [77.757379, 12.94621]]}}, {"type": "Feature", "properties": {"sec_id": 168, "pri_Drain num": "MD435", "length_m": 12.88, "valley": "Koramangala Challaghatta Valley", "subvalley": "KC_2", "ward_name": "39 - Hagaduru,40 - Varthur", "Corporation": "East"}, "geometry": {"type": "LineString", "coordinates": [[77.757379, 12.94621], [77.757318, 12.946309]]}}, {"type": "Feature", "properties": {"sec_id": 168, "pri_Drain num": "MD435", "length_m": 9.88, "valley": "Koramangala Challaghatta Valley", "subvalley": "KC_2", "ward_name": "39 - Hagaduru,40 - Varthur", "Corporation": "East"}, "geometry": {"type": "LineString", "coordinates": [[77.757318, 12.946309], [77.757277, 12.946389]]}}, {"type": "Feature", "properties": {"sec_id": 168, "pri_Drain num": "MD435", "length_m": 4.41, "valley": "Koramangala Challaghatta Valley", "subvalley": "KC_2", "ward_name": "39 - Hagaduru,40 - Varthur", "Corporation": "East"}, "geometry": {"type": "LineString", "coordinates": [[77.757277, 12.946389], [77.757277, 12.946429]]}}, {"type": "Feature", "properties": {"sec_id": 168, "pri_Drain num": "MD435", "length_m": 8.82, "valley": "Koramangala Challaghatta Valley", "subvalley": "KC_2", "ward_name": "39 - Hagaduru,40 - Varthur", "Corporation": "East"}, "geometry": {"type": "LineString", "coordinates": [[77.757277, 12.946429], [77.757277, 12.946509]]}}, {"type": "Feature", "properties": {"sec_id": 168, "pri_Drain num": "MD435", "length_m": 8.82, "valley": "Koramangala Challaghatta Valley", "subvalley": "KC_2", "ward_name": "39 - Hagaduru,40 - Varthur", "Corporation": "East"}, "geometry": {"type": "LineString", "coordinates": [[77.757277, 12.946509], [77.757277, 12.946588]]}}, {"type": "Feature", "properties": {"sec_id": 168, "pri_Drain num": "MD435", "length_m": 6.62, "valley": "Koramangala Challaghatta Valley", "subvalley": "KC_2", "ward_name": "39 - Hagaduru,40 - Varthur", "Corporation": "East"}, "geometry": {"type": "LineString", "coordinates": [[77.757277, 12.946588], [77.757277, 12.946648]]}}, {"type": "Feature", "properties": {"sec_id": 168, "pri_Drain num": "MD435", "length_m": 4.41, "valley": "Koramangala Challaghatta Valley", "subvalley": "KC_2", "ward_name": "39 - Hagaduru,40 - Varthur", "Corporation": "East"}, "geometry": {"type": "LineString", "coordinates": [[77.757277, 12.946648], [77.757277, 12.946688]]}}, {"type": "Feature", "properties": {"sec_id": 168, "pri_Drain num": "MD435", "length_m": 4.41, "valley": "Koramangala Challaghatta Valley", "subvalley": "KC_2", "ward_name": "39 - Hagaduru,40 - Varthur", "Corporation": "East"}, "geometry": {"type": "LineString", "coordinates": [[77.757277, 12.946688], [77.757277, 12.946728]]}}, {"type": "Feature", "properties": {"sec_id": 168, "pri_Drain num": "MD435", "length_m": 8.82, "valley": "Koramangala Challaghatta Valley", "subvalley": "KC_2", "ward_name": "39 - Hagaduru,40 - Varthur", "Corporation": "East"}, "geometry": {"type": "LineString", "coordinates": [[77.757277, 12.946728], [77.757277, 12.946808]]}}, {"type": "Feature", "properties": {"sec_id": 168, "pri_Drain num": "MD435", "length_m": 9.1, "valley": "Koramangala Challaghatta Valley", "subvalley": "KC_2", "ward_name": "39 - Hagaduru,40 - Varthur", "Corporation": "East"}, "geometry": {"type": "LineString", "coordinates": [[77.757277, 12.946808], [77.757297, 12.946887]]}}, {"type": "Feature", "properties": {"sec_id": 168, "pri_Drain num": "MD435", "length_m": 4.94, "valley": "Koramangala Challaghatta Valley", "subvalley": "KC_2", "ward_name": "39 - Hagaduru,40 - Varthur", "Corporation": "East"}, "geometry": {"type": "LineString", "coordinates": [[77.757297, 12.946887], [77.757318, 12.946927]]}}, {"type": "Feature", "properties": {"sec_id": 168, "pri_Drain num": "MD435", "length_m": 8.82, "valley": "Koramangala Challaghatta Valley", "subvalley": "KC_2", "ward_name": "39 - Hagaduru,40 - Varthur", "Corporation": "East"}, "geometry": {"type": "LineString", "coordinates": [[77.757318, 12.946927], [77.757318, 12.947007]]}}, {"type": "Feature", "properties": {"sec_id": 168, "pri_Drain num": "MD435", "length_m": 7.97, "valley": "Koramangala Challaghatta Valley", "subvalley": "KC_2", "ward_name": "39 - Hagaduru,40 - Varthur", "Corporation": "East"}, "geometry": {"type": "LineString", "coordinates": [[77.757318, 12.947007], [77.757359, 12.947066]]}}, {"type": "Feature", "properties": {"sec_id": 168, "pri_Drain num": "MD435", "length_m": 4.94, "valley": "Koramangala Challaghatta Valley", "subvalley": "KC_2", "ward_name": "39 - Hagaduru,40 - Varthur", "Corporation": "East"}, "geometry": {"type": "LineString", "coordinates": [[77.757359, 12.947066], [77.757379, 12.947106]]}}, {"type": "Feature", "properties": {"sec_id": 168, "pri_Drain num": "MD435", "length_m": 4.41, "valley": "Koramangala Challaghatta Valley", "subvalley": "KC_2", "ward_name": "39 - Hagaduru,40 - Varthur", "Corporation": "East"}, "geometry": {"type": "LineString", "coordinates": [[77.757379, 12.947106], [77.757379, 12.947146]]}}, {"type": "Feature", "properties": {"sec_id": 168, "pri_Drain num": "MD435", "length_m": 9.1, "valley": "Koramangala Challaghatta Valley", "subvalley": "KC_2", "ward_name": "39 - Hagaduru,40 - Varthur", "Corporation": "East"}, "geometry": {"type": "LineString", "coordinates": [[77.757379, 12.947146], [77.7574, 12.947226]]}}, {"type": "Feature", "properties": {"sec_id": 168, "pri_Drain num": "MD435", "length_m": 9.88, "valley": "Koramangala Challaghatta Valley", "subvalley": "KC_2", "ward_name": "39 - Hagaduru,40 - Varthur", "Corporation": "East"}, "geometry": {"type": "LineString", "coordinates": [[77.7574, 12.947226], [77.75744, 12.947306]]}}, {"type": "Feature", "properties": {"sec_id": 168, "pri_Drain num": "MD435", "length_m": 4.94, "valley": "Koramangala Challaghatta Valley", "subvalley": "KC_2", "ward_name": "39 - Hagaduru,40 - Varthur", "Corporation": "East"}, "geometry": {"type": "LineString", "coordinates": [[77.75744, 12.947306], [77.757461, 12.947345]]}}, {"type": "Feature", "properties": {"sec_id": 168, "pri_Drain num": "MD435", "length_m": 6.62, "valley": "Koramangala Challaghatta Valley", "subvalley": "KC_2", "ward_name": "39 - Hagaduru,40 - Varthur", "Corporation": "East"}, "geometry": {"type": "LineString", "coordinates": [[77.757461, 12.947345], [77.757461, 12.947405]]}}, {"type": "Feature", "properties": {"sec_id": 168, "pri_Drain num": "MD435", "length_m": 4.94, "valley": "Koramangala Challaghatta Valley", "subvalley": "KC_2", "ward_name": "39 - Hagaduru,40 - Varthur", "Corporation": "East"}, "geometry": {"type": "LineString", "coordinates": [[77.757461, 12.947405], [77.757481, 12.947445]]}}, {"type": "Feature", "properties": {"sec_id": 168, "pri_Drain num": "MD435", "length_m": 6.62, "valley": "Koramangala Challaghatta Valley", "subvalley": "KC_2", "ward_name": "39 - Hagaduru,40 - Varthur", "Corporation": "East"}, "geometry": {"type": "LineString", "coordinates": [[77.757481, 12.947445], [77.757481, 12.947505]]}}, {"type": "Feature", "properties": {"sec_id": 168, "pri_Drain num": "MD435", "length_m": 6.62, "valley": "Koramangala Challaghatta Valley", "subvalley": "KC_2", "ward_name": "39 - Hagaduru,40 - Varthur", "Corporation": "East"}, "geometry": {"type": "LineString", "coordinates": [[77.757481, 12.947505], [77.757481, 12.947565]]}}, {"type": "Feature", "properties": {"sec_id": 168, "pri_Drain num": "MD435", "length_m": 4.41, "valley": "Koramangala Challaghatta Valley", "subvalley": "KC_2", "ward_name": "39 - Hagaduru,40 - Varthur", "Corporation": "East"}, "geometry": {"type": "LineString", "coordinates": [[77.757481, 12.947565], [77.757481, 12.947604]]}}, {"type": "Feature", "properties": {"sec_id": 168, "pri_Drain num": "MD435", "length_m": 4.41, "valley": "Koramangala Challaghatta Valley", "subvalley": "KC_2", "ward_name": "39 - Hagaduru,40 - Varthur", "Corporation": "East"}, "geometry": {"type": "LineString", "coordinates": [[77.757481, 12.947604], [77.757481, 12.947644]]}}, {"type": "Feature", "properties": {"sec_id": 168, "pri_Drain num": "MD435", "length_m": 9.1, "valley": "Koramangala Challaghatta Valley", "subvalley": "KC_2", "ward_name": "39 - Hagaduru,40 - Varthur", "Corporation": "East"}, "geometry": {"type": "LineString", "coordinates": [[77.757481, 12.947644], [77.757461, 12.947724]]}}, {"type": "Feature", "properties": {"sec_id": 168, "pri_Drain num": "MD435", "length_m": 4.94, "valley": "Koramangala Challaghatta Valley", "subvalley": "KC_2", "ward_name": "39 - Hagaduru,40 - Varthur", "Corporation": "East"}, "geometry": {"type": "LineString", "coordinates": [[77.757461, 12.947724], [77.75744, 12.947764]]}}, {"type": "Feature", "properties": {"sec_id": 168, "pri_Drain num": "MD435", "length_m": 9.39, "valley": "Koramangala Challaghatta Valley", "subvalley": "KC_2", "ward_name": "39 - Hagaduru,40 - Varthur", "Corporation": "East"}, "geometry": {"type": "LineString", "coordinates": [[77.75744, 12.947764], [77.757379, 12.947824]]}}, {"type": "Feature", "properties": {"sec_id": 168, "pri_Drain num": "MD435", "length_m": 6.26, "valley": "Koramangala Challaghatta Valley", "subvalley": "KC_2", "ward_name": "39 - Hagaduru,40 - Varthur", "Corporation": "East"}, "geometry": {"type": "LineString", "coordinates": [[77.757379, 12.947824], [77.757338, 12.947863]]}}, {"type": "Feature", "properties": {"sec_id": 168, "pri_Drain num": "MD435", "length_m": 9.91, "valley": "Koramangala Challaghatta Valley", "subvalley": "KC_2", "ward_name": "39 - Hagaduru,40 - Varthur", "Corporation": "East"}, "geometry": {"type": "LineString", "coordinates": [[77.757338, 12.947863], [77.757256, 12.947903]]}}, {"type": "Feature", "properties": {"sec_id": 168, "pri_Drain num": "MD435", "length_m": 14.18, "valley": "Koramangala Challaghatta Valley", "subvalley": "KC_2", "ward_name": "39 - Hagaduru,40 - Varthur", "Corporation": "East"}, "geometry": {"type": "LineString", "coordinates": [[77.757256, 12.947903], [77.757154, 12.947983]]}}, {"type": "Feature", "properties": {"sec_id": 168, "pri_Drain num": "MD435", "length_m": 6.26, "valley": "Koramangala Challaghatta Valley", "subvalley": "KC_2", "ward_name": "39 - Hagaduru,40 - Varthur", "Corporation": "East"}, "geometry": {"type": "LineString", "coordinates": [[77.757154, 12.947983], [77.757113, 12.948023]]}}, {"type": "Feature", "properties": {"sec_id": 168, "pri_Drain num": "MD435", "length_m": 4.96, "valley": "Koramangala Challaghatta Valley", "subvalley": "KC_2", "ward_name": "39 - Hagaduru,40 - Varthur", "Corporation": "East"}, "geometry": {"type": "LineString", "coordinates": [[77.757113, 12.948023], [77.757072, 12.948043]]}}, {"type": "Feature", "properties": {"sec_id": 168, "pri_Drain num": "MD435", "length_m": 7.99, "valley": "Koramangala Challaghatta Valley", "subvalley": "KC_2", "ward_name": "39 - Hagaduru,40 - Varthur", "Corporation": "East"}, "geometry": {"type": "LineString", "coordinates": [[77.757072, 12.948043], [77.757011, 12.948083]]}}, {"type": "Feature", "properties": {"sec_id": 168, "pri_Drain num": "MD435", "length_m": 6.26, "valley": "Koramangala Challaghatta Valley", "subvalley": "KC_2", "ward_name": "39 - Hagaduru,40 - Varthur", "Corporation": "East"}, "geometry": {"type": "LineString", "coordinates": [[77.757011, 12.948083], [77.75697, 12.948122]]}}, {"type": "Feature", "properties": {"sec_id": 168, "pri_Drain num": "MD435", "length_m": 4.96, "valley": "Koramangala Challaghatta Valley", "subvalley": "KC_2", "ward_name": "39 - Hagaduru,40 - Varthur", "Corporation": "East"}, "geometry": {"type": "LineString", "coordinates": [[77.75697, 12.948122], [77.756929, 12.948142]]}}, {"type": "Feature", "properties": {"sec_id": 168, "pri_Drain num": "MD435", "length_m": 14.03, "valley": "Koramangala Challaghatta Valley", "subvalley": "KC_2", "ward_name": "39 - Hagaduru,40 - Varthur", "Corporation": "East"}, "geometry": {"type": "LineString", "coordinates": [[77.756929, 12.948142], [77.756807, 12.948182]]}}, {"type": "Feature", "properties": {"sec_id": 168, "pri_Drain num": "MD435", "length_m": 8.88, "valley": "Koramangala Challaghatta Valley", "subvalley": "KC_2", "ward_name": "39 - Hagaduru,40 - Varthur", "Corporation": "East"}, "geometry": {"type": "LineString", "coordinates": [[77.756807, 12.948182], [77.756725, 12.948182]]}}, {"type": "Feature", "properties": {"sec_id": 168, "pri_Drain num": "MD435", "length_m": 26.36, "valley": "Koramangala Challaghatta Valley", "subvalley": "KC_2", "ward_name": "39 - Hagaduru,40 - Varthur", "Corporation": "East"}, "geometry": {"type": "LineString", "coordinates": [[77.756725, 12.948182], [77.756664, 12.948413]]}}, {"type": "Feature", "properties": {"sec_id": 168, "pri_Drain num": "MD435", "length_m": 16.74, "valley": "Koramangala Challaghatta Valley", "subvalley": "KC_2", "ward_name": "39 - Hagaduru,40 - Varthur", "Corporation": "East"}, "geometry": {"type": "LineString", "coordinates": [[77.756664, 12.948413], [77.756541, 12.948322]]}}, {"type": "Feature", "properties": {"sec_id": 168, "pri_Drain num": "MD435", "length_m": 6.98, "valley": "Koramangala Challaghatta Valley", "subvalley": "KC_2", "ward_name": "39 - Hagaduru,40 - Varthur", "Corporation": "East"}, "geometry": {"type": "LineString", "coordinates": [[77.756541, 12.948322], [77.75652, 12.948381]]}}, {"type": "Feature", "properties": {"sec_id": 168, "pri_Drain num": "MD435", "length_m": 9.1, "valley": "Koramangala Challaghatta Valley", "subvalley": "KC_2", "ward_name": "39 - Hagaduru,40 - Varthur", "Corporation": "East"}, "geometry": {"type": "LineString", "coordinates": [[77.75652, 12.948381], [77.7565, 12.948461]]}}, {"type": "Feature", "properties": {"sec_id": 168, "pri_Drain num": "MD435", "length_m": 9.88, "valley": "Koramangala Challaghatta Valley", "subvalley": "KC_2", "ward_name": "39 - Hagaduru,40 - Varthur", "Corporation": "East"}, "geometry": {"type": "LineString", "coordinates": [[77.7565, 12.948461], [77.756459, 12.948541]]}}, {"type": "Feature", "properties": {"sec_id": 168, "pri_Drain num": "MD435", "length_m": 4.94, "valley": "Koramangala Challaghatta Valley", "subvalley": "KC_2", "ward_name": "39 - Hagaduru,40 - Varthur", "Corporation": "East"}, "geometry": {"type": "LineString", "coordinates": [[77.756459, 12.948541], [77.756439, 12.948581]]}}, {"type": "Feature", "properties": {"sec_id": 168, "pri_Drain num": "MD435", "length_m": 7.99, "valley": "Koramangala Challaghatta Valley", "subvalley": "KC_2", "ward_name": "39 - Hagaduru,40 - Varthur", "Corporation": "East"}, "geometry": {"type": "LineString", "coordinates": [[77.756439, 12.948581], [77.756377, 12.94862]]}}, {"type": "Feature", "properties": {"sec_id": 168, "pri_Drain num": "MD435", "length_m": 4.94, "valley": "Koramangala Challaghatta Valley", "subvalley": "KC_2", "ward_name": "39 - Hagaduru,40 - Varthur", "Corporation": "East"}, "geometry": {"type": "LineString", "coordinates": [[77.756377, 12.94862], [77.756357, 12.94866]]}}, {"type": "Feature", "properties": {"sec_id": 168, "pri_Drain num": "MD435", "length_m": 6.26, "valley": "Koramangala Challaghatta Valley", "subvalley": "KC_2", "ward_name": "39 - Hagaduru,40 - Varthur", "Corporation": "East"}, "geometry": {"type": "LineString", "coordinates": [[77.756357, 12.94866], [77.756316, 12.9487]]}}, {"type": "Feature", "properties": {"sec_id": 168, "pri_Drain num": "MD435", "length_m": 4.96, "valley": "Koramangala Challaghatta Valley", "subvalley": "KC_2", "ward_name": "39 - Hagaduru,40 - Varthur", "Corporation": "East"}, "geometry": {"type": "LineString", "coordinates": [[77.756316, 12.9487], [77.756275, 12.94872]]}}, {"type": "Feature", "properties": {"sec_id": 168, "pri_Drain num": "MD435", "length_m": 7.99, "valley": "Koramangala Challaghatta Valley", "subvalley": "KC_2", "ward_name": "39 - Hagaduru,40 - Varthur", "Corporation": "East"}, "geometry": {"type": "LineString", "coordinates": [[77.756275, 12.94872], [77.756214, 12.94876]]}}, {"type": "Feature", "properties": {"sec_id": 168, "pri_Drain num": "MD435", "length_m": 4.44, "valley": "Koramangala Challaghatta Valley", "subvalley": "KC_2", "ward_name": "39 - Hagaduru,40 - Varthur", "Corporation": "East"}, "geometry": {"type": "LineString", "coordinates": [[77.756214, 12.94876], [77.756173, 12.94876]]}}, {"type": "Feature", "properties": {"sec_id": 168, "pri_Drain num": "MD435", "length_m": 9.91, "valley": "Koramangala Challaghatta Valley", "subvalley": "KC_2", "ward_name": "39 - Hagaduru,40 - Varthur", "Corporation": "East"}, "geometry": {"type": "LineString", "coordinates": [[77.756173, 12.94876], [77.756091, 12.9488]]}}, {"type": "Feature", "properties": {"sec_id": 168, "pri_Drain num": "MD435", "length_m": 9.84, "valley": "Koramangala Challaghatta Valley", "subvalley": "KC_2", "ward_name": "39 - Hagaduru,40 - Varthur", "Corporation": "East"}, "geometry": {"type": "LineString", "coordinates": [[77.756091, 12.9488], [77.756016, 12.94885]]}}, {"type": "Feature", "properties": {"sec_id": 168, "pri_Drain num": "MD435", "length_m": 6.72, "valley": "Koramangala Challaghatta Valley", "subvalley": "KC_2", "ward_name": "39 - Hagaduru,40 - Varthur", "Corporation": "East"}, "geometry": {"type": "LineString", "coordinates": [[77.756016, 12.94885], [77.755958, 12.948871]]}}, {"type": "Feature", "properties": {"sec_id": 168, "pri_Drain num": "MD435", "length_m": 5.64, "valley": "Koramangala Challaghatta Valley", "subvalley": "KC_2", "ward_name": "39 - Hagaduru,40 - Varthur", "Corporation": "East"}, "geometry": {"type": "LineString", "coordinates": [[77.755958, 12.948871], [77.755907, 12.948879]]}}, {"type": "Feature", "properties": {"sec_id": 168, "pri_Drain num": "MD435", "length_m": 4.96, "valley": "Koramangala Challaghatta Valley", "subvalley": "KC_2", "ward_name": "39 - Hagaduru,40 - Varthur", "Corporation": "East"}, "geometry": {"type": "LineString", "coordinates": [[77.755907, 12.948879], [77.755866, 12.948899]]}}, {"type": "Feature", "properties": {"sec_id": 168, "pri_Drain num": "MD435", "length_m": 9.15, "valley": "Koramangala Challaghatta Valley", "subvalley": "KC_2", "ward_name": "39 - Hagaduru,40 - Varthur", "Corporation": "East"}, "geometry": {"type": "LineString", "coordinates": [[77.755866, 12.948899], [77.755785, 12.948919]]}}, {"type": "Feature", "properties": {"sec_id": 168, "pri_Drain num": "MD435", "length_m": 9.39, "valley": "Koramangala Challaghatta Valley", "subvalley": "KC_2", "ward_name": "39 - Hagaduru,40 - Varthur", "Corporation": "East"}, "geometry": {"type": "LineString", "coordinates": [[77.755785, 12.948919], [77.755704, 12.948889]]}}, {"type": "Feature", "properties": {"sec_id": 168, "pri_Drain num": "MD435", "length_m": 6.74, "valley": "Koramangala Challaghatta Valley", "subvalley": "KC_2", "ward_name": "39 - Hagaduru,40 - Varthur", "Corporation": "East"}, "geometry": {"type": "LineString", "coordinates": [[77.755704, 12.948889], [77.755642, 12.948897]]}}, {"type": "Feature", "properties": {"sec_id": 168, "pri_Drain num": "MD435", "length_m": 6.13, "valley": "Koramangala Challaghatta Valley", "subvalley": "KC_2", "ward_name": "39 - Hagaduru,40 - Varthur", "Corporation": "East"}, "geometry": {"type": "LineString", "coordinates": [[77.755642, 12.948897], [77.755588, 12.948914]]}}, {"type": "Feature", "properties": {"sec_id": 168, "pri_Drain num": "MD435", "length_m": 13.97, "valley": "Koramangala Challaghatta Valley", "subvalley": "KC_2", "ward_name": "39 - Hagaduru,40 - Varthur", "Corporation": "East"}, "geometry": {"type": "LineString", "coordinates": [[77.755588, 12.948914], [77.755493, 12.948998]]}}, {"type": "Feature", "properties": {"sec_id": 168, "pri_Drain num": "MD435", "length_m": 12.42, "valley": "Koramangala Challaghatta Valley", "subvalley": "KC_2", "ward_name": "39 - Hagaduru,40 - Varthur", "Corporation": "East"}, "geometry": {"type": "LineString", "coordinates": [[77.755493, 12.948998], [77.755396, 12.949059]]}}, {"type": "Feature", "properties": {"sec_id": 168, "pri_Drain num": "MD435", "length_m": 4.44, "valley": "Koramangala Challaghatta Valley", "subvalley": "KC_2", "ward_name": "39 - Hagaduru,40 - Varthur", "Corporation": "East"}, "geometry": {"type": "LineString", "coordinates": [[77.755396, 12.949059], [77.755355, 12.949059]]}}, {"type": "Feature", "properties": {"sec_id": 168, "pri_Drain num": "MD435", "length_m": 7.99, "valley": "Koramangala Challaghatta Valley", "subvalley": "KC_2", "ward_name": "39 - Hagaduru,40 - Varthur", "Corporation": "East"}, "geometry": {"type": "LineString", "coordinates": [[77.755355, 12.949059], [77.755294, 12.949099]]}}, {"type": "Feature", "properties": {"sec_id": 168, "pri_Drain num": "MD435", "length_m": 4.96, "valley": "Koramangala Challaghatta Valley", "subvalley": "KC_2", "ward_name": "39 - Hagaduru,40 - Varthur", "Corporation": "East"}, "geometry": {"type": "LineString", "coordinates": [[77.755294, 12.949099], [77.755253, 12.949119]]}}, {"type": "Feature", "properties": {"sec_id": 168, "pri_Drain num": "MD435", "length_m": 9.88, "valley": "Koramangala Challaghatta Valley", "subvalley": "KC_2", "ward_name": "39 - Hagaduru,40 - Varthur", "Corporation": "East"}, "geometry": {"type": "LineString", "coordinates": [[77.755253, 12.949119], [77.755212, 12.949198]]}}, {"type": "Feature", "properties": {"sec_id": 168, "pri_Drain num": "MD435", "length_m": 9.88, "valley": "Koramangala Challaghatta Valley", "subvalley": "KC_2", "ward_name": "39 - Hagaduru,40 - Varthur", "Corporation": "East"}, "geometry": {"type": "LineString", "coordinates": [[77.755212, 12.949198], [77.755171, 12.949278]]}}, {"type": "Feature", "properties": {"sec_id": 168, "pri_Drain num": "MD435", "length_m": 13.42, "valley": "Koramangala Challaghatta Valley", "subvalley": "KC_2", "ward_name": "39 - Hagaduru,40 - Varthur", "Corporation": "East"}, "geometry": {"type": "LineString", "coordinates": [[77.755171, 12.949278], [77.755151, 12.949397]]}}, {"type": "Feature", "properties": {"sec_id": 168, "pri_Drain num": "MD435", "length_m": 9.88, "valley": "Koramangala Challaghatta Valley", "subvalley": "KC_2", "ward_name": "39 - Hagaduru,40 - Varthur", "Corporation": "East"}, "geometry": {"type": "LineString", "coordinates": [[77.755151, 12.949397], [77.75511, 12.949477]]}}, {"type": "Feature", "properties": {"sec_id": 168, "pri_Drain num": "MD435", "length_m": 21.26, "valley": "Koramangala Challaghatta Valley", "subvalley": "KC_2", "ward_name": "39 - Hagaduru,40 - Varthur", "Corporation": "East"}, "geometry": {"type": "LineString", "coordinates": [[77.75511, 12.949477], [77.754954, 12.949594]]}}, {"type": "Feature", "properties": {"sec_id": 168, "pri_Drain num": "MD435", "length_m": 14.73, "valley": "Koramangala Challaghatta Valley", "subvalley": "KC_2", "ward_name": "39 - Hagaduru,40 - Varthur", "Corporation": "East"}, "geometry": {"type": "LineString", "coordinates": [[77.754954, 12.949594], [77.754865, 12.949694]]}}, {"type": "Feature", "properties": {"sec_id": 168, "pri_Drain num": "MD435", "length_m": 8.17, "valley": "Koramangala Challaghatta Valley", "subvalley": "KC_2", "ward_name": "39 - Hagaduru,40 - Varthur", "Corporation": "East"}, "geometry": {"type": "LineString", "coordinates": [[77.754865, 12.949694], [77.754803, 12.949736]]}}, {"type": "Feature", "properties": {"sec_id": 168, "pri_Drain num": "MD435", "length_m": 14.18, "valley": "Koramangala Challaghatta Valley", "subvalley": "KC_2", "ward_name": "39 - Hagaduru,40 - Varthur", "Corporation": "East"}, "geometry": {"type": "LineString", "coordinates": [[77.754803, 12.949736], [77.754701, 12.949816]]}}, {"type": "Feature", "properties": {"sec_id": 168, "pri_Drain num": "MD435", "length_m": 15.98, "valley": "Koramangala Challaghatta Valley", "subvalley": "KC_2", "ward_name": "39 - Hagaduru,40 - Varthur", "Corporation": "East"}, "geometry": {"type": "LineString", "coordinates": [[77.754701, 12.949816], [77.754578, 12.949896]]}}, {"type": "Feature", "properties": {"sec_id": 168, "pri_Drain num": "MD435", "length_m": 6.26, "valley": "Koramangala Challaghatta Valley", "subvalley": "KC_2", "ward_name": "39 - Hagaduru,40 - Varthur", "Corporation": "East"}, "geometry": {"type": "LineString", "coordinates": [[77.754578, 12.949896], [77.754538, 12.949935]]}}, {"type": "Feature", "properties": {"sec_id": 168, "pri_Drain num": "MD435", "length_m": 4.96, "valley": "Koramangala Challaghatta Valley", "subvalley": "KC_2", "ward_name": "39 - Hagaduru,40 - Varthur", "Corporation": "East"}, "geometry": {"type": "LineString", "coordinates": [[77.754538, 12.949935], [77.754497, 12.949955]]}}, {"type": "Feature", "properties": {"sec_id": 168, "pri_Drain num": "MD435", "length_m": 4.94, "valley": "Koramangala Challaghatta Valley", "subvalley": "KC_2", "ward_name": "39 - Hagaduru,40 - Varthur", "Corporation": "East"}, "geometry": {"type": "LineString", "coordinates": [[77.754497, 12.949955], [77.754476, 12.949995]]}}, {"type": "Feature", "properties": {"sec_id": 168, "pri_Drain num": "MD435", "length_m": 11.05, "valley": "Koramangala Challaghatta Valley", "subvalley": "KC_2", "ward_name": "39 - Hagaduru,40 - Varthur", "Corporation": "East"}, "geometry": {"type": "LineString", "coordinates": [[77.754476, 12.949995], [77.754415, 12.950075]]}}, {"type": "Feature", "properties": {"sec_id": 168, "pri_Drain num": "MD435", "length_m": 6.26, "valley": "Koramangala Challaghatta Valley", "subvalley": "KC_2", "ward_name": "39 - Hagaduru,40 - Varthur", "Corporation": "East"}, "geometry": {"type": "LineString", "coordinates": [[77.754415, 12.950075], [77.754374, 12.950115]]}}, {"type": "Feature", "properties": {"sec_id": 168, "pri_Drain num": "MD435", "length_m": 9.39, "valley": "Koramangala Challaghatta Valley", "subvalley": "KC_2", "ward_name": "39 - Hagaduru,40 - Varthur", "Corporation": "East"}, "geometry": {"type": "LineString", "coordinates": [[77.754374, 12.950115], [77.754313, 12.950174]]}}, {"type": "Feature", "properties": {"sec_id": 168, "pri_Drain num": "MD435", "length_m": 6.98, "valley": "Koramangala Challaghatta Valley", "subvalley": "KC_2", "ward_name": "39 - Hagaduru,40 - Varthur", "Corporation": "East"}, "geometry": {"type": "LineString", "coordinates": [[77.754313, 12.950174], [77.754292, 12.950234]]}}, {"type": "Feature", "properties": {"sec_id": 168, "pri_Drain num": "MD435", "length_m": 4.94, "valley": "Koramangala Challaghatta Valley", "subvalley": "KC_2", "ward_name": "39 - Hagaduru,40 - Varthur", "Corporation": "East"}, "geometry": {"type": "LineString", "coordinates": [[77.754292, 12.950234], [77.754272, 12.950274]]}}, {"type": "Feature", "properties": {"sec_id": 168, "pri_Drain num": "MD435", "length_m": 7.97, "valley": "Koramangala Challaghatta Valley", "subvalley": "KC_2", "ward_name": "39 - Hagaduru,40 - Varthur", "Corporation": "East"}, "geometry": {"type": "LineString", "coordinates": [[77.754272, 12.950274], [77.754231, 12.950334]]}}, {"type": "Feature", "properties": {"sec_id": 168, "pri_Drain num": "MD435", "length_m": 7.97, "valley": "Koramangala Challaghatta Valley", "subvalley": "KC_2", "ward_name": "39 - Hagaduru,40 - Varthur", "Corporation": "East"}, "geometry": {"type": "LineString", "coordinates": [[77.754231, 12.950334], [77.75419, 12.950394]]}}, {"type": "Feature", "properties": {"sec_id": 168, "pri_Drain num": "MD435", "length_m": 6.98, "valley": "Koramangala Challaghatta Valley", "subvalley": "KC_2", "ward_name": "39 - Hagaduru,40 - Varthur", "Corporation": "East"}, "geometry": {"type": "LineString", "coordinates": [[77.75419, 12.950394], [77.75417, 12.950453]]}}, {"type": "Feature", "properties": {"sec_id": 168, "pri_Drain num": "MD435", "length_m": 6.26, "valley": "Koramangala Challaghatta Valley", "subvalley": "KC_2", "ward_name": "39 - Hagaduru,40 - Varthur", "Corporation": "East"}, "geometry": {"type": "LineString", "coordinates": [[77.75417, 12.950453], [77.754129, 12.950493]]}}, {"type": "Feature", "properties": {"sec_id": 168, "pri_Drain num": "MD435", "length_m": 4.94, "valley": "Koramangala Challaghatta Valley", "subvalley": "KC_2", "ward_name": "39 - Hagaduru,40 - Varthur", "Corporation": "East"}, "geometry": {"type": "LineString", "coordinates": [[77.754129, 12.950493], [77.754108, 12.950533]]}}, {"type": "Feature", "properties": {"sec_id": 168, "pri_Drain num": "MD435", "length_m": 14.81, "valley": "Koramangala Challaghatta Valley", "subvalley": "KC_2", "ward_name": "39 - Hagaduru,40 - Varthur", "Corporation": "East"}, "geometry": {"type": "LineString", "coordinates": [[77.754108, 12.950533], [77.754047, 12.950653]]}}, {"type": "Feature", "properties": {"sec_id": 168, "pri_Drain num": "MD435", "length_m": 4.94, "valley": "Koramangala Challaghatta Valley", "subvalley": "KC_2", "ward_name": "39 - Hagaduru,40 - Varthur", "Corporation": "East"}, "geometry": {"type": "LineString", "coordinates": [[77.754047, 12.950653], [77.754026, 12.950692]]}}, {"type": "Feature", "properties": {"sec_id": 168, "pri_Drain num": "MD435", "length_m": 20.41, "valley": "Koramangala Challaghatta Valley", "subvalley": "KC_2", "ward_name": "39 - Hagaduru,40 - Varthur", "Corporation": "East"}, "geometry": {"type": "LineString", "coordinates": [[77.754026, 12.950692], [77.753883, 12.950812]]}}, {"type": "Feature", "properties": {"sec_id": 168, "pri_Drain num": "MD435", "length_m": 15.98, "valley": "Koramangala Challaghatta Valley", "subvalley": "KC_2", "ward_name": "39 - Hagaduru,40 - Varthur", "Corporation": "East"}, "geometry": {"type": "LineString", "coordinates": [[77.753883, 12.950812], [77.753761, 12.950892]]}}, {"type": "Feature", "properties": {"sec_id": 169, "pri_Drain num": "MD435", "length_m": 17.73, "valley": "Koramangala Challaghatta Valley", "subvalley": "KC_2", "ward_name": "39 - Hagaduru,40 - Varthur", "Corporation": "East"}, "geometry": {"type": "LineString", "coordinates": [[77.75369, 12.950907], [77.753851, 12.950931]]}}, {"type": "Feature", "properties": {"sec_id": 169, "pri_Drain num": "MD435", "length_m": 7.28, "valley": "Koramangala Challaghatta Valley", "subvalley": "KC_2", "ward_name": "39 - Hagaduru,40 - Varthur", "Corporation": "East"}, "geometry": {"type": "LineString", "coordinates": [[77.753851, 12.950931], [77.753894, 12.950982]]}}, {"type": "Feature", "properties": {"sec_id": 169, "pri_Drain num": "MD435", "length_m": 9.91, "valley": "Koramangala Challaghatta Valley", "subvalley": "KC_2", "ward_name": "39 - Hagaduru,40 - Varthur", "Corporation": "East"}, "geometry": {"type": "LineString", "coordinates": [[77.753894, 12.950982], [77.753883, 12.951071]]}}, {"type": "Feature", "properties": {"sec_id": 169, "pri_Drain num": "MD435", "length_m": 4.96, "valley": "Koramangala Challaghatta Valley", "subvalley": "KC_2", "ward_name": "39 - Hagaduru,40 - Varthur", "Corporation": "East"}, "geometry": {"type": "LineString", "coordinates": [[77.753883, 12.951071], [77.753924, 12.951091]]}}, {"type": "Feature", "properties": {"sec_id": 169, "pri_Drain num": "MD435", "length_m": 6.26, "valley": "Koramangala Challaghatta Valley", "subvalley": "KC_2", "ward_name": "39 - Hagaduru,40 - Varthur", "Corporation": "East"}, "geometry": {"type": "LineString", "coordinates": [[77.753924, 12.951091], [77.753965, 12.951131]]}}, {"type": "Feature", "properties": {"sec_id": 169, "pri_Drain num": "MD435", "length_m": 7.99, "valley": "Koramangala Challaghatta Valley", "subvalley": "KC_2", "ward_name": "39 - Hagaduru,40 - Varthur", "Corporation": "East"}, "geometry": {"type": "LineString", "coordinates": [[77.753965, 12.951131], [77.754026, 12.951171]]}}, {"type": "Feature", "properties": {"sec_id": 169, "pri_Drain num": "MD435", "length_m": 7.97, "valley": "Koramangala Challaghatta Valley", "subvalley": "KC_2", "ward_name": "39 - Hagaduru,40 - Varthur", "Corporation": "East"}, "geometry": {"type": "LineString", "coordinates": [[77.754026, 12.951171], [77.754067, 12.95123]]}}, {"type": "Feature", "properties": {"sec_id": 169, "pri_Drain num": "MD435", "length_m": 4.96, "valley": "Koramangala Challaghatta Valley", "subvalley": "KC_2", "ward_name": "39 - Hagaduru,40 - Varthur", "Corporation": "East"}, "geometry": {"type": "LineString", "coordinates": [[77.754067, 12.95123], [77.754108, 12.95125]]}}, {"type": "Feature", "properties": {"sec_id": 169, "pri_Drain num": "MD435", "length_m": 9.88, "valley": "Koramangala Challaghatta Valley", "subvalley": "KC_2", "ward_name": "39 - Hagaduru,40 - Varthur", "Corporation": "East"}, "geometry": {"type": "LineString", "coordinates": [[77.754108, 12.95125], [77.754149, 12.95133]]}}, {"type": "Feature", "properties": {"sec_id": 169, "pri_Drain num": "MD435", "length_m": 15.94, "valley": "Koramangala Challaghatta Valley", "subvalley": "KC_2", "ward_name": "39 - Hagaduru,40 - Varthur", "Corporation": "East"}, "geometry": {"type": "LineString", "coordinates": [[77.754149, 12.95133], [77.754231, 12.95145]]}}, {"type": "Feature", "properties": {"sec_id": 169, "pri_Drain num": "MD435", "length_m": 28.24, "valley": "Koramangala Challaghatta Valley", "subvalley": "KC_2", "ward_name": "39 - Hagaduru,40 - Varthur", "Corporation": "East"}, "geometry": {"type": "LineString", "coordinates": [[77.754231, 12.95145], [77.754482, 12.951383]]}}, {"type": "Feature", "properties": {"sec_id": 169, "pri_Drain num": "MD435", "length_m": 5.06, "valley": "Koramangala Challaghatta Valley", "subvalley": "KC_2", "ward_name": "39 - Hagaduru,40 - Varthur", "Corporation": "East"}, "geometry": {"type": "LineString", "coordinates": [[77.754482, 12.951383], [77.754529, 12.951385]]}}, {"type": "Feature", "properties": {"sec_id": 169, "pri_Drain num": "MD435", "length_m": 29.71, "valley": "Koramangala Challaghatta Valley", "subvalley": "KC_2", "ward_name": "39 - Hagaduru,40 - Varthur", "Corporation": "East"}, "geometry": {"type": "LineString", "coordinates": [[77.754529, 12.951385], [77.754578, 12.951649]]}}, {"type": "Feature", "properties": {"sec_id": 169, "pri_Drain num": "MD435", "length_m": 11.32, "valley": "Koramangala Challaghatta Valley", "subvalley": "KC_2", "ward_name": "39 - Hagaduru,40 - Varthur", "Corporation": "East"}, "geometry": {"type": "LineString", "coordinates": [[77.754578, 12.951649], [77.754681, 12.951669]]}}, {"type": "Feature", "properties": {"sec_id": 169, "pri_Drain num": "MD435", "length_m": 9.15, "valley": "Koramangala Challaghatta Valley", "subvalley": "KC_2", "ward_name": "39 - Hagaduru,40 - Varthur", "Corporation": "East"}, "geometry": {"type": "LineString", "coordinates": [[77.754681, 12.951669], [77.754762, 12.951689]]}}, {"type": "Feature", "properties": {"sec_id": 169, "pri_Drain num": "MD435", "length_m": 33.02, "valley": "Koramangala Challaghatta Valley", "subvalley": "KC_2", "ward_name": "39 - Hagaduru,40 - Varthur", "Corporation": "East"}, "geometry": {"type": "LineString", "coordinates": [[77.754762, 12.951689], [77.754942, 12.951448]]}}, {"type": "Feature", "properties": {"sec_id": 169, "pri_Drain num": "MD435", "length_m": 28.2, "valley": "Koramangala Challaghatta Valley", "subvalley": "KC_2", "ward_name": "39 - Hagaduru,40 - Varthur", "Corporation": "East"}, "geometry": {"type": "LineString", "coordinates": [[77.754942, 12.951448], [77.755028, 12.951689]]}}, {"type": "Feature", "properties": {"sec_id": 169, "pri_Drain num": "MD435", "length_m": 4.44, "valley": "Koramangala Challaghatta Valley", "subvalley": "KC_2", "ward_name": "39 - Hagaduru,40 - Varthur", "Corporation": "East"}, "geometry": {"type": "LineString", "coordinates": [[77.755028, 12.951689], [77.755069, 12.951689]]}}, {"type": "Feature", "properties": {"sec_id": 169, "pri_Drain num": "MD435", "length_m": 24.45, "valley": "Koramangala Challaghatta Valley", "subvalley": "KC_2", "ward_name": "39 - Hagaduru,40 - Varthur", "Corporation": "East"}, "geometry": {"type": "LineString", "coordinates": [[77.755069, 12.951689], [77.755218, 12.951522]]}}, {"type": "Feature", "properties": {"sec_id": 169, "pri_Drain num": "MD435", "length_m": 14.71, "valley": "Koramangala Challaghatta Valley", "subvalley": "KC_2", "ward_name": "39 - Hagaduru,40 - Varthur", "Corporation": "East"}, "geometry": {"type": "LineString", "coordinates": [[77.755218, 12.951522], [77.755335, 12.951589]]}}, {"type": "Feature", "properties": {"sec_id": 169, "pri_Drain num": "MD435", "length_m": 4.96, "valley": "Koramangala Challaghatta Valley", "subvalley": "KC_2", "ward_name": "39 - Hagaduru,40 - Varthur", "Corporation": "East"}, "geometry": {"type": "LineString", "coordinates": [[77.755335, 12.951589], [77.755376, 12.951569]]}}, {"type": "Feature", "properties": {"sec_id": 169, "pri_Drain num": "MD435", "length_m": 6.26, "valley": "Koramangala Challaghatta Valley", "subvalley": "KC_2", "ward_name": "39 - Hagaduru,40 - Varthur", "Corporation": "East"}, "geometry": {"type": "LineString", "coordinates": [[77.755376, 12.951569], [77.755417, 12.951529]]}}, {"type": "Feature", "properties": {"sec_id": 169, "pri_Drain num": "MD435", "length_m": 9.91, "valley": "Koramangala Challaghatta Valley", "subvalley": "KC_2", "ward_name": "39 - Hagaduru,40 - Varthur", "Corporation": "East"}, "geometry": {"type": "LineString", "coordinates": [[77.755417, 12.951529], [77.755498, 12.951489]]}}, {"type": "Feature", "properties": {"sec_id": 169, "pri_Drain num": "MD435", "length_m": 14.82, "valley": "Koramangala Challaghatta Valley", "subvalley": "KC_2", "ward_name": "39 - Hagaduru,40 - Varthur", "Corporation": "East"}, "geometry": {"type": "LineString", "coordinates": [[77.755498, 12.951489], [77.755623, 12.951436]]}}, {"type": "Feature", "properties": {"sec_id": 169, "pri_Drain num": "MD435", "length_m": 14.02, "valley": "Koramangala Challaghatta Valley", "subvalley": "KC_2", "ward_name": "39 - Hagaduru,40 - Varthur", "Corporation": "East"}, "geometry": {"type": "LineString", "coordinates": [[77.755623, 12.951436], [77.755744, 12.95139]]}}, {"type": "Feature", "properties": {"sec_id": 169, "pri_Drain num": "MD435", "length_m": 19.21, "valley": "Koramangala Challaghatta Valley", "subvalley": "KC_2", "ward_name": "39 - Hagaduru,40 - Varthur", "Corporation": "East"}, "geometry": {"type": "LineString", "coordinates": [[77.755744, 12.95139], [77.75592, 12.951377]]}}, {"type": "Feature", "properties": {"sec_id": 169, "pri_Drain num": "MD435", "length_m": 7.53, "valley": "Koramangala Challaghatta Valley", "subvalley": "KC_2", "ward_name": "39 - Hagaduru,40 - Varthur", "Corporation": "East"}, "geometry": {"type": "LineString", "coordinates": [[77.75592, 12.951377], [77.755989, 12.95137]]}}, {"type": "Feature", "properties": {"sec_id": 169, "pri_Drain num": "MD435", "length_m": 8.88, "valley": "Koramangala Challaghatta Valley", "subvalley": "KC_2", "ward_name": "39 - Hagaduru,40 - Varthur", "Corporation": "East"}, "geometry": {"type": "LineString", "coordinates": [[77.755989, 12.95137], [77.756071, 12.95137]]}}, {"type": "Feature", "properties": {"sec_id": 169, "pri_Drain num": "MD435", "length_m": 4.44, "valley": "Koramangala Challaghatta Valley", "subvalley": "KC_2", "ward_name": "39 - Hagaduru,40 - Varthur", "Corporation": "East"}, "geometry": {"type": "LineString", "coordinates": [[77.756071, 12.95137], [77.756112, 12.95137]]}}, {"type": "Feature", "properties": {"sec_id": 169, "pri_Drain num": "MD435", "length_m": 8.88, "valley": "Koramangala Challaghatta Valley", "subvalley": "KC_2", "ward_name": "39 - Hagaduru,40 - Varthur", "Corporation": "East"}, "geometry": {"type": "LineString", "coordinates": [[77.756112, 12.95137], [77.756193, 12.95137]]}}, {"type": "Feature", "properties": {"sec_id": 169, "pri_Drain num": "MD435", "length_m": 9.15, "valley": "Koramangala Challaghatta Valley", "subvalley": "KC_2", "ward_name": "39 - Hagaduru,40 - Varthur", "Corporation": "East"}, "geometry": {"type": "LineString", "coordinates": [[77.756193, 12.95137], [77.756275, 12.95139]]}}, {"type": "Feature", "properties": {"sec_id": 169, "pri_Drain num": "MD435", "length_m": 4.44, "valley": "Koramangala Challaghatta Valley", "subvalley": "KC_2", "ward_name": "39 - Hagaduru,40 - Varthur", "Corporation": "East"}, "geometry": {"type": "LineString", "coordinates": [[77.756275, 12.95139], [77.756316, 12.95139]]}}, {"type": "Feature", "properties": {"sec_id": 169, "pri_Drain num": "MD435", "length_m": 6.66, "valley": "Koramangala Challaghatta Valley", "subvalley": "KC_2", "ward_name": "39 - Hagaduru,40 - Varthur", "Corporation": "East"}, "geometry": {"type": "LineString", "coordinates": [[77.756316, 12.95139], [77.756377, 12.95139]]}}, {"type": "Feature", "properties": {"sec_id": 169, "pri_Drain num": "MD435", "length_m": 11.32, "valley": "Koramangala Challaghatta Valley", "subvalley": "KC_2", "ward_name": "39 - Hagaduru,40 - Varthur", "Corporation": "East"}, "geometry": {"type": "LineString", "coordinates": [[77.756377, 12.95139], [77.75648, 12.95141]]}}, {"type": "Feature", "properties": {"sec_id": 169, "pri_Drain num": "MD435", "length_m": 9.91, "valley": "Koramangala Challaghatta Valley", "subvalley": "KC_2", "ward_name": "39 - Hagaduru,40 - Varthur", "Corporation": "East"}, "geometry": {"type": "LineString", "coordinates": [[77.75648, 12.95141], [77.756561, 12.95145]]}}, {"type": "Feature", "properties": {"sec_id": 169, "pri_Drain num": "MD435", "length_m": 9.91, "valley": "Koramangala Challaghatta Valley", "subvalley": "KC_2", "ward_name": "39 - Hagaduru,40 - Varthur", "Corporation": "East"}, "geometry": {"type": "LineString", "coordinates": [[77.756561, 12.95145], [77.756643, 12.951489]]}}, {"type": "Feature", "properties": {"sec_id": 169, "pri_Drain num": "MD435", "length_m": 4.96, "valley": "Koramangala Challaghatta Valley", "subvalley": "KC_2", "ward_name": "39 - Hagaduru,40 - Varthur", "Corporation": "East"}, "geometry": {"type": "LineString", "coordinates": [[77.756643, 12.951489], [77.756684, 12.951509]]}}, {"type": "Feature", "properties": {"sec_id": 169, "pri_Drain num": "MD435", "length_m": 9.91, "valley": "Koramangala Challaghatta Valley", "subvalley": "KC_2", "ward_name": "39 - Hagaduru,40 - Varthur", "Corporation": "East"}, "geometry": {"type": "LineString", "coordinates": [[77.756684, 12.951509], [77.756766, 12.951549]]}}, {"type": "Feature", "properties": {"sec_id": 169, "pri_Drain num": "MD435", "length_m": 9.91, "valley": "Koramangala Challaghatta Valley", "subvalley": "KC_2", "ward_name": "39 - Hagaduru,40 - Varthur", "Corporation": "East"}, "geometry": {"type": "LineString", "coordinates": [[77.756766, 12.951549], [77.756848, 12.951589]]}}, {"type": "Feature", "properties": {"sec_id": 169, "pri_Drain num": "MD435", "length_m": 9.15, "valley": "Koramangala Challaghatta Valley", "subvalley": "KC_2", "ward_name": "39 - Hagaduru,40 - Varthur", "Corporation": "East"}, "geometry": {"type": "LineString", "coordinates": [[77.756848, 12.951589], [77.756929, 12.951609]]}}, {"type": "Feature", "properties": {"sec_id": 169, "pri_Drain num": "MD435", "length_m": 4.44, "valley": "Koramangala Challaghatta Valley", "subvalley": "KC_2", "ward_name": "39 - Hagaduru,40 - Varthur", "Corporation": "East"}, "geometry": {"type": "LineString", "coordinates": [[77.756929, 12.951609], [77.75697, 12.951609]]}}, {"type": "Feature", "properties": {"sec_id": 169, "pri_Drain num": "MD435", "length_m": 18.71, "valley": "Koramangala Challaghatta Valley", "subvalley": "KC_2", "ward_name": "39 - Hagaduru,40 - Varthur", "Corporation": "East"}, "geometry": {"type": "LineString", "coordinates": [[77.75697, 12.951609], [77.75711, 12.951509]]}}, {"type": "Feature", "properties": {"sec_id": 169, "pri_Drain num": "MD435", "length_m": 24.86, "valley": "Koramangala Challaghatta Valley", "subvalley": "KC_2", "ward_name": "39 - Hagaduru,40 - Varthur", "Corporation": "East"}, "geometry": {"type": "LineString", "coordinates": [[77.75711, 12.951509], [77.757216, 12.951708]]}}, {"type": "Feature", "properties": {"sec_id": 169, "pri_Drain num": "MD435", "length_m": 9.91, "valley": "Koramangala Challaghatta Valley", "subvalley": "KC_2", "ward_name": "39 - Hagaduru,40 - Varthur", "Corporation": "East"}, "geometry": {"type": "LineString", "coordinates": [[77.757216, 12.951708], [77.757297, 12.951748]]}}, {"type": "Feature", "properties": {"sec_id": 169, "pri_Drain num": "MD435", "length_m": 9.15, "valley": "Koramangala Challaghatta Valley", "subvalley": "KC_2", "ward_name": "39 - Hagaduru,40 - Varthur", "Corporation": "East"}, "geometry": {"type": "LineString", "coordinates": [[77.757297, 12.951748], [77.757379, 12.951768]]}}, {"type": "Feature", "properties": {"sec_id": 169, "pri_Drain num": "MD435", "length_m": 17.94, "valley": "Koramangala Challaghatta Valley", "subvalley": "KC_2", "ward_name": "39 - Hagaduru,40 - Varthur", "Corporation": "East"}, "geometry": {"type": "LineString", "coordinates": [[77.757379, 12.951768], [77.757484, 12.951643]]}}, {"type": "Feature", "properties": {"sec_id": 169, "pri_Drain num": "MD435", "length_m": 16.23, "valley": "Koramangala Challaghatta Valley", "subvalley": "KC_2", "ward_name": "39 - Hagaduru,40 - Varthur", "Corporation": "East"}, "geometry": {"type": "LineString", "coordinates": [[77.757484, 12.951643], [77.757461, 12.951788]]}}, {"type": "Feature", "properties": {"sec_id": 169, "pri_Drain num": "MD435", "length_m": 4.44, "valley": "Koramangala Challaghatta Valley", "subvalley": "KC_2", "ward_name": "39 - Hagaduru,40 - Varthur", "Corporation": "East"}, "geometry": {"type": "LineString", "coordinates": [[77.757461, 12.951788], [77.757502, 12.951788]]}}, {"type": "Feature", "properties": {"sec_id": 169, "pri_Drain num": "MD435", "length_m": 6.26, "valley": "Koramangala Challaghatta Valley", "subvalley": "KC_2", "ward_name": "39 - Hagaduru,40 - Varthur", "Corporation": "East"}, "geometry": {"type": "LineString", "coordinates": [[77.757502, 12.951788], [77.757543, 12.951828]]}}, {"type": "Feature", "properties": {"sec_id": 169, "pri_Drain num": "MD435", "length_m": 6.66, "valley": "Koramangala Challaghatta Valley", "subvalley": "KC_2", "ward_name": "39 - Hagaduru,40 - Varthur", "Corporation": "East"}, "geometry": {"type": "LineString", "coordinates": [[77.757543, 12.951828], [77.757604, 12.951828]]}}, {"type": "Feature", "properties": {"sec_id": 169, "pri_Drain num": "MD435", "length_m": 9.15, "valley": "Koramangala Challaghatta Valley", "subvalley": "KC_2", "ward_name": "39 - Hagaduru,40 - Varthur", "Corporation": "East"}, "geometry": {"type": "LineString", "coordinates": [[77.757604, 12.951828], [77.757686, 12.951848]]}}, {"type": "Feature", "properties": {"sec_id": 169, "pri_Drain num": "MD435", "length_m": 4.96, "valley": "Koramangala Challaghatta Valley", "subvalley": "KC_2", "ward_name": "39 - Hagaduru,40 - Varthur", "Corporation": "East"}, "geometry": {"type": "LineString", "coordinates": [[77.757686, 12.951848], [77.757727, 12.951868]]}}, {"type": "Feature", "properties": {"sec_id": 169, "pri_Drain num": "MD435", "length_m": 9.91, "valley": "Koramangala Challaghatta Valley", "subvalley": "KC_2", "ward_name": "39 - Hagaduru,40 - Varthur", "Corporation": "East"}, "geometry": {"type": "LineString", "coordinates": [[77.757727, 12.951868], [77.757808, 12.951908]]}}, {"type": "Feature", "properties": {"sec_id": 169, "pri_Drain num": "MD435", "length_m": 4.44, "valley": "Koramangala Challaghatta Valley", "subvalley": "KC_2", "ward_name": "39 - Hagaduru,40 - Varthur", "Corporation": "East"}, "geometry": {"type": "LineString", "coordinates": [[77.757808, 12.951908], [77.757849, 12.951908]]}}, {"type": "Feature", "properties": {"sec_id": 169, "pri_Drain num": "MD435", "length_m": 6.66, "valley": "Koramangala Challaghatta Valley", "subvalley": "KC_2", "ward_name": "39 - Hagaduru,40 - Varthur", "Corporation": "East"}, "geometry": {"type": "LineString", "coordinates": [[77.757849, 12.951908], [77.757911, 12.951908]]}}, {"type": "Feature", "properties": {"sec_id": 169, "pri_Drain num": "MD435", "length_m": 6.26, "valley": "Koramangala Challaghatta Valley", "subvalley": "KC_2", "ward_name": "39 - Hagaduru,40 - Varthur", "Corporation": "East"}, "geometry": {"type": "LineString", "coordinates": [[77.757911, 12.951908], [77.757951, 12.951948]]}}, {"type": "Feature", "properties": {"sec_id": 169, "pri_Drain num": "MD435", "length_m": 9.91, "valley": "Koramangala Challaghatta Valley", "subvalley": "KC_2", "ward_name": "39 - Hagaduru,40 - Varthur", "Corporation": "East"}, "geometry": {"type": "LineString", "coordinates": [[77.757951, 12.951948], [77.758033, 12.951987]]}}, {"type": "Feature", "properties": {"sec_id": 169, "pri_Drain num": "MD435", "length_m": 11.94, "valley": "Koramangala Challaghatta Valley", "subvalley": "KC_2", "ward_name": "39 - Hagaduru,40 - Varthur", "Corporation": "East"}, "geometry": {"type": "LineString", "coordinates": [[77.758033, 12.951987], [77.758135, 12.952027]]}}, {"type": "Feature", "properties": {"sec_id": 169, "pri_Drain num": "MD435", "length_m": 7.01, "valley": "Koramangala Challaghatta Valley", "subvalley": "KC_2", "ward_name": "39 - Hagaduru,40 - Varthur", "Corporation": "East"}, "geometry": {"type": "LineString", "coordinates": [[77.758135, 12.952027], [77.758197, 12.952047]]}}, {"type": "Feature", "properties": {"sec_id": 169, "pri_Drain num": "MD435", "length_m": 6.26, "valley": "Koramangala Challaghatta Valley", "subvalley": "KC_2", "ward_name": "39 - Hagaduru,40 - Varthur", "Corporation": "East"}, "geometry": {"type": "LineString", "coordinates": [[77.758197, 12.952047], [77.758238, 12.952087]]}}, {"type": "Feature", "properties": {"sec_id": 169, "pri_Drain num": "MD435", "length_m": 11.07, "valley": "Koramangala Challaghatta Valley", "subvalley": "KC_2", "ward_name": "39 - Hagaduru,40 - Varthur", "Corporation": "East"}, "geometry": {"type": "LineString", "coordinates": [[77.758238, 12.952087], [77.758319, 12.952147]]}}, {"type": "Feature", "properties": {"sec_id": 169, "pri_Drain num": "MD435", "length_m": 4.96, "valley": "Koramangala Challaghatta Valley", "subvalley": "KC_2", "ward_name": "39 - Hagaduru,40 - Varthur", "Corporation": "East"}, "geometry": {"type": "LineString", "coordinates": [[77.758319, 12.952147], [77.75836, 12.952167]]}}, {"type": "Feature", "properties": {"sec_id": 169, "pri_Drain num": "MD435", "length_m": 9.39, "valley": "Koramangala Challaghatta Valley", "subvalley": "KC_2", "ward_name": "39 - Hagaduru,40 - Varthur", "Corporation": "East"}, "geometry": {"type": "LineString", "coordinates": [[77.75836, 12.952167], [77.758422, 12.952226]]}}, {"type": "Feature", "properties": {"sec_id": 169, "pri_Drain num": "MD435", "length_m": 4.96, "valley": "Koramangala Challaghatta Valley", "subvalley": "KC_2", "ward_name": "39 - Hagaduru,40 - Varthur", "Corporation": "East"}, "geometry": {"type": "LineString", "coordinates": [[77.758422, 12.952226], [77.758463, 12.952246]]}}, {"type": "Feature", "properties": {"sec_id": 169, "pri_Drain num": "MD435", "length_m": 9.91, "valley": "Koramangala Challaghatta Valley", "subvalley": "KC_2", "ward_name": "39 - Hagaduru,40 - Varthur", "Corporation": "East"}, "geometry": {"type": "LineString", "coordinates": [[77.758463, 12.952246], [77.758544, 12.952286]]}}, {"type": "Feature", "properties": {"sec_id": 169, "pri_Drain num": "MD435", "length_m": 4.94, "valley": "Koramangala Challaghatta Valley", "subvalley": "KC_2", "ward_name": "39 - Hagaduru,40 - Varthur", "Corporation": "East"}, "geometry": {"type": "LineString", "coordinates": [[77.758544, 12.952286], [77.758565, 12.952326]]}}, {"type": "Feature", "properties": {"sec_id": 169, "pri_Drain num": "MD435", "length_m": 9.91, "valley": "Koramangala Challaghatta Valley", "subvalley": "KC_2", "ward_name": "39 - Hagaduru,40 - Varthur", "Corporation": "East"}, "geometry": {"type": "LineString", "coordinates": [[77.758565, 12.952326], [77.758647, 12.952366]]}}, {"type": "Feature", "properties": {"sec_id": 169, "pri_Drain num": "MD435", "length_m": 6.26, "valley": "Koramangala Challaghatta Valley", "subvalley": "KC_2", "ward_name": "39 - Hagaduru,40 - Varthur", "Corporation": "East"}, "geometry": {"type": "LineString", "coordinates": [[77.758647, 12.952366], [77.758687, 12.952406]]}}, {"type": "Feature", "properties": {"sec_id": 169, "pri_Drain num": "MD435", "length_m": 11.07, "valley": "Koramangala Challaghatta Valley", "subvalley": "KC_2", "ward_name": "39 - Hagaduru,40 - Varthur", "Corporation": "East"}, "geometry": {"type": "LineString", "coordinates": [[77.758687, 12.952406], [77.758769, 12.952466]]}}, {"type": "Feature", "properties": {"sec_id": 169, "pri_Drain num": "MD435", "length_m": 9.39, "valley": "Koramangala Challaghatta Valley", "subvalley": "KC_2", "ward_name": "39 - Hagaduru,40 - Varthur", "Corporation": "East"}, "geometry": {"type": "LineString", "coordinates": [[77.758769, 12.952466], [77.75883, 12.952525]]}}, {"type": "Feature", "properties": {"sec_id": 169, "pri_Drain num": "MD435", "length_m": 6.26, "valley": "Koramangala Challaghatta Valley", "subvalley": "KC_2", "ward_name": "39 - Hagaduru,40 - Varthur", "Corporation": "East"}, "geometry": {"type": "LineString", "coordinates": [[77.75883, 12.952525], [77.758871, 12.952565]]}}, {"type": "Feature", "properties": {"sec_id": 169, "pri_Drain num": "MD435", "length_m": 12.52, "valley": "Koramangala Challaghatta Valley", "subvalley": "KC_2", "ward_name": "39 - Hagaduru,40 - Varthur", "Corporation": "East"}, "geometry": {"type": "LineString", "coordinates": [[77.758871, 12.952565], [77.758953, 12.952645]]}}, {"type": "Feature", "properties": {"sec_id": 169, "pri_Drain num": "MD435", "length_m": 6.26, "valley": "Koramangala Challaghatta Valley", "subvalley": "KC_2", "ward_name": "39 - Hagaduru,40 - Varthur", "Corporation": "East"}, "geometry": {"type": "LineString", "coordinates": [[77.758953, 12.952645], [77.758994, 12.952685]]}}, {"type": "Feature", "properties": {"sec_id": 169, "pri_Drain num": "MD435", "length_m": 7.99, "valley": "Koramangala Challaghatta Valley", "subvalley": "KC_2", "ward_name": "39 - Hagaduru,40 - Varthur", "Corporation": "East"}, "geometry": {"type": "LineString", "coordinates": [[77.758994, 12.952685], [77.759055, 12.952725]]}}, {"type": "Feature", "properties": {"sec_id": 169, "pri_Drain num": "MD435", "length_m": 9.39, "valley": "Koramangala Challaghatta Valley", "subvalley": "KC_2", "ward_name": "39 - Hagaduru,40 - Varthur", "Corporation": "East"}, "geometry": {"type": "LineString", "coordinates": [[77.759055, 12.952725], [77.759117, 12.952784]]}}, {"type": "Feature", "properties": {"sec_id": 169, "pri_Drain num": "MD435", "length_m": 15.11, "valley": "Koramangala Challaghatta Valley", "subvalley": "KC_2", "ward_name": "39 - Hagaduru,40 - Varthur", "Corporation": "East"}, "geometry": {"type": "LineString", "coordinates": [[77.759117, 12.952784], [77.759244, 12.952839]]}}, {"type": "Feature", "properties": {"sec_id": 169, "pri_Drain num": "MD435", "length_m": 16.13, "valley": "Koramangala Challaghatta Valley", "subvalley": "KC_2", "ward_name": "39 - Hagaduru,40 - Varthur", "Corporation": "East"}, "geometry": {"type": "LineString", "coordinates": [[77.759244, 12.952839], [77.759321, 12.952964]]}}, {"type": "Feature", "properties": {"sec_id": 169, "pri_Drain num": "MD435", "length_m": 11.07, "valley": "Koramangala Challaghatta Valley", "subvalley": "KC_2", "ward_name": "39 - Hagaduru,40 - Varthur", "Corporation": "East"}, "geometry": {"type": "LineString", "coordinates": [[77.759321, 12.952964], [77.759403, 12.953023]]}}, {"type": "Feature", "properties": {"sec_id": 169, "pri_Drain num": "MD435", "length_m": 20.02, "valley": "Koramangala Challaghatta Valley", "subvalley": "KC_2", "ward_name": "39 - Hagaduru,40 - Varthur", "Corporation": "East"}, "geometry": {"type": "LineString", "coordinates": [[77.759403, 12.953023], [77.759581, 12.953071]]}}, {"type": "Feature", "properties": {"sec_id": 169, "pri_Drain num": "MD435", "length_m": 16.33, "valley": "Koramangala Challaghatta Valley", "subvalley": "KC_2", "ward_name": "39 - Hagaduru,40 - Varthur", "Corporation": "East"}, "geometry": {"type": "LineString", "coordinates": [[77.759581, 12.953071], [77.759648, 12.953203]]}}, {"type": "Feature", "properties": {"sec_id": 169, "pri_Drain num": "MD435", "length_m": 11.07, "valley": "Koramangala Challaghatta Valley", "subvalley": "KC_2", "ward_name": "39 - Hagaduru,40 - Varthur", "Corporation": "East"}, "geometry": {"type": "LineString", "coordinates": [[77.759648, 12.953203], [77.75973, 12.953262]]}}, {"type": "Feature", "properties": {"sec_id": 169, "pri_Drain num": "MD435", "length_m": 21.54, "valley": "Koramangala Challaghatta Valley", "subvalley": "KC_2", "ward_name": "39 - Hagaduru,40 - Varthur", "Corporation": "East"}, "geometry": {"type": "LineString", "coordinates": [[77.75973, 12.953262], [77.759922, 12.953311]]}}, {"type": "Feature", "properties": {"sec_id": 169, "pri_Drain num": "MD435", "length_m": 13.53, "valley": "Koramangala Challaghatta Valley", "subvalley": "KC_2", "ward_name": "39 - Hagaduru,40 - Varthur", "Corporation": "East"}, "geometry": {"type": "LineString", "coordinates": [[77.759922, 12.953311], [77.759975, 12.953422]]}}, {"type": "Feature", "properties": {"sec_id": 169, "pri_Drain num": "MD435", "length_m": 14.18, "valley": "Koramangala Challaghatta Valley", "subvalley": "KC_2", "ward_name": "39 - Hagaduru,40 - Varthur", "Corporation": "East"}, "geometry": {"type": "LineString", "coordinates": [[77.759975, 12.953422], [77.760077, 12.953502]]}}, {"type": "Feature", "properties": {"sec_id": 169, "pri_Drain num": "MD435", "length_m": 4.96, "valley": "Koramangala Challaghatta Valley", "subvalley": "KC_2", "ward_name": "39 - Hagaduru,40 - Varthur", "Corporation": "East"}, "geometry": {"type": "LineString", "coordinates": [[77.760077, 12.953502], [77.760118, 12.953521]]}}, {"type": "Feature", "properties": {"sec_id": 169, "pri_Drain num": "MD435", "length_m": 6.26, "valley": "Koramangala Challaghatta Valley", "subvalley": "KC_2", "ward_name": "39 - Hagaduru,40 - Varthur", "Corporation": "East"}, "geometry": {"type": "LineString", "coordinates": [[77.760118, 12.953521], [77.760159, 12.953561]]}}, {"type": "Feature", "properties": {"sec_id": 169, "pri_Drain num": "MD435", "length_m": 6.26, "valley": "Koramangala Challaghatta Valley", "subvalley": "KC_2", "ward_name": "39 - Hagaduru,40 - Varthur", "Corporation": "East"}, "geometry": {"type": "LineString", "coordinates": [[77.760159, 12.953561], [77.7602, 12.953601]]}}, {"type": "Feature", "properties": {"sec_id": 169, "pri_Drain num": "MD435", "length_m": 14.49, "valley": "Koramangala Challaghatta Valley", "subvalley": "KC_2", "ward_name": "39 - Hagaduru,40 - Varthur", "Corporation": "East"}, "geometry": {"type": "LineString", "coordinates": [[77.7602, 12.953601], [77.760326, 12.953644]]}}, {"type": "Feature", "properties": {"sec_id": 169, "pri_Drain num": "MD435", "length_m": 12.42, "valley": "Koramangala Challaghatta Valley", "subvalley": "KC_2", "ward_name": "39 - Hagaduru,40 - Varthur", "Corporation": "East"}, "geometry": {"type": "LineString", "coordinates": [[77.760326, 12.953644], [77.760384, 12.953741]]}}, {"type": "Feature", "properties": {"sec_id": 169, "pri_Drain num": "MD435", "length_m": 6.26, "valley": "Koramangala Challaghatta Valley", "subvalley": "KC_2", "ward_name": "39 - Hagaduru,40 - Varthur", "Corporation": "East"}, "geometry": {"type": "LineString", "coordinates": [[77.760384, 12.953741], [77.760425, 12.95378]]}}, {"type": "Feature", "properties": {"sec_id": 169, "pri_Drain num": "MD435", "length_m": 11.07, "valley": "Koramangala Challaghatta Valley", "subvalley": "KC_2", "ward_name": "39 - Hagaduru,40 - Varthur", "Corporation": "East"}, "geometry": {"type": "LineString", "coordinates": [[77.760425, 12.95378], [77.760507, 12.95384]]}}, {"type": "Feature", "properties": {"sec_id": 169, "pri_Drain num": "MD435", "length_m": 6.26, "valley": "Koramangala Challaghatta Valley", "subvalley": "KC_2", "ward_name": "39 - Hagaduru,40 - Varthur", "Corporation": "East"}, "geometry": {"type": "LineString", "coordinates": [[77.760507, 12.95384], [77.760548, 12.95388]]}}, {"type": "Feature", "properties": {"sec_id": 169, "pri_Drain num": "MD435", "length_m": 4.94, "valley": "Koramangala Challaghatta Valley", "subvalley": "KC_2", "ward_name": "39 - Hagaduru,40 - Varthur", "Corporation": "East"}, "geometry": {"type": "LineString", "coordinates": [[77.760548, 12.95388], [77.760568, 12.95392]]}}, {"type": "Feature", "properties": {"sec_id": 169, "pri_Drain num": "MD435", "length_m": 9.39, "valley": "Koramangala Challaghatta Valley", "subvalley": "KC_2", "ward_name": "39 - Hagaduru,40 - Varthur", "Corporation": "East"}, "geometry": {"type": "LineString", "coordinates": [[77.760568, 12.95392], [77.760629, 12.95398]]}}, {"type": "Feature", "properties": {"sec_id": 169, "pri_Drain num": "MD435", "length_m": 11.5, "valley": "Koramangala Challaghatta Valley", "subvalley": "KC_2", "ward_name": "39 - Hagaduru,40 - Varthur", "Corporation": "East"}, "geometry": {"type": "LineString", "coordinates": [[77.760629, 12.95398], [77.760717, 12.954038]]}}, {"type": "Feature", "properties": {"sec_id": 169, "pri_Drain num": "MD435", "length_m": 11.84, "valley": "Koramangala Challaghatta Valley", "subvalley": "KC_2", "ward_name": "39 - Hagaduru,40 - Varthur", "Corporation": "East"}, "geometry": {"type": "LineString", "coordinates": [[77.760717, 12.954038], [77.760752, 12.954139]]}}, {"type": "Feature", "properties": {"sec_id": 169, "pri_Drain num": "MD435", "length_m": 7.97, "valley": "Koramangala Challaghatta Valley", "subvalley": "KC_2", "ward_name": "39 - Hagaduru,40 - Varthur", "Corporation": "East"}, "geometry": {"type": "LineString", "coordinates": [[77.760752, 12.954139], [77.760793, 12.954199]]}}, {"type": "Feature", "properties": {"sec_id": 169, "pri_Drain num": "MD435", "length_m": 9.39, "valley": "Koramangala Challaghatta Valley", "subvalley": "KC_2", "ward_name": "39 - Hagaduru,40 - Varthur", "Corporation": "East"}, "geometry": {"type": "LineString", "coordinates": [[77.760793, 12.954199], [77.760854, 12.954259]]}}, {"type": "Feature", "properties": {"sec_id": 169, "pri_Drain num": "MD435", "length_m": 9.39, "valley": "Koramangala Challaghatta Valley", "subvalley": "KC_2", "ward_name": "39 - Hagaduru,40 - Varthur", "Corporation": "East"}, "geometry": {"type": "LineString", "coordinates": [[77.760854, 12.954259], [77.760916, 12.954318]]}}, {"type": "Feature", "properties": {"sec_id": 169, "pri_Drain num": "MD435", "length_m": 9.39, "valley": "Koramangala Challaghatta Valley", "subvalley": "KC_2", "ward_name": "39 - Hagaduru,40 - Varthur", "Corporation": "East"}, "geometry": {"type": "LineString", "coordinates": [[77.760916, 12.954318], [77.760977, 12.954378]]}}, {"type": "Feature", "properties": {"sec_id": 169, "pri_Drain num": "MD435", "length_m": 25.75, "valley": "Koramangala Challaghatta Valley", "subvalley": "KC_2", "ward_name": "39 - Hagaduru,40 - Varthur", "Corporation": "East"}, "geometry": {"type": "LineString", "coordinates": [[77.760977, 12.954378], [77.761214, 12.954387]]}}, {"type": "Feature", "properties": {"sec_id": 169, "pri_Drain num": "MD435", "length_m": 37.82, "valley": "Koramangala Challaghatta Valley", "subvalley": "KC_2", "ward_name": "39 - Hagaduru,40 - Varthur", "Corporation": "East"}, "geometry": {"type": "LineString", "coordinates": [[77.761214, 12.954387], [77.761472, 12.954617]]}}, {"type": "Feature", "properties": {"sec_id": 169, "pri_Drain num": "MD435", "length_m": 18.79, "valley": "Koramangala Challaghatta Valley", "subvalley": "KC_2", "ward_name": "39 - Hagaduru,40 - Varthur", "Corporation": "East"}, "geometry": {"type": "LineString", "coordinates": [[77.761472, 12.954617], [77.76157, 12.954757]]}}, {"type": "Feature", "properties": {"sec_id": 169, "pri_Drain num": "MD435", "length_m": 12.52, "valley": "Koramangala Challaghatta Valley", "subvalley": "KC_2", "ward_name": "39 - Hagaduru,40 - Varthur", "Corporation": "East"}, "geometry": {"type": "LineString", "coordinates": [[77.76157, 12.954757], [77.761652, 12.954836]]}}, {"type": "Feature", "properties": {"sec_id": 169, "pri_Drain num": "MD435", "length_m": 4.96, "valley": "Koramangala Challaghatta Valley", "subvalley": "KC_2", "ward_name": "39 - Hagaduru,40 - Varthur", "Corporation": "East"}, "geometry": {"type": "LineString", "coordinates": [[77.761652, 12.954836], [77.761692, 12.954856]]}}, {"type": "Feature", "properties": {"sec_id": 169, "pri_Drain num": "MD435", "length_m": 4.96, "valley": "Koramangala Challaghatta Valley", "subvalley": "KC_2", "ward_name": "39 - Hagaduru,40 - Varthur", "Corporation": "East"}, "geometry": {"type": "LineString", "coordinates": [[77.761692, 12.954856], [77.761733, 12.954876]]}}, {"type": "Feature", "properties": {"sec_id": 169, "pri_Drain num": "MD435", "length_m": 24.85, "valley": "Koramangala Challaghatta Valley", "subvalley": "KC_2", "ward_name": "39 - Hagaduru,40 - Varthur", "Corporation": "East"}, "geometry": {"type": "LineString", "coordinates": [[77.761733, 12.954876], [77.761962, 12.954882]]}}, {"type": "Feature", "properties": {"sec_id": 169, "pri_Drain num": "MD435", "length_m": 24.4, "valley": "Koramangala Challaghatta Valley", "subvalley": "KC_2", "ward_name": "39 - Hagaduru,40 - Varthur", "Corporation": "East"}, "geometry": {"type": "LineString", "coordinates": [[77.761962, 12.954882], [77.762101, 12.955055]]}}, {"type": "Feature", "properties": {"sec_id": 169, "pri_Drain num": "MD435", "length_m": 18.95, "valley": "Koramangala Challaghatta Valley", "subvalley": "KC_2", "ward_name": "39 - Hagaduru,40 - Varthur", "Corporation": "East"}, "geometry": {"type": "LineString", "coordinates": [[77.762101, 12.955055], [77.762265, 12.955115]]}}, {"type": "Feature", "properties": {"sec_id": 169, "pri_Drain num": "MD435", "length_m": 18.95, "valley": "Koramangala Challaghatta Valley", "subvalley": "KC_2", "ward_name": "39 - Hagaduru,40 - Varthur", "Corporation": "East"}, "geometry": {"type": "LineString", "coordinates": [[77.762265, 12.955115], [77.762428, 12.955175]]}}, {"type": "Feature", "properties": {"sec_id": 169, "pri_Drain num": "MD435", "length_m": 27.53, "valley": "Koramangala Challaghatta Valley", "subvalley": "KC_2", "ward_name": "39 - Hagaduru,40 - Varthur", "Corporation": "East"}, "geometry": {"type": "LineString", "coordinates": [[77.762428, 12.955175], [77.762649, 12.955053]]}}, {"type": "Feature", "properties": {"sec_id": 170, "pri_Drain num": "MD346", "length_m": 353.28, "valley": "Koramangala Challaghatta Valley", "subvalley": "KC_2", "ward_name": "49 - Shivanasamudra Ward", "Corporation": "East"}, "geometry": {"type": "LineString", "coordinates": [[77.682766, 12.922547], [77.683395, 12.922521], [77.683476, 12.9226], [77.685786, 12.922439], [77.685959, 12.922518]]}}, {"type": "Feature", "properties": {"sec_id": 171, "length_m": 45.71, "valley": "Koramangala Challaghatta Valley", "subvalley": "KC_1", "ward_name": "49 - Shivanasamudra Ward,70 - Iblur,31 - Kasavanahalli", "Corporation": "South"}, "geometry": {"type": "LineString", "coordinates": [[77.667125, 12.921564], [77.667002, 12.92118]]}}, {"type": "Feature", "properties": {"sec_id": 171, "length_m": 268.03, "valley": "Koramangala Challaghatta Valley", "subvalley": "KC_1", "ward_name": "49 - Shivanasamudra Ward,70 - Iblur,31 - Kasavanahalli", "Corporation": "East"}, "geometry": {"type": "LineString", "coordinates": [[77.667002, 12.92118], [77.666634, 12.920687], [77.666593, 12.920448], [77.666479, 12.920337], [77.666479, 12.920238], [77.666634, 12.920289], [77.666491, 12.920226], [77.666555, 12.920127], [77.666798, 12.920089], [77.66688, 12.91997], [77.666732, 12.919929], [77.66688, 12.91989], [77.66688, 12.91981], [77.666803, 12.919788]]}}, {"type": "Feature", "properties": {"sec_id": 171, "length_m": 687.49, "valley": "Koramangala Challaghatta Valley", "subvalley": "KC_1", "ward_name": "49 - Shivanasamudra Ward,70 - Iblur,31 - Kasavanahalli", "Corporation": "South"}, "geometry": {"type": "LineString", "coordinates": [[77.666803, 12.919788], [77.666732, 12.919768], [77.66688, 12.919731], [77.66672, 12.919756], [77.666479, 12.919274], [77.666301, 12.918618], [77.66643, 12.918535], [77.666276, 12.918557], [77.666389, 12.918456], [77.665817, 12.917459], [77.665571, 12.916264], [77.665261, 12.916183], [77.665203, 12.916025], [77.664713, 12.916025], [77.664677, 12.916171], [77.664631, 12.916025], [77.664601, 12.916183], [77.664513, 12.916195], [77.664427, 12.916065]]}}, {"type": "Feature", "properties": {"sec_id": 171, "length_m": 16.68, "valley": "Koramangala Challaghatta Valley", "subvalley": "KC_1", "ward_name": "49 - Shivanasamudra Ward,70 - Iblur,31 - Kasavanahalli", "Corporation": "South"}, "geometry": {"type": "LineString", "coordinates": [[77.664427, 12.916065], [77.664475, 12.916208]]}}, {"type": "Feature", "properties": {"sec_id": 171, "length_m": 42.0, "valley": "Koramangala Challaghatta Valley", "subvalley": "KC_1", "ward_name": "49 - Shivanasamudra Ward,70 - Iblur,31 - Kasavanahalli", "Corporation": "South"}, "geometry": {"type": "LineString", "coordinates": [[77.664427, 12.916065], [77.664386, 12.916232], [77.664263, 12.916104]]}}, {"type": "Feature", "properties": {"sec_id": 171, "length_m": 17.4, "valley": "Koramangala Challaghatta Valley", "subvalley": "KC_1", "ward_name": "49 - Shivanasamudra Ward,70 - Iblur,31 - Kasavanahalli", "Corporation": "South"}, "geometry": {"type": "LineString", "coordinates": [[77.664263, 12.916104], [77.664335, 12.916245]]}}, {"type": "Feature", "properties": {"sec_id": 171, "length_m": 188.85, "valley": "Koramangala Challaghatta Valley", "subvalley": "KC_1", "ward_name": "49 - Shivanasamudra Ward,70 - Iblur,31 - Kasavanahalli", "Corporation": "South"}, "geometry": {"type": "LineString", "coordinates": [[77.664263, 12.916104], [77.663813, 12.916343], [77.663486, 12.916144], [77.663549, 12.915997], [77.663404, 12.916065], [77.663536, 12.915985], [77.663282, 12.915786]]}}, {"type": "Feature", "properties": {"sec_id": 171, "length_m": 16.72, "valley": "Koramangala Challaghatta Valley", "subvalley": "KC_1", "ward_name": "49 - Shivanasamudra Ward,70 - Iblur,31 - Kasavanahalli", "Corporation": "South"}, "geometry": {"type": "LineString", "coordinates": [[77.663282, 12.915786], [77.663409, 12.915701]]}}, {"type": "Feature", "properties": {"sec_id": 171, "length_m": 9.88, "valley": "Koramangala Challaghatta Valley", "subvalley": "KC_1", "ward_name": "49 - Shivanasamudra Ward,70 - Iblur,31 - Kasavanahalli", "Corporation": "South"}, "geometry": {"type": "LineString", "coordinates": [[77.663282, 12.915786], [77.663241, 12.915706]]}}, {"type": "Feature", "properties": {"sec_id": 171, "length_m": 16.65, "valley": "Koramangala Challaghatta Valley", "subvalley": "KC_1", "ward_name": "49 - Shivanasamudra Ward,70 - Iblur,31 - Kasavanahalli", "Corporation": "South"}, "geometry": {"type": "LineString", "coordinates": [[77.663241, 12.915706], [77.663384, 12.915651]]}}, {"type": "Feature", "properties": {"sec_id": 171, "length_m": 16.64, "valley": "Koramangala Challaghatta Valley", "subvalley": "KC_1", "ward_name": "49 - Shivanasamudra Ward,70 - Iblur,31 - Kasavanahalli", "Corporation": "South"}, "geometry": {"type": "LineString", "coordinates": [[77.663241, 12.915706], [77.663371, 12.915627]]}}, {"type": "Feature", "properties": {"sec_id": 171, "length_m": 127.21, "valley": "Koramangala Challaghatta Valley", "subvalley": "KC_1", "ward_name": "49 - Shivanasamudra Ward,70 - Iblur,31 - Kasavanahalli", "Corporation": "South"}, "geometry": {"type": "LineString", "coordinates": [[77.663241, 12.915706], [77.663077, 12.915228], [77.663077, 12.914989], [77.662914, 12.91463]]}}, {"type": "Feature", "properties": {"sec_id": 171, "length_m": 16.61, "valley": "Koramangala Challaghatta Valley", "subvalley": "KC_1", "ward_name": "49 - Shivanasamudra Ward,70 - Iblur,31 - Kasavanahalli", "Corporation": "South"}, "geometry": {"type": "LineString", "coordinates": [[77.662914, 12.91463], [77.662762, 12.91465]]}}, {"type": "Feature", "properties": {"sec_id": 171, "length_m": 50.62, "valley": "Koramangala Challaghatta Valley", "subvalley": "KC_1", "ward_name": "49 - Shivanasamudra Ward,70 - Iblur,31 - Kasavanahalli", "Corporation": "South"}, "geometry": {"type": "LineString", "coordinates": [[77.662914, 12.91463], [77.66275, 12.914625], [77.662597, 12.914378]]}}, {"type": "Feature", "properties": {"sec_id": 172, "length_m": 174.06, "valley": "Koramangala Challaghatta Valley", "subvalley": "KC_2", "ward_name": "48 - Panathur", "Corporation": "East"}, "geometry": {"type": "LineString", "coordinates": [[77.698504, 12.919312], [77.698484, 12.920209], [77.698361, 12.920866]]}}, {"type": "Feature", "properties": {"sec_id": 172, "length_m": 16.72, "valley": "Koramangala Challaghatta Valley", "subvalley": "KC_2", "ward_name": "48 - Panathur", "Corporation": "East"}, "geometry": {"type": "LineString", "coordinates": [[77.698361, 12.920866], [77.698506, 12.920918]]}}, {"type": "Feature", "properties": {"sec_id": 172, "length_m": 117.2, "valley": "Koramangala Challaghatta Valley", "subvalley": "KC_2", "ward_name": "48 - Panathur", "Corporation": "East"}, "geometry": {"type": "LineString", "coordinates": [[77.698361, 12.920866], [77.698493, 12.920955], [77.698481, 12.921079], [77.69832, 12.921086], [77.698423, 12.921683]]}}, {"type": "Feature", "properties": {"sec_id": 173, "length_m": 224.44, "valley": "Koramangala Challaghatta Valley", "subvalley": "KC_2", "ward_name": "48 - Panathur", "Corporation": "East"}, "geometry": {"type": "LineString", "coordinates": [[77.702704, 12.916949], [77.702736, 12.91714], [77.702409, 12.91726], [77.702286, 12.917519], [77.702134, 12.917493], [77.702032, 12.917629], [77.701893, 12.917926], [77.701898, 12.918077], [77.701693, 12.918216], [77.701714, 12.918336]]}}, {"type": "Feature", "properties": {"sec_id": 173, "length_m": 4.94, "valley": "Koramangala Challaghatta Valley", "subvalley": "KC_2", "ward_name": "48 - Panathur", "Corporation": "East"}, "geometry": {"type": "LineString", "coordinates": [[77.701714, 12.918336], [77.701693, 12.918296]]}}, {"type": "Feature", "properties": {"sec_id": 173, "length_m": 654.32, "valley": "Koramangala Challaghatta Valley", "subvalley": "KC_2", "ward_name": "48 - Panathur", "Corporation": "East"}, "geometry": {"type": "LineString", "coordinates": [[77.701714, 12.918336], [77.701755, 12.918475], [77.701442, 12.91869], [77.701448, 12.918814], [77.701203, 12.919053], [77.700869, 12.919261], [77.700891, 12.91941], [77.700794, 12.919292], [77.700878, 12.919422], [77.700827, 12.919521], [77.70067, 12.919488], [77.700815, 12.91957], [77.700776, 12.920325], [77.700651, 12.920428], [77.700896, 12.921225], [77.700896, 12.921723], [77.700773, 12.922162], [77.700078, 12.922421]]}}, {"type": "Feature", "properties": {"sec_id": 174, "length_m": 537.54, "valley": "Koramangala Challaghatta Valley", "subvalley": "KC_2", "ward_name": "50 - Gunjur,48 - Panathur", "Corporation": "East"}, "geometry": {"type": "LineString", "coordinates": [[77.705577, 12.920069], [77.705066, 12.920647], [77.704249, 12.921026], [77.703963, 12.921245], [77.703922, 12.921404], [77.704106, 12.921803], [77.704044, 12.92266], [77.703799, 12.923158], [77.703349, 12.923536], [77.703308, 12.923676]]}}, {"type": "Feature", "properties": {"sec_id": 175, "pri_Drain num": "BH645", "length_m": 4.96, "valley": "Koramangala Challaghatta Valley", "subvalley": "KC_2", "ward_name": "50 - Gunjur,48 - Panathur", "Corporation": "East"}, "geometry": {"type": "LineString", "coordinates": [[77.708439, 12.926107], [77.708399, 12.926127]]}}, {"type": "Feature", "properties": {"sec_id": 175, "pri_Drain num": "BH645", "length_m": 4.96, "valley": "Koramangala Challaghatta Valley", "subvalley": "KC_2", "ward_name": "50 - Gunjur,48 - Panathur", "Corporation": "East"}, "geometry": {"type": "LineString", "coordinates": [[77.708399, 12.926127], [77.708358, 12.926147]]}}, {"type": "Feature", "properties": {"sec_id": 175, "pri_Drain num": "BH645", "length_m": 4.96, "valley": "Koramangala Challaghatta Valley", "subvalley": "KC_2", "ward_name": "50 - Gunjur,48 - Panathur", "Corporation": "East"}, "geometry": {"type": "LineString", "coordinates": [[77.708358, 12.926147], [77.708317, 12.926166]]}}, {"type": "Feature", "properties": {"sec_id": 175, "pri_Drain num": "BH645", "length_m": 4.96, "valley": "Koramangala Challaghatta Valley", "subvalley": "KC_2", "ward_name": "50 - Gunjur,48 - Panathur", "Corporation": "East"}, "geometry": {"type": "LineString", "coordinates": [[77.708317, 12.926166], [77.708276, 12.926186]]}}, {"type": "Feature", "properties": {"sec_id": 175, "pri_Drain num": "BH645", "length_m": 4.94, "valley": "Koramangala Challaghatta Valley", "subvalley": "KC_2", "ward_name": "50 - Gunjur,48 - Panathur", "Corporation": "East"}, "geometry": {"type": "LineString", "coordinates": [[77.708276, 12.926186], [77.708255, 12.926226]]}}, {"type": "Feature", "properties": {"sec_id": 175, "pri_Drain num": "BH645", "length_m": 4.96, "valley": "Koramangala Challaghatta Valley", "subvalley": "KC_2", "ward_name": "50 - Gunjur,48 - Panathur", "Corporation": "East"}, "geometry": {"type": "LineString", "coordinates": [[77.708255, 12.926226], [77.708215, 12.926246]]}}, {"type": "Feature", "properties": {"sec_id": 175, "pri_Drain num": "BH645", "length_m": 4.94, "valley": "Koramangala Challaghatta Valley", "subvalley": "KC_2", "ward_name": "50 - Gunjur,48 - Panathur", "Corporation": "East"}, "geometry": {"type": "LineString", "coordinates": [[77.708215, 12.926246], [77.708194, 12.926286]]}}, {"type": "Feature", "properties": {"sec_id": 175, "pri_Drain num": "BH645", "length_m": 4.96, "valley": "Koramangala Challaghatta Valley", "subvalley": "KC_2", "ward_name": "50 - Gunjur,48 - Panathur", "Corporation": "East"}, "geometry": {"type": "LineString", "coordinates": [[77.708194, 12.926286], [77.708153, 12.926306]]}}, {"type": "Feature", "properties": {"sec_id": 175, "pri_Drain num": "BH645", "length_m": 6.26, "valley": "Koramangala Challaghatta Valley", "subvalley": "KC_2", "ward_name": "50 - Gunjur,48 - Panathur", "Corporation": "East"}, "geometry": {"type": "LineString", "coordinates": [[77.708153, 12.926306], [77.708112, 12.926346]]}}, {"type": "Feature", "properties": {"sec_id": 175, "pri_Drain num": "BH645", "length_m": 4.94, "valley": "Koramangala Challaghatta Valley", "subvalley": "KC_2", "ward_name": "50 - Gunjur,48 - Panathur", "Corporation": "East"}, "geometry": {"type": "LineString", "coordinates": [[77.708112, 12.926346], [77.708092, 12.926386]]}}, {"type": "Feature", "properties": {"sec_id": 175, "pri_Drain num": "BH645", "length_m": 4.96, "valley": "Koramangala Challaghatta Valley", "subvalley": "KC_2", "ward_name": "50 - Gunjur,48 - Panathur", "Corporation": "East"}, "geometry": {"type": "LineString", "coordinates": [[77.708092, 12.926386], [77.708051, 12.926406]]}}, {"type": "Feature", "properties": {"sec_id": 175, "pri_Drain num": "BH645", "length_m": 6.26, "valley": "Koramangala Challaghatta Valley", "subvalley": "KC_2", "ward_name": "50 - Gunjur,48 - Panathur", "Corporation": "East"}, "geometry": {"type": "LineString", "coordinates": [[77.708051, 12.926406], [77.70801, 12.926445]]}}, {"type": "Feature", "properties": {"sec_id": 175, "pri_Drain num": "BH645", "length_m": 6.26, "valley": "Koramangala Challaghatta Valley", "subvalley": "KC_2", "ward_name": "50 - Gunjur,48 - Panathur", "Corporation": "East"}, "geometry": {"type": "LineString", "coordinates": [[77.70801, 12.926445], [77.707969, 12.926485]]}}, {"type": "Feature", "properties": {"sec_id": 175, "pri_Drain num": "BH645", "length_m": 4.94, "valley": "Koramangala Challaghatta Valley", "subvalley": "KC_2", "ward_name": "50 - Gunjur,48 - Panathur", "Corporation": "East"}, "geometry": {"type": "LineString", "coordinates": [[77.707969, 12.926485], [77.707949, 12.926525]]}}, {"type": "Feature", "properties": {"sec_id": 175, "pri_Drain num": "BH645", "length_m": 4.96, "valley": "Koramangala Challaghatta Valley", "subvalley": "KC_2", "ward_name": "50 - Gunjur,48 - Panathur", "Corporation": "East"}, "geometry": {"type": "LineString", "coordinates": [[77.707949, 12.926525], [77.707908, 12.926545]]}}, {"type": "Feature", "properties": {"sec_id": 175, "pri_Drain num": "BH645", "length_m": 6.26, "valley": "Koramangala Challaghatta Valley", "subvalley": "KC_2", "ward_name": "50 - Gunjur,48 - Panathur", "Corporation": "East"}, "geometry": {"type": "LineString", "coordinates": [[77.707908, 12.926545], [77.707867, 12.926585]]}}, {"type": "Feature", "properties": {"sec_id": 175, "pri_Drain num": "BH645", "length_m": 4.44, "valley": "Koramangala Challaghatta Valley", "subvalley": "KC_2", "ward_name": "50 - Gunjur,48 - Panathur", "Corporation": "East"}, "geometry": {"type": "LineString", "coordinates": [[77.707867, 12.926585], [77.707826, 12.926585]]}}, {"type": "Feature", "properties": {"sec_id": 175, "pri_Drain num": "BH645", "length_m": 6.26, "valley": "Koramangala Challaghatta Valley", "subvalley": "KC_2", "ward_name": "50 - Gunjur,48 - Panathur", "Corporation": "East"}, "geometry": {"type": "LineString", "coordinates": [[77.707826, 12.926585], [77.707785, 12.926625]]}}, {"type": "Feature", "properties": {"sec_id": 175, "pri_Drain num": "BH645", "length_m": 9.39, "valley": "Koramangala Challaghatta Valley", "subvalley": "KC_2", "ward_name": "50 - Gunjur,48 - Panathur", "Corporation": "East"}, "geometry": {"type": "LineString", "coordinates": [[77.707785, 12.926625], [77.707724, 12.926685]]}}, {"type": "Feature", "properties": {"sec_id": 175, "pri_Drain num": "BH645", "length_m": 9.91, "valley": "Koramangala Challaghatta Valley", "subvalley": "KC_2", "ward_name": "50 - Gunjur,48 - Panathur", "Corporation": "East"}, "geometry": {"type": "LineString", "coordinates": [[77.707724, 12.926685], [77.707642, 12.926724]]}}, {"type": "Feature", "properties": {"sec_id": 175, "pri_Drain num": "BH645", "length_m": 9.39, "valley": "Koramangala Challaghatta Valley", "subvalley": "KC_2", "ward_name": "50 - Gunjur,48 - Panathur", "Corporation": "East"}, "geometry": {"type": "LineString", "coordinates": [[77.707642, 12.926724], [77.707581, 12.926784]]}}, {"type": "Feature", "properties": {"sec_id": 175, "pri_Drain num": "BH645", "length_m": 4.96, "valley": "Koramangala Challaghatta Valley", "subvalley": "KC_2", "ward_name": "50 - Gunjur,48 - Panathur", "Corporation": "East"}, "geometry": {"type": "LineString", "coordinates": [[77.707581, 12.926784], [77.70754, 12.926804]]}}, {"type": "Feature", "properties": {"sec_id": 175, "pri_Drain num": "BH645", "length_m": 6.26, "valley": "Koramangala Challaghatta Valley", "subvalley": "KC_2", "ward_name": "50 - Gunjur,48 - Panathur", "Corporation": "East"}, "geometry": {"type": "LineString", "coordinates": [[77.70754, 12.926804], [77.707499, 12.926844]]}}, {"type": "Feature", "properties": {"sec_id": 175, "pri_Drain num": "BH645", "length_m": 9.39, "valley": "Koramangala Challaghatta Valley", "subvalley": "KC_2", "ward_name": "50 - Gunjur,48 - Panathur", "Corporation": "East"}, "geometry": {"type": "LineString", "coordinates": [[77.707499, 12.926844], [77.707438, 12.926904]]}}, {"type": "Feature", "properties": {"sec_id": 175, "pri_Drain num": "BH645", "length_m": 4.94, "valley": "Koramangala Challaghatta Valley", "subvalley": "KC_2", "ward_name": "50 - Gunjur,48 - Panathur", "Corporation": "East"}, "geometry": {"type": "LineString", "coordinates": [[77.707438, 12.926904], [77.707417, 12.926944]]}}, {"type": "Feature", "properties": {"sec_id": 175, "pri_Drain num": "BH645", "length_m": 7.97, "valley": "Koramangala Challaghatta Valley", "subvalley": "KC_2", "ward_name": "50 - Gunjur,48 - Panathur", "Corporation": "East"}, "geometry": {"type": "LineString", "coordinates": [[77.707417, 12.926944], [77.707376, 12.927003]]}}, {"type": "Feature", "properties": {"sec_id": 175, "pri_Drain num": "BH645", "length_m": 4.96, "valley": "Koramangala Challaghatta Valley", "subvalley": "KC_2", "ward_name": "50 - Gunjur,48 - Panathur", "Corporation": "East"}, "geometry": {"type": "LineString", "coordinates": [[77.707376, 12.927003], [77.707336, 12.927023]]}}, {"type": "Feature", "properties": {"sec_id": 175, "pri_Drain num": "BH645", "length_m": 6.26, "valley": "Koramangala Challaghatta Valley", "subvalley": "KC_2", "ward_name": "50 - Gunjur,48 - Panathur", "Corporation": "East"}, "geometry": {"type": "LineString", "coordinates": [[77.707336, 12.927023], [77.707295, 12.927063]]}}, {"type": "Feature", "properties": {"sec_id": 175, "pri_Drain num": "BH645", "length_m": 9.39, "valley": "Koramangala Challaghatta Valley", "subvalley": "KC_2", "ward_name": "50 - Gunjur,48 - Panathur", "Corporation": "East"}, "geometry": {"type": "LineString", "coordinates": [[77.707295, 12.927063], [77.707233, 12.927123]]}}, {"type": "Feature", "properties": {"sec_id": 175, "pri_Drain num": "BH645", "length_m": 4.94, "valley": "Koramangala Challaghatta Valley", "subvalley": "KC_2", "ward_name": "50 - Gunjur,48 - Panathur", "Corporation": "East"}, "geometry": {"type": "LineString", "coordinates": [[77.707233, 12.927123], [77.707213, 12.927163]]}}, {"type": "Feature", "properties": {"sec_id": 175, "pri_Drain num": "BH645", "length_m": 9.39, "valley": "Koramangala Challaghatta Valley", "subvalley": "KC_2", "ward_name": "50 - Gunjur,48 - Panathur", "Corporation": "East"}, "geometry": {"type": "LineString", "coordinates": [[77.707213, 12.927163], [77.707152, 12.927222]]}}, {"type": "Feature", "properties": {"sec_id": 175, "pri_Drain num": "BH645", "length_m": 7.97, "valley": "Koramangala Challaghatta Valley", "subvalley": "KC_2", "ward_name": "50 - Gunjur,48 - Panathur", "Corporation": "East"}, "geometry": {"type": "LineString", "coordinates": [[77.707152, 12.927222], [77.707111, 12.927282]]}}, {"type": "Feature", "properties": {"sec_id": 175, "pri_Drain num": "BH645", "length_m": 9.39, "valley": "Koramangala Challaghatta Valley", "subvalley": "KC_2", "ward_name": "50 - Gunjur,48 - Panathur", "Corporation": "East"}, "geometry": {"type": "LineString", "coordinates": [[77.707111, 12.927282], [77.707049, 12.927342]]}}, {"type": "Feature", "properties": {"sec_id": 175, "pri_Drain num": "BH645", "length_m": 9.88, "valley": "Koramangala Challaghatta Valley", "subvalley": "KC_2", "ward_name": "50 - Gunjur,48 - Panathur", "Corporation": "East"}, "geometry": {"type": "LineString", "coordinates": [[77.707049, 12.927342], [77.707008, 12.927422]]}}, {"type": "Feature", "properties": {"sec_id": 175, "pri_Drain num": "BH645", "length_m": 6.26, "valley": "Koramangala Challaghatta Valley", "subvalley": "KC_2", "ward_name": "50 - Gunjur,48 - Panathur", "Corporation": "East"}, "geometry": {"type": "LineString", "coordinates": [[77.707008, 12.927422], [77.706968, 12.927462]]}}, {"type": "Feature", "properties": {"sec_id": 175, "pri_Drain num": "BH645", "length_m": 4.94, "valley": "Koramangala Challaghatta Valley", "subvalley": "KC_2", "ward_name": "50 - Gunjur,48 - Panathur", "Corporation": "East"}, "geometry": {"type": "LineString", "coordinates": [[77.706968, 12.927462], [77.706947, 12.927501]]}}, {"type": "Feature", "properties": {"sec_id": 175, "pri_Drain num": "BH645", "length_m": 4.96, "valley": "Koramangala Challaghatta Valley", "subvalley": "KC_2", "ward_name": "50 - Gunjur,48 - Panathur", "Corporation": "East"}, "geometry": {"type": "LineString", "coordinates": [[77.706947, 12.927501], [77.706906, 12.927521]]}}, {"type": "Feature", "properties": {"sec_id": 175, "pri_Drain num": "BH645", "length_m": 17.03, "valley": "Koramangala Challaghatta Valley", "subvalley": "KC_2", "ward_name": "50 - Gunjur,48 - Panathur", "Corporation": "East"}, "geometry": {"type": "LineString", "coordinates": [[77.706906, 12.927521], [77.706954, 12.927668]]}}, {"type": "Feature", "properties": {"sec_id": 175, "pri_Drain num": "BH645", "length_m": 3.06, "valley": "Koramangala Challaghatta Valley", "subvalley": "KC_2", "ward_name": "50 - Gunjur,48 - Panathur", "Corporation": "East"}, "geometry": {"type": "LineString", "coordinates": [[77.706954, 12.927668], [77.706941, 12.927693]]}}, {"type": "Feature", "properties": {"sec_id": 175, "pri_Drain num": "BH645", "length_m": 3.06, "valley": "Koramangala Challaghatta Valley", "subvalley": "KC_2", "ward_name": "50 - Gunjur,48 - Panathur", "Corporation": "East"}, "geometry": {"type": "LineString", "coordinates": [[77.706941, 12.927693], [77.706928, 12.927717]]}}, {"type": "Feature", "properties": {"sec_id": 175, "pri_Drain num": "BH645", "length_m": 4.94, "valley": "Koramangala Challaghatta Valley", "subvalley": "KC_2", "ward_name": "50 - Gunjur,48 - Panathur", "Corporation": "East"}, "geometry": {"type": "LineString", "coordinates": [[77.706928, 12.927717], [77.706903, 12.927755]]}}, {"type": "Feature", "properties": {"sec_id": 175, "pri_Drain num": "BH645", "length_m": 5.83, "valley": "Koramangala Challaghatta Valley", "subvalley": "KC_2", "ward_name": "50 - Gunjur,48 - Panathur", "Corporation": "East"}, "geometry": {"type": "LineString", "coordinates": [[77.706903, 12.927755], [77.706865, 12.927792]]}}, {"type": "Feature", "properties": {"sec_id": 175, "pri_Drain num": "BH645", "length_m": 3.06, "valley": "Koramangala Challaghatta Valley", "subvalley": "KC_2", "ward_name": "50 - Gunjur,48 - Panathur", "Corporation": "East"}, "geometry": {"type": "LineString", "coordinates": [[77.706865, 12.927792], [77.706852, 12.927816]]}}, {"type": "Feature", "properties": {"sec_id": 175, "pri_Drain num": "BH645", "length_m": 3.06, "valley": "Koramangala Challaghatta Valley", "subvalley": "KC_2", "ward_name": "50 - Gunjur,48 - Panathur", "Corporation": "East"}, "geometry": {"type": "LineString", "coordinates": [[77.706852, 12.927816], [77.706839, 12.927841]]}}, {"type": "Feature", "properties": {"sec_id": 175, "pri_Drain num": "BH645", "length_m": 3.88, "valley": "Koramangala Challaghatta Valley", "subvalley": "KC_2", "ward_name": "50 - Gunjur,48 - Panathur", "Corporation": "East"}, "geometry": {"type": "LineString", "coordinates": [[77.706839, 12.927841], [77.706814, 12.927866]]}}, {"type": "Feature", "properties": {"sec_id": 175, "pri_Drain num": "BH645", "length_m": 3.06, "valley": "Koramangala Challaghatta Valley", "subvalley": "KC_2", "ward_name": "50 - Gunjur,48 - Panathur", "Corporation": "East"}, "geometry": {"type": "LineString", "coordinates": [[77.706814, 12.927866], [77.706801, 12.927891]]}}, {"type": "Feature", "properties": {"sec_id": 175, "pri_Drain num": "BH645", "length_m": 3.06, "valley": "Koramangala Challaghatta Valley", "subvalley": "KC_2", "ward_name": "50 - Gunjur,48 - Panathur", "Corporation": "East"}, "geometry": {"type": "LineString", "coordinates": [[77.706801, 12.927891], [77.706789, 12.927915]]}}, {"type": "Feature", "properties": {"sec_id": 175, "pri_Drain num": "BH645", "length_m": 4.33, "valley": "Koramangala Challaghatta Valley", "subvalley": "KC_2", "ward_name": "50 - Gunjur,48 - Panathur", "Corporation": "East"}, "geometry": {"type": "LineString", "coordinates": [[77.706789, 12.927915], [77.706776, 12.927952]]}}, {"type": "Feature", "properties": {"sec_id": 175, "pri_Drain num": "BH645", "length_m": 3.06, "valley": "Koramangala Challaghatta Valley", "subvalley": "KC_2", "ward_name": "50 - Gunjur,48 - Panathur", "Corporation": "East"}, "geometry": {"type": "LineString", "coordinates": [[77.706776, 12.927952], [77.706763, 12.927977]]}}, {"type": "Feature", "properties": {"sec_id": 175, "pri_Drain num": "BH645", "length_m": 17.78, "valley": "Koramangala Challaghatta Valley", "subvalley": "KC_2", "ward_name": "50 - Gunjur,48 - Panathur", "Corporation": "East"}, "geometry": {"type": "LineString", "coordinates": [[77.706763, 12.927977], [77.7066, 12.92798]]}}, {"type": "Feature", "properties": {"sec_id": 175, "pri_Drain num": "BH645", "length_m": 16.59, "valley": "Koramangala Challaghatta Valley", "subvalley": "KC_2", "ward_name": "50 - Gunjur,48 - Panathur", "Corporation": "East"}, "geometry": {"type": "LineString", "coordinates": [[77.7066, 12.92798], [77.706751, 12.928002]]}}, {"type": "Feature", "properties": {"sec_id": 175, "pri_Drain num": "BH645", "length_m": 9.1, "valley": "Koramangala Challaghatta Valley", "subvalley": "KC_2", "ward_name": "50 - Gunjur,48 - Panathur", "Corporation": "East"}, "geometry": {"type": "LineString", "coordinates": [[77.7066, 12.92798], [77.706579, 12.928059]]}}, {"type": "Feature", "properties": {"sec_id": 175, "pri_Drain num": "BH645", "length_m": 6.62, "valley": "Koramangala Challaghatta Valley", "subvalley": "KC_2", "ward_name": "50 - Gunjur,48 - Panathur", "Corporation": "East"}, "geometry": {"type": "LineString", "coordinates": [[77.706579, 12.928059], [77.706579, 12.928119]]}}, {"type": "Feature", "properties": {"sec_id": 175, "pri_Drain num": "BH645", "length_m": 4.41, "valley": "Koramangala Challaghatta Valley", "subvalley": "KC_2", "ward_name": "50 - Gunjur,48 - Panathur", "Corporation": "East"}, "geometry": {"type": "LineString", "coordinates": [[77.706579, 12.928119], [77.706579, 12.928159]]}}, {"type": "Feature", "properties": {"sec_id": 175, "pri_Drain num": "BH645", "length_m": 4.94, "valley": "Koramangala Challaghatta Valley", "subvalley": "KC_2", "ward_name": "50 - Gunjur,48 - Panathur", "Corporation": "East"}, "geometry": {"type": "LineString", "coordinates": [[77.706579, 12.928159], [77.706559, 12.928199]]}}, {"type": "Feature", "properties": {"sec_id": 175, "pri_Drain num": "BH645", "length_m": 4.94, "valley": "Koramangala Challaghatta Valley", "subvalley": "KC_2", "ward_name": "50 - Gunjur,48 - Panathur", "Corporation": "East"}, "geometry": {"type": "LineString", "coordinates": [[77.706559, 12.928199], [77.706538, 12.928239]]}}, {"type": "Feature", "properties": {"sec_id": 175, "pri_Drain num": "BH645", "length_m": 4.94, "valley": "Koramangala Challaghatta Valley", "subvalley": "KC_2", "ward_name": "50 - Gunjur,48 - Panathur", "Corporation": "East"}, "geometry": {"type": "LineString", "coordinates": [[77.706538, 12.928239], [77.706518, 12.928278]]}}, {"type": "Feature", "properties": {"sec_id": 175, "pri_Drain num": "BH645", "length_m": 9.39, "valley": "Koramangala Challaghatta Valley", "subvalley": "KC_2", "ward_name": "50 - Gunjur,48 - Panathur", "Corporation": "East"}, "geometry": {"type": "LineString", "coordinates": [[77.706518, 12.928278], [77.706457, 12.928338]]}}, {"type": "Feature", "properties": {"sec_id": 175, "pri_Drain num": "BH645", "length_m": 4.44, "valley": "Koramangala Challaghatta Valley", "subvalley": "KC_2", "ward_name": "50 - Gunjur,48 - Panathur", "Corporation": "East"}, "geometry": {"type": "LineString", "coordinates": [[77.706457, 12.928338], [77.706416, 12.928338]]}}, {"type": "Feature", "properties": {"sec_id": 175, "pri_Drain num": "BH645", "length_m": 4.94, "valley": "Koramangala Challaghatta Valley", "subvalley": "KC_2", "ward_name": "50 - Gunjur,48 - Panathur", "Corporation": "East"}, "geometry": {"type": "LineString", "coordinates": [[77.706416, 12.928338], [77.706395, 12.928378]]}}, {"type": "Feature", "properties": {"sec_id": 175, "pri_Drain num": "BH645", "length_m": 4.96, "valley": "Koramangala Challaghatta Valley", "subvalley": "KC_2", "ward_name": "50 - Gunjur,48 - Panathur", "Corporation": "East"}, "geometry": {"type": "LineString", "coordinates": [[77.706395, 12.928378], [77.706354, 12.928398]]}}, {"type": "Feature", "properties": {"sec_id": 175, "pri_Drain num": "BH645", "length_m": 9.39, "valley": "Koramangala Challaghatta Valley", "subvalley": "KC_2", "ward_name": "50 - Gunjur,48 - Panathur", "Corporation": "East"}, "geometry": {"type": "LineString", "coordinates": [[77.706354, 12.928398], [77.706293, 12.928458]]}}, {"type": "Feature", "properties": {"sec_id": 175, "pri_Drain num": "BH645", "length_m": 9.15, "valley": "Koramangala Challaghatta Valley", "subvalley": "KC_2", "ward_name": "50 - Gunjur,48 - Panathur", "Corporation": "East"}, "geometry": {"type": "LineString", "coordinates": [[77.706293, 12.928458], [77.706211, 12.928478]]}}, {"type": "Feature", "properties": {"sec_id": 175, "pri_Drain num": "BH645", "length_m": 9.91, "valley": "Koramangala Challaghatta Valley", "subvalley": "KC_2", "ward_name": "50 - Gunjur,48 - Panathur", "Corporation": "East"}, "geometry": {"type": "LineString", "coordinates": [[77.706211, 12.928478], [77.706129, 12.928518]]}}, {"type": "Feature", "properties": {"sec_id": 175, "pri_Drain num": "BH645", "length_m": 4.44, "valley": "Koramangala Challaghatta Valley", "subvalley": "KC_2", "ward_name": "50 - Gunjur,48 - Panathur", "Corporation": "East"}, "geometry": {"type": "LineString", "coordinates": [[77.706129, 12.928518], [77.706089, 12.928518]]}}, {"type": "Feature", "properties": {"sec_id": 175, "pri_Drain num": "BH645", "length_m": 4.96, "valley": "Koramangala Challaghatta Valley", "subvalley": "KC_2", "ward_name": "50 - Gunjur,48 - Panathur", "Corporation": "East"}, "geometry": {"type": "LineString", "coordinates": [[77.706089, 12.928518], [77.706048, 12.928538]]}}, {"type": "Feature", "properties": {"sec_id": 175, "pri_Drain num": "BH645", "length_m": 4.96, "valley": "Koramangala Challaghatta Valley", "subvalley": "KC_2", "ward_name": "50 - Gunjur,48 - Panathur", "Corporation": "East"}, "geometry": {"type": "LineString", "coordinates": [[77.706048, 12.928538], [77.706007, 12.928557]]}}, {"type": "Feature", "properties": {"sec_id": 175, "pri_Drain num": "BH645", "length_m": 4.94, "valley": "Koramangala Challaghatta Valley", "subvalley": "KC_2", "ward_name": "50 - Gunjur,48 - Panathur", "Corporation": "East"}, "geometry": {"type": "LineString", "coordinates": [[77.706007, 12.928557], [77.705986, 12.928597]]}}, {"type": "Feature", "properties": {"sec_id": 175, "pri_Drain num": "BH645", "length_m": 4.96, "valley": "Koramangala Challaghatta Valley", "subvalley": "KC_2", "ward_name": "50 - Gunjur,48 - Panathur", "Corporation": "East"}, "geometry": {"type": "LineString", "coordinates": [[77.705986, 12.928597], [77.705945, 12.928617]]}}, {"type": "Feature", "properties": {"sec_id": 175, "pri_Drain num": "BH645", "length_m": 4.44, "valley": "Koramangala Challaghatta Valley", "subvalley": "KC_2", "ward_name": "50 - Gunjur,48 - Panathur", "Corporation": "East"}, "geometry": {"type": "LineString", "coordinates": [[77.705945, 12.928617], [77.705905, 12.928617]]}}, {"type": "Feature", "properties": {"sec_id": 175, "pri_Drain num": "BH645", "length_m": 4.96, "valley": "Koramangala Challaghatta Valley", "subvalley": "KC_2", "ward_name": "50 - Gunjur,48 - Panathur", "Corporation": "East"}, "geometry": {"type": "LineString", "coordinates": [[77.705905, 12.928617], [77.705864, 12.928637]]}}, {"type": "Feature", "properties": {"sec_id": 175, "pri_Drain num": "BH645", "length_m": 6.26, "valley": "Koramangala Challaghatta Valley", "subvalley": "KC_2", "ward_name": "50 - Gunjur,48 - Panathur", "Corporation": "East"}, "geometry": {"type": "LineString", "coordinates": [[77.705864, 12.928637], [77.705823, 12.928677]]}}, {"type": "Feature", "properties": {"sec_id": 175, "pri_Drain num": "BH645", "length_m": 4.94, "valley": "Koramangala Challaghatta Valley", "subvalley": "KC_2", "ward_name": "50 - Gunjur,48 - Panathur", "Corporation": "East"}, "geometry": {"type": "LineString", "coordinates": [[77.705823, 12.928677], [77.705802, 12.928717]]}}, {"type": "Feature", "properties": {"sec_id": 175, "pri_Drain num": "BH645", "length_m": 4.94, "valley": "Koramangala Challaghatta Valley", "subvalley": "KC_2", "ward_name": "50 - Gunjur,48 - Panathur", "Corporation": "East"}, "geometry": {"type": "LineString", "coordinates": [[77.705802, 12.928717], [77.705782, 12.928757]]}}, {"type": "Feature", "properties": {"sec_id": 175, "pri_Drain num": "BH645", "length_m": 4.94, "valley": "Koramangala Challaghatta Valley", "subvalley": "KC_2", "ward_name": "50 - Gunjur,48 - Panathur", "Corporation": "East"}, "geometry": {"type": "LineString", "coordinates": [[77.705782, 12.928757], [77.705761, 12.928797]]}}, {"type": "Feature", "properties": {"sec_id": 175, "pri_Drain num": "BH645", "length_m": 4.94, "valley": "Koramangala Challaghatta Valley", "subvalley": "KC_2", "ward_name": "50 - Gunjur,48 - Panathur", "Corporation": "East"}, "geometry": {"type": "LineString", "coordinates": [[77.705761, 12.928797], [77.705741, 12.928836]]}}, {"type": "Feature", "properties": {"sec_id": 175, "pri_Drain num": "BH645", "length_m": 9.1, "valley": "Koramangala Challaghatta Valley", "subvalley": "KC_2", "ward_name": "50 - Gunjur,48 - Panathur", "Corporation": "East"}, "geometry": {"type": "LineString", "coordinates": [[77.705741, 12.928836], [77.705721, 12.928916]]}}, {"type": "Feature", "properties": {"sec_id": 176, "length_m": 189.26, "valley": "Koramangala Challaghatta Valley", "subvalley": "KC_2", "ward_name": "48 - Panathur", "Corporation": "East"}, "geometry": {"type": "LineString", "coordinates": [[77.716289, 12.930072], [77.716494, 12.930271], [77.716433, 12.931068], [77.716719, 12.931606]]}}, {"type": "Feature", "properties": {"sec_id": 177, "length_m": 483.42, "valley": "Koramangala Challaghatta Valley", "subvalley": "KC_2", "ward_name": "31 - Kasavanahalli", "Corporation": "South"}, "geometry": {"type": "LineString", "coordinates": [[77.657738, 12.898587], [77.658195, 12.898365], [77.658576, 12.898309], [77.659184, 12.898086], [77.659736, 12.898049], [77.660345, 12.897901], [77.662, 12.897771]]}}, {"type": "Feature", "properties": {"sec_id": 178, "length_m": 436.94, "valley": "Koramangala Challaghatta Valley", "subvalley": "KC_2", "ward_name": "32 - Kudlu", "Corporation": "South"}, "geometry": {"type": "LineString", "coordinates": [[77.652468, 12.888785], [77.652243, 12.889303], [77.652468, 12.88937], [77.652582, 12.890056], [77.652488, 12.89026], [77.652815, 12.890359], [77.65306, 12.890559], [77.653265, 12.890818], [77.653428, 12.891236], [77.653755, 12.891276], [77.654164, 12.891137]]}}, {"type": "Feature", "properties": {"sec_id": 179, "length_m": 196.09, "valley": "Koramangala Challaghatta Valley", "subvalley": "KC_2", "ward_name": "32 - Kudlu", "Corporation": "South"}, "geometry": {"type": "LineString", "coordinates": [[77.656692, 12.887663], [77.657088, 12.888646], [77.657088, 12.889064], [77.656965, 12.889303]]}}, {"type": "Feature", "properties": {"sec_id": 179, "length_m": 21.24, "valley": "Koramangala Challaghatta Valley", "subvalley": "KC_2", "ward_name": "32 - Kudlu", "Corporation": "South"}, "geometry": {"type": "LineString", "coordinates": [[77.656965, 12.889303], [77.657105, 12.889437]]}}, {"type": "Feature", "properties": {"sec_id": 179, "length_m": 153.73, "valley": "Koramangala Challaghatta Valley", "subvalley": "KC_2", "ward_name": "32 - Kudlu", "Corporation": "South"}, "geometry": {"type": "LineString", "coordinates": [[77.657105, 12.889437], [77.656883, 12.889383], [77.656597, 12.889642], [77.656311, 12.890359]]}}, {"type": "Feature", "properties": {"sec_id": 180, "length_m": 827.8, "valley": "Koramangala Challaghatta Valley", "subvalley": "KC_2", "ward_name": "33 - Naganathapura", "Corporation": "South"}, "geometry": {"type": "LineString", "coordinates": [[77.669701, 12.87914], [77.668883, 12.8792], [77.668831, 12.878965], [77.668602, 12.878946], [77.668699, 12.87924], [77.668576, 12.879359], [77.668597, 12.880954], [77.668351, 12.883166], [77.668184, 12.883462], [77.667575, 12.883724], [77.667207, 12.883763], [77.666739, 12.883941]]}}, {"type": "Feature", "properties": {"sec_id": 181, "pri_Drain num": "BH614", "length_m": 221.68, "valley": "Koramangala Challaghatta Valley", "subvalley": "KC_2", "ward_name": "33 - Naganathapura,34 - Chikkathoguru", "Corporation": "South"}, "geometry": {"type": "LineString", "coordinates": [[77.659571, 12.872418], [77.659571, 12.872623], [77.65951, 12.872683], [77.658324, 12.872942], [77.658222, 12.873082], [77.658243, 12.873401]]}}, {"type": "Feature", "properties": {"sec_id": 182, "pri_Drain num": "BH563", "length_m": 260.42, "valley": "Koramangala Challaghatta Valley", "subvalley": "KC_1", "ward_name": "34 - Chikkathoguru", "Corporation": "South"}, "geometry": {"type": "LineString", "coordinates": [[77.634791, 12.862941], [77.634826, 12.862978], [77.634703, 12.863137], [77.634344, 12.863437], [77.633599, 12.863436], [77.633476, 12.863556], [77.633374, 12.864034], [77.633183, 12.864021]]}}, {"type": "Feature", "properties": {"sec_id": 182, "pri_Drain num": "BH563", "length_m": 14.52, "valley": "Koramangala Challaghatta Valley", "subvalley": "KC_1", "ward_name": "34 - Chikkathoguru", "Corporation": "South"}, "geometry": {"type": "LineString", "coordinates": [[77.633183, 12.864021], [77.633252, 12.864134]]}}, {"type": "Feature", "properties": {"sec_id": 182, "pri_Drain num": "BH563", "length_m": 9.51, "valley": "Koramangala Challaghatta Valley", "subvalley": "KC_1", "ward_name": "34 - Chikkathoguru", "Corporation": "South"}, "geometry": {"type": "LineString", "coordinates": [[77.633252, 12.864134], [77.633172, 12.864098]]}}, {"type": "Feature", "properties": {"sec_id": 182, "pri_Drain num": "BH563", "length_m": 403.69, "valley": "Koramangala Challaghatta Valley", "subvalley": "KC_1", "ward_name": "34 - Chikkathoguru", "Corporation": "South"}, "geometry": {"type": "LineString", "coordinates": [[77.633172, 12.864098], [77.633082, 12.86424], [77.632863, 12.864293], [77.632618, 12.864751], [77.632025, 12.865449], [77.631325, 12.865637], [77.630921, 12.865828], [77.630349, 12.865808]]}}, {"type": "Feature", "properties": {"sec_id": 183, "pri_Drain num": "BH563", "length_m": 4.41, "valley": "Koramangala Challaghatta Valley", "subvalley": "KC_1", "ward_name": "36 - Beguru", "Corporation": "South"}, "geometry": {"type": "LineString", "coordinates": [[77.630737, 12.869196], [77.630737, 12.869156]]}}, {"type": "Feature", "properties": {"sec_id": 183, "pri_Drain num": "BH563", "length_m": 20.94, "valley": "Koramangala Challaghatta Valley", "subvalley": "KC_1", "ward_name": "36 - Beguru", "Corporation": "South"}, "geometry": {"type": "LineString", "coordinates": [[77.630737, 12.869156], [77.630676, 12.868976]]}}, {"type": "Feature", "properties": {"sec_id": 183, "pri_Drain num": "BH563", "length_m": 4.96, "valley": "Koramangala Challaghatta Valley", "subvalley": "KC_1", "ward_name": "36 - Beguru", "Corporation": "South"}, "geometry": {"type": "LineString", "coordinates": [[77.630676, 12.868976], [77.630635, 12.868956]]}}, {"type": "Feature", "properties": {"sec_id": 183, "pri_Drain num": "BH563", "length_m": 9.39, "valley": "Koramangala Challaghatta Valley", "subvalley": "KC_1", "ward_name": "36 - Beguru", "Corporation": "South"}, "geometry": {"type": "LineString", "coordinates": [[77.630635, 12.868956], [77.630574, 12.868897]]}}, {"type": "Feature", "properties": {"sec_id": 183, "pri_Drain num": "BH563", "length_m": 9.39, "valley": "Koramangala Challaghatta Valley", "subvalley": "KC_1", "ward_name": "36 - Beguru", "Corporation": "South"}, "geometry": {"type": "LineString", "coordinates": [[77.630574, 12.868897], [77.630512, 12.868837]]}}, {"type": "Feature", "properties": {"sec_id": 183, "pri_Drain num": "BH563", "length_m": 9.39, "valley": "Koramangala Challaghatta Valley", "subvalley": "KC_1", "ward_name": "36 - Beguru", "Corporation": "South"}, "geometry": {"type": "LineString", "coordinates": [[77.630512, 12.868837], [77.630451, 12.868777]]}}, {"type": "Feature", "properties": {"sec_id": 183, "pri_Drain num": "BH563", "length_m": 7.97, "valley": "Koramangala Challaghatta Valley", "subvalley": "KC_1", "ward_name": "36 - Beguru", "Corporation": "South"}, "geometry": {"type": "LineString", "coordinates": [[77.630451, 12.868777], [77.63041, 12.868717]]}}, {"type": "Feature", "properties": {"sec_id": 183, "pri_Drain num": "BH563", "length_m": 4.94, "valley": "Koramangala Challaghatta Valley", "subvalley": "KC_1", "ward_name": "36 - Beguru", "Corporation": "South"}, "geometry": {"type": "LineString", "coordinates": [[77.63041, 12.868717], [77.63039, 12.868677]]}}, {"type": "Feature", "properties": {"sec_id": 183, "pri_Drain num": "BH563", "length_m": 9.39, "valley": "Koramangala Challaghatta Valley", "subvalley": "KC_1", "ward_name": "36 - Beguru", "Corporation": "South"}, "geometry": {"type": "LineString", "coordinates": [[77.63039, 12.868677], [77.630328, 12.868618]]}}, {"type": "Feature", "properties": {"sec_id": 183, "pri_Drain num": "BH563", "length_m": 6.26, "valley": "Koramangala Challaghatta Valley", "subvalley": "KC_1", "ward_name": "36 - Beguru", "Corporation": "South"}, "geometry": {"type": "LineString", "coordinates": [[77.630328, 12.868618], [77.630287, 12.868578]]}}, {"type": "Feature", "properties": {"sec_id": 183, "pri_Drain num": "BH563", "length_m": 11.08, "valley": "Koramangala Challaghatta Valley", "subvalley": "KC_1", "ward_name": "36 - Beguru", "Corporation": "South"}, "geometry": {"type": "LineString", "coordinates": [[77.630287, 12.868578], [77.630206, 12.868518]]}}, {"type": "Feature", "properties": {"sec_id": 183, "pri_Drain num": "BH563", "length_m": 7.99, "valley": "Koramangala Challaghatta Valley", "subvalley": "KC_1", "ward_name": "36 - Beguru", "Corporation": "South"}, "geometry": {"type": "LineString", "coordinates": [[77.630206, 12.868518], [77.630144, 12.868478]]}}, {"type": "Feature", "properties": {"sec_id": 183, "pri_Drain num": "BH563", "length_m": 6.26, "valley": "Koramangala Challaghatta Valley", "subvalley": "KC_1", "ward_name": "36 - Beguru", "Corporation": "South"}, "geometry": {"type": "LineString", "coordinates": [[77.630144, 12.868478], [77.630103, 12.868438]]}}, {"type": "Feature", "properties": {"sec_id": 183, "pri_Drain num": "BH563", "length_m": 4.96, "valley": "Koramangala Challaghatta Valley", "subvalley": "KC_1", "ward_name": "36 - Beguru", "Corporation": "South"}, "geometry": {"type": "LineString", "coordinates": [[77.630103, 12.868438], [77.630062, 12.868418]]}}, {"type": "Feature", "properties": {"sec_id": 183, "pri_Drain num": "BH563", "length_m": 4.96, "valley": "Koramangala Challaghatta Valley", "subvalley": "KC_1", "ward_name": "36 - Beguru", "Corporation": "South"}, "geometry": {"type": "LineString", "coordinates": [[77.630062, 12.868418], [77.630022, 12.868398]]}}, {"type": "Feature", "properties": {"sec_id": 183, "pri_Drain num": "BH563", "length_m": 4.96, "valley": "Koramangala Challaghatta Valley", "subvalley": "KC_1", "ward_name": "36 - Beguru", "Corporation": "South"}, "geometry": {"type": "LineString", "coordinates": [[77.630022, 12.868398], [77.629981, 12.868379]]}}, {"type": "Feature", "properties": {"sec_id": 183, "pri_Drain num": "BH563", "length_m": 4.96, "valley": "Koramangala Challaghatta Valley", "subvalley": "KC_1", "ward_name": "36 - Beguru", "Corporation": "South"}, "geometry": {"type": "LineString", "coordinates": [[77.629981, 12.868379], [77.62994, 12.868359]]}}, {"type": "Feature", "properties": {"sec_id": 183, "pri_Drain num": "BH563", "length_m": 7.99, "valley": "Koramangala Challaghatta Valley", "subvalley": "KC_1", "ward_name": "36 - Beguru", "Corporation": "South"}, "geometry": {"type": "LineString", "coordinates": [[77.62994, 12.868359], [77.629879, 12.868319]]}}, {"type": "Feature", "properties": {"sec_id": 183, "pri_Drain num": "BH563", "length_m": 11.95, "valley": "Koramangala Challaghatta Valley", "subvalley": "KC_1", "ward_name": "36 - Beguru", "Corporation": "South"}, "geometry": {"type": "LineString", "coordinates": [[77.629879, 12.868319], [77.629776, 12.868279]]}}, {"type": "Feature", "properties": {"sec_id": 183, "pri_Drain num": "BH563", "length_m": 4.96, "valley": "Koramangala Challaghatta Valley", "subvalley": "KC_1", "ward_name": "36 - Beguru", "Corporation": "South"}, "geometry": {"type": "LineString", "coordinates": [[77.629776, 12.868279], [77.629735, 12.868259]]}}, {"type": "Feature", "properties": {"sec_id": 183, "pri_Drain num": "BH563", "length_m": 9.15, "valley": "Koramangala Challaghatta Valley", "subvalley": "KC_1", "ward_name": "36 - Beguru", "Corporation": "South"}, "geometry": {"type": "LineString", "coordinates": [[77.629735, 12.868259], [77.629654, 12.868239]]}}, {"type": "Feature", "properties": {"sec_id": 183, "pri_Drain num": "BH563", "length_m": 4.44, "valley": "Koramangala Challaghatta Valley", "subvalley": "KC_1", "ward_name": "36 - Beguru", "Corporation": "South"}, "geometry": {"type": "LineString", "coordinates": [[77.629654, 12.868239], [77.629613, 12.868239]]}}, {"type": "Feature", "properties": {"sec_id": 183, "pri_Drain num": "BH563", "length_m": 4.44, "valley": "Koramangala Challaghatta Valley", "subvalley": "KC_1", "ward_name": "36 - Beguru", "Corporation": "South"}, "geometry": {"type": "LineString", "coordinates": [[77.629613, 12.868239], [77.629572, 12.868239]]}}, {"type": "Feature", "properties": {"sec_id": 183, "pri_Drain num": "BH563", "length_m": 4.44, "valley": "Koramangala Challaghatta Valley", "subvalley": "KC_1", "ward_name": "36 - Beguru", "Corporation": "South"}, "geometry": {"type": "LineString", "coordinates": [[77.629572, 12.868239], [77.629531, 12.868239]]}}, {"type": "Feature", "properties": {"sec_id": 183, "pri_Drain num": "BH563", "length_m": 4.44, "valley": "Koramangala Challaghatta Valley", "subvalley": "KC_1", "ward_name": "36 - Beguru", "Corporation": "South"}, "geometry": {"type": "LineString", "coordinates": [[77.629531, 12.868239], [77.62949, 12.868239]]}}, {"type": "Feature", "properties": {"sec_id": 183, "pri_Drain num": "BH563", "length_m": 4.44, "valley": "Koramangala Challaghatta Valley", "subvalley": "KC_1", "ward_name": "36 - Beguru", "Corporation": "South"}, "geometry": {"type": "LineString", "coordinates": [[77.62949, 12.868239], [77.629449, 12.868239]]}}, {"type": "Feature", "properties": {"sec_id": 183, "pri_Drain num": "BH563", "length_m": 6.66, "valley": "Koramangala Challaghatta Valley", "subvalley": "KC_1", "ward_name": "36 - Beguru", "Corporation": "South"}, "geometry": {"type": "LineString", "coordinates": [[77.629449, 12.868239], [77.629388, 12.868239]]}}, {"type": "Feature", "properties": {"sec_id": 183, "pri_Drain num": "BH563", "length_m": 9.15, "valley": "Koramangala Challaghatta Valley", "subvalley": "KC_1", "ward_name": "36 - Beguru", "Corporation": "South"}, "geometry": {"type": "LineString", "coordinates": [[77.629388, 12.868239], [77.629306, 12.868259]]}}, {"type": "Feature", "properties": {"sec_id": 183, "pri_Drain num": "BH563", "length_m": 4.44, "valley": "Koramangala Challaghatta Valley", "subvalley": "KC_1", "ward_name": "36 - Beguru", "Corporation": "South"}, "geometry": {"type": "LineString", "coordinates": [[77.629306, 12.868259], [77.629265, 12.868259]]}}, {"type": "Feature", "properties": {"sec_id": 183, "pri_Drain num": "BH563", "length_m": 4.96, "valley": "Koramangala Challaghatta Valley", "subvalley": "KC_1", "ward_name": "36 - Beguru", "Corporation": "South"}, "geometry": {"type": "LineString", "coordinates": [[77.629265, 12.868259], [77.629224, 12.868279]]}}, {"type": "Feature", "properties": {"sec_id": 183, "pri_Drain num": "BH563", "length_m": 4.44, "valley": "Koramangala Challaghatta Valley", "subvalley": "KC_1", "ward_name": "36 - Beguru", "Corporation": "South"}, "geometry": {"type": "LineString", "coordinates": [[77.629224, 12.868279], [77.629183, 12.868279]]}}, {"type": "Feature", "properties": {"sec_id": 183, "pri_Drain num": "BH563", "length_m": 4.96, "valley": "Koramangala Challaghatta Valley", "subvalley": "KC_1", "ward_name": "36 - Beguru", "Corporation": "South"}, "geometry": {"type": "LineString", "coordinates": [[77.629183, 12.868279], [77.629143, 12.868299]]}}, {"type": "Feature", "properties": {"sec_id": 183, "pri_Drain num": "BH563", "length_m": 7.02, "valley": "Koramangala Challaghatta Valley", "subvalley": "KC_1", "ward_name": "36 - Beguru", "Corporation": "South"}, "geometry": {"type": "LineString", "coordinates": [[77.629143, 12.868299], [77.629081, 12.868319]]}}, {"type": "Feature", "properties": {"sec_id": 183, "pri_Drain num": "BH563", "length_m": 6.66, "valley": "Koramangala Challaghatta Valley", "subvalley": "KC_1", "ward_name": "36 - Beguru", "Corporation": "South"}, "geometry": {"type": "LineString", "coordinates": [[77.629081, 12.868319], [77.62902, 12.868319]]}}, {"type": "Feature", "properties": {"sec_id": 183, "pri_Drain num": "BH563", "length_m": 4.44, "valley": "Koramangala Challaghatta Valley", "subvalley": "KC_1", "ward_name": "36 - Beguru", "Corporation": "South"}, "geometry": {"type": "LineString", "coordinates": [[77.62902, 12.868319], [77.628979, 12.868319]]}}, {"type": "Feature", "properties": {"sec_id": 183, "pri_Drain num": "BH563", "length_m": 4.44, "valley": "Koramangala Challaghatta Valley", "subvalley": "KC_1", "ward_name": "36 - Beguru", "Corporation": "South"}, "geometry": {"type": "LineString", "coordinates": [[77.628979, 12.868319], [77.628938, 12.868319]]}}, {"type": "Feature", "properties": {"sec_id": 183, "pri_Drain num": "BH563", "length_m": 6.66, "valley": "Koramangala Challaghatta Valley", "subvalley": "KC_1", "ward_name": "36 - Beguru", "Corporation": "South"}, "geometry": {"type": "LineString", "coordinates": [[77.628938, 12.868319], [77.628877, 12.868319]]}}, {"type": "Feature", "properties": {"sec_id": 183, "pri_Drain num": "BH563", "length_m": 4.44, "valley": "Koramangala Challaghatta Valley", "subvalley": "KC_1", "ward_name": "36 - Beguru", "Corporation": "South"}, "geometry": {"type": "LineString", "coordinates": [[77.628877, 12.868319], [77.628836, 12.868319]]}}, {"type": "Feature", "properties": {"sec_id": 183, "pri_Drain num": "BH563", "length_m": 4.44, "valley": "Koramangala Challaghatta Valley", "subvalley": "KC_1", "ward_name": "36 - Beguru", "Corporation": "South"}, "geometry": {"type": "LineString", "coordinates": [[77.628836, 12.868319], [77.628795, 12.868319]]}}, {"type": "Feature", "properties": {"sec_id": 183, "pri_Drain num": "BH563", "length_m": 4.44, "valley": "Koramangala Challaghatta Valley", "subvalley": "KC_1", "ward_name": "36 - Beguru", "Corporation": "South"}, "geometry": {"type": "LineString", "coordinates": [[77.628795, 12.868319], [77.628754, 12.868319]]}}, {"type": "Feature", "properties": {"sec_id": 183, "pri_Drain num": "BH563", "length_m": 6.66, "valley": "Koramangala Challaghatta Valley", "subvalley": "KC_1", "ward_name": "36 - Beguru", "Corporation": "South"}, "geometry": {"type": "LineString", "coordinates": [[77.628754, 12.868319], [77.628693, 12.868319]]}}, {"type": "Feature", "properties": {"sec_id": 183, "pri_Drain num": "BH563", "length_m": 6.66, "valley": "Koramangala Challaghatta Valley", "subvalley": "KC_1", "ward_name": "36 - Beguru", "Corporation": "South"}, "geometry": {"type": "LineString", "coordinates": [[77.628693, 12.868319], [77.628632, 12.868319]]}}, {"type": "Feature", "properties": {"sec_id": 183, "pri_Drain num": "BH563", "length_m": 4.44, "valley": "Koramangala Challaghatta Valley", "subvalley": "KC_1", "ward_name": "36 - Beguru", "Corporation": "South"}, "geometry": {"type": "LineString", "coordinates": [[77.628632, 12.868319], [77.628591, 12.868319]]}}, {"type": "Feature", "properties": {"sec_id": 183, "pri_Drain num": "BH563", "length_m": 4.44, "valley": "Koramangala Challaghatta Valley", "subvalley": "KC_1", "ward_name": "36 - Beguru", "Corporation": "South"}, "geometry": {"type": "LineString", "coordinates": [[77.628591, 12.868319], [77.62855, 12.868319]]}}, {"type": "Feature", "properties": {"sec_id": 183, "pri_Drain num": "BH563", "length_m": 4.44, "valley": "Koramangala Challaghatta Valley", "subvalley": "KC_1", "ward_name": "36 - Beguru", "Corporation": "South"}, "geometry": {"type": "LineString", "coordinates": [[77.62855, 12.868319], [77.628509, 12.868319]]}}, {"type": "Feature", "properties": {"sec_id": 183, "pri_Drain num": "BH563", "length_m": 4.44, "valley": "Koramangala Challaghatta Valley", "subvalley": "KC_1", "ward_name": "36 - Beguru", "Corporation": "South"}, "geometry": {"type": "LineString", "coordinates": [[77.628509, 12.868319], [77.628468, 12.868319]]}}, {"type": "Feature", "properties": {"sec_id": 183, "pri_Drain num": "BH563", "length_m": 7.02, "valley": "Koramangala Challaghatta Valley", "subvalley": "KC_1", "ward_name": "36 - Beguru", "Corporation": "South"}, "geometry": {"type": "LineString", "coordinates": [[77.628468, 12.868319], [77.628407, 12.868299]]}}, {"type": "Feature", "properties": {"sec_id": 183, "pri_Drain num": "BH563", "length_m": 9.15, "valley": "Koramangala Challaghatta Valley", "subvalley": "KC_1", "ward_name": "36 - Beguru", "Corporation": "South"}, "geometry": {"type": "LineString", "coordinates": [[77.628407, 12.868299], [77.628325, 12.868279]]}}, {"type": "Feature", "properties": {"sec_id": 183, "pri_Drain num": "BH563", "length_m": 4.44, "valley": "Koramangala Challaghatta Valley", "subvalley": "KC_1", "ward_name": "36 - Beguru", "Corporation": "South"}, "geometry": {"type": "LineString", "coordinates": [[77.628325, 12.868279], [77.628284, 12.868279]]}}, {"type": "Feature", "properties": {"sec_id": 183, "pri_Drain num": "BH563", "length_m": 9.15, "valley": "Koramangala Challaghatta Valley", "subvalley": "KC_1", "ward_name": "36 - Beguru", "Corporation": "South"}, "geometry": {"type": "LineString", "coordinates": [[77.628284, 12.868279], [77.628202, 12.868259]]}}, {"type": "Feature", "properties": {"sec_id": 183, "pri_Drain num": "BH563", "length_m": 7.02, "valley": "Koramangala Challaghatta Valley", "subvalley": "KC_1", "ward_name": "36 - Beguru", "Corporation": "South"}, "geometry": {"type": "LineString", "coordinates": [[77.628202, 12.868259], [77.628141, 12.868239]]}}, {"type": "Feature", "properties": {"sec_id": 183, "pri_Drain num": "BH563", "length_m": 9.15, "valley": "Koramangala Challaghatta Valley", "subvalley": "KC_1", "ward_name": "36 - Beguru", "Corporation": "South"}, "geometry": {"type": "LineString", "coordinates": [[77.628141, 12.868239], [77.628059, 12.868219]]}}, {"type": "Feature", "properties": {"sec_id": 183, "pri_Drain num": "BH563", "length_m": 9.15, "valley": "Koramangala Challaghatta Valley", "subvalley": "KC_1", "ward_name": "36 - Beguru", "Corporation": "South"}, "geometry": {"type": "LineString", "coordinates": [[77.628059, 12.868219], [77.627977, 12.868199]]}}, {"type": "Feature", "properties": {"sec_id": 183, "pri_Drain num": "BH563", "length_m": 9.15, "valley": "Koramangala Challaghatta Valley", "subvalley": "KC_1", "ward_name": "36 - Beguru", "Corporation": "South"}, "geometry": {"type": "LineString", "coordinates": [[77.627977, 12.868199], [77.627896, 12.868179]]}}, {"type": "Feature", "properties": {"sec_id": 183, "pri_Drain num": "BH563", "length_m": 4.96, "valley": "Koramangala Challaghatta Valley", "subvalley": "KC_1", "ward_name": "36 - Beguru", "Corporation": "South"}, "geometry": {"type": "LineString", "coordinates": [[77.627896, 12.868179], [77.627855, 12.868159]]}}, {"type": "Feature", "properties": {"sec_id": 183, "pri_Drain num": "BH563", "length_m": 4.96, "valley": "Koramangala Challaghatta Valley", "subvalley": "KC_1", "ward_name": "36 - Beguru", "Corporation": "South"}, "geometry": {"type": "LineString", "coordinates": [[77.627855, 12.868159], [77.627814, 12.868139]]}}, {"type": "Feature", "properties": {"sec_id": 183, "pri_Drain num": "BH563", "length_m": 4.96, "valley": "Koramangala Challaghatta Valley", "subvalley": "KC_1", "ward_name": "36 - Beguru", "Corporation": "South"}, "geometry": {"type": "LineString", "coordinates": [[77.627814, 12.868139], [77.627773, 12.868119]]}}, {"type": "Feature", "properties": {"sec_id": 183, "pri_Drain num": "BH563", "length_m": 9.39, "valley": "Koramangala Challaghatta Valley", "subvalley": "KC_1", "ward_name": "36 - Beguru", "Corporation": "South"}, "geometry": {"type": "LineString", "coordinates": [[77.627773, 12.868119], [77.627712, 12.86806]]}}, {"type": "Feature", "properties": {"sec_id": 183, "pri_Drain num": "BH563", "length_m": 7.99, "valley": "Koramangala Challaghatta Valley", "subvalley": "KC_1", "ward_name": "36 - Beguru", "Corporation": "South"}, "geometry": {"type": "LineString", "coordinates": [[77.627712, 12.86806], [77.62765, 12.86802]]}}, {"type": "Feature", "properties": {"sec_id": 183, "pri_Drain num": "BH563", "length_m": 6.26, "valley": "Koramangala Challaghatta Valley", "subvalley": "KC_1", "ward_name": "36 - Beguru", "Corporation": "South"}, "geometry": {"type": "LineString", "coordinates": [[77.62765, 12.86802], [77.627609, 12.86798]]}}, {"type": "Feature", "properties": {"sec_id": 183, "pri_Drain num": "BH563", "length_m": 7.97, "valley": "Koramangala Challaghatta Valley", "subvalley": "KC_1", "ward_name": "36 - Beguru", "Corporation": "South"}, "geometry": {"type": "LineString", "coordinates": [[77.627609, 12.86798], [77.627568, 12.86792]]}}, {"type": "Feature", "properties": {"sec_id": 183, "pri_Drain num": "BH563", "length_m": 4.96, "valley": "Koramangala Challaghatta Valley", "subvalley": "KC_1", "ward_name": "36 - Beguru", "Corporation": "South"}, "geometry": {"type": "LineString", "coordinates": [[77.627568, 12.86792], [77.627528, 12.8679]]}}, {"type": "Feature", "properties": {"sec_id": 183, "pri_Drain num": "BH563", "length_m": 6.26, "valley": "Koramangala Challaghatta Valley", "subvalley": "KC_1", "ward_name": "36 - Beguru", "Corporation": "South"}, "geometry": {"type": "LineString", "coordinates": [[77.627528, 12.8679], [77.627487, 12.86786]]}}, {"type": "Feature", "properties": {"sec_id": 183, "pri_Drain num": "BH563", "length_m": 4.44, "valley": "Koramangala Challaghatta Valley", "subvalley": "KC_1", "ward_name": "36 - Beguru", "Corporation": "South"}, "geometry": {"type": "LineString", "coordinates": [[77.627487, 12.86786], [77.627446, 12.86786]]}}, {"type": "Feature", "properties": {"sec_id": 183, "pri_Drain num": "BH563", "length_m": 4.96, "valley": "Koramangala Challaghatta Valley", "subvalley": "KC_1", "ward_name": "36 - Beguru", "Corporation": "South"}, "geometry": {"type": "LineString", "coordinates": [[77.627446, 12.86786], [77.627405, 12.86784]]}}, {"type": "Feature", "properties": {"sec_id": 183, "pri_Drain num": "BH563", "length_m": 4.44, "valley": "Koramangala Challaghatta Valley", "subvalley": "KC_1", "ward_name": "36 - Beguru", "Corporation": "South"}, "geometry": {"type": "LineString", "coordinates": [[77.627405, 12.86784], [77.627364, 12.86784]]}}, {"type": "Feature", "properties": {"sec_id": 183, "pri_Drain num": "BH563", "length_m": 4.44, "valley": "Koramangala Challaghatta Valley", "subvalley": "KC_1", "ward_name": "36 - Beguru", "Corporation": "South"}, "geometry": {"type": "LineString", "coordinates": [[77.627364, 12.86784], [77.627323, 12.86784]]}}, {"type": "Feature", "properties": {"sec_id": 183, "pri_Drain num": "BH563", "length_m": 4.44, "valley": "Koramangala Challaghatta Valley", "subvalley": "KC_1", "ward_name": "36 - Beguru", "Corporation": "South"}, "geometry": {"type": "LineString", "coordinates": [[77.627323, 12.86784], [77.627282, 12.86784]]}}, {"type": "Feature", "properties": {"sec_id": 183, "pri_Drain num": "BH563", "length_m": 4.44, "valley": "Koramangala Challaghatta Valley", "subvalley": "KC_1", "ward_name": "36 - Beguru", "Corporation": "South"}, "geometry": {"type": "LineString", "coordinates": [[77.627282, 12.86784], [77.627241, 12.86784]]}}, {"type": "Feature", "properties": {"sec_id": 183, "pri_Drain num": "BH563", "length_m": 4.96, "valley": "Koramangala Challaghatta Valley", "subvalley": "KC_1", "ward_name": "36 - Beguru", "Corporation": "South"}, "geometry": {"type": "LineString", "coordinates": [[77.627241, 12.86784], [77.627201, 12.867821]]}}, {"type": "Feature", "properties": {"sec_id": 183, "pri_Drain num": "BH563", "length_m": 4.44, "valley": "Koramangala Challaghatta Valley", "subvalley": "KC_1", "ward_name": "36 - Beguru", "Corporation": "South"}, "geometry": {"type": "LineString", "coordinates": [[77.627201, 12.867821], [77.62716, 12.867821]]}}, {"type": "Feature", "properties": {"sec_id": 183, "pri_Drain num": "BH563", "length_m": 9.15, "valley": "Koramangala Challaghatta Valley", "subvalley": "KC_1", "ward_name": "36 - Beguru", "Corporation": "South"}, "geometry": {"type": "LineString", "coordinates": [[77.62716, 12.867821], [77.627078, 12.867801]]}}, {"type": "Feature", "properties": {"sec_id": 183, "pri_Drain num": "BH563", "length_m": 4.44, "valley": "Koramangala Challaghatta Valley", "subvalley": "KC_1", "ward_name": "36 - Beguru", "Corporation": "South"}, "geometry": {"type": "LineString", "coordinates": [[77.627078, 12.867801], [77.627037, 12.867801]]}}, {"type": "Feature", "properties": {"sec_id": 183, "pri_Drain num": "BH563", "length_m": 4.96, "valley": "Koramangala Challaghatta Valley", "subvalley": "KC_1", "ward_name": "36 - Beguru", "Corporation": "South"}, "geometry": {"type": "LineString", "coordinates": [[77.627037, 12.867801], [77.626996, 12.867781]]}}, {"type": "Feature", "properties": {"sec_id": 183, "pri_Drain num": "BH563", "length_m": 7.02, "valley": "Koramangala Challaghatta Valley", "subvalley": "KC_1", "ward_name": "36 - Beguru", "Corporation": "South"}, "geometry": {"type": "LineString", "coordinates": [[77.626996, 12.867781], [77.626935, 12.867761]]}}, {"type": "Feature", "properties": {"sec_id": 183, "pri_Drain num": "BH563", "length_m": 4.96, "valley": "Koramangala Challaghatta Valley", "subvalley": "KC_1", "ward_name": "36 - Beguru", "Corporation": "South"}, "geometry": {"type": "LineString", "coordinates": [[77.626935, 12.867761], [77.626894, 12.867741]]}}, {"type": "Feature", "properties": {"sec_id": 183, "pri_Drain num": "BH563", "length_m": 7.02, "valley": "Koramangala Challaghatta Valley", "subvalley": "KC_1", "ward_name": "36 - Beguru", "Corporation": "South"}, "geometry": {"type": "LineString", "coordinates": [[77.626894, 12.867741], [77.626833, 12.867721]]}}, {"type": "Feature", "properties": {"sec_id": 183, "pri_Drain num": "BH563", "length_m": 4.44, "valley": "Koramangala Challaghatta Valley", "subvalley": "KC_1", "ward_name": "36 - Beguru", "Corporation": "South"}, "geometry": {"type": "LineString", "coordinates": [[77.626833, 12.867721], [77.626792, 12.867721]]}}, {"type": "Feature", "properties": {"sec_id": 183, "pri_Drain num": "BH563", "length_m": 4.96, "valley": "Koramangala Challaghatta Valley", "subvalley": "KC_1", "ward_name": "36 - Beguru", "Corporation": "South"}, "geometry": {"type": "LineString", "coordinates": [[77.626792, 12.867721], [77.626751, 12.867701]]}}, {"type": "Feature", "properties": {"sec_id": 183, "pri_Drain num": "BH563", "length_m": 4.44, "valley": "Koramangala Challaghatta Valley", "subvalley": "KC_1", "ward_name": "36 - Beguru", "Corporation": "South"}, "geometry": {"type": "LineString", "coordinates": [[77.626751, 12.867701], [77.62671, 12.867701]]}}, {"type": "Feature", "properties": {"sec_id": 183, "pri_Drain num": "BH563", "length_m": 4.96, "valley": "Koramangala Challaghatta Valley", "subvalley": "KC_1", "ward_name": "36 - Beguru", "Corporation": "South"}, "geometry": {"type": "LineString", "coordinates": [[77.62671, 12.867701], [77.626669, 12.867681]]}}, {"type": "Feature", "properties": {"sec_id": 183, "pri_Drain num": "BH563", "length_m": 6.66, "valley": "Koramangala Challaghatta Valley", "subvalley": "KC_1", "ward_name": "36 - Beguru", "Corporation": "South"}, "geometry": {"type": "LineString", "coordinates": [[77.626669, 12.867681], [77.626608, 12.867681]]}}, {"type": "Feature", "properties": {"sec_id": 183, "pri_Drain num": "BH563", "length_m": 4.44, "valley": "Koramangala Challaghatta Valley", "subvalley": "KC_1", "ward_name": "36 - Beguru", "Corporation": "South"}, "geometry": {"type": "LineString", "coordinates": [[77.626608, 12.867681], [77.626567, 12.867681]]}}, {"type": "Feature", "properties": {"sec_id": 183, "pri_Drain num": "BH563", "length_m": 4.44, "valley": "Koramangala Challaghatta Valley", "subvalley": "KC_1", "ward_name": "36 - Beguru", "Corporation": "South"}, "geometry": {"type": "LineString", "coordinates": [[77.626567, 12.867681], [77.626526, 12.867681]]}}, {"type": "Feature", "properties": {"sec_id": 183, "pri_Drain num": "BH563", "length_m": 4.44, "valley": "Koramangala Challaghatta Valley", "subvalley": "KC_1", "ward_name": "36 - Beguru", "Corporation": "South"}, "geometry": {"type": "LineString", "coordinates": [[77.626526, 12.867681], [77.626485, 12.867681]]}}, {"type": "Feature", "properties": {"sec_id": 183, "pri_Drain num": "BH563", "length_m": 4.44, "valley": "Koramangala Challaghatta Valley", "subvalley": "KC_1", "ward_name": "36 - Beguru", "Corporation": "South"}, "geometry": {"type": "LineString", "coordinates": [[77.626485, 12.867681], [77.626444, 12.867681]]}}, {"type": "Feature", "properties": {"sec_id": 183, "pri_Drain num": "BH563", "length_m": 4.44, "valley": "Koramangala Challaghatta Valley", "subvalley": "KC_1", "ward_name": "36 - Beguru", "Corporation": "South"}, "geometry": {"type": "LineString", "coordinates": [[77.626444, 12.867681], [77.626403, 12.867681]]}}, {"type": "Feature", "properties": {"sec_id": 183, "pri_Drain num": "BH563", "length_m": 4.44, "valley": "Koramangala Challaghatta Valley", "subvalley": "KC_1", "ward_name": "36 - Beguru", "Corporation": "South"}, "geometry": {"type": "LineString", "coordinates": [[77.626403, 12.867681], [77.626362, 12.867681]]}}, {"type": "Feature", "properties": {"sec_id": 183, "pri_Drain num": "BH563", "length_m": 4.44, "valley": "Koramangala Challaghatta Valley", "subvalley": "KC_1", "ward_name": "36 - Beguru", "Corporation": "South"}, "geometry": {"type": "LineString", "coordinates": [[77.626362, 12.867681], [77.626321, 12.867681]]}}, {"type": "Feature", "properties": {"sec_id": 183, "pri_Drain num": "BH563", "length_m": 4.44, "valley": "Koramangala Challaghatta Valley", "subvalley": "KC_1", "ward_name": "36 - Beguru", "Corporation": "South"}, "geometry": {"type": "LineString", "coordinates": [[77.626321, 12.867681], [77.626281, 12.867681]]}}, {"type": "Feature", "properties": {"sec_id": 183, "pri_Drain num": "BH563", "length_m": 11.32, "valley": "Koramangala Challaghatta Valley", "subvalley": "KC_1", "ward_name": "36 - Beguru", "Corporation": "South"}, "geometry": {"type": "LineString", "coordinates": [[77.626281, 12.867681], [77.626178, 12.867661]]}}, {"type": "Feature", "properties": {"sec_id": 183, "pri_Drain num": "BH563", "length_m": 4.44, "valley": "Koramangala Challaghatta Valley", "subvalley": "KC_1", "ward_name": "36 - Beguru", "Corporation": "South"}, "geometry": {"type": "LineString", "coordinates": [[77.626178, 12.867661], [77.626138, 12.867661]]}}, {"type": "Feature", "properties": {"sec_id": 183, "pri_Drain num": "BH563", "length_m": 4.44, "valley": "Koramangala Challaghatta Valley", "subvalley": "KC_1", "ward_name": "36 - Beguru", "Corporation": "South"}, "geometry": {"type": "LineString", "coordinates": [[77.626138, 12.867661], [77.626097, 12.867661]]}}, {"type": "Feature", "properties": {"sec_id": 183, "pri_Drain num": "BH563", "length_m": 9.15, "valley": "Koramangala Challaghatta Valley", "subvalley": "KC_1", "ward_name": "36 - Beguru", "Corporation": "South"}, "geometry": {"type": "LineString", "coordinates": [[77.626097, 12.867661], [77.626015, 12.867641]]}}, {"type": "Feature", "properties": {"sec_id": 183, "pri_Drain num": "BH563", "length_m": 4.96, "valley": "Koramangala Challaghatta Valley", "subvalley": "KC_1", "ward_name": "36 - Beguru", "Corporation": "South"}, "geometry": {"type": "LineString", "coordinates": [[77.626015, 12.867641], [77.625974, 12.867621]]}}, {"type": "Feature", "properties": {"sec_id": 183, "pri_Drain num": "BH563", "length_m": 9.15, "valley": "Koramangala Challaghatta Valley", "subvalley": "KC_1", "ward_name": "36 - Beguru", "Corporation": "South"}, "geometry": {"type": "LineString", "coordinates": [[77.625974, 12.867621], [77.625892, 12.867601]]}}, {"type": "Feature", "properties": {"sec_id": 183, "pri_Drain num": "BH563", "length_m": 12.92, "valley": "Koramangala Challaghatta Valley", "subvalley": "KC_1", "ward_name": "36 - Beguru", "Corporation": "South"}, "geometry": {"type": "LineString", "coordinates": [[77.625892, 12.867601], [77.62579, 12.867542]]}}, {"type": "Feature", "properties": {"sec_id": 183, "pri_Drain num": "BH563", "length_m": 4.96, "valley": "Koramangala Challaghatta Valley", "subvalley": "KC_1", "ward_name": "36 - Beguru", "Corporation": "South"}, "geometry": {"type": "LineString", "coordinates": [[77.62579, 12.867542], [77.625749, 12.867522]]}}, {"type": "Feature", "properties": {"sec_id": 183, "pri_Drain num": "BH563", "length_m": 4.96, "valley": "Koramangala Challaghatta Valley", "subvalley": "KC_1", "ward_name": "36 - Beguru", "Corporation": "South"}, "geometry": {"type": "LineString", "coordinates": [[77.625749, 12.867522], [77.625708, 12.867502]]}}, {"type": "Feature", "properties": {"sec_id": 183, "pri_Drain num": "BH563", "length_m": 4.96, "valley": "Koramangala Challaghatta Valley", "subvalley": "KC_1", "ward_name": "36 - Beguru", "Corporation": "South"}, "geometry": {"type": "LineString", "coordinates": [[77.625708, 12.867502], [77.625667, 12.867482]]}}, {"type": "Feature", "properties": {"sec_id": 183, "pri_Drain num": "BH563", "length_m": 4.94, "valley": "Koramangala Challaghatta Valley", "subvalley": "KC_1", "ward_name": "36 - Beguru", "Corporation": "South"}, "geometry": {"type": "LineString", "coordinates": [[77.625667, 12.867482], [77.625647, 12.867442]]}}, {"type": "Feature", "properties": {"sec_id": 183, "pri_Drain num": "BH563", "length_m": 4.44, "valley": "Koramangala Challaghatta Valley", "subvalley": "KC_1", "ward_name": "36 - Beguru", "Corporation": "South"}, "geometry": {"type": "LineString", "coordinates": [[77.625647, 12.867442], [77.625606, 12.867442]]}}, {"type": "Feature", "properties": {"sec_id": 183, "pri_Drain num": "BH563", "length_m": 6.26, "valley": "Koramangala Challaghatta Valley", "subvalley": "KC_1", "ward_name": "36 - Beguru", "Corporation": "South"}, "geometry": {"type": "LineString", "coordinates": [[77.625606, 12.867442], [77.625565, 12.867402]]}}, {"type": "Feature", "properties": {"sec_id": 183, "pri_Drain num": "BH563", "length_m": 4.96, "valley": "Koramangala Challaghatta Valley", "subvalley": "KC_1", "ward_name": "36 - Beguru", "Corporation": "South"}, "geometry": {"type": "LineString", "coordinates": [[77.625565, 12.867402], [77.625524, 12.867382]]}}, {"type": "Feature", "properties": {"sec_id": 183, "pri_Drain num": "BH563", "length_m": 4.96, "valley": "Koramangala Challaghatta Valley", "subvalley": "KC_1", "ward_name": "36 - Beguru", "Corporation": "South"}, "geometry": {"type": "LineString", "coordinates": [[77.625524, 12.867382], [77.625483, 12.867362]]}}, {"type": "Feature", "properties": {"sec_id": 183, "pri_Drain num": "BH563", "length_m": 4.44, "valley": "Koramangala Challaghatta Valley", "subvalley": "KC_1", "ward_name": "36 - Beguru", "Corporation": "South"}, "geometry": {"type": "LineString", "coordinates": [[77.625483, 12.867362], [77.625442, 12.867362]]}}, {"type": "Feature", "properties": {"sec_id": 183, "pri_Drain num": "BH563", "length_m": 4.96, "valley": "Koramangala Challaghatta Valley", "subvalley": "KC_1", "ward_name": "36 - Beguru", "Corporation": "South"}, "geometry": {"type": "LineString", "coordinates": [[77.625442, 12.867362], [77.625402, 12.867342]]}}, {"type": "Feature", "properties": {"sec_id": 183, "pri_Drain num": "BH563", "length_m": 7.02, "valley": "Koramangala Challaghatta Valley", "subvalley": "KC_1", "ward_name": "36 - Beguru", "Corporation": "South"}, "geometry": {"type": "LineString", "coordinates": [[77.625402, 12.867342], [77.62534, 12.867322]]}}, {"type": "Feature", "properties": {"sec_id": 183, "pri_Drain num": "BH563", "length_m": 4.96, "valley": "Koramangala Challaghatta Valley", "subvalley": "KC_1", "ward_name": "36 - Beguru", "Corporation": "South"}, "geometry": {"type": "LineString", "coordinates": [[77.62534, 12.867322], [77.625299, 12.867302]]}}, {"type": "Feature", "properties": {"sec_id": 183, "pri_Drain num": "BH563", "length_m": 4.96, "valley": "Koramangala Challaghatta Valley", "subvalley": "KC_1", "ward_name": "36 - Beguru", "Corporation": "South"}, "geometry": {"type": "LineString", "coordinates": [[77.625299, 12.867302], [77.625258, 12.867282]]}}, {"type": "Feature", "properties": {"sec_id": 183, "pri_Drain num": "BH563", "length_m": 9.15, "valley": "Koramangala Challaghatta Valley", "subvalley": "KC_1", "ward_name": "36 - Beguru", "Corporation": "South"}, "geometry": {"type": "LineString", "coordinates": [[77.625258, 12.867282], [77.625177, 12.867263]]}}, {"type": "Feature", "properties": {"sec_id": 183, "pri_Drain num": "BH563", "length_m": 4.44, "valley": "Koramangala Challaghatta Valley", "subvalley": "KC_1", "ward_name": "36 - Beguru", "Corporation": "South"}, "geometry": {"type": "LineString", "coordinates": [[77.625177, 12.867263], [77.625136, 12.867263]]}}, {"type": "Feature", "properties": {"sec_id": 183, "pri_Drain num": "BH563", "length_m": 4.44, "valley": "Koramangala Challaghatta Valley", "subvalley": "KC_1", "ward_name": "36 - Beguru", "Corporation": "South"}, "geometry": {"type": "LineString", "coordinates": [[77.625136, 12.867263], [77.625095, 12.867263]]}}, {"type": "Feature", "properties": {"sec_id": 183, "pri_Drain num": "BH563", "length_m": 4.44, "valley": "Koramangala Challaghatta Valley", "subvalley": "KC_1", "ward_name": "36 - Beguru", "Corporation": "South"}, "geometry": {"type": "LineString", "coordinates": [[77.625095, 12.867263], [77.625054, 12.867263]]}}, {"type": "Feature", "properties": {"sec_id": 183, "pri_Drain num": "BH563", "length_m": 4.44, "valley": "Koramangala Challaghatta Valley", "subvalley": "KC_1", "ward_name": "36 - Beguru", "Corporation": "South"}, "geometry": {"type": "LineString", "coordinates": [[77.625054, 12.867263], [77.625013, 12.867263]]}}, {"type": "Feature", "properties": {"sec_id": 183, "pri_Drain num": "BH563", "length_m": 4.44, "valley": "Koramangala Challaghatta Valley", "subvalley": "KC_1", "ward_name": "36 - Beguru", "Corporation": "South"}, "geometry": {"type": "LineString", "coordinates": [[77.625013, 12.867263], [77.624972, 12.867263]]}}, {"type": "Feature", "properties": {"sec_id": 183, "pri_Drain num": "BH563", "length_m": 4.44, "valley": "Koramangala Challaghatta Valley", "subvalley": "KC_1", "ward_name": "36 - Beguru", "Corporation": "South"}, "geometry": {"type": "LineString", "coordinates": [[77.624972, 12.867263], [77.624931, 12.867263]]}}, {"type": "Feature", "properties": {"sec_id": 183, "pri_Drain num": "BH563", "length_m": 4.44, "valley": "Koramangala Challaghatta Valley", "subvalley": "KC_1", "ward_name": "36 - Beguru", "Corporation": "South"}, "geometry": {"type": "LineString", "coordinates": [[77.624931, 12.867263], [77.624891, 12.867263]]}}, {"type": "Feature", "properties": {"sec_id": 183, "pri_Drain num": "BH563", "length_m": 9.15, "valley": "Koramangala Challaghatta Valley", "subvalley": "KC_1", "ward_name": "36 - Beguru", "Corporation": "South"}, "geometry": {"type": "LineString", "coordinates": [[77.624891, 12.867263], [77.624809, 12.867282]]}}, {"type": "Feature", "properties": {"sec_id": 183, "pri_Drain num": "BH563", "length_m": 9.15, "valley": "Koramangala Challaghatta Valley", "subvalley": "KC_1", "ward_name": "36 - Beguru", "Corporation": "South"}, "geometry": {"type": "LineString", "coordinates": [[77.624809, 12.867282], [77.624727, 12.867302]]}}, {"type": "Feature", "properties": {"sec_id": 183, "pri_Drain num": "BH563", "length_m": 7.02, "valley": "Koramangala Challaghatta Valley", "subvalley": "KC_1", "ward_name": "36 - Beguru", "Corporation": "South"}, "geometry": {"type": "LineString", "coordinates": [[77.624727, 12.867302], [77.624666, 12.867322]]}}, {"type": "Feature", "properties": {"sec_id": 183, "pri_Drain num": "BH563", "length_m": 9.15, "valley": "Koramangala Challaghatta Valley", "subvalley": "KC_1", "ward_name": "36 - Beguru", "Corporation": "South"}, "geometry": {"type": "LineString", "coordinates": [[77.624666, 12.867322], [77.624584, 12.867342]]}}, {"type": "Feature", "properties": {"sec_id": 183, "pri_Drain num": "BH563", "length_m": 6.26, "valley": "Koramangala Challaghatta Valley", "subvalley": "KC_1", "ward_name": "36 - Beguru", "Corporation": "South"}, "geometry": {"type": "LineString", "coordinates": [[77.624584, 12.867342], [77.624543, 12.867382]]}}, {"type": "Feature", "properties": {"sec_id": 183, "pri_Drain num": "BH563", "length_m": 12.92, "valley": "Koramangala Challaghatta Valley", "subvalley": "KC_1", "ward_name": "36 - Beguru", "Corporation": "South"}, "geometry": {"type": "LineString", "coordinates": [[77.624543, 12.867382], [77.624441, 12.867442]]}}, {"type": "Feature", "properties": {"sec_id": 183, "pri_Drain num": "BH563", "length_m": 4.96, "valley": "Koramangala Challaghatta Valley", "subvalley": "KC_1", "ward_name": "36 - Beguru", "Corporation": "South"}, "geometry": {"type": "LineString", "coordinates": [[77.624441, 12.867442], [77.6244, 12.867462]]}}, {"type": "Feature", "properties": {"sec_id": 183, "pri_Drain num": "BH563", "length_m": 4.96, "valley": "Koramangala Challaghatta Valley", "subvalley": "KC_1", "ward_name": "36 - Beguru", "Corporation": "South"}, "geometry": {"type": "LineString", "coordinates": [[77.6244, 12.867462], [77.624359, 12.867482]]}}, {"type": "Feature", "properties": {"sec_id": 183, "pri_Drain num": "BH563", "length_m": 7.99, "valley": "Koramangala Challaghatta Valley", "subvalley": "KC_1", "ward_name": "36 - Beguru", "Corporation": "South"}, "geometry": {"type": "LineString", "coordinates": [[77.624359, 12.867482], [77.624298, 12.867522]]}}, {"type": "Feature", "properties": {"sec_id": 183, "pri_Drain num": "BH563", "length_m": 9.39, "valley": "Koramangala Challaghatta Valley", "subvalley": "KC_1", "ward_name": "36 - Beguru", "Corporation": "South"}, "geometry": {"type": "LineString", "coordinates": [[77.624298, 12.867522], [77.624236, 12.867581]]}}, {"type": "Feature", "properties": {"sec_id": 183, "pri_Drain num": "BH563", "length_m": 13.5, "valley": "Koramangala Challaghatta Valley", "subvalley": "KC_1", "ward_name": "36 - Beguru", "Corporation": "South"}, "geometry": {"type": "LineString", "coordinates": [[77.624236, 12.867581], [77.624114, 12.867601]]}}, {"type": "Feature", "properties": {"sec_id": 183, "pri_Drain num": "BH563", "length_m": 4.96, "valley": "Koramangala Challaghatta Valley", "subvalley": "KC_1", "ward_name": "36 - Beguru", "Corporation": "South"}, "geometry": {"type": "LineString", "coordinates": [[77.624114, 12.867601], [77.624073, 12.867581]]}}, {"type": "Feature", "properties": {"sec_id": 183, "pri_Drain num": "BH563", "length_m": 4.44, "valley": "Koramangala Challaghatta Valley", "subvalley": "KC_1", "ward_name": "36 - Beguru", "Corporation": "South"}, "geometry": {"type": "LineString", "coordinates": [[77.624073, 12.867581], [77.624032, 12.867581]]}}, {"type": "Feature", "properties": {"sec_id": 183, "pri_Drain num": "BH563", "length_m": 7.02, "valley": "Koramangala Challaghatta Valley", "subvalley": "KC_1", "ward_name": "36 - Beguru", "Corporation": "South"}, "geometry": {"type": "LineString", "coordinates": [[77.624032, 12.867581], [77.623971, 12.867561]]}}, {"type": "Feature", "properties": {"sec_id": 183, "pri_Drain num": "BH563", "length_m": 4.96, "valley": "Koramangala Challaghatta Valley", "subvalley": "KC_1", "ward_name": "36 - Beguru", "Corporation": "South"}, "geometry": {"type": "LineString", "coordinates": [[77.623971, 12.867561], [77.62393, 12.867542]]}}, {"type": "Feature", "properties": {"sec_id": 183, "pri_Drain num": "BH563", "length_m": 4.96, "valley": "Koramangala Challaghatta Valley", "subvalley": "KC_1", "ward_name": "36 - Beguru", "Corporation": "South"}, "geometry": {"type": "LineString", "coordinates": [[77.62393, 12.867542], [77.623889, 12.867522]]}}, {"type": "Feature", "properties": {"sec_id": 183, "pri_Drain num": "BH563", "length_m": 9.15, "valley": "Koramangala Challaghatta Valley", "subvalley": "KC_1", "ward_name": "36 - Beguru", "Corporation": "South"}, "geometry": {"type": "LineString", "coordinates": [[77.623889, 12.867522], [77.623807, 12.867502]]}}, {"type": "Feature", "properties": {"sec_id": 183, "pri_Drain num": "BH563", "length_m": 4.96, "valley": "Koramangala Challaghatta Valley", "subvalley": "KC_1", "ward_name": "36 - Beguru", "Corporation": "South"}, "geometry": {"type": "LineString", "coordinates": [[77.623807, 12.867502], [77.623766, 12.867482]]}}, {"type": "Feature", "properties": {"sec_id": 183, "pri_Drain num": "BH563", "length_m": 4.44, "valley": "Koramangala Challaghatta Valley", "subvalley": "KC_1", "ward_name": "36 - Beguru", "Corporation": "South"}, "geometry": {"type": "LineString", "coordinates": [[77.623766, 12.867482], [77.623725, 12.867482]]}}, {"type": "Feature", "properties": {"sec_id": 183, "pri_Drain num": "BH563", "length_m": 4.44, "valley": "Koramangala Challaghatta Valley", "subvalley": "KC_1", "ward_name": "36 - Beguru", "Corporation": "South"}, "geometry": {"type": "LineString", "coordinates": [[77.623725, 12.867482], [77.623684, 12.867482]]}}, {"type": "Feature", "properties": {"sec_id": 183, "pri_Drain num": "BH563", "length_m": 4.44, "valley": "Koramangala Challaghatta Valley", "subvalley": "KC_1", "ward_name": "36 - Beguru", "Corporation": "South"}, "geometry": {"type": "LineString", "coordinates": [[77.623684, 12.867482], [77.623644, 12.867482]]}}, {"type": "Feature", "properties": {"sec_id": 183, "pri_Drain num": "BH563", "length_m": 4.44, "valley": "Koramangala Challaghatta Valley", "subvalley": "KC_1", "ward_name": "36 - Beguru", "Corporation": "South"}, "geometry": {"type": "LineString", "coordinates": [[77.623644, 12.867482], [77.623603, 12.867482]]}}, {"type": "Feature", "properties": {"sec_id": 183, "pri_Drain num": "BH563", "length_m": 6.66, "valley": "Koramangala Challaghatta Valley", "subvalley": "KC_1", "ward_name": "36 - Beguru", "Corporation": "South"}, "geometry": {"type": "LineString", "coordinates": [[77.623603, 12.867482], [77.623541, 12.867482]]}}, {"type": "Feature", "properties": {"sec_id": 183, "pri_Drain num": "BH563", "length_m": 4.96, "valley": "Koramangala Challaghatta Valley", "subvalley": "KC_1", "ward_name": "36 - Beguru", "Corporation": "South"}, "geometry": {"type": "LineString", "coordinates": [[77.623541, 12.867482], [77.6235, 12.867462]]}}, {"type": "Feature", "properties": {"sec_id": 183, "pri_Drain num": "BH563", "length_m": 6.66, "valley": "Koramangala Challaghatta Valley", "subvalley": "KC_1", "ward_name": "36 - Beguru", "Corporation": "South"}, "geometry": {"type": "LineString", "coordinates": [[77.6235, 12.867462], [77.623439, 12.867462]]}}, {"type": "Feature", "properties": {"sec_id": 183, "pri_Drain num": "BH563", "length_m": 4.44, "valley": "Koramangala Challaghatta Valley", "subvalley": "KC_1", "ward_name": "36 - Beguru", "Corporation": "South"}, "geometry": {"type": "LineString", "coordinates": [[77.623439, 12.867462], [77.623398, 12.867462]]}}, {"type": "Feature", "properties": {"sec_id": 183, "pri_Drain num": "BH563", "length_m": 4.44, "valley": "Koramangala Challaghatta Valley", "subvalley": "KC_1", "ward_name": "36 - Beguru", "Corporation": "South"}, "geometry": {"type": "LineString", "coordinates": [[77.623398, 12.867462], [77.623357, 12.867462]]}}, {"type": "Feature", "properties": {"sec_id": 183, "pri_Drain num": "BH563", "length_m": 6.66, "valley": "Koramangala Challaghatta Valley", "subvalley": "KC_1", "ward_name": "36 - Beguru", "Corporation": "South"}, "geometry": {"type": "LineString", "coordinates": [[77.623357, 12.867462], [77.623296, 12.867462]]}}, {"type": "Feature", "properties": {"sec_id": 183, "pri_Drain num": "BH563", "length_m": 4.44, "valley": "Koramangala Challaghatta Valley", "subvalley": "KC_1", "ward_name": "36 - Beguru", "Corporation": "South"}, "geometry": {"type": "LineString", "coordinates": [[77.623296, 12.867462], [77.623255, 12.867462]]}}, {"type": "Feature", "properties": {"sec_id": 183, "pri_Drain num": "BH563", "length_m": 4.44, "valley": "Koramangala Challaghatta Valley", "subvalley": "KC_1", "ward_name": "36 - Beguru", "Corporation": "South"}, "geometry": {"type": "LineString", "coordinates": [[77.623255, 12.867462], [77.623214, 12.867462]]}}, {"type": "Feature", "properties": {"sec_id": 183, "pri_Drain num": "BH563", "length_m": 4.44, "valley": "Koramangala Challaghatta Valley", "subvalley": "KC_1", "ward_name": "36 - Beguru", "Corporation": "South"}, "geometry": {"type": "LineString", "coordinates": [[77.623214, 12.867462], [77.623173, 12.867462]]}}, {"type": "Feature", "properties": {"sec_id": 183, "pri_Drain num": "BH563", "length_m": 8.88, "valley": "Koramangala Challaghatta Valley", "subvalley": "KC_1", "ward_name": "36 - Beguru", "Corporation": "South"}, "geometry": {"type": "LineString", "coordinates": [[77.623173, 12.867462], [77.623092, 12.867462]]}}, {"type": "Feature", "properties": {"sec_id": 184, "pri_Drain num": "BH544", "length_m": 260.85, "valley": "Koramangala Challaghatta Valley", "subvalley": "KC_1", "ward_name": "59 - Vijaya Bank Layout,37 - Yelenahalli", "Corporation": "South"}, "geometry": {"type": "LineString", "coordinates": [[77.618921, 12.86808], [77.617817, 12.868398], [77.617184, 12.868458], [77.617265, 12.868797], [77.617184, 12.868996]]}}, {"type": "Feature", "properties": {"sec_id": 184, "pri_Drain num": "BH544", "length_m": 26.84, "valley": "Koramangala Challaghatta Valley", "subvalley": "KC_1", "ward_name": "59 - Vijaya Bank Layout,37 - Yelenahalli", "Corporation": "South"}, "geometry": {"type": "LineString", "coordinates": [[77.617184, 12.868996], [77.617265, 12.868917], [77.617225, 12.868996], [77.617184, 12.868996]]}}, {"type": "Feature", "properties": {"sec_id": 184, "pri_Drain num": "BH544", "length_m": 493.04, "valley": "Koramangala Challaghatta Valley", "subvalley": "KC_1", "ward_name": "59 - Vijaya Bank Layout,37 - Yelenahalli", "Corporation": "South"}, "geometry": {"type": "LineString", "coordinates": [[77.617184, 12.868996], [77.616652, 12.869116], [77.616448, 12.869355], [77.616407, 12.87073], [77.615691, 12.87069], [77.615634, 12.870915], [77.615221, 12.870949], [77.615119, 12.871089], [77.614628, 12.871169], [77.614465, 12.871089]]}}, {"type": "Feature", "properties": {"sec_id": 184, "pri_Drain num": "BH544", "length_m": 4.96, "valley": "Koramangala Challaghatta Valley", "subvalley": "KC_1", "ward_name": "59 - Vijaya Bank Layout,37 - Yelenahalli", "Corporation": "South"}, "geometry": {"type": "LineString", "coordinates": [[77.614465, 12.871089], [77.614424, 12.871109]]}}, {"type": "Feature", "properties": {"sec_id": 184, "pri_Drain num": "BH544", "length_m": 552.29, "valley": "Koramangala Challaghatta Valley", "subvalley": "KC_1", "ward_name": "59 - Vijaya Bank Layout,37 - Yelenahalli", "Corporation": "South"}, "geometry": {"type": "LineString", "coordinates": [[77.614465, 12.871089], [77.614363, 12.871009], [77.614444, 12.87065], [77.614424, 12.870152], [77.614097, 12.868817], [77.614076, 12.867203], [77.613933, 12.867043], [77.613443, 12.867183], [77.613177, 12.867183]]}}, {"type": "Feature", "properties": {"sec_id": 185, "pri_Drain num": "BH544", "length_m": 86.83, "valley": "Koramangala Challaghatta Valley", "subvalley": "KC_1", "ward_name": "59 - Vijaya Bank Layout,37 - Yelenahalli", "Corporation": "South"}, "geometry": {"type": "LineString", "coordinates": [[77.613749, 12.871288], [77.613831, 12.871208], [77.614424, 12.871109]]}}, {"type": "Feature", "properties": {"sec_id": 186, "length_m": 71.57, "valley": "Koramangala Challaghatta Valley", "subvalley": "KC_1", "ward_name": "37 - Yelenahalli", "Corporation": "South"}, "geometry": {"type": "LineString", "coordinates": [[77.618093, 12.859869], [77.618543, 12.859789], [77.618537, 12.85967], [77.61861, 12.859641]]}}, {"type": "Feature", "properties": {"sec_id": 187, "pri_Drain num": "K210", "length_m": 1177.76, "valley": "Koramangala Challaghatta Valley", "subvalley": "KC_1", "ward_name": "54 - Kengal Hanumanthaiah South,55 - Puttenahalli", "Corporation": "South"}, "geometry": {"type": "LineString", "coordinates": [[77.58816, 12.891333], [77.587532, 12.89112], [77.587237, 12.89124], [77.587094, 12.891463], [77.587208, 12.892687], [77.58699, 12.893698], [77.58699, 12.895877], [77.586818, 12.897148], [77.586866, 12.897704], [77.586723, 12.898223], [77.586647, 12.899067], [77.586666, 12.900041], [77.586562, 12.900579]]}}, {"type": "Feature", "properties": {"sec_id": 188, "pri_Drain num": "BH574", "length_m": 781.11, "valley": "Koramangala Challaghatta Valley", "subvalley": "KC_1", "ward_name": "62 - Devarachikkanahalli,65 - Garvebavi Palya,64 - Hongasandra", "Corporation": "South"}, "geometry": {"type": "LineString", "coordinates": [[77.629588, 12.893582], [77.625667, 12.893568], [77.625095, 12.893946], [77.624114, 12.893926], [77.624011, 12.893946], [77.623986, 12.894171], [77.623848, 12.893986], [77.622948, 12.894365]]}}, {"type": "Feature", "properties": {"sec_id": 189, "pri_Drain num": "BH574", "length_m": 830.7, "valley": "Koramangala Challaghatta Valley", "subvalley": "KC_1", "ward_name": "65 - Garvebavi Palya,64 - Hongasandra,63 - Bommanahalli", "Corporation": "South"}, "geometry": {"type": "LineString", "coordinates": [[77.631325, 12.896836], [77.630809, 12.896955], [77.630645, 12.897115], [77.630257, 12.897852], [77.629787, 12.899088], [77.629766, 12.899307], [77.629643, 12.899406], [77.628887, 12.899406], [77.628519, 12.899546], [77.62764, 12.899506], [77.626904, 12.899905], [77.62672, 12.899905], [77.626597, 12.899825], [77.626454, 12.899566], [77.626241, 12.899484], [77.625882, 12.899685], [77.625821, 12.899626]]}}, {"type": "Feature", "properties": {"sec_id": 189, "pri_Drain num": "BH574", "length_m": 4.94, "valley": "Koramangala Challaghatta Valley", "subvalley": "KC_1", "ward_name": "65 - Garvebavi Palya,64 - Hongasandra,63 - Bommanahalli", "Corporation": "South"}, "geometry": {"type": "LineString", "coordinates": [[77.625821, 12.899626], [77.6258, 12.899586]]}}, {"type": "Feature", "properties": {"sec_id": 189, "pri_Drain num": "BH574", "length_m": 213.3, "valley": "Koramangala Challaghatta Valley", "subvalley": "KC_1", "ward_name": "65 - Garvebavi Palya,64 - Hongasandra,63 - Bommanahalli", "Corporation": "South"}, "geometry": {"type": "LineString", "coordinates": [[77.625821, 12.899626], [77.625759, 12.899566], [77.625534, 12.899586], [77.625432, 12.899665], [77.62531, 12.899964], [77.624819, 12.900203], [77.624647, 12.900131], [77.624471, 12.900203], [77.624366, 12.900012]]}}, {"type": "Feature", "properties": {"sec_id": 190, "length_m": 553.53, "valley": "Koramangala Challaghatta Valley", "subvalley": "KC_1", "ward_name": "67 - Bandepalya", "Corporation": "South"}, "geometry": {"type": "LineString", "coordinates": [[77.639829, 12.891934], [77.639665, 12.892253], [77.639806, 12.892437], [77.639749, 12.892529], [77.639543, 12.892432], [77.63973, 12.892567], [77.639522, 12.892472], [77.639461, 12.892551], [77.638807, 12.894006], [77.6385, 12.894046], [77.637948, 12.893707], [77.637826, 12.893707], [77.63756, 12.894464]]}}, {"type": "Feature", "properties": {"sec_id": 191, "length_m": 153.25, "valley": "Koramangala Challaghatta Valley", "subvalley": "KC_1", "ward_name": "69 - Hosapalya", "Corporation": "South"}, "geometry": {"type": "LineString", "coordinates": [[77.650255, 12.897473], [77.649314, 12.897454], [77.648865, 12.897354]]}}, {"type": "Feature", "properties": {"sec_id": 192, "length_m": 658.23, "valley": "Koramangala Challaghatta Valley", "subvalley": "SV_1", "ward_name": "44 - Harinagar,41 - Kothanur", "Corporation": "South"}, "geometry": {"type": "LineString", "coordinates": [[77.579365, 12.871597], [77.579426, 12.871238], [77.579692, 12.870979], [77.579794, 12.870023], [77.579631, 12.869146], [77.579303, 12.868787], [77.579017, 12.868269], [77.579017, 12.86785], [77.57914, 12.867272], [77.579119, 12.866088]]}}, {"type": "Feature", "properties": {"sec_id": 193, "length_m": 843.05, "valley": "Koramangala Challaghatta Valley", "subvalley": "KC_2", "ward_name": "40 - Varthur", "Corporation": "East"}, "geometry": {"type": "LineString", "coordinates": [[77.742377, 12.945686], [77.742323, 12.942339], [77.742486, 12.942153], [77.74295, 12.942153], [77.742977, 12.942074], [77.742977, 12.941649], [77.742541, 12.93963], [77.742459, 12.938753]]}}, {"type": "Feature", "properties": {"sec_id": 194, "length_m": 320.63, "valley": "Koramangala Challaghatta Valley", "subvalley": "KC_2", "ward_name": "37 - Kundalahalli", "Corporation": "East"}, "geometry": {"type": "LineString", "coordinates": [[77.72019, 12.972501], [77.720095, 12.97274], [77.720081, 12.973086], [77.720245, 12.974082], [77.719509, 12.974135], [77.719018, 12.974254]]}}, {"type": "Feature", "properties": {"sec_id": 195, "length_m": 125.73, "valley": "Koramangala Challaghatta Valley", "subvalley": "KC_2", "ward_name": "43 - Dodda Nekkundi", "Corporation": "East"}, "geometry": {"type": "LineString", "coordinates": [[77.697383, 12.977073], [77.697151, 12.97696], [77.696995, 12.976774], [77.696803, 12.976192]]}}, {"type": "Feature", "properties": {"sec_id": 196, "pri_Drain num": "BH524", "length_m": 672.91, "valley": "Koramangala Challaghatta Valley", "subvalley": "KC_1", "ward_name": "37 - Yelenahalli,38 - Doddakammanahalli", "Corporation": "South"}, "geometry": {"type": "LineString", "coordinates": [[77.594083, 12.861722], [77.592454, 12.86185], [77.591787, 12.862089], [77.590983, 12.862115], [77.59071, 12.862222], [77.58977, 12.862833], [77.589415, 12.863537], [77.589238, 12.864215]]}}, {"type": "Feature", "properties": {"sec_id": 197, "pri_Drain num": "BH568", "length_m": 152.99, "valley": "Koramangala Challaghatta Valley", "subvalley": "KC_1", "ward_name": "34 - Chikkathoguru", "Corporation": "South"}, "geometry": {"type": "LineString", "coordinates": [[77.640795, 12.866924], [77.640767, 12.86654], [77.640822, 12.866261], [77.640927, 12.866129], [77.640863, 12.865982], [77.640915, 12.865618]]}}, {"type": "Feature", "properties": {"sec_id": 197, "pri_Drain num": "BH568", "length_m": 143.81, "valley": "Koramangala Challaghatta Valley", "subvalley": "KC_1", "ward_name": "34 - Chikkathoguru", "Corporation": "South"}, "geometry": {"type": "LineString", "coordinates": [[77.641284, 12.864764], [77.641476, 12.864666], [77.641544, 12.86375], [77.6417, 12.863689]]}}, {"type": "Feature", "properties": {"sec_id": 198, "length_m": 520.51, "valley": "Koramangala Challaghatta Valley", "subvalley": "KC_1", "ward_name": "34 - Chikkathoguru", "Corporation": "South"}, "geometry": {"type": "LineString", "coordinates": [[77.64182, 12.863412], [77.642048, 12.863198], [77.642116, 12.862873], [77.642116, 12.86266], [77.642043, 12.862608], [77.642116, 12.862467], [77.642094, 12.862226], [77.642178, 12.862182], [77.642552, 12.861258], [77.642675, 12.860846], [77.642638, 12.860762], [77.64273, 12.860674], [77.642729, 12.860482], [77.642811, 12.860401], [77.643125, 12.859225]]}}, {"type": "Feature", "properties": {"sec_id": 199, "pri_Drain num": "MD346", "length_m": 5.33, "valley": "Koramangala Challaghatta Valley", "subvalley": "KC_2", "ward_name": "48 - Panathur", "Corporation": "East"}, "geometry": {"type": "LineString", "coordinates": [[77.68984, 12.941224], [77.689881, 12.94125]]}}, {"type": "Feature", "properties": {"sec_id": 199, "pri_Drain num": "MD346", "length_m": 654.51, "valley": "Koramangala Challaghatta Valley", "subvalley": "KC_2", "ward_name": "48 - Panathur", "Corporation": "East"}, "geometry": {"type": "LineString", "coordinates": [[77.68984, 12.941224], [77.689772, 12.94117], [77.689945, 12.941003], [77.690107, 12.940626], [77.691347, 12.940309], [77.691571, 12.940171], [77.691815, 12.939755], [77.692282, 12.938249], [77.692811, 12.937219], [77.692872, 12.936942]]}}, {"type": "Feature", "properties": {"Drain num": "D396", "sec_id": 200, "length_m": 466.1, "valley": "Koramangala Challaghatta Valley", "subvalley": "KC_1", "ward_name": "58 - Arakere,56 - Doresanipalya", "Corporation": "South"}, "geometry": {"type": "LineString", "coordinates": [[77.594201, 12.878777], [77.594413, 12.878873], [77.594642, 12.879303], [77.594773, 12.880052], [77.594838, 12.8812], [77.595067, 12.881359], [77.595787, 12.881343], [77.596081, 12.88171]]}}, {"type": "Feature", "properties": {"Drain num": "BH552", "sec_id": 201, "pri_Drain num": "BH552", "length_m": 25.11, "valley": "Koramangala Challaghatta Valley", "subvalley": "KC_1", "ward_name": "58 - Arakere", "Corporation": "South"}, "geometry": {"type": "LineString", "coordinates": [[77.601803, 12.884308], [77.602032, 12.88434]]}}, {"type": "Feature", "properties": {"Drain num": "BH552", "sec_id": 201, "pri_Drain num": "BH552", "length_m": 11.22, "valley": "Koramangala Challaghatta Valley", "subvalley": "KC_1", "ward_name": "58 - Arakere", "Corporation": "South"}, "geometry": {"type": "LineString", "coordinates": [[77.602032, 12.88434], [77.60213, 12.884371]]}}, {"type": "Feature", "properties": {"Drain num": "BH552", "sec_id": 201, "pri_Drain num": "BH552", "length_m": 7.93, "valley": "Koramangala Challaghatta Valley", "subvalley": "KC_1", "ward_name": "58 - Arakere", "Corporation": "South"}, "geometry": {"type": "LineString", "coordinates": [[77.60213, 12.884371], [77.602196, 12.884403]]}}, {"type": "Feature", "properties": {"Drain num": "BH552", "sec_id": 201, "pri_Drain num": "BH552", "length_m": 10.65, "valley": "Koramangala Challaghatta Valley", "subvalley": "KC_1", "ward_name": "58 - Arakere", "Corporation": "South"}, "geometry": {"type": "LineString", "coordinates": [[77.602196, 12.884403], [77.602294, 12.884403]]}}, {"type": "Feature", "properties": {"Drain num": "BH552", "sec_id": 201, "pri_Drain num": "BH552", "length_m": 7.1, "valley": "Koramangala Challaghatta Valley", "subvalley": "KC_1", "ward_name": "58 - Arakere", "Corporation": "South"}, "geometry": {"type": "LineString", "coordinates": [[77.602294, 12.884403], [77.602359, 12.884403]]}}, {"type": "Feature", "properties": {"Drain num": "BH552", "sec_id": 201, "pri_Drain num": "BH552", "length_m": 7.93, "valley": "Koramangala Challaghatta Valley", "subvalley": "KC_1", "ward_name": "58 - Arakere", "Corporation": "South"}, "geometry": {"type": "LineString", "coordinates": [[77.602359, 12.884403], [77.602425, 12.884435]]}}, {"type": "Feature", "properties": {"Drain num": "BH552", "sec_id": 201, "pri_Drain num": "BH552", "length_m": 7.93, "valley": "Koramangala Challaghatta Valley", "subvalley": "KC_1", "ward_name": "58 - Arakere", "Corporation": "South"}, "geometry": {"type": "LineString", "coordinates": [[77.602425, 12.884435], [77.60249, 12.884467]]}}, {"type": "Feature", "properties": {"Drain num": "BH552", "sec_id": 201, "pri_Drain num": "BH552", "length_m": 7.93, "valley": "Koramangala Challaghatta Valley", "subvalley": "KC_1", "ward_name": "58 - Arakere", "Corporation": "South"}, "geometry": {"type": "LineString", "coordinates": [[77.60249, 12.884467], [77.602555, 12.884499]]}}, {"type": "Feature", "properties": {"Drain num": "BH552", "sec_id": 201, "pri_Drain num": "BH552", "length_m": 7.93, "valley": "Koramangala Challaghatta Valley", "subvalley": "KC_1", "ward_name": "58 - Arakere", "Corporation": "South"}, "geometry": {"type": "LineString", "coordinates": [[77.602555, 12.884499], [77.602621, 12.884531]]}}, {"type": "Feature", "properties": {"Drain num": "BH552", "sec_id": 201, "pri_Drain num": "BH552", "length_m": 10.01, "valley": "Koramangala Challaghatta Valley", "subvalley": "KC_1", "ward_name": "58 - Arakere", "Corporation": "South"}, "geometry": {"type": "LineString", "coordinates": [[77.602621, 12.884531], [77.602686, 12.884595]]}}, {"type": "Feature", "properties": {"Drain num": "BH552", "sec_id": 201, "pri_Drain num": "BH552", "length_m": 7.93, "valley": "Koramangala Challaghatta Valley", "subvalley": "KC_1", "ward_name": "58 - Arakere", "Corporation": "South"}, "geometry": {"type": "LineString", "coordinates": [[77.602686, 12.884595], [77.602752, 12.884626]]}}, {"type": "Feature", "properties": {"Drain num": "BH552", "sec_id": 201, "pri_Drain num": "BH552", "length_m": 7.93, "valley": "Koramangala Challaghatta Valley", "subvalley": "KC_1", "ward_name": "58 - Arakere", "Corporation": "South"}, "geometry": {"type": "LineString", "coordinates": [[77.602752, 12.884626], [77.602817, 12.884658]]}}, {"type": "Feature", "properties": {"Drain num": "BH552", "sec_id": 201, "pri_Drain num": "BH552", "length_m": 7.93, "valley": "Koramangala Challaghatta Valley", "subvalley": "KC_1", "ward_name": "58 - Arakere", "Corporation": "South"}, "geometry": {"type": "LineString", "coordinates": [[77.602817, 12.884658], [77.602882, 12.88469]]}}, {"type": "Feature", "properties": {"Drain num": "BH552", "sec_id": 201, "pri_Drain num": "BH552", "length_m": 7.93, "valley": "Koramangala Challaghatta Valley", "subvalley": "KC_1", "ward_name": "58 - Arakere", "Corporation": "South"}, "geometry": {"type": "LineString", "coordinates": [[77.602882, 12.88469], [77.602948, 12.884722]]}}, {"type": "Feature", "properties": {"Drain num": "BH552", "sec_id": 201, "pri_Drain num": "BH552", "length_m": 7.1, "valley": "Koramangala Challaghatta Valley", "subvalley": "KC_1", "ward_name": "58 - Arakere", "Corporation": "South"}, "geometry": {"type": "LineString", "coordinates": [[77.602948, 12.884722], [77.603013, 12.884722]]}}, {"type": "Feature", "properties": {"Drain num": "BH552", "sec_id": 201, "pri_Drain num": "BH552", "length_m": 7.1, "valley": "Koramangala Challaghatta Valley", "subvalley": "KC_1", "ward_name": "58 - Arakere", "Corporation": "South"}, "geometry": {"type": "LineString", "coordinates": [[77.603013, 12.884722], [77.603079, 12.884722]]}}, {"type": "Feature", "properties": {"Drain num": "BH552", "sec_id": 201, "pri_Drain num": "BH552", "length_m": 7.1, "valley": "Koramangala Challaghatta Valley", "subvalley": "KC_1", "ward_name": "58 - Arakere", "Corporation": "South"}, "geometry": {"type": "LineString", "coordinates": [[77.603079, 12.884722], [77.603144, 12.884722]]}}, {"type": "Feature", "properties": {"Drain num": "BH552", "sec_id": 201, "pri_Drain num": "BH552", "length_m": 7.1, "valley": "Koramangala Challaghatta Valley", "subvalley": "KC_1", "ward_name": "58 - Arakere", "Corporation": "South"}, "geometry": {"type": "LineString", "coordinates": [[77.603144, 12.884722], [77.603209, 12.884722]]}}, {"type": "Feature", "properties": {"Drain num": "BH552", "sec_id": 201, "pri_Drain num": "BH552", "length_m": 7.1, "valley": "Koramangala Challaghatta Valley", "subvalley": "KC_1", "ward_name": "58 - Arakere", "Corporation": "South"}, "geometry": {"type": "LineString", "coordinates": [[77.603209, 12.884722], [77.603275, 12.884722]]}}, {"type": "Feature", "properties": {"Drain num": "BH552", "sec_id": 201, "pri_Drain num": "BH552", "length_m": 7.1, "valley": "Koramangala Challaghatta Valley", "subvalley": "KC_1", "ward_name": "58 - Arakere", "Corporation": "South"}, "geometry": {"type": "LineString", "coordinates": [[77.603275, 12.884722], [77.60334, 12.884722]]}}, {"type": "Feature", "properties": {"Drain num": "BH552", "sec_id": 201, "pri_Drain num": "BH552", "length_m": 7.1, "valley": "Koramangala Challaghatta Valley", "subvalley": "KC_1", "ward_name": "58 - Arakere", "Corporation": "South"}, "geometry": {"type": "LineString", "coordinates": [[77.60334, 12.884722], [77.603405, 12.884722]]}}, {"type": "Feature", "properties": {"Drain num": "BH552", "sec_id": 201, "pri_Drain num": "BH552", "length_m": 7.93, "valley": "Koramangala Challaghatta Valley", "subvalley": "KC_1", "ward_name": "58 - Arakere", "Corporation": "South"}, "geometry": {"type": "LineString", "coordinates": [[77.603405, 12.884722], [77.603471, 12.88469]]}}, {"type": "Feature", "properties": {"Drain num": "BH552", "sec_id": 201, "pri_Drain num": "BH552", "length_m": 7.93, "valley": "Koramangala Challaghatta Valley", "subvalley": "KC_1", "ward_name": "58 - Arakere", "Corporation": "South"}, "geometry": {"type": "LineString", "coordinates": [[77.603471, 12.88469], [77.603536, 12.884658]]}}, {"type": "Feature", "properties": {"Drain num": "BH552", "sec_id": 201, "pri_Drain num": "BH552", "length_m": 7.93, "valley": "Koramangala Challaghatta Valley", "subvalley": "KC_1", "ward_name": "58 - Arakere", "Corporation": "South"}, "geometry": {"type": "LineString", "coordinates": [[77.603536, 12.884658], [77.603602, 12.884626]]}}, {"type": "Feature", "properties": {"Drain num": "BH552", "sec_id": 201, "pri_Drain num": "BH552", "length_m": 10.01, "valley": "Koramangala Challaghatta Valley", "subvalley": "KC_1", "ward_name": "58 - Arakere", "Corporation": "South"}, "geometry": {"type": "LineString", "coordinates": [[77.603602, 12.884626], [77.603667, 12.884563]]}}, {"type": "Feature", "properties": {"Drain num": "BH552", "sec_id": 201, "pri_Drain num": "BH552", "length_m": 7.93, "valley": "Koramangala Challaghatta Valley", "subvalley": "KC_1", "ward_name": "58 - Arakere", "Corporation": "South"}, "geometry": {"type": "LineString", "coordinates": [[77.603667, 12.884563], [77.603732, 12.884531]]}}, {"type": "Feature", "properties": {"Drain num": "BH552", "sec_id": 201, "pri_Drain num": "BH552", "length_m": 7.93, "valley": "Koramangala Challaghatta Valley", "subvalley": "KC_1", "ward_name": "58 - Arakere", "Corporation": "South"}, "geometry": {"type": "LineString", "coordinates": [[77.603732, 12.884531], [77.603798, 12.884499]]}}, {"type": "Feature", "properties": {"Drain num": "BH552", "sec_id": 201, "pri_Drain num": "BH552", "length_m": 7.93, "valley": "Koramangala Challaghatta Valley", "subvalley": "KC_1", "ward_name": "58 - Arakere", "Corporation": "South"}, "geometry": {"type": "LineString", "coordinates": [[77.603798, 12.884499], [77.603863, 12.884467]]}}, {"type": "Feature", "properties": {"Drain num": "BH552", "sec_id": 201, "pri_Drain num": "BH552", "length_m": 7.1, "valley": "Koramangala Challaghatta Valley", "subvalley": "KC_1", "ward_name": "58 - Arakere", "Corporation": "South"}, "geometry": {"type": "LineString", "coordinates": [[77.603863, 12.884467], [77.603929, 12.884467]]}}, {"type": "Feature", "properties": {"Drain num": "BH552", "sec_id": 201, "pri_Drain num": "BH552", "length_m": 10.01, "valley": "Koramangala Challaghatta Valley", "subvalley": "KC_1", "ward_name": "58 - Arakere", "Corporation": "South"}, "geometry": {"type": "LineString", "coordinates": [[77.603929, 12.884467], [77.603994, 12.884403]]}}, {"type": "Feature", "properties": {"Drain num": "BH552", "sec_id": 201, "pri_Drain num": "BH552", "length_m": 7.1, "valley": "Koramangala Challaghatta Valley", "subvalley": "KC_1", "ward_name": "58 - Arakere", "Corporation": "South"}, "geometry": {"type": "LineString", "coordinates": [[77.603994, 12.884403], [77.604059, 12.884403]]}}, {"type": "Feature", "properties": {"Drain num": "BH552", "sec_id": 201, "pri_Drain num": "BH552", "length_m": 7.93, "valley": "Koramangala Challaghatta Valley", "subvalley": "KC_1", "ward_name": "58 - Arakere", "Corporation": "South"}, "geometry": {"type": "LineString", "coordinates": [[77.604059, 12.884403], [77.604125, 12.884371]]}}, {"type": "Feature", "properties": {"Drain num": "BH552", "sec_id": 201, "pri_Drain num": "BH552", "length_m": 7.93, "valley": "Koramangala Challaghatta Valley", "subvalley": "KC_1", "ward_name": "58 - Arakere", "Corporation": "South"}, "geometry": {"type": "LineString", "coordinates": [[77.604125, 12.884371], [77.60419, 12.88434]]}}, {"type": "Feature", "properties": {"Drain num": "BH552", "sec_id": 201, "pri_Drain num": "BH552", "length_m": 7.93, "valley": "Koramangala Challaghatta Valley", "subvalley": "KC_1", "ward_name": "58 - Arakere", "Corporation": "South"}, "geometry": {"type": "LineString", "coordinates": [[77.60419, 12.88434], [77.604256, 12.884308]]}}, {"type": "Feature", "properties": {"Drain num": "BH552", "sec_id": 201, "pri_Drain num": "BH552", "length_m": 7.1, "valley": "Koramangala Challaghatta Valley", "subvalley": "KC_1", "ward_name": "58 - Arakere", "Corporation": "South"}, "geometry": {"type": "LineString", "coordinates": [[77.604256, 12.884308], [77.604321, 12.884308]]}}, {"type": "Feature", "properties": {"Drain num": "BH552", "sec_id": 201, "pri_Drain num": "BH552", "length_m": 7.93, "valley": "Koramangala Challaghatta Valley", "subvalley": "KC_1", "ward_name": "58 - Arakere", "Corporation": "South"}, "geometry": {"type": "LineString", "coordinates": [[77.604321, 12.884308], [77.604386, 12.884276]]}}, {"type": "Feature", "properties": {"Drain num": "BH552", "sec_id": 201, "pri_Drain num": "BH552", "length_m": 7.1, "valley": "Koramangala Challaghatta Valley", "subvalley": "KC_1", "ward_name": "58 - Arakere", "Corporation": "South"}, "geometry": {"type": "LineString", "coordinates": [[77.604386, 12.884276], [77.604452, 12.884276]]}}, {"type": "Feature", "properties": {"Drain num": "BH552", "sec_id": 201, "pri_Drain num": "BH552", "length_m": 10.01, "valley": "Koramangala Challaghatta Valley", "subvalley": "KC_1", "ward_name": "58 - Arakere", "Corporation": "South"}, "geometry": {"type": "LineString", "coordinates": [[77.604452, 12.884276], [77.604517, 12.884212]]}}, {"type": "Feature", "properties": {"Drain num": "BH552", "sec_id": 201, "pri_Drain num": "BH552", "length_m": 7.93, "valley": "Koramangala Challaghatta Valley", "subvalley": "KC_1", "ward_name": "58 - Arakere", "Corporation": "South"}, "geometry": {"type": "LineString", "coordinates": [[77.604517, 12.884212], [77.604583, 12.88418]]}}, {"type": "Feature", "properties": {"Drain num": "BH552", "sec_id": 201, "pri_Drain num": "BH552", "length_m": 7.93, "valley": "Koramangala Challaghatta Valley", "subvalley": "KC_1", "ward_name": "58 - Arakere", "Corporation": "South"}, "geometry": {"type": "LineString", "coordinates": [[77.604583, 12.88418], [77.604648, 12.884148]]}}, {"type": "Feature", "properties": {"Drain num": "BH552", "sec_id": 201, "pri_Drain num": "BH552", "length_m": 11.22, "valley": "Koramangala Challaghatta Valley", "subvalley": "KC_1", "ward_name": "58 - Arakere", "Corporation": "South"}, "geometry": {"type": "LineString", "coordinates": [[77.604648, 12.884148], [77.604746, 12.884116]]}}, {"type": "Feature", "properties": {"Drain num": "BH552", "sec_id": 201, "pri_Drain num": "BH552", "length_m": 7.93, "valley": "Koramangala Challaghatta Valley", "subvalley": "KC_1", "ward_name": "58 - Arakere", "Corporation": "South"}, "geometry": {"type": "LineString", "coordinates": [[77.604746, 12.884116], [77.604812, 12.884085]]}}, {"type": "Feature", "properties": {"Drain num": "BH552", "sec_id": 201, "pri_Drain num": "BH552", "length_m": 7.93, "valley": "Koramangala Challaghatta Valley", "subvalley": "KC_1", "ward_name": "58 - Arakere", "Corporation": "South"}, "geometry": {"type": "LineString", "coordinates": [[77.604812, 12.884085], [77.604877, 12.884053]]}}, {"type": "Feature", "properties": {"Drain num": "BH552", "sec_id": 201, "pri_Drain num": "BH552", "length_m": 7.1, "valley": "Koramangala Challaghatta Valley", "subvalley": "KC_1", "ward_name": "58 - Arakere", "Corporation": "South"}, "geometry": {"type": "LineString", "coordinates": [[77.604877, 12.884053], [77.604942, 12.884053]]}}, {"type": "Feature", "properties": {"Drain num": "BH552", "sec_id": 201, "pri_Drain num": "BH552", "length_m": 10.01, "valley": "Koramangala Challaghatta Valley", "subvalley": "KC_1", "ward_name": "58 - Arakere", "Corporation": "South"}, "geometry": {"type": "LineString", "coordinates": [[77.604942, 12.884053], [77.605008, 12.883989]]}}, {"type": "Feature", "properties": {"Drain num": "BH552", "sec_id": 201, "pri_Drain num": "BH552", "length_m": 7.1, "valley": "Koramangala Challaghatta Valley", "subvalley": "KC_1", "ward_name": "58 - Arakere", "Corporation": "South"}, "geometry": {"type": "LineString", "coordinates": [[77.605008, 12.883989], [77.605073, 12.883989]]}}, {"type": "Feature", "properties": {"Drain num": "BH552", "sec_id": 201, "pri_Drain num": "BH552", "length_m": 7.1, "valley": "Koramangala Challaghatta Valley", "subvalley": "KC_1", "ward_name": "58 - Arakere", "Corporation": "South"}, "geometry": {"type": "LineString", "coordinates": [[77.605073, 12.883989], [77.605139, 12.883989]]}}, {"type": "Feature", "properties": {"Drain num": "BH552", "sec_id": 201, "pri_Drain num": "BH552", "length_m": 7.93, "valley": "Koramangala Challaghatta Valley", "subvalley": "KC_1", "ward_name": "58 - Arakere", "Corporation": "South"}, "geometry": {"type": "LineString", "coordinates": [[77.605139, 12.883989], [77.605204, 12.883957]]}}, {"type": "Feature", "properties": {"Drain num": "BH552", "sec_id": 201, "pri_Drain num": "BH552", "length_m": 7.1, "valley": "Koramangala Challaghatta Valley", "subvalley": "KC_1", "ward_name": "58 - Arakere", "Corporation": "South"}, "geometry": {"type": "LineString", "coordinates": [[77.605204, 12.883957], [77.605269, 12.883957]]}}, {"type": "Feature", "properties": {"Drain num": "BH552", "sec_id": 201, "pri_Drain num": "BH552", "length_m": 7.93, "valley": "Koramangala Challaghatta Valley", "subvalley": "KC_1", "ward_name": "58 - Arakere", "Corporation": "South"}, "geometry": {"type": "LineString", "coordinates": [[77.605269, 12.883957], [77.605335, 12.883925]]}}, {"type": "Feature", "properties": {"Drain num": "BH552", "sec_id": 201, "pri_Drain num": "BH552", "length_m": 7.93, "valley": "Koramangala Challaghatta Valley", "subvalley": "KC_1", "ward_name": "58 - Arakere", "Corporation": "South"}, "geometry": {"type": "LineString", "coordinates": [[77.605335, 12.883925], [77.6054, 12.883893]]}}, {"type": "Feature", "properties": {"Drain num": "BH552", "sec_id": 201, "pri_Drain num": "BH552", "length_m": 7.93, "valley": "Koramangala Challaghatta Valley", "subvalley": "KC_1", "ward_name": "58 - Arakere", "Corporation": "South"}, "geometry": {"type": "LineString", "coordinates": [[77.6054, 12.883893], [77.605466, 12.883861]]}}, {"type": "Feature", "properties": {"Drain num": "BH552", "sec_id": 201, "pri_Drain num": "BH552", "length_m": 7.93, "valley": "Koramangala Challaghatta Valley", "subvalley": "KC_1", "ward_name": "58 - Arakere", "Corporation": "South"}, "geometry": {"type": "LineString", "coordinates": [[77.605466, 12.883861], [77.605531, 12.88383]]}}, {"type": "Feature", "properties": {"Drain num": "BH552", "sec_id": 201, "pri_Drain num": "BH552", "length_m": 7.1, "valley": "Koramangala Challaghatta Valley", "subvalley": "KC_1", "ward_name": "58 - Arakere", "Corporation": "South"}, "geometry": {"type": "LineString", "coordinates": [[77.605531, 12.88383], [77.605596, 12.88383]]}}, {"type": "Feature", "properties": {"Drain num": "BH552", "sec_id": 201, "pri_Drain num": "BH552", "length_m": 7.93, "valley": "Koramangala Challaghatta Valley", "subvalley": "KC_1", "ward_name": "58 - Arakere", "Corporation": "South"}, "geometry": {"type": "LineString", "coordinates": [[77.605596, 12.88383], [77.605662, 12.883798]]}}, {"type": "Feature", "properties": {"Drain num": "BH552", "sec_id": 201, "pri_Drain num": "BH552", "length_m": 7.1, "valley": "Koramangala Challaghatta Valley", "subvalley": "KC_1", "ward_name": "58 - Arakere", "Corporation": "South"}, "geometry": {"type": "LineString", "coordinates": [[77.605662, 12.883798], [77.605727, 12.883798]]}}, {"type": "Feature", "properties": {"Drain num": "BH552", "sec_id": 201, "pri_Drain num": "BH552", "length_m": 7.1, "valley": "Koramangala Challaghatta Valley", "subvalley": "KC_1", "ward_name": "58 - Arakere", "Corporation": "South"}, "geometry": {"type": "LineString", "coordinates": [[77.605727, 12.883798], [77.605793, 12.883798]]}}, {"type": "Feature", "properties": {"Drain num": "BH552", "sec_id": 201, "pri_Drain num": "BH552", "length_m": 7.93, "valley": "Koramangala Challaghatta Valley", "subvalley": "KC_1", "ward_name": "58 - Arakere", "Corporation": "South"}, "geometry": {"type": "LineString", "coordinates": [[77.605793, 12.883798], [77.605858, 12.883766]]}}, {"type": "Feature", "properties": {"Drain num": "BH552", "sec_id": 201, "pri_Drain num": "BH552", "length_m": 7.1, "valley": "Koramangala Challaghatta Valley", "subvalley": "KC_1", "ward_name": "58 - Arakere", "Corporation": "South"}, "geometry": {"type": "LineString", "coordinates": [[77.605858, 12.883766], [77.605923, 12.883766]]}}, {"type": "Feature", "properties": {"Drain num": "BH552", "sec_id": 201, "pri_Drain num": "BH552", "length_m": 7.93, "valley": "Koramangala Challaghatta Valley", "subvalley": "KC_1", "ward_name": "58 - Arakere", "Corporation": "South"}, "geometry": {"type": "LineString", "coordinates": [[77.605923, 12.883766], [77.605989, 12.883734]]}}, {"type": "Feature", "properties": {"Drain num": "BH552", "sec_id": 201, "pri_Drain num": "BH552", "length_m": 7.1, "valley": "Koramangala Challaghatta Valley", "subvalley": "KC_1", "ward_name": "58 - Arakere", "Corporation": "South"}, "geometry": {"type": "LineString", "coordinates": [[77.605989, 12.883734], [77.606054, 12.883734]]}}, {"type": "Feature", "properties": {"Drain num": "BH552", "sec_id": 201, "pri_Drain num": "BH552", "length_m": 7.93, "valley": "Koramangala Challaghatta Valley", "subvalley": "KC_1", "ward_name": "58 - Arakere", "Corporation": "South"}, "geometry": {"type": "LineString", "coordinates": [[77.606054, 12.883734], [77.60612, 12.883702]]}}, {"type": "Feature", "properties": {"Drain num": "BH552", "sec_id": 201, "pri_Drain num": "BH552", "length_m": 7.1, "valley": "Koramangala Challaghatta Valley", "subvalley": "KC_1", "ward_name": "58 - Arakere", "Corporation": "South"}, "geometry": {"type": "LineString", "coordinates": [[77.60612, 12.883702], [77.606185, 12.883702]]}}, {"type": "Feature", "properties": {"Drain num": "BH552", "sec_id": 201, "pri_Drain num": "BH552", "length_m": 7.1, "valley": "Koramangala Challaghatta Valley", "subvalley": "KC_1", "ward_name": "58 - Arakere", "Corporation": "South"}, "geometry": {"type": "LineString", "coordinates": [[77.606185, 12.883702], [77.60625, 12.883702]]}}, {"type": "Feature", "properties": {"Drain num": "BH552", "sec_id": 201, "pri_Drain num": "BH552", "length_m": 7.93, "valley": "Koramangala Challaghatta Valley", "subvalley": "KC_1", "ward_name": "58 - Arakere", "Corporation": "South"}, "geometry": {"type": "LineString", "coordinates": [[77.60625, 12.883702], [77.606316, 12.88367]]}}, {"type": "Feature", "properties": {"Drain num": "BH552", "sec_id": 201, "pri_Drain num": "BH552", "length_m": 7.93, "valley": "Koramangala Challaghatta Valley", "subvalley": "KC_1", "ward_name": "58 - Arakere", "Corporation": "South"}, "geometry": {"type": "LineString", "coordinates": [[77.606316, 12.88367], [77.606381, 12.883638]]}}, {"type": "Feature", "properties": {"Drain num": "BH552", "sec_id": 201, "pri_Drain num": "BH552", "length_m": 7.93, "valley": "Koramangala Challaghatta Valley", "subvalley": "KC_1", "ward_name": "58 - Arakere", "Corporation": "South"}, "geometry": {"type": "LineString", "coordinates": [[77.606381, 12.883638], [77.606447, 12.883606]]}}, {"type": "Feature", "properties": {"Drain num": "BH552", "sec_id": 201, "pri_Drain num": "BH552", "length_m": 7.93, "valley": "Koramangala Challaghatta Valley", "subvalley": "KC_1", "ward_name": "58 - Arakere", "Corporation": "South"}, "geometry": {"type": "LineString", "coordinates": [[77.606447, 12.883606], [77.606512, 12.883575]]}}, {"type": "Feature", "properties": {"Drain num": "BH552", "sec_id": 201, "pri_Drain num": "BH552", "length_m": 7.93, "valley": "Koramangala Challaghatta Valley", "subvalley": "KC_1", "ward_name": "58 - Arakere", "Corporation": "South"}, "geometry": {"type": "LineString", "coordinates": [[77.606512, 12.883575], [77.606577, 12.883543]]}}, {"type": "Feature", "properties": {"Drain num": "BH552", "sec_id": 201, "pri_Drain num": "BH552", "length_m": 7.93, "valley": "Koramangala Challaghatta Valley", "subvalley": "KC_1", "ward_name": "58 - Arakere", "Corporation": "South"}, "geometry": {"type": "LineString", "coordinates": [[77.606577, 12.883543], [77.606643, 12.883511]]}}, {"type": "Feature", "properties": {"Drain num": "BH552", "sec_id": 201, "pri_Drain num": "BH552", "length_m": 7.1, "valley": "Koramangala Challaghatta Valley", "subvalley": "KC_1", "ward_name": "58 - Arakere", "Corporation": "South"}, "geometry": {"type": "LineString", "coordinates": [[77.606643, 12.883511], [77.606708, 12.883511]]}}, {"type": "Feature", "properties": {"Drain num": "BH552", "sec_id": 201, "pri_Drain num": "BH552", "length_m": 11.22, "valley": "Koramangala Challaghatta Valley", "subvalley": "KC_1", "ward_name": "58 - Arakere", "Corporation": "South"}, "geometry": {"type": "LineString", "coordinates": [[77.606708, 12.883511], [77.606806, 12.883479]]}}, {"type": "Feature", "properties": {"Drain num": "BH552", "sec_id": 201, "pri_Drain num": "BH552", "length_m": 7.1, "valley": "Koramangala Challaghatta Valley", "subvalley": "KC_1", "ward_name": "58 - Arakere", "Corporation": "South"}, "geometry": {"type": "LineString", "coordinates": [[77.606806, 12.883479], [77.606872, 12.883479]]}}, {"type": "Feature", "properties": {"Drain num": "BH552", "sec_id": 201, "pri_Drain num": "BH552", "length_m": 7.1, "valley": "Koramangala Challaghatta Valley", "subvalley": "KC_1", "ward_name": "58 - Arakere", "Corporation": "South"}, "geometry": {"type": "LineString", "coordinates": [[77.606872, 12.883479], [77.606937, 12.883479]]}}, {"type": "Feature", "properties": {"Drain num": "BH552", "sec_id": 201, "pri_Drain num": "BH552", "length_m": 7.1, "valley": "Koramangala Challaghatta Valley", "subvalley": "KC_1", "ward_name": "58 - Arakere", "Corporation": "South"}, "geometry": {"type": "LineString", "coordinates": [[77.606937, 12.883479], [77.607002, 12.883479]]}}, {"type": "Feature", "properties": {"Drain num": "BH552", "sec_id": 201, "pri_Drain num": "BH552", "length_m": 7.1, "valley": "Koramangala Challaghatta Valley", "subvalley": "KC_1", "ward_name": "58 - Arakere", "Corporation": "South"}, "geometry": {"type": "LineString", "coordinates": [[77.607002, 12.883479], [77.607068, 12.883479]]}}, {"type": "Feature", "properties": {"Drain num": "BH552", "sec_id": 201, "pri_Drain num": "BH552", "length_m": 7.1, "valley": "Koramangala Challaghatta Valley", "subvalley": "KC_1", "ward_name": "58 - Arakere", "Corporation": "South"}, "geometry": {"type": "LineString", "coordinates": [[77.607068, 12.883479], [77.607133, 12.883479]]}}, {"type": "Feature", "properties": {"Drain num": "BH552", "sec_id": 201, "pri_Drain num": "BH552", "length_m": 7.1, "valley": "Koramangala Challaghatta Valley", "subvalley": "KC_1", "ward_name": "58 - Arakere", "Corporation": "South"}, "geometry": {"type": "LineString", "coordinates": [[77.607133, 12.883479], [77.607199, 12.883479]]}}, {"type": "Feature", "properties": {"Drain num": "BH552", "sec_id": 201, "pri_Drain num": "BH552", "length_m": 10.65, "valley": "Koramangala Challaghatta Valley", "subvalley": "KC_1", "ward_name": "58 - Arakere", "Corporation": "South"}, "geometry": {"type": "LineString", "coordinates": [[77.607199, 12.883479], [77.607297, 12.883479]]}}, {"type": "Feature", "properties": {"Drain num": "BH552", "sec_id": 201, "pri_Drain num": "BH552", "length_m": 7.1, "valley": "Koramangala Challaghatta Valley", "subvalley": "KC_1", "ward_name": "58 - Arakere", "Corporation": "South"}, "geometry": {"type": "LineString", "coordinates": [[77.607297, 12.883479], [77.607362, 12.883479]]}}, {"type": "Feature", "properties": {"Drain num": "BH552", "sec_id": 201, "pri_Drain num": "BH552", "length_m": 7.93, "valley": "Koramangala Challaghatta Valley", "subvalley": "KC_1", "ward_name": "58 - Arakere", "Corporation": "South"}, "geometry": {"type": "LineString", "coordinates": [[77.607362, 12.883479], [77.607428, 12.883447]]}}, {"type": "Feature", "properties": {"Drain num": "BH552", "sec_id": 201, "pri_Drain num": "BH552", "length_m": 7.1, "valley": "Koramangala Challaghatta Valley", "subvalley": "KC_1", "ward_name": "58 - Arakere", "Corporation": "South"}, "geometry": {"type": "LineString", "coordinates": [[77.607428, 12.883447], [77.607493, 12.883447]]}}, {"type": "Feature", "properties": {"Drain num": "BH552", "sec_id": 201, "pri_Drain num": "BH552", "length_m": 7.93, "valley": "Koramangala Challaghatta Valley", "subvalley": "KC_1", "ward_name": "58 - Arakere", "Corporation": "South"}, "geometry": {"type": "LineString", "coordinates": [[77.607493, 12.883447], [77.607558, 12.883415]]}}, {"type": "Feature", "properties": {"Drain num": "BH552", "sec_id": 201, "pri_Drain num": "BH552", "length_m": 7.1, "valley": "Koramangala Challaghatta Valley", "subvalley": "KC_1", "ward_name": "58 - Arakere", "Corporation": "South"}, "geometry": {"type": "LineString", "coordinates": [[77.607558, 12.883415], [77.607624, 12.883415]]}}, {"type": "Feature", "properties": {"Drain num": "BH552", "sec_id": 201, "pri_Drain num": "BH552", "length_m": 7.1, "valley": "Koramangala Challaghatta Valley", "subvalley": "KC_1", "ward_name": "58 - Arakere", "Corporation": "South"}, "geometry": {"type": "LineString", "coordinates": [[77.607624, 12.883415], [77.607689, 12.883415]]}}, {"type": "Feature", "properties": {"Drain num": "BH552", "sec_id": 201, "pri_Drain num": "BH552", "length_m": 7.1, "valley": "Koramangala Challaghatta Valley", "subvalley": "KC_1", "ward_name": "58 - Arakere", "Corporation": "South"}, "geometry": {"type": "LineString", "coordinates": [[77.607689, 12.883415], [77.607755, 12.883415]]}}, {"type": "Feature", "properties": {"Drain num": "BH552", "sec_id": 201, "pri_Drain num": "BH552", "length_m": 7.93, "valley": "Koramangala Challaghatta Valley", "subvalley": "KC_1", "ward_name": "58 - Arakere", "Corporation": "South"}, "geometry": {"type": "LineString", "coordinates": [[77.607755, 12.883415], [77.60782, 12.883383]]}}, {"type": "Feature", "properties": {"Drain num": "BH552", "sec_id": 201, "pri_Drain num": "BH552", "length_m": 7.1, "valley": "Koramangala Challaghatta Valley", "subvalley": "KC_1", "ward_name": "58 - Arakere", "Corporation": "South"}, "geometry": {"type": "LineString", "coordinates": [[77.60782, 12.883383], [77.607885, 12.883383]]}}, {"type": "Feature", "properties": {"Drain num": "BH552", "sec_id": 201, "pri_Drain num": "BH552", "length_m": 7.1, "valley": "Koramangala Challaghatta Valley", "subvalley": "KC_1", "ward_name": "58 - Arakere", "Corporation": "South"}, "geometry": {"type": "LineString", "coordinates": [[77.607885, 12.883383], [77.607951, 12.883383]]}}, {"type": "Feature", "properties": {"Drain num": "BH552", "sec_id": 201, "pri_Drain num": "BH552", "length_m": 7.1, "valley": "Koramangala Challaghatta Valley", "subvalley": "KC_1", "ward_name": "58 - Arakere", "Corporation": "South"}, "geometry": {"type": "LineString", "coordinates": [[77.607951, 12.883383], [77.608016, 12.883383]]}}, {"type": "Feature", "properties": {"Drain num": "BH552", "sec_id": 201, "pri_Drain num": "BH552", "length_m": 7.1, "valley": "Koramangala Challaghatta Valley", "subvalley": "KC_1", "ward_name": "58 - Arakere", "Corporation": "South"}, "geometry": {"type": "LineString", "coordinates": [[77.608016, 12.883383], [77.608082, 12.883383]]}}, {"type": "Feature", "properties": {"Drain num": "BH552", "sec_id": 201, "pri_Drain num": "BH552", "length_m": 11.22, "valley": "Koramangala Challaghatta Valley", "subvalley": "KC_1", "ward_name": "58 - Arakere", "Corporation": "South"}, "geometry": {"type": "LineString", "coordinates": [[77.608082, 12.883383], [77.60818, 12.883351]]}}, {"type": "Feature", "properties": {"Drain num": "BH552", "sec_id": 201, "pri_Drain num": "BH552", "length_m": 11.22, "valley": "Koramangala Challaghatta Valley", "subvalley": "KC_1", "ward_name": "58 - Arakere", "Corporation": "South"}, "geometry": {"type": "LineString", "coordinates": [[77.60818, 12.883351], [77.608278, 12.88332]]}}, {"type": "Feature", "properties": {"Drain num": "BH552", "sec_id": 201, "pri_Drain num": "BH552", "length_m": 7.1, "valley": "Koramangala Challaghatta Valley", "subvalley": "KC_1", "ward_name": "58 - Arakere", "Corporation": "South"}, "geometry": {"type": "LineString", "coordinates": [[77.608278, 12.88332], [77.608343, 12.88332]]}}, {"type": "Feature", "properties": {"Drain num": "BH552", "sec_id": 201, "pri_Drain num": "BH552", "length_m": 7.1, "valley": "Koramangala Challaghatta Valley", "subvalley": "KC_1", "ward_name": "58 - Arakere", "Corporation": "South"}, "geometry": {"type": "LineString", "coordinates": [[77.608343, 12.88332], [77.608409, 12.88332]]}}, {"type": "Feature", "properties": {"Drain num": "BH552", "sec_id": 201, "pri_Drain num": "BH552", "length_m": 7.1, "valley": "Koramangala Challaghatta Valley", "subvalley": "KC_1", "ward_name": "58 - Arakere", "Corporation": "South"}, "geometry": {"type": "LineString", "coordinates": [[77.608409, 12.88332], [77.608474, 12.88332]]}}, {"type": "Feature", "properties": {"Drain num": "BH552", "sec_id": 201, "pri_Drain num": "BH552", "length_m": 7.1, "valley": "Koramangala Challaghatta Valley", "subvalley": "KC_1", "ward_name": "58 - Arakere", "Corporation": "South"}, "geometry": {"type": "LineString", "coordinates": [[77.608474, 12.88332], [77.608539, 12.88332]]}}, {"type": "Feature", "properties": {"Drain num": "BH552", "sec_id": 201, "pri_Drain num": "BH552", "length_m": 7.1, "valley": "Koramangala Challaghatta Valley", "subvalley": "KC_1", "ward_name": "58 - Arakere", "Corporation": "South"}, "geometry": {"type": "LineString", "coordinates": [[77.608539, 12.88332], [77.608605, 12.88332]]}}, {"type": "Feature", "properties": {"Drain num": "BH552", "sec_id": 201, "pri_Drain num": "BH552", "length_m": 7.1, "valley": "Koramangala Challaghatta Valley", "subvalley": "KC_1", "ward_name": "58 - Arakere", "Corporation": "South"}, "geometry": {"type": "LineString", "coordinates": [[77.608605, 12.88332], [77.60867, 12.88332]]}}, {"type": "Feature", "properties": {"Drain num": "BH552", "sec_id": 201, "pri_Drain num": "BH552", "length_m": 7.93, "valley": "Koramangala Challaghatta Valley", "subvalley": "KC_1", "ward_name": "58 - Arakere", "Corporation": "South"}, "geometry": {"type": "LineString", "coordinates": [[77.60867, 12.88332], [77.608736, 12.883288]]}}, {"type": "Feature", "properties": {"Drain num": "BH552", "sec_id": 201, "pri_Drain num": "BH552", "length_m": 7.1, "valley": "Koramangala Challaghatta Valley", "subvalley": "KC_1", "ward_name": "58 - Arakere", "Corporation": "South"}, "geometry": {"type": "LineString", "coordinates": [[77.608736, 12.883288], [77.608801, 12.883288]]}}, {"type": "Feature", "properties": {"Drain num": "BH552", "sec_id": 201, "pri_Drain num": "BH552", "length_m": 7.1, "valley": "Koramangala Challaghatta Valley", "subvalley": "KC_1", "ward_name": "58 - Arakere", "Corporation": "South"}, "geometry": {"type": "LineString", "coordinates": [[77.608801, 12.883288], [77.608866, 12.883288]]}}, {"type": "Feature", "properties": {"Drain num": "BH552", "sec_id": 201, "pri_Drain num": "BH552", "length_m": 7.1, "valley": "Koramangala Challaghatta Valley", "subvalley": "KC_1", "ward_name": "58 - Arakere", "Corporation": "South"}, "geometry": {"type": "LineString", "coordinates": [[77.608866, 12.883288], [77.608932, 12.883288]]}}, {"type": "Feature", "properties": {"Drain num": "BH552", "sec_id": 201, "pri_Drain num": "BH552", "length_m": 7.1, "valley": "Koramangala Challaghatta Valley", "subvalley": "KC_1", "ward_name": "58 - Arakere", "Corporation": "South"}, "geometry": {"type": "LineString", "coordinates": [[77.608932, 12.883288], [77.608997, 12.883288]]}}, {"type": "Feature", "properties": {"Drain num": "BH552", "sec_id": 201, "pri_Drain num": "BH552", "length_m": 7.93, "valley": "Koramangala Challaghatta Valley", "subvalley": "KC_1", "ward_name": "58 - Arakere", "Corporation": "South"}, "geometry": {"type": "LineString", "coordinates": [[77.608997, 12.883288], [77.609063, 12.883256]]}}, {"type": "Feature", "properties": {"Drain num": "BH552", "sec_id": 201, "pri_Drain num": "BH552", "length_m": 7.1, "valley": "Koramangala Challaghatta Valley", "subvalley": "KC_1", "ward_name": "58 - Arakere", "Corporation": "South"}, "geometry": {"type": "LineString", "coordinates": [[77.609063, 12.883256], [77.609128, 12.883256]]}}, {"type": "Feature", "properties": {"Drain num": "BH552", "sec_id": 201, "pri_Drain num": "BH552", "length_m": 7.1, "valley": "Koramangala Challaghatta Valley", "subvalley": "KC_1", "ward_name": "58 - Arakere", "Corporation": "South"}, "geometry": {"type": "LineString", "coordinates": [[77.609128, 12.883256], [77.609193, 12.883256]]}}, {"type": "Feature", "properties": {"Drain num": "BH552", "sec_id": 201, "pri_Drain num": "BH552", "length_m": 7.1, "valley": "Koramangala Challaghatta Valley", "subvalley": "KC_1", "ward_name": "58 - Arakere", "Corporation": "South"}, "geometry": {"type": "LineString", "coordinates": [[77.609193, 12.883256], [77.609259, 12.883256]]}}, {"type": "Feature", "properties": {"Drain num": "BH552", "sec_id": 201, "pri_Drain num": "BH552", "length_m": 7.1, "valley": "Koramangala Challaghatta Valley", "subvalley": "KC_1", "ward_name": "58 - Arakere", "Corporation": "South"}, "geometry": {"type": "LineString", "coordinates": [[77.609259, 12.883256], [77.609324, 12.883256]]}}, {"type": "Feature", "properties": {"Drain num": "BH552", "sec_id": 201, "pri_Drain num": "BH552", "length_m": 7.93, "valley": "Koramangala Challaghatta Valley", "subvalley": "KC_1", "ward_name": "58 - Arakere", "Corporation": "South"}, "geometry": {"type": "LineString", "coordinates": [[77.609324, 12.883256], [77.60939, 12.883224]]}}, {"type": "Feature", "properties": {"Drain num": "BH552", "sec_id": 201, "pri_Drain num": "BH552", "length_m": 7.1, "valley": "Koramangala Challaghatta Valley", "subvalley": "KC_1", "ward_name": "58 - Arakere", "Corporation": "South"}, "geometry": {"type": "LineString", "coordinates": [[77.60939, 12.883224], [77.609455, 12.883224]]}}, {"type": "Feature", "properties": {"Drain num": "BH552", "sec_id": 201, "pri_Drain num": "BH552", "length_m": 7.93, "valley": "Koramangala Challaghatta Valley", "subvalley": "KC_1", "ward_name": "58 - Arakere", "Corporation": "South"}, "geometry": {"type": "LineString", "coordinates": [[77.609455, 12.883224], [77.60952, 12.883192]]}}, {"type": "Feature", "properties": {"Drain num": "BH552", "sec_id": 201, "pri_Drain num": "BH552", "length_m": 7.1, "valley": "Koramangala Challaghatta Valley", "subvalley": "KC_1", "ward_name": "58 - Arakere", "Corporation": "South"}, "geometry": {"type": "LineString", "coordinates": [[77.60952, 12.883192], [77.609586, 12.883192]]}}, {"type": "Feature", "properties": {"Drain num": "BH552", "sec_id": 201, "pri_Drain num": "BH552", "length_m": 7.1, "valley": "Koramangala Challaghatta Valley", "subvalley": "KC_1", "ward_name": "58 - Arakere", "Corporation": "South"}, "geometry": {"type": "LineString", "coordinates": [[77.609586, 12.883192], [77.609651, 12.883192]]}}, {"type": "Feature", "properties": {"Drain num": "BH552", "sec_id": 201, "pri_Drain num": "BH552", "length_m": 7.1, "valley": "Koramangala Challaghatta Valley", "subvalley": "KC_1", "ward_name": "58 - Arakere", "Corporation": "South"}, "geometry": {"type": "LineString", "coordinates": [[77.609651, 12.883192], [77.609717, 12.883192]]}}, {"type": "Feature", "properties": {"Drain num": "BH552", "sec_id": 201, "pri_Drain num": "BH552", "length_m": 7.1, "valley": "Koramangala Challaghatta Valley", "subvalley": "KC_1", "ward_name": "58 - Arakere", "Corporation": "South"}, "geometry": {"type": "LineString", "coordinates": [[77.609717, 12.883192], [77.609782, 12.883192]]}}, {"type": "Feature", "properties": {"Drain num": "BH552", "sec_id": 201, "pri_Drain num": "BH552", "length_m": 7.1, "valley": "Koramangala Challaghatta Valley", "subvalley": "KC_1", "ward_name": "58 - Arakere", "Corporation": "South"}, "geometry": {"type": "LineString", "coordinates": [[77.609782, 12.883192], [77.609847, 12.883192]]}}, {"type": "Feature", "properties": {"Drain num": "BH552", "sec_id": 201, "pri_Drain num": "BH552", "length_m": 7.1, "valley": "Koramangala Challaghatta Valley", "subvalley": "KC_1", "ward_name": "58 - Arakere", "Corporation": "South"}, "geometry": {"type": "LineString", "coordinates": [[77.609847, 12.883192], [77.609913, 12.883192]]}}, {"type": "Feature", "properties": {"Drain num": "BH562", "sec_id": 202, "pri_Drain num": "BH563", "length_m": 622.61, "valley": "Koramangala Challaghatta Valley", "subvalley": "KC_1", "ward_name": "34 - Chikkathoguru", "Corporation": "South"}, "geometry": {"type": "LineString", "coordinates": [[77.626384, 12.85965], [77.626655, 12.859961], [77.626916, 12.860599], [77.62708, 12.860758], [77.628159, 12.8613], [77.628617, 12.861651], [77.628944, 12.861778], [77.629499, 12.862163], [77.629892, 12.862065], [77.630285, 12.862065], [77.630775, 12.861683]]}}, {"type": "Feature", "properties": {"Drain num": "K100A", "sec_id": 203, "pri_Drain num": "K100", "length_m": 15.02, "valley": "Koramangala Challaghatta Valley", "subvalley": "KC_1", "ward_name": "24 - Agaram,46 - Yamalur", "Corporation": "Central"}, "geometry": {"type": "LineString", "coordinates": [[77.6557, 12.930405], [77.655798, 12.9305]]}}, {"type": "Feature", "properties": {"Drain num": "K100A", "sec_id": 203, "pri_Drain num": "K100", "length_m": 10.65, "valley": "Koramangala Challaghatta Valley", "subvalley": "KC_1", "ward_name": "24 - Agaram,46 - Yamalur", "Corporation": "Central"}, "geometry": {"type": "LineString", "coordinates": [[77.655798, 12.9305], [77.655896, 12.9305]]}}, {"type": "Feature", "properties": {"Drain num": "K100A", "sec_id": 203, "pri_Drain num": "K100", "length_m": 7.9, "valley": "Koramangala Challaghatta Valley", "subvalley": "KC_1", "ward_name": "24 - Agaram,46 - Yamalur", "Corporation": "Central"}, "geometry": {"type": "LineString", "coordinates": [[77.655896, 12.9305], [77.655929, 12.930564]]}}, {"type": "Feature", "properties": {"Drain num": "K100A", "sec_id": 203, "pri_Drain num": "K100", "length_m": 7.93, "valley": "Koramangala Challaghatta Valley", "subvalley": "KC_1", "ward_name": "24 - Agaram,46 - Yamalur", "Corporation": "Central"}, "geometry": {"type": "LineString", "coordinates": [[77.655929, 12.930564], [77.655995, 12.930596]]}}, {"type": "Feature", "properties": {"Drain num": "K100A", "sec_id": 203, "pri_Drain num": "K100", "length_m": 7.93, "valley": "Koramangala Challaghatta Valley", "subvalley": "KC_1", "ward_name": "24 - Agaram,46 - Yamalur", "Corporation": "Central"}, "geometry": {"type": "LineString", "coordinates": [[77.655995, 12.930596], [77.65606, 12.930628]]}}, {"type": "Feature", "properties": {"Drain num": "K100A", "sec_id": 203, "pri_Drain num": "K100", "length_m": 7.1, "valley": "Koramangala Challaghatta Valley", "subvalley": "KC_1", "ward_name": "24 - Agaram,46 - Yamalur", "Corporation": "Central"}, "geometry": {"type": "LineString", "coordinates": [[77.65606, 12.930628], [77.656125, 12.930628]]}}, {"type": "Feature", "properties": {"Drain num": "K100A", "sec_id": 203, "pri_Drain num": "K100", "length_m": 7.1, "valley": "Koramangala Challaghatta Valley", "subvalley": "KC_1", "ward_name": "24 - Agaram,46 - Yamalur", "Corporation": "Central"}, "geometry": {"type": "LineString", "coordinates": [[77.656125, 12.930628], [77.656191, 12.930628]]}}, {"type": "Feature", "properties": {"Drain num": "K100A", "sec_id": 203, "pri_Drain num": "K100", "length_m": 7.1, "valley": "Koramangala Challaghatta Valley", "subvalley": "KC_1", "ward_name": "24 - Agaram,46 - Yamalur", "Corporation": "Central"}, "geometry": {"type": "LineString", "coordinates": [[77.656191, 12.930628], [77.656256, 12.930628]]}}, {"type": "Feature", "properties": {"Drain num": "K100A", "sec_id": 203, "pri_Drain num": "K100", "length_m": 10.65, "valley": "Koramangala Challaghatta Valley", "subvalley": "KC_1", "ward_name": "24 - Agaram,46 - Yamalur", "Corporation": "Central"}, "geometry": {"type": "LineString", "coordinates": [[77.656256, 12.930628], [77.656354, 12.930628]]}}, {"type": "Feature", "properties": {"Drain num": "K100A", "sec_id": 203, "pri_Drain num": "K100", "length_m": 7.93, "valley": "Koramangala Challaghatta Valley", "subvalley": "KC_1", "ward_name": "24 - Agaram,46 - Yamalur", "Corporation": "Central"}, "geometry": {"type": "LineString", "coordinates": [[77.656354, 12.930628], [77.65642, 12.930659]]}}, {"type": "Feature", "properties": {"Drain num": "K100A", "sec_id": 203, "pri_Drain num": "K100", "length_m": 7.1, "valley": "Koramangala Challaghatta Valley", "subvalley": "KC_1", "ward_name": "24 - Agaram,46 - Yamalur", "Corporation": "Central"}, "geometry": {"type": "LineString", "coordinates": [[77.65642, 12.930659], [77.656485, 12.930659]]}}, {"type": "Feature", "properties": {"Drain num": "K100A", "sec_id": 203, "pri_Drain num": "K100", "length_m": 7.1, "valley": "Koramangala Challaghatta Valley", "subvalley": "KC_1", "ward_name": "24 - Agaram,46 - Yamalur", "Corporation": "Central"}, "geometry": {"type": "LineString", "coordinates": [[77.656485, 12.930659], [77.65655, 12.930659]]}}, {"type": "Feature", "properties": {"Drain num": "K100A", "sec_id": 203, "pri_Drain num": "K100", "length_m": 7.1, "valley": "Koramangala Challaghatta Valley", "subvalley": "KC_1", "ward_name": "24 - Agaram,46 - Yamalur", "Corporation": "Central"}, "geometry": {"type": "LineString", "coordinates": [[77.65655, 12.930659], [77.656616, 12.930659]]}}, {"type": "Feature", "properties": {"Drain num": "K100A", "sec_id": 203, "pri_Drain num": "K100", "length_m": 7.1, "valley": "Koramangala Challaghatta Valley", "subvalley": "KC_1", "ward_name": "24 - Agaram,46 - Yamalur", "Corporation": "Central"}, "geometry": {"type": "LineString", "coordinates": [[77.656616, 12.930659], [77.656681, 12.930659]]}}, {"type": "Feature", "properties": {"Drain num": "K100A", "sec_id": 203, "pri_Drain num": "K100", "length_m": 7.1, "valley": "Koramangala Challaghatta Valley", "subvalley": "KC_1", "ward_name": "24 - Agaram,46 - Yamalur", "Corporation": "Central"}, "geometry": {"type": "LineString", "coordinates": [[77.656681, 12.930659], [77.656747, 12.930659]]}}, {"type": "Feature", "properties": {"Drain num": "K100A", "sec_id": 203, "pri_Drain num": "K100", "length_m": 7.93, "valley": "Koramangala Challaghatta Valley", "subvalley": "KC_1", "ward_name": "24 - Agaram,46 - Yamalur", "Corporation": "Central"}, "geometry": {"type": "LineString", "coordinates": [[77.656747, 12.930659], [77.656812, 12.930628]]}}, {"type": "Feature", "properties": {"Drain num": "K100A", "sec_id": 203, "pri_Drain num": "K100", "length_m": 7.93, "valley": "Koramangala Challaghatta Valley", "subvalley": "KC_1", "ward_name": "24 - Agaram,46 - Yamalur", "Corporation": "Central"}, "geometry": {"type": "LineString", "coordinates": [[77.656812, 12.930628], [77.656877, 12.930596]]}}, {"type": "Feature", "properties": {"Drain num": "K100A", "sec_id": 203, "pri_Drain num": "K100", "length_m": 10.01, "valley": "Koramangala Challaghatta Valley", "subvalley": "KC_1", "ward_name": "24 - Agaram,46 - Yamalur", "Corporation": "Central"}, "geometry": {"type": "LineString", "coordinates": [[77.656877, 12.930596], [77.656943, 12.930532]]}}, {"type": "Feature", "properties": {"Drain num": "K100A", "sec_id": 203, "pri_Drain num": "K100", "length_m": 7.1, "valley": "Koramangala Challaghatta Valley", "subvalley": "KC_1", "ward_name": "24 - Agaram,46 - Yamalur", "Corporation": "Central"}, "geometry": {"type": "LineString", "coordinates": [[77.656943, 12.930532], [77.657008, 12.930532]]}}, {"type": "Feature", "properties": {"Drain num": "K100A", "sec_id": 203, "pri_Drain num": "K100", "length_m": 7.93, "valley": "Koramangala Challaghatta Valley", "subvalley": "KC_1", "ward_name": "24 - Agaram,46 - Yamalur", "Corporation": "Central"}, "geometry": {"type": "LineString", "coordinates": [[77.657008, 12.930532], [77.657074, 12.9305]]}}, {"type": "Feature", "properties": {"Drain num": "K100A", "sec_id": 203, "pri_Drain num": "K100", "length_m": 10.01, "valley": "Koramangala Challaghatta Valley", "subvalley": "KC_1", "ward_name": "24 - Agaram,46 - Yamalur", "Corporation": "Central"}, "geometry": {"type": "LineString", "coordinates": [[77.657074, 12.9305], [77.657139, 12.930436]]}}, {"type": "Feature", "properties": {"Drain num": "K100A", "sec_id": 203, "pri_Drain num": "K100", "length_m": 11.22, "valley": "Koramangala Challaghatta Valley", "subvalley": "KC_1", "ward_name": "24 - Agaram,46 - Yamalur", "Corporation": "Central"}, "geometry": {"type": "LineString", "coordinates": [[77.657139, 12.930436], [77.657237, 12.930405]]}}, {"type": "Feature", "properties": {"Drain num": "K100A", "sec_id": 203, "pri_Drain num": "K100", "length_m": 7.1, "valley": "Koramangala Challaghatta Valley", "subvalley": "KC_1", "ward_name": "24 - Agaram,46 - Yamalur", "Corporation": "Central"}, "geometry": {"type": "LineString", "coordinates": [[77.657237, 12.930405], [77.657303, 12.930405]]}}, {"type": "Feature", "properties": {"Drain num": "K100A", "sec_id": 203, "pri_Drain num": "K100", "length_m": 7.93, "valley": "Koramangala Challaghatta Valley", "subvalley": "KC_1", "ward_name": "24 - Agaram,46 - Yamalur", "Corporation": "Central"}, "geometry": {"type": "LineString", "coordinates": [[77.657303, 12.930405], [77.657368, 12.930373]]}}, {"type": "Feature", "properties": {"Drain num": "K100A", "sec_id": 203, "pri_Drain num": "K100", "length_m": 7.93, "valley": "Koramangala Challaghatta Valley", "subvalley": "KC_1", "ward_name": "24 - Agaram,46 - Yamalur", "Corporation": "Central"}, "geometry": {"type": "LineString", "coordinates": [[77.657368, 12.930373], [77.657433, 12.930341]]}}, {"type": "Feature", "properties": {"Drain num": "K100A", "sec_id": 203, "pri_Drain num": "K100", "length_m": 7.93, "valley": "Koramangala Challaghatta Valley", "subvalley": "KC_1", "ward_name": "24 - Agaram,46 - Yamalur", "Corporation": "Central"}, "geometry": {"type": "LineString", "coordinates": [[77.657433, 12.930341], [77.657499, 12.930309]]}}, {"type": "Feature", "properties": {"Drain num": "K100A", "sec_id": 203, "pri_Drain num": "K100", "length_m": 7.1, "valley": "Koramangala Challaghatta Valley", "subvalley": "KC_1", "ward_name": "24 - Agaram,46 - Yamalur", "Corporation": "Central"}, "geometry": {"type": "LineString", "coordinates": [[77.657499, 12.930309], [77.657564, 12.930309]]}}, {"type": "Feature", "properties": {"Drain num": "K100A", "sec_id": 203, "pri_Drain num": "K100", "length_m": 7.93, "valley": "Koramangala Challaghatta Valley", "subvalley": "KC_1", "ward_name": "24 - Agaram,46 - Yamalur", "Corporation": "Central"}, "geometry": {"type": "LineString", "coordinates": [[77.657564, 12.930309], [77.65763, 12.930277]]}}, {"type": "Feature", "properties": {"Drain num": "K100A", "sec_id": 203, "pri_Drain num": "K100", "length_m": 7.1, "valley": "Koramangala Challaghatta Valley", "subvalley": "KC_1", "ward_name": "24 - Agaram,46 - Yamalur", "Corporation": "Central"}, "geometry": {"type": "LineString", "coordinates": [[77.65763, 12.930277], [77.657695, 12.930277]]}}, {"type": "Feature", "properties": {"Drain num": "K100A", "sec_id": 203, "pri_Drain num": "K100", "length_m": 7.1, "valley": "Koramangala Challaghatta Valley", "subvalley": "KC_1", "ward_name": "24 - Agaram,46 - Yamalur", "Corporation": "Central"}, "geometry": {"type": "LineString", "coordinates": [[77.657695, 12.930277], [77.65776, 12.930277]]}}, {"type": "Feature", "properties": {"Drain num": "K100A", "sec_id": 203, "pri_Drain num": "K100", "length_m": 10.65, "valley": "Koramangala Challaghatta Valley", "subvalley": "KC_1", "ward_name": "24 - Agaram,46 - Yamalur", "Corporation": "Central"}, "geometry": {"type": "LineString", "coordinates": [[77.65776, 12.930277], [77.657858, 12.930277]]}}, {"type": "Feature", "properties": {"Drain num": "K100A", "sec_id": 203, "pri_Drain num": "K100", "length_m": 7.1, "valley": "Koramangala Challaghatta Valley", "subvalley": "KC_1", "ward_name": "24 - Agaram,46 - Yamalur", "Corporation": "Central"}, "geometry": {"type": "LineString", "coordinates": [[77.657858, 12.930277], [77.657924, 12.930277]]}}, {"type": "Feature", "properties": {"Drain num": "K100A", "sec_id": 203, "pri_Drain num": "K100", "length_m": 7.1, "valley": "Koramangala Challaghatta Valley", "subvalley": "KC_1", "ward_name": "24 - Agaram,46 - Yamalur", "Corporation": "Central"}, "geometry": {"type": "LineString", "coordinates": [[77.657924, 12.930277], [77.657989, 12.930277]]}}, {"type": "Feature", "properties": {"Drain num": "K100A", "sec_id": 203, "pri_Drain num": "K100", "length_m": 7.1, "valley": "Koramangala Challaghatta Valley", "subvalley": "KC_1", "ward_name": "24 - Agaram,46 - Yamalur", "Corporation": "Central"}, "geometry": {"type": "LineString", "coordinates": [[77.657989, 12.930277], [77.658055, 12.930277]]}}, {"type": "Feature", "properties": {"Drain num": "K100A", "sec_id": 203, "pri_Drain num": "K100", "length_m": 7.1, "valley": "Koramangala Challaghatta Valley", "subvalley": "KC_1", "ward_name": "24 - Agaram,46 - Yamalur", "Corporation": "Central"}, "geometry": {"type": "LineString", "coordinates": [[77.658055, 12.930277], [77.65812, 12.930277]]}}, {"type": "Feature", "properties": {"Drain num": "K100A", "sec_id": 203, "pri_Drain num": "K100", "length_m": 7.1, "valley": "Koramangala Challaghatta Valley", "subvalley": "KC_1", "ward_name": "24 - Agaram,46 - Yamalur", "Corporation": "Central"}, "geometry": {"type": "LineString", "coordinates": [[77.65812, 12.930277], [77.658185, 12.930277]]}}, {"type": "Feature", "properties": {"Drain num": "K100A", "sec_id": 203, "pri_Drain num": "K100", "length_m": 7.1, "valley": "Koramangala Challaghatta Valley", "subvalley": "KC_1", "ward_name": "24 - Agaram,46 - Yamalur", "Corporation": "Central"}, "geometry": {"type": "LineString", "coordinates": [[77.658185, 12.930277], [77.658251, 12.930277]]}}, {"type": "Feature", "properties": {"Drain num": "K100A", "sec_id": 203, "pri_Drain num": "K100", "length_m": 7.1, "valley": "Koramangala Challaghatta Valley", "subvalley": "KC_1", "ward_name": "24 - Agaram,46 - Yamalur", "Corporation": "Central"}, "geometry": {"type": "LineString", "coordinates": [[77.658251, 12.930277], [77.658316, 12.930277]]}}, {"type": "Feature", "properties": {"Drain num": "K100A", "sec_id": 203, "pri_Drain num": "K100", "length_m": 7.1, "valley": "Koramangala Challaghatta Valley", "subvalley": "KC_1", "ward_name": "24 - Agaram,46 - Yamalur", "Corporation": "Central"}, "geometry": {"type": "LineString", "coordinates": [[77.658316, 12.930277], [77.658382, 12.930277]]}}, {"type": "Feature", "properties": {"Drain num": "K100A", "sec_id": 203, "pri_Drain num": "K100", "length_m": 7.1, "valley": "Koramangala Challaghatta Valley", "subvalley": "KC_1", "ward_name": "24 - Agaram,46 - Yamalur", "Corporation": "Central"}, "geometry": {"type": "LineString", "coordinates": [[77.658382, 12.930277], [77.658447, 12.930277]]}}, {"type": "Feature", "properties": {"Drain num": "K100A", "sec_id": 203, "pri_Drain num": "K100", "length_m": 4.01, "valley": "Koramangala Challaghatta Valley", "subvalley": "KC_1", "ward_name": "24 - Agaram,46 - Yamalur", "Corporation": "Central"}, "geometry": {"type": "LineString", "coordinates": [[77.658447, 12.930277], [77.658484, 12.930277]]}}, {"type": "Feature", "properties": {"Drain num": "K100A", "sec_id": 203, "pri_Drain num": "K100", "length_m": 3.1, "valley": "Koramangala Challaghatta Valley", "subvalley": "KC_1", "ward_name": "24 - Agaram,46 - Yamalur", "Corporation": "East"}, "geometry": {"type": "LineString", "coordinates": [[77.658484, 12.930277], [77.658512, 12.930277]]}}, {"type": "Feature", "properties": {"Drain num": "K100A", "sec_id": 203, "pri_Drain num": "K100", "length_m": 7.93, "valley": "Koramangala Challaghatta Valley", "subvalley": "KC_1", "ward_name": "24 - Agaram,46 - Yamalur", "Corporation": "East"}, "geometry": {"type": "LineString", "coordinates": [[77.658512, 12.930277], [77.658578, 12.930309]]}}, {"type": "Feature", "properties": {"Drain num": "K100A", "sec_id": 203, "pri_Drain num": "K100", "length_m": 7.93, "valley": "Koramangala Challaghatta Valley", "subvalley": "KC_1", "ward_name": "24 - Agaram,46 - Yamalur", "Corporation": "East"}, "geometry": {"type": "LineString", "coordinates": [[77.658578, 12.930309], [77.658643, 12.930341]]}}, {"type": "Feature", "properties": {"Drain num": "K100A", "sec_id": 203, "pri_Drain num": "K100", "length_m": 7.93, "valley": "Koramangala Challaghatta Valley", "subvalley": "KC_1", "ward_name": "24 - Agaram,46 - Yamalur", "Corporation": "East"}, "geometry": {"type": "LineString", "coordinates": [[77.658643, 12.930341], [77.658709, 12.930373]]}}, {"type": "Feature", "properties": {"Drain num": "K100A", "sec_id": 203, "pri_Drain num": "K100", "length_m": 7.1, "valley": "Koramangala Challaghatta Valley", "subvalley": "KC_1", "ward_name": "24 - Agaram,46 - Yamalur", "Corporation": "East"}, "geometry": {"type": "LineString", "coordinates": [[77.658709, 12.930373], [77.658774, 12.930373]]}}, {"type": "Feature", "properties": {"Drain num": "K100A", "sec_id": 203, "pri_Drain num": "K100", "length_m": 7.1, "valley": "Koramangala Challaghatta Valley", "subvalley": "KC_1", "ward_name": "24 - Agaram,46 - Yamalur", "Corporation": "East"}, "geometry": {"type": "LineString", "coordinates": [[77.658774, 12.930373], [77.658839, 12.930373]]}}, {"type": "Feature", "properties": {"Drain num": "K100A", "sec_id": 203, "pri_Drain num": "K100", "length_m": 7.93, "valley": "Koramangala Challaghatta Valley", "subvalley": "KC_1", "ward_name": "24 - Agaram,46 - Yamalur", "Corporation": "East"}, "geometry": {"type": "LineString", "coordinates": [[77.658839, 12.930373], [77.658905, 12.930405]]}}, {"type": "Feature", "properties": {"Drain num": "K100A", "sec_id": 203, "pri_Drain num": "K100", "length_m": 7.93, "valley": "Koramangala Challaghatta Valley", "subvalley": "KC_1", "ward_name": "24 - Agaram,46 - Yamalur", "Corporation": "East"}, "geometry": {"type": "LineString", "coordinates": [[77.658905, 12.930405], [77.65897, 12.930436]]}}, {"type": "Feature", "properties": {"Drain num": "K100A", "sec_id": 203, "pri_Drain num": "K100", "length_m": 7.1, "valley": "Koramangala Challaghatta Valley", "subvalley": "KC_1", "ward_name": "24 - Agaram,46 - Yamalur", "Corporation": "East"}, "geometry": {"type": "LineString", "coordinates": [[77.65897, 12.930436], [77.659036, 12.930436]]}}, {"type": "Feature", "properties": {"Drain num": "K100A", "sec_id": 203, "pri_Drain num": "K100", "length_m": 7.93, "valley": "Koramangala Challaghatta Valley", "subvalley": "KC_1", "ward_name": "24 - Agaram,46 - Yamalur", "Corporation": "East"}, "geometry": {"type": "LineString", "coordinates": [[77.659036, 12.930436], [77.659101, 12.930468]]}}, {"type": "Feature", "properties": {"Drain num": "K100A", "sec_id": 203, "pri_Drain num": "K100", "length_m": 7.1, "valley": "Koramangala Challaghatta Valley", "subvalley": "KC_1", "ward_name": "24 - Agaram,46 - Yamalur", "Corporation": "East"}, "geometry": {"type": "LineString", "coordinates": [[77.659101, 12.930468], [77.659166, 12.930468]]}}, {"type": "Feature", "properties": {"Drain num": "K100A", "sec_id": 203, "pri_Drain num": "K100", "length_m": 7.93, "valley": "Koramangala Challaghatta Valley", "subvalley": "KC_1", "ward_name": "24 - Agaram,46 - Yamalur", "Corporation": "East"}, "geometry": {"type": "LineString", "coordinates": [[77.659166, 12.930468], [77.659232, 12.9305]]}}, {"type": "Feature", "properties": {"Drain num": "K100A", "sec_id": 203, "pri_Drain num": "K100", "length_m": 7.1, "valley": "Koramangala Challaghatta Valley", "subvalley": "KC_1", "ward_name": "24 - Agaram,46 - Yamalur", "Corporation": "East"}, "geometry": {"type": "LineString", "coordinates": [[77.659232, 12.9305], [77.659297, 12.9305]]}}, {"type": "Feature", "properties": {"Drain num": "K100A", "sec_id": 203, "pri_Drain num": "K100", "length_m": 7.93, "valley": "Koramangala Challaghatta Valley", "subvalley": "KC_1", "ward_name": "24 - Agaram,46 - Yamalur", "Corporation": "East"}, "geometry": {"type": "LineString", "coordinates": [[77.659297, 12.9305], [77.659363, 12.930532]]}}, {"type": "Feature", "properties": {"Drain num": "K100A", "sec_id": 203, "pri_Drain num": "K100", "length_m": 7.1, "valley": "Koramangala Challaghatta Valley", "subvalley": "KC_1", "ward_name": "24 - Agaram,46 - Yamalur", "Corporation": "East"}, "geometry": {"type": "LineString", "coordinates": [[77.659363, 12.930532], [77.659428, 12.930532]]}}, {"type": "Feature", "properties": {"Drain num": "K100A", "sec_id": 203, "pri_Drain num": "K100", "length_m": 7.93, "valley": "Koramangala Challaghatta Valley", "subvalley": "KC_1", "ward_name": "24 - Agaram,46 - Yamalur", "Corporation": "East"}, "geometry": {"type": "LineString", "coordinates": [[77.659428, 12.930532], [77.659493, 12.930564]]}}, {"type": "Feature", "properties": {"Drain num": "K100A", "sec_id": 203, "pri_Drain num": "K100", "length_m": 7.93, "valley": "Koramangala Challaghatta Valley", "subvalley": "KC_1", "ward_name": "24 - Agaram,46 - Yamalur", "Corporation": "East"}, "geometry": {"type": "LineString", "coordinates": [[77.659493, 12.930564], [77.659559, 12.930596]]}}, {"type": "Feature", "properties": {"Drain num": "K100A", "sec_id": 203, "pri_Drain num": "K100", "length_m": 7.1, "valley": "Koramangala Challaghatta Valley", "subvalley": "KC_1", "ward_name": "24 - Agaram,46 - Yamalur", "Corporation": "East"}, "geometry": {"type": "LineString", "coordinates": [[77.659559, 12.930596], [77.659624, 12.930596]]}}, {"type": "Feature", "properties": {"Drain num": "K100A", "sec_id": 203, "pri_Drain num": "K100", "length_m": 7.93, "valley": "Koramangala Challaghatta Valley", "subvalley": "KC_1", "ward_name": "24 - Agaram,46 - Yamalur", "Corporation": "East"}, "geometry": {"type": "LineString", "coordinates": [[77.659624, 12.930596], [77.65969, 12.930628]]}}, {"type": "Feature", "properties": {"Drain num": "K100A", "sec_id": 203, "pri_Drain num": "K100", "length_m": 7.93, "valley": "Koramangala Challaghatta Valley", "subvalley": "KC_1", "ward_name": "24 - Agaram,46 - Yamalur", "Corporation": "East"}, "geometry": {"type": "LineString", "coordinates": [[77.65969, 12.930628], [77.659755, 12.930659]]}}, {"type": "Feature", "properties": {"sec_id": 204, "length_m": 30.06, "valley": "Koramangala Challaghatta Valley", "subvalley": "KC_1", "ward_name": "46 - Yamalur,70 - Iblur", "Corporation": "East"}, "geometry": {"type": "LineString", "coordinates": [[77.664137, 12.928301], [77.664169, 12.928037]]}}, {"type": "Feature", "properties": {"sec_id": 204, "length_m": 830.72, "valley": "Koramangala Challaghatta Valley", "subvalley": "KC_1", "ward_name": "46 - Yamalur,70 - Iblur", "Corporation": "South"}, "geometry": {"type": "LineString", "coordinates": [[77.664169, 12.928037], [77.664169, 12.927664], [77.664464, 12.927122], [77.665641, 12.927122], [77.665706, 12.926994], [77.665674, 12.926229], [77.665739, 12.926102], [77.66623, 12.926006], [77.666589, 12.926166], [77.666687, 12.925879], [77.666687, 12.925241], [77.66636, 12.924732], [77.666328, 12.922979]]}}, {"type": "Feature", "properties": {"Drain num": "MD398", "sec_id": 205, "pri_Drain num": "MD399", "length_m": 1897.44, "valley": "Koramangala Challaghatta Valley", "subvalley": "KC_2", "ward_name": "40 - Varthur,50 - Gunjur", "Corporation": "East"}, "geometry": {"type": "LineString", "coordinates": [[77.749448, 12.940048], [77.749209, 12.940435], [77.749013, 12.94034], [77.748751, 12.939926], [77.748359, 12.939703], [77.748097, 12.93881], [77.747901, 12.938555], [77.747508, 12.9383], [77.747247, 12.937886], [77.747214, 12.937567], [77.747279, 12.937121], [77.747083, 12.936611], [77.747018, 12.936197], [77.747018, 12.935623], [77.747181, 12.935241], [77.747181, 12.93454], [77.747018, 12.934062], [77.747018, 12.933106], [77.746756, 12.932851], [77.746691, 12.932596], [77.746691, 12.932468], [77.746887, 12.932341], [77.746952, 12.932213], [77.746952, 12.932022], [77.746691, 12.931448], [77.746691, 12.930269], [77.746822, 12.92995], [77.747051, 12.929695], [77.74741, 12.929536], [77.747541, 12.929313], [77.747966, 12.92893], [77.748293, 12.928771], [77.74862, 12.928452], [77.748718, 12.928261], [77.749143, 12.927911], [77.749503, 12.927433], [77.749568, 12.927433], [77.749765, 12.927114], [77.750124, 12.926955]]}}, {"type": "Feature", "properties": {"Drain num": "MD391", "sec_id": 206, "pri_Drain num": "MD399", "length_m": 557.8, "valley": "Koramangala Challaghatta Valley", "subvalley": "KC_2", "ward_name": "50 - Gunjur", "Corporation": "East"}, "geometry": {"type": "LineString", "coordinates": [[77.751844, 12.93286], [77.752315, 12.932516], [77.752659, 12.931942], [77.753051, 12.931496], [77.753182, 12.931369], [77.753443, 12.931305], [77.753721, 12.93097], [77.753934, 12.930333], [77.753966, 12.929998], [77.75413, 12.929616], [77.754277, 12.928851]]}}, {"type": "Feature", "properties": {"sec_id": 207, "pri_Drain num": "MD399", "length_m": 445.98, "valley": "Koramangala Challaghatta Valley", "subvalley": "KC_2", "ward_name": "50 - Gunjur", "Corporation": "East"}, "geometry": {"type": "LineString", "coordinates": [[77.751844, 12.93286], [77.751988, 12.932723], [77.751481, 12.932277], [77.750827, 12.93191], [77.750484, 12.931289], [77.75037, 12.930859], [77.749928, 12.929998], [77.749912, 12.929807]]}}, {"type": "Feature", "properties": {"Drain num": "MD394", "sec_id": 208, "pri_Drain num": "MD399", "length_m": 520.63, "valley": "Koramangala Challaghatta Valley", "subvalley": "KC_2", "ward_name": "40 - Varthur", "Corporation": "East"}, "geometry": {"type": "LineString", "coordinates": [[77.751813, 12.936014], [77.751988, 12.936229], [77.752086, 12.936245], [77.752348, 12.936085], [77.752806, 12.936053], [77.753329, 12.93591], [77.754441, 12.93591], [77.75498, 12.935703], [77.755242, 12.935703], [77.755438, 12.935862], [77.755716, 12.935942], [77.755928, 12.935942], [77.756157, 12.935751]]}}, {"type": "Feature", "properties": {"sec_id": 209, "pri_Drain num": "MD399", "length_m": 940.47, "valley": "Koramangala Challaghatta Valley", "subvalley": "KC_2", "ward_name": "40 - Varthur", "Corporation": "East"}, "geometry": {"type": "LineString", "coordinates": [[77.752093, 12.938016], [77.752332, 12.938077], [77.752691, 12.937934], [77.753051, 12.937966], [77.753116, 12.938252], [77.753345, 12.938284], [77.754097, 12.937774], [77.754473, 12.938364], [77.755078, 12.938571], [77.755961, 12.938651], [77.756403, 12.939017], [77.756877, 12.939129], [77.757057, 12.939033], [77.757384, 12.938491], [77.757792, 12.938476], [77.758201, 12.938252], [77.75825, 12.937647], [77.758152, 12.937392]]}}, {"type": "Feature", "properties": {"sec_id": 210, "pri_Drain num": "MD428", "length_m": 1.98, "valley": "Koramangala Challaghatta Valley", "subvalley": "KC_2", "ward_name": "40 - Varthur", "Corporation": "East"}, "geometry": {"type": "LineString", "coordinates": [[77.746707, 12.945367], [77.746724, 12.945359]]}}, {"type": "Feature", "properties": {"sec_id": 210, "pri_Drain num": "MD428", "length_m": 1.97, "valley": "Koramangala Challaghatta Valley", "subvalley": "KC_2", "ward_name": "40 - Varthur", "Corporation": "East"}, "geometry": {"type": "LineString", "coordinates": [[77.746724, 12.945359], [77.746732, 12.945343]]}}, {"type": "Feature", "properties": {"sec_id": 210, "pri_Drain num": "MD428", "length_m": 1.98, "valley": "Koramangala Challaghatta Valley", "subvalley": "KC_2", "ward_name": "40 - Varthur", "Corporation": "East"}, "geometry": {"type": "LineString", "coordinates": [[77.746732, 12.945343], [77.746748, 12.945335]]}}, {"type": "Feature", "properties": {"sec_id": 210, "pri_Drain num": "MD428", "length_m": 2.5, "valley": "Koramangala Challaghatta Valley", "subvalley": "KC_2", "ward_name": "40 - Varthur", "Corporation": "East"}, "geometry": {"type": "LineString", "coordinates": [[77.746748, 12.945335], [77.746764, 12.945319]]}}, {"type": "Feature", "properties": {"sec_id": 210, "pri_Drain num": "MD428", "length_m": 1.97, "valley": "Koramangala Challaghatta Valley", "subvalley": "KC_2", "ward_name": "40 - Varthur", "Corporation": "East"}, "geometry": {"type": "LineString", "coordinates": [[77.746764, 12.945319], [77.746773, 12.945303]]}}, {"type": "Feature", "properties": {"sec_id": 210, "pri_Drain num": "MD428", "length_m": 2.5, "valley": "Koramangala Challaghatta Valley", "subvalley": "KC_2", "ward_name": "40 - Varthur", "Corporation": "East"}, "geometry": {"type": "LineString", "coordinates": [[77.746773, 12.945303], [77.746789, 12.945288]]}}, {"type": "Feature", "properties": {"sec_id": 210, "pri_Drain num": "MD428", "length_m": 1.97, "valley": "Koramangala Challaghatta Valley", "subvalley": "KC_2", "ward_name": "40 - Varthur", "Corporation": "East"}, "geometry": {"type": "LineString", "coordinates": [[77.746789, 12.945288], [77.746797, 12.945272]]}}, {"type": "Feature", "properties": {"sec_id": 210, "pri_Drain num": "MD428", "length_m": 2.5, "valley": "Koramangala Challaghatta Valley", "subvalley": "KC_2", "ward_name": "40 - Varthur", "Corporation": "East"}, "geometry": {"type": "LineString", "coordinates": [[77.746797, 12.945272], [77.746813, 12.945256]]}}, {"type": "Feature", "properties": {"sec_id": 210, "pri_Drain num": "MD428", "length_m": 1.78, "valley": "Koramangala Challaghatta Valley", "subvalley": "KC_2", "ward_name": "40 - Varthur", "Corporation": "East"}, "geometry": {"type": "LineString", "coordinates": [[77.746813, 12.945256], [77.74683, 12.945256]]}}, {"type": "Feature", "properties": {"sec_id": 210, "pri_Drain num": "MD428", "length_m": 1.97, "valley": "Koramangala Challaghatta Valley", "subvalley": "KC_2", "ward_name": "40 - Varthur", "Corporation": "East"}, "geometry": {"type": "LineString", "coordinates": [[77.74683, 12.945256], [77.746838, 12.94524]]}}, {"type": "Feature", "properties": {"sec_id": 210, "pri_Drain num": "MD428", "length_m": 1.98, "valley": "Koramangala Challaghatta Valley", "subvalley": "KC_2", "ward_name": "40 - Varthur", "Corporation": "East"}, "geometry": {"type": "LineString", "coordinates": [[77.746838, 12.94524], [77.746854, 12.945232]]}}, {"type": "Feature", "properties": {"sec_id": 210, "pri_Drain num": "MD428", "length_m": 3.19, "valley": "Koramangala Challaghatta Valley", "subvalley": "KC_2", "ward_name": "40 - Varthur", "Corporation": "East"}, "geometry": {"type": "LineString", "coordinates": [[77.746854, 12.945232], [77.746879, 12.945216]]}}, {"type": "Feature", "properties": {"sec_id": 210, "pri_Drain num": "MD428", "length_m": 3.19, "valley": "Koramangala Challaghatta Valley", "subvalley": "KC_2", "ward_name": "40 - Varthur", "Corporation": "East"}, "geometry": {"type": "LineString", "coordinates": [[77.746879, 12.945216], [77.746903, 12.9452]]}}, {"type": "Feature", "properties": {"sec_id": 210, "pri_Drain num": "MD428", "length_m": 5.17, "valley": "Koramangala Challaghatta Valley", "subvalley": "KC_2", "ward_name": "40 - Varthur", "Corporation": "East"}, "geometry": {"type": "LineString", "coordinates": [[77.746903, 12.9452], [77.746944, 12.945176]]}}, {"type": "Feature", "properties": {"sec_id": 210, "pri_Drain num": "MD428", "length_m": 5.01, "valley": "Koramangala Challaghatta Valley", "subvalley": "KC_2", "ward_name": "40 - Varthur", "Corporation": "East"}, "geometry": {"type": "LineString", "coordinates": [[77.746944, 12.945176], [77.746977, 12.945144]]}}, {"type": "Feature", "properties": {"sec_id": 210, "pri_Drain num": "MD428", "length_m": 7.93, "valley": "Koramangala Challaghatta Valley", "subvalley": "KC_2", "ward_name": "40 - Varthur", "Corporation": "East"}, "geometry": {"type": "LineString", "coordinates": [[77.746977, 12.945144], [77.747042, 12.945112]]}}, {"type": "Feature", "properties": {"sec_id": 210, "pri_Drain num": "MD428", "length_m": 7.15, "valley": "Koramangala Challaghatta Valley", "subvalley": "KC_2", "ward_name": "40 - Varthur", "Corporation": "East"}, "geometry": {"type": "LineString", "coordinates": [[77.747042, 12.945112], [77.7471, 12.94508]]}}, {"type": "Feature", "properties": {"sec_id": 210, "pri_Drain num": "MD428", "length_m": 7.93, "valley": "Koramangala Challaghatta Valley", "subvalley": "KC_2", "ward_name": "40 - Varthur", "Corporation": "East"}, "geometry": {"type": "LineString", "coordinates": [[77.7471, 12.94508], [77.747165, 12.945049]]}}, {"type": "Feature", "properties": {"sec_id": 210, "pri_Drain num": "MD428", "length_m": 8.86, "valley": "Koramangala Challaghatta Valley", "subvalley": "KC_2", "ward_name": "40 - Varthur", "Corporation": "East"}, "geometry": {"type": "LineString", "coordinates": [[77.747165, 12.945049], [77.74723, 12.945001]]}}, {"type": "Feature", "properties": {"sec_id": 210, "pri_Drain num": "MD428", "length_m": 6.39, "valley": "Koramangala Challaghatta Valley", "subvalley": "KC_2", "ward_name": "40 - Varthur", "Corporation": "East"}, "geometry": {"type": "LineString", "coordinates": [[77.74723, 12.945001], [77.747279, 12.944969]]}}, {"type": "Feature", "properties": {"sec_id": 210, "pri_Drain num": "MD428", "length_m": 5.95, "valley": "Koramangala Challaghatta Valley", "subvalley": "KC_2", "ward_name": "40 - Varthur", "Corporation": "East"}, "geometry": {"type": "LineString", "coordinates": [[77.747279, 12.944969], [77.747328, 12.944945]]}}, {"type": "Feature", "properties": {"sec_id": 210, "pri_Drain num": "MD428", "length_m": 3.96, "valley": "Koramangala Challaghatta Valley", "subvalley": "KC_2", "ward_name": "40 - Varthur", "Corporation": "East"}, "geometry": {"type": "LineString", "coordinates": [[77.747328, 12.944945], [77.747361, 12.944929]]}}, {"type": "Feature", "properties": {"sec_id": 210, "pri_Drain num": "MD428", "length_m": 5.17, "valley": "Koramangala Challaghatta Valley", "subvalley": "KC_2", "ward_name": "40 - Varthur", "Corporation": "East"}, "geometry": {"type": "LineString", "coordinates": [[77.747361, 12.944929], [77.747402, 12.944905]]}}, {"type": "Feature", "properties": {"sec_id": 210, "pri_Drain num": "MD428", "length_m": 3.19, "valley": "Koramangala Challaghatta Valley", "subvalley": "KC_2", "ward_name": "40 - Varthur", "Corporation": "East"}, "geometry": {"type": "LineString", "coordinates": [[77.747402, 12.944905], [77.747427, 12.944889]]}}, {"type": "Feature", "properties": {"sec_id": 210, "pri_Drain num": "MD428", "length_m": 2.81, "valley": "Koramangala Challaghatta Valley", "subvalley": "KC_2", "ward_name": "40 - Varthur", "Corporation": "East"}, "geometry": {"type": "LineString", "coordinates": [[77.747427, 12.944889], [77.747451, 12.944881]]}}, {"type": "Feature", "properties": {"sec_id": 210, "pri_Drain num": "MD428", "length_m": 1.98, "valley": "Koramangala Challaghatta Valley", "subvalley": "KC_2", "ward_name": "40 - Varthur", "Corporation": "East"}, "geometry": {"type": "LineString", "coordinates": [[77.747451, 12.944881], [77.747467, 12.944873]]}}, {"type": "Feature", "properties": {"sec_id": 210, "pri_Drain num": "MD428", "length_m": 3.96, "valley": "Koramangala Challaghatta Valley", "subvalley": "KC_2", "ward_name": "40 - Varthur", "Corporation": "East"}, "geometry": {"type": "LineString", "coordinates": [[77.747467, 12.944873], [77.7475, 12.944857]]}}, {"type": "Feature", "properties": {"sec_id": 210, "pri_Drain num": "MD428", "length_m": 1.78, "valley": "Koramangala Challaghatta Valley", "subvalley": "KC_2", "ward_name": "40 - Varthur", "Corporation": "East"}, "geometry": {"type": "LineString", "coordinates": [[77.7475, 12.944857], [77.747517, 12.944857]]}}, {"type": "Feature", "properties": {"sec_id": 210, "pri_Drain num": "MD428", "length_m": 3.66, "valley": "Koramangala Challaghatta Valley", "subvalley": "KC_2", "ward_name": "40 - Varthur", "Corporation": "East"}, "geometry": {"type": "LineString", "coordinates": [[77.747517, 12.944857], [77.747549, 12.944849]]}}, {"type": "Feature", "properties": {"sec_id": 210, "pri_Drain num": "MD428", "length_m": 2.66, "valley": "Koramangala Challaghatta Valley", "subvalley": "KC_2", "ward_name": "40 - Varthur", "Corporation": "East"}, "geometry": {"type": "LineString", "coordinates": [[77.747549, 12.944849], [77.747574, 12.944849]]}}, {"type": "Feature", "properties": {"sec_id": 210, "pri_Drain num": "MD428", "length_m": 1.98, "valley": "Koramangala Challaghatta Valley", "subvalley": "KC_2", "ward_name": "40 - Varthur", "Corporation": "East"}, "geometry": {"type": "LineString", "coordinates": [[77.747574, 12.944849], [77.74759, 12.944841]]}}, {"type": "Feature", "properties": {"sec_id": 210, "pri_Drain num": "MD428", "length_m": 2.81, "valley": "Koramangala Challaghatta Valley", "subvalley": "KC_2", "ward_name": "40 - Varthur", "Corporation": "East"}, "geometry": {"type": "LineString", "coordinates": [[77.74759, 12.944841], [77.747615, 12.944833]]}}, {"type": "Feature", "properties": {"sec_id": 210, "pri_Drain num": "MD428", "length_m": 1.78, "valley": "Koramangala Challaghatta Valley", "subvalley": "KC_2", "ward_name": "40 - Varthur", "Corporation": "East"}, "geometry": {"type": "LineString", "coordinates": [[77.747615, 12.944833], [77.747631, 12.944833]]}}, {"type": "Feature", "properties": {"sec_id": 210, "pri_Drain num": "MD428", "length_m": 1.78, "valley": "Koramangala Challaghatta Valley", "subvalley": "KC_2", "ward_name": "40 - Varthur", "Corporation": "East"}, "geometry": {"type": "LineString", "coordinates": [[77.747631, 12.944833], [77.747647, 12.944833]]}}, {"type": "Feature", "properties": {"sec_id": 210, "pri_Drain num": "MD428", "length_m": 2.5, "valley": "Koramangala Challaghatta Valley", "subvalley": "KC_2", "ward_name": "40 - Varthur", "Corporation": "East"}, "geometry": {"type": "LineString", "coordinates": [[77.747647, 12.944833], [77.747664, 12.944817]]}}, {"type": "Feature", "properties": {"sec_id": 210, "pri_Drain num": "MD428", "length_m": 2.81, "valley": "Koramangala Challaghatta Valley", "subvalley": "KC_2", "ward_name": "40 - Varthur", "Corporation": "East"}, "geometry": {"type": "LineString", "coordinates": [[77.747664, 12.944817], [77.747688, 12.944809]]}}, {"type": "Feature", "properties": {"sec_id": 210, "pri_Drain num": "MD428", "length_m": 2.81, "valley": "Koramangala Challaghatta Valley", "subvalley": "KC_2", "ward_name": "40 - Varthur", "Corporation": "East"}, "geometry": {"type": "LineString", "coordinates": [[77.747688, 12.944809], [77.747713, 12.944802]]}}, {"type": "Feature", "properties": {"sec_id": 210, "pri_Drain num": "MD428", "length_m": 2.81, "valley": "Koramangala Challaghatta Valley", "subvalley": "KC_2", "ward_name": "40 - Varthur", "Corporation": "East"}, "geometry": {"type": "LineString", "coordinates": [[77.747713, 12.944802], [77.747737, 12.944794]]}}, {"type": "Feature", "properties": {"sec_id": 210, "pri_Drain num": "MD428", "length_m": 4.53, "valley": "Koramangala Challaghatta Valley", "subvalley": "KC_2", "ward_name": "40 - Varthur", "Corporation": "East"}, "geometry": {"type": "LineString", "coordinates": [[77.747737, 12.944794], [77.747778, 12.944786]]}}, {"type": "Feature", "properties": {"sec_id": 210, "pri_Drain num": "MD428", "length_m": 3.55, "valley": "Koramangala Challaghatta Valley", "subvalley": "KC_2", "ward_name": "40 - Varthur", "Corporation": "East"}, "geometry": {"type": "LineString", "coordinates": [[77.747778, 12.944786], [77.747811, 12.944786]]}}, {"type": "Feature", "properties": {"sec_id": 210, "pri_Drain num": "MD428", "length_m": 1.98, "valley": "Koramangala Challaghatta Valley", "subvalley": "KC_2", "ward_name": "40 - Varthur", "Corporation": "East"}, "geometry": {"type": "LineString", "coordinates": [[77.747811, 12.944786], [77.747827, 12.944778]]}}, {"type": "Feature", "properties": {"sec_id": 210, "pri_Drain num": "MD428", "length_m": 2.66, "valley": "Koramangala Challaghatta Valley", "subvalley": "KC_2", "ward_name": "40 - Varthur", "Corporation": "East"}, "geometry": {"type": "LineString", "coordinates": [[77.747827, 12.944778], [77.747852, 12.944778]]}}, {"type": "Feature", "properties": {"sec_id": 210, "pri_Drain num": "MD428", "length_m": 1.98, "valley": "Koramangala Challaghatta Valley", "subvalley": "KC_2", "ward_name": "40 - Varthur", "Corporation": "East"}, "geometry": {"type": "LineString", "coordinates": [[77.747852, 12.944778], [77.747868, 12.94477]]}}, {"type": "Feature", "properties": {"sec_id": 210, "pri_Drain num": "MD428", "length_m": 1.78, "valley": "Koramangala Challaghatta Valley", "subvalley": "KC_2", "ward_name": "40 - Varthur", "Corporation": "East"}, "geometry": {"type": "LineString", "coordinates": [[77.747868, 12.94477], [77.747884, 12.94477]]}}, {"type": "Feature", "properties": {"sec_id": 210, "pri_Drain num": "MD428", "length_m": 1.78, "valley": "Koramangala Challaghatta Valley", "subvalley": "KC_2", "ward_name": "40 - Varthur", "Corporation": "East"}, "geometry": {"type": "LineString", "coordinates": [[77.747884, 12.94477], [77.747901, 12.94477]]}}, {"type": "Feature", "properties": {"sec_id": 210, "pri_Drain num": "MD428", "length_m": 1.78, "valley": "Koramangala Challaghatta Valley", "subvalley": "KC_2", "ward_name": "40 - Varthur", "Corporation": "East"}, "geometry": {"type": "LineString", "coordinates": [[77.747901, 12.94477], [77.747917, 12.94477]]}}, {"type": "Feature", "properties": {"sec_id": 210, "pri_Drain num": "MD428", "length_m": 2.66, "valley": "Koramangala Challaghatta Valley", "subvalley": "KC_2", "ward_name": "40 - Varthur", "Corporation": "East"}, "geometry": {"type": "LineString", "coordinates": [[77.747917, 12.94477], [77.747942, 12.94477]]}}, {"type": "Feature", "properties": {"sec_id": 210, "pri_Drain num": "MD428", "length_m": 2.66, "valley": "Koramangala Challaghatta Valley", "subvalley": "KC_2", "ward_name": "40 - Varthur", "Corporation": "East"}, "geometry": {"type": "LineString", "coordinates": [[77.747942, 12.94477], [77.747966, 12.94477]]}}, {"type": "Feature", "properties": {"sec_id": 210, "pri_Drain num": "MD428", "length_m": 2.66, "valley": "Koramangala Challaghatta Valley", "subvalley": "KC_2", "ward_name": "40 - Varthur", "Corporation": "East"}, "geometry": {"type": "LineString", "coordinates": [[77.747966, 12.94477], [77.747991, 12.94477]]}}, {"type": "Feature", "properties": {"sec_id": 210, "pri_Drain num": "MD428", "length_m": 1.78, "valley": "Koramangala Challaghatta Valley", "subvalley": "KC_2", "ward_name": "40 - Varthur", "Corporation": "East"}, "geometry": {"type": "LineString", "coordinates": [[77.747991, 12.94477], [77.748007, 12.94477]]}}, {"type": "Feature", "properties": {"sec_id": 210, "pri_Drain num": "MD428", "length_m": 2.66, "valley": "Koramangala Challaghatta Valley", "subvalley": "KC_2", "ward_name": "40 - Varthur", "Corporation": "East"}, "geometry": {"type": "LineString", "coordinates": [[77.748007, 12.94477], [77.748032, 12.94477]]}}, {"type": "Feature", "properties": {"sec_id": 210, "pri_Drain num": "MD428", "length_m": 1.78, "valley": "Koramangala Challaghatta Valley", "subvalley": "KC_2", "ward_name": "40 - Varthur", "Corporation": "East"}, "geometry": {"type": "LineString", "coordinates": [[77.748032, 12.94477], [77.748048, 12.94477]]}}, {"type": "Feature", "properties": {"sec_id": 210, "pri_Drain num": "MD428", "length_m": 1.78, "valley": "Koramangala Challaghatta Valley", "subvalley": "KC_2", "ward_name": "40 - Varthur", "Corporation": "East"}, "geometry": {"type": "LineString", "coordinates": [[77.748048, 12.94477], [77.748064, 12.94477]]}}, {"type": "Feature", "properties": {"sec_id": 210, "pri_Drain num": "MD428", "length_m": 1.98, "valley": "Koramangala Challaghatta Valley", "subvalley": "KC_2", "ward_name": "40 - Varthur", "Corporation": "East"}, "geometry": {"type": "LineString", "coordinates": [[77.748064, 12.94477], [77.748081, 12.944778]]}}, {"type": "Feature", "properties": {"sec_id": 210, "pri_Drain num": "MD428", "length_m": 1.78, "valley": "Koramangala Challaghatta Valley", "subvalley": "KC_2", "ward_name": "40 - Varthur", "Corporation": "East"}, "geometry": {"type": "LineString", "coordinates": [[77.748081, 12.944778], [77.748097, 12.944778]]}}, {"type": "Feature", "properties": {"sec_id": 210, "pri_Drain num": "MD428", "length_m": 1.98, "valley": "Koramangala Challaghatta Valley", "subvalley": "KC_2", "ward_name": "40 - Varthur", "Corporation": "East"}, "geometry": {"type": "LineString", "coordinates": [[77.748097, 12.944778], [77.748113, 12.944786]]}}, {"type": "Feature", "properties": {"sec_id": 210, "pri_Drain num": "MD428", "length_m": 1.98, "valley": "Koramangala Challaghatta Valley", "subvalley": "KC_2", "ward_name": "40 - Varthur", "Corporation": "East"}, "geometry": {"type": "LineString", "coordinates": [[77.748113, 12.944786], [77.74813, 12.944794]]}}, {"type": "Feature", "properties": {"sec_id": 210, "pri_Drain num": "MD428", "length_m": 2.66, "valley": "Koramangala Challaghatta Valley", "subvalley": "KC_2", "ward_name": "40 - Varthur", "Corporation": "East"}, "geometry": {"type": "LineString", "coordinates": [[77.74813, 12.944794], [77.748154, 12.944794]]}}, {"type": "Feature", "properties": {"sec_id": 210, "pri_Drain num": "MD428", "length_m": 2.81, "valley": "Koramangala Challaghatta Valley", "subvalley": "KC_2", "ward_name": "40 - Varthur", "Corporation": "East"}, "geometry": {"type": "LineString", "coordinates": [[77.748154, 12.944794], [77.748179, 12.944802]]}}, {"type": "Feature", "properties": {"sec_id": 210, "pri_Drain num": "MD428", "length_m": 1.78, "valley": "Koramangala Challaghatta Valley", "subvalley": "KC_2", "ward_name": "40 - Varthur", "Corporation": "East"}, "geometry": {"type": "LineString", "coordinates": [[77.748179, 12.944802], [77.748195, 12.944802]]}}, {"type": "Feature", "properties": {"sec_id": 210, "pri_Drain num": "MD428", "length_m": 1.98, "valley": "Koramangala Challaghatta Valley", "subvalley": "KC_2", "ward_name": "40 - Varthur", "Corporation": "East"}, "geometry": {"type": "LineString", "coordinates": [[77.748195, 12.944802], [77.748211, 12.944809]]}}, {"type": "Feature", "properties": {"sec_id": 210, "pri_Drain num": "MD428", "length_m": 1.98, "valley": "Koramangala Challaghatta Valley", "subvalley": "KC_2", "ward_name": "40 - Varthur", "Corporation": "East"}, "geometry": {"type": "LineString", "coordinates": [[77.748211, 12.944809], [77.748228, 12.944817]]}}, {"type": "Feature", "properties": {"sec_id": 210, "pri_Drain num": "MD428", "length_m": 2.81, "valley": "Koramangala Challaghatta Valley", "subvalley": "KC_2", "ward_name": "40 - Varthur", "Corporation": "East"}, "geometry": {"type": "LineString", "coordinates": [[77.748228, 12.944817], [77.748252, 12.944825]]}}, {"type": "Feature", "properties": {"sec_id": 210, "pri_Drain num": "MD428", "length_m": 1.98, "valley": "Koramangala Challaghatta Valley", "subvalley": "KC_2", "ward_name": "40 - Varthur", "Corporation": "East"}, "geometry": {"type": "LineString", "coordinates": [[77.748252, 12.944825], [77.748269, 12.944833]]}}, {"type": "Feature", "properties": {"sec_id": 210, "pri_Drain num": "MD428", "length_m": 2.5, "valley": "Koramangala Challaghatta Valley", "subvalley": "KC_2", "ward_name": "40 - Varthur", "Corporation": "East"}, "geometry": {"type": "LineString", "coordinates": [[77.748269, 12.944833], [77.748285, 12.944849]]}}, {"type": "Feature", "properties": {"sec_id": 210, "pri_Drain num": "MD428", "length_m": 12.75, "valley": "Koramangala Challaghatta Valley", "subvalley": "KC_2", "ward_name": "40 - Varthur", "Corporation": "East"}, "geometry": {"type": "LineString", "coordinates": [[77.748285, 12.944849], [77.74839, 12.944901]]}}, {"type": "Feature", "properties": {"sec_id": 211, "pri_Drain num": "MD428", "length_m": 2.81, "valley": "Koramangala Challaghatta Valley", "subvalley": "KC_2", "ward_name": "39 - Hagaduru,40 - Varthur", "Corporation": "East"}, "geometry": {"type": "LineString", "coordinates": [[77.746724, 12.946769], [77.746748, 12.946777]]}}, {"type": "Feature", "properties": {"sec_id": 211, "pri_Drain num": "MD428", "length_m": 6.91, "valley": "Koramangala Challaghatta Valley", "subvalley": "KC_2", "ward_name": "39 - Hagaduru,40 - Varthur", "Corporation": "East"}, "geometry": {"type": "LineString", "coordinates": [[77.746748, 12.946777], [77.746797, 12.946817]]}}, {"type": "Feature", "properties": {"sec_id": 211, "pri_Drain num": "MD428", "length_m": 5.95, "valley": "Koramangala Challaghatta Valley", "subvalley": "KC_2", "ward_name": "39 - Hagaduru,40 - Varthur", "Corporation": "East"}, "geometry": {"type": "LineString", "coordinates": [[77.746797, 12.946817], [77.746846, 12.946841]]}}, {"type": "Feature", "properties": {"sec_id": 211, "pri_Drain num": "MD428", "length_m": 5.17, "valley": "Koramangala Challaghatta Valley", "subvalley": "KC_2", "ward_name": "39 - Hagaduru,40 - Varthur", "Corporation": "East"}, "geometry": {"type": "LineString", "coordinates": [[77.746846, 12.946841], [77.746887, 12.946865]]}}, {"type": "Feature", "properties": {"sec_id": 211, "pri_Drain num": "MD428", "length_m": 4.43, "valley": "Koramangala Challaghatta Valley", "subvalley": "KC_2", "ward_name": "39 - Hagaduru,40 - Varthur", "Corporation": "East"}, "geometry": {"type": "LineString", "coordinates": [[77.746887, 12.946865], [77.74692, 12.946889]]}}, {"type": "Feature", "properties": {"sec_id": 211, "pri_Drain num": "MD428", "length_m": 2.5, "valley": "Koramangala Challaghatta Valley", "subvalley": "KC_2", "ward_name": "39 - Hagaduru,40 - Varthur", "Corporation": "East"}, "geometry": {"type": "LineString", "coordinates": [[77.74692, 12.946889], [77.746936, 12.946905]]}}, {"type": "Feature", "properties": {"sec_id": 211, "pri_Drain num": "MD428", "length_m": 3.19, "valley": "Koramangala Challaghatta Valley", "subvalley": "KC_2", "ward_name": "39 - Hagaduru,40 - Varthur", "Corporation": "East"}, "geometry": {"type": "LineString", "coordinates": [[77.746936, 12.946905], [77.746952, 12.946929]]}}, {"type": "Feature", "properties": {"sec_id": 211, "pri_Drain num": "MD428", "length_m": 1.97, "valley": "Koramangala Challaghatta Valley", "subvalley": "KC_2", "ward_name": "39 - Hagaduru,40 - Varthur", "Corporation": "East"}, "geometry": {"type": "LineString", "coordinates": [[77.746952, 12.946929], [77.746961, 12.946945]]}}, {"type": "Feature", "properties": {"sec_id": 211, "pri_Drain num": "MD428", "length_m": 2.5, "valley": "Koramangala Challaghatta Valley", "subvalley": "KC_2", "ward_name": "39 - Hagaduru,40 - Varthur", "Corporation": "East"}, "geometry": {"type": "LineString", "coordinates": [[77.746961, 12.946945], [77.746977, 12.946961]]}}, {"type": "Feature", "properties": {"sec_id": 211, "pri_Drain num": "MD428", "length_m": 1.97, "valley": "Koramangala Challaghatta Valley", "subvalley": "KC_2", "ward_name": "39 - Hagaduru,40 - Varthur", "Corporation": "East"}, "geometry": {"type": "LineString", "coordinates": [[77.746977, 12.946961], [77.746985, 12.946977]]}}, {"type": "Feature", "properties": {"sec_id": 211, "pri_Drain num": "MD428", "length_m": 3.19, "valley": "Koramangala Challaghatta Valley", "subvalley": "KC_2", "ward_name": "39 - Hagaduru,40 - Varthur", "Corporation": "East"}, "geometry": {"type": "LineString", "coordinates": [[77.746985, 12.946977], [77.74701, 12.946992]]}}, {"type": "Feature", "properties": {"sec_id": 211, "pri_Drain num": "MD428", "length_m": 1.97, "valley": "Koramangala Challaghatta Valley", "subvalley": "KC_2", "ward_name": "39 - Hagaduru,40 - Varthur", "Corporation": "East"}, "geometry": {"type": "LineString", "coordinates": [[77.74701, 12.946992], [77.747018, 12.947008]]}}, {"type": "Feature", "properties": {"sec_id": 211, "pri_Drain num": "MD428", "length_m": 1.98, "valley": "Koramangala Challaghatta Valley", "subvalley": "KC_2", "ward_name": "39 - Hagaduru,40 - Varthur", "Corporation": "East"}, "geometry": {"type": "LineString", "coordinates": [[77.747018, 12.947008], [77.747034, 12.947016]]}}, {"type": "Feature", "properties": {"sec_id": 211, "pri_Drain num": "MD428", "length_m": 3.19, "valley": "Koramangala Challaghatta Valley", "subvalley": "KC_2", "ward_name": "39 - Hagaduru,40 - Varthur", "Corporation": "East"}, "geometry": {"type": "LineString", "coordinates": [[77.747034, 12.947016], [77.747051, 12.94704]]}}, {"type": "Feature", "properties": {"sec_id": 211, "pri_Drain num": "MD428", "length_m": 1.97, "valley": "Koramangala Challaghatta Valley", "subvalley": "KC_2", "ward_name": "39 - Hagaduru,40 - Varthur", "Corporation": "East"}, "geometry": {"type": "LineString", "coordinates": [[77.747051, 12.94704], [77.747059, 12.947056]]}}, {"type": "Feature", "properties": {"sec_id": 211, "pri_Drain num": "MD428", "length_m": 1.98, "valley": "Koramangala Challaghatta Valley", "subvalley": "KC_2", "ward_name": "39 - Hagaduru,40 - Varthur", "Corporation": "East"}, "geometry": {"type": "LineString", "coordinates": [[77.747059, 12.947056], [77.747075, 12.947064]]}}, {"type": "Feature", "properties": {"sec_id": 211, "pri_Drain num": "MD428", "length_m": 2.5, "valley": "Koramangala Challaghatta Valley", "subvalley": "KC_2", "ward_name": "39 - Hagaduru,40 - Varthur", "Corporation": "East"}, "geometry": {"type": "LineString", "coordinates": [[77.747075, 12.947064], [77.747091, 12.94708]]}}, {"type": "Feature", "properties": {"sec_id": 211, "pri_Drain num": "MD428", "length_m": 1.97, "valley": "Koramangala Challaghatta Valley", "subvalley": "KC_2", "ward_name": "39 - Hagaduru,40 - Varthur", "Corporation": "East"}, "geometry": {"type": "LineString", "coordinates": [[77.747091, 12.94708], [77.7471, 12.947096]]}}, {"type": "Feature", "properties": {"sec_id": 211, "pri_Drain num": "MD428", "length_m": 1.78, "valley": "Koramangala Challaghatta Valley", "subvalley": "KC_2", "ward_name": "39 - Hagaduru,40 - Varthur", "Corporation": "East"}, "geometry": {"type": "LineString", "coordinates": [[77.7471, 12.947096], [77.747116, 12.947096]]}}, {"type": "Feature", "properties": {"sec_id": 211, "pri_Drain num": "MD428", "length_m": 1.97, "valley": "Koramangala Challaghatta Valley", "subvalley": "KC_2", "ward_name": "39 - Hagaduru,40 - Varthur", "Corporation": "East"}, "geometry": {"type": "LineString", "coordinates": [[77.747116, 12.947096], [77.747124, 12.947112]]}}, {"type": "Feature", "properties": {"sec_id": 211, "pri_Drain num": "MD428", "length_m": 2.5, "valley": "Koramangala Challaghatta Valley", "subvalley": "KC_2", "ward_name": "39 - Hagaduru,40 - Varthur", "Corporation": "East"}, "geometry": {"type": "LineString", "coordinates": [[77.747124, 12.947112], [77.74714, 12.947128]]}}, {"type": "Feature", "properties": {"sec_id": 211, "pri_Drain num": "MD428", "length_m": 1.97, "valley": "Koramangala Challaghatta Valley", "subvalley": "KC_2", "ward_name": "39 - Hagaduru,40 - Varthur", "Corporation": "East"}, "geometry": {"type": "LineString", "coordinates": [[77.74714, 12.947128], [77.747149, 12.947144]]}}, {"type": "Feature", "properties": {"sec_id": 211, "pri_Drain num": "MD428", "length_m": 3.75, "valley": "Koramangala Challaghatta Valley", "subvalley": "KC_2", "ward_name": "39 - Hagaduru,40 - Varthur", "Corporation": "East"}, "geometry": {"type": "LineString", "coordinates": [[77.747149, 12.947144], [77.747173, 12.947168]]}}, {"type": "Feature", "properties": {"sec_id": 211, "pri_Drain num": "MD428", "length_m": 1.97, "valley": "Koramangala Challaghatta Valley", "subvalley": "KC_2", "ward_name": "39 - Hagaduru,40 - Varthur", "Corporation": "East"}, "geometry": {"type": "LineString", "coordinates": [[77.747173, 12.947168], [77.747181, 12.947184]]}}, {"type": "Feature", "properties": {"sec_id": 211, "pri_Drain num": "MD428", "length_m": 1.98, "valley": "Koramangala Challaghatta Valley", "subvalley": "KC_2", "ward_name": "39 - Hagaduru,40 - Varthur", "Corporation": "East"}, "geometry": {"type": "LineString", "coordinates": [[77.747181, 12.947184], [77.747198, 12.947192]]}}, {"type": "Feature", "properties": {"sec_id": 211, "pri_Drain num": "MD428", "length_m": 1.97, "valley": "Koramangala Challaghatta Valley", "subvalley": "KC_2", "ward_name": "39 - Hagaduru,40 - Varthur", "Corporation": "East"}, "geometry": {"type": "LineString", "coordinates": [[77.747198, 12.947192], [77.747206, 12.947208]]}}, {"type": "Feature", "properties": {"sec_id": 211, "pri_Drain num": "MD428", "length_m": 2.5, "valley": "Koramangala Challaghatta Valley", "subvalley": "KC_2", "ward_name": "39 - Hagaduru,40 - Varthur", "Corporation": "East"}, "geometry": {"type": "LineString", "coordinates": [[77.747206, 12.947208], [77.747222, 12.947224]]}}, {"type": "Feature", "properties": {"sec_id": 211, "pri_Drain num": "MD428", "length_m": 1.97, "valley": "Koramangala Challaghatta Valley", "subvalley": "KC_2", "ward_name": "39 - Hagaduru,40 - Varthur", "Corporation": "East"}, "geometry": {"type": "LineString", "coordinates": [[77.747222, 12.947224], [77.74723, 12.947239]]}}, {"type": "Feature", "properties": {"sec_id": 211, "pri_Drain num": "MD428", "length_m": 2.5, "valley": "Koramangala Challaghatta Valley", "subvalley": "KC_2", "ward_name": "39 - Hagaduru,40 - Varthur", "Corporation": "East"}, "geometry": {"type": "LineString", "coordinates": [[77.74723, 12.947239], [77.747247, 12.947255]]}}, {"type": "Feature", "properties": {"sec_id": 211, "pri_Drain num": "MD428", "length_m": 3.19, "valley": "Koramangala Challaghatta Valley", "subvalley": "KC_2", "ward_name": "39 - Hagaduru,40 - Varthur", "Corporation": "East"}, "geometry": {"type": "LineString", "coordinates": [[77.747247, 12.947255], [77.747263, 12.947279]]}}, {"type": "Feature", "properties": {"sec_id": 211, "pri_Drain num": "MD428", "length_m": 2.5, "valley": "Koramangala Challaghatta Valley", "subvalley": "KC_2", "ward_name": "39 - Hagaduru,40 - Varthur", "Corporation": "East"}, "geometry": {"type": "LineString", "coordinates": [[77.747263, 12.947279], [77.747279, 12.947295]]}}, {"type": "Feature", "properties": {"sec_id": 211, "pri_Drain num": "MD428", "length_m": 1.97, "valley": "Koramangala Challaghatta Valley", "subvalley": "KC_2", "ward_name": "39 - Hagaduru,40 - Varthur", "Corporation": "East"}, "geometry": {"type": "LineString", "coordinates": [[77.747279, 12.947295], [77.747288, 12.947311]]}}, {"type": "Feature", "properties": {"sec_id": 211, "pri_Drain num": "MD428", "length_m": 2.5, "valley": "Koramangala Challaghatta Valley", "subvalley": "KC_2", "ward_name": "39 - Hagaduru,40 - Varthur", "Corporation": "East"}, "geometry": {"type": "LineString", "coordinates": [[77.747288, 12.947311], [77.747304, 12.947327]]}}, {"type": "Feature", "properties": {"sec_id": 211, "pri_Drain num": "MD428", "length_m": 2.5, "valley": "Koramangala Challaghatta Valley", "subvalley": "KC_2", "ward_name": "39 - Hagaduru,40 - Varthur", "Corporation": "East"}, "geometry": {"type": "LineString", "coordinates": [[77.747304, 12.947327], [77.74732, 12.947343]]}}, {"type": "Feature", "properties": {"sec_id": 211, "pri_Drain num": "MD428", "length_m": 1.97, "valley": "Koramangala Challaghatta Valley", "subvalley": "KC_2", "ward_name": "39 - Hagaduru,40 - Varthur", "Corporation": "East"}, "geometry": {"type": "LineString", "coordinates": [[77.74732, 12.947343], [77.747328, 12.947359]]}}, {"type": "Feature", "properties": {"sec_id": 211, "pri_Drain num": "MD428", "length_m": 2.5, "valley": "Koramangala Challaghatta Valley", "subvalley": "KC_2", "ward_name": "39 - Hagaduru,40 - Varthur", "Corporation": "East"}, "geometry": {"type": "LineString", "coordinates": [[77.747328, 12.947359], [77.747345, 12.947375]]}}, {"type": "Feature", "properties": {"sec_id": 211, "pri_Drain num": "MD428", "length_m": 3.19, "valley": "Koramangala Challaghatta Valley", "subvalley": "KC_2", "ward_name": "39 - Hagaduru,40 - Varthur", "Corporation": "East"}, "geometry": {"type": "LineString", "coordinates": [[77.747345, 12.947375], [77.747369, 12.947391]]}}, {"type": "Feature", "properties": {"sec_id": 211, "pri_Drain num": "MD428", "length_m": 2.79, "valley": "Koramangala Challaghatta Valley", "subvalley": "KC_2", "ward_name": "39 - Hagaduru,40 - Varthur", "Corporation": "East"}, "geometry": {"type": "LineString", "coordinates": [[77.747369, 12.947391], [77.747378, 12.947415]]}}, {"type": "Feature", "properties": {"sec_id": 211, "pri_Drain num": "MD428", "length_m": 1.98, "valley": "Koramangala Challaghatta Valley", "subvalley": "KC_2", "ward_name": "39 - Hagaduru,40 - Varthur", "Corporation": "East"}, "geometry": {"type": "LineString", "coordinates": [[77.747378, 12.947415], [77.747394, 12.947423]]}}, {"type": "Feature", "properties": {"sec_id": 211, "pri_Drain num": "MD428", "length_m": 1.97, "valley": "Koramangala Challaghatta Valley", "subvalley": "KC_2", "ward_name": "39 - Hagaduru,40 - Varthur", "Corporation": "East"}, "geometry": {"type": "LineString", "coordinates": [[77.747394, 12.947423], [77.747402, 12.947439]]}}, {"type": "Feature", "properties": {"sec_id": 211, "pri_Drain num": "MD428", "length_m": 2.5, "valley": "Koramangala Challaghatta Valley", "subvalley": "KC_2", "ward_name": "39 - Hagaduru,40 - Varthur", "Corporation": "East"}, "geometry": {"type": "LineString", "coordinates": [[77.747402, 12.947439], [77.747418, 12.947455]]}}, {"type": "Feature", "properties": {"sec_id": 211, "pri_Drain num": "MD428", "length_m": 3.19, "valley": "Koramangala Challaghatta Valley", "subvalley": "KC_2", "ward_name": "39 - Hagaduru,40 - Varthur", "Corporation": "East"}, "geometry": {"type": "LineString", "coordinates": [[77.747418, 12.947455], [77.747435, 12.947478]]}}, {"type": "Feature", "properties": {"sec_id": 211, "pri_Drain num": "MD428", "length_m": 1.98, "valley": "Koramangala Challaghatta Valley", "subvalley": "KC_2", "ward_name": "39 - Hagaduru,40 - Varthur", "Corporation": "East"}, "geometry": {"type": "LineString", "coordinates": [[77.747435, 12.947478], [77.747451, 12.947486]]}}, {"type": "Feature", "properties": {"sec_id": 211, "pri_Drain num": "MD428", "length_m": 2.5, "valley": "Koramangala Challaghatta Valley", "subvalley": "KC_2", "ward_name": "39 - Hagaduru,40 - Varthur", "Corporation": "East"}, "geometry": {"type": "LineString", "coordinates": [[77.747451, 12.947486], [77.747467, 12.947502]]}}, {"type": "Feature", "properties": {"sec_id": 211, "pri_Drain num": "MD428", "length_m": 1.97, "valley": "Koramangala Challaghatta Valley", "subvalley": "KC_2", "ward_name": "39 - Hagaduru,40 - Varthur", "Corporation": "East"}, "geometry": {"type": "LineString", "coordinates": [[77.747467, 12.947502], [77.747476, 12.947518]]}}, {"type": "Feature", "properties": {"sec_id": 211, "pri_Drain num": "MD428", "length_m": 1.78, "valley": "Koramangala Challaghatta Valley", "subvalley": "KC_2", "ward_name": "39 - Hagaduru,40 - Varthur", "Corporation": "East"}, "geometry": {"type": "LineString", "coordinates": [[77.747476, 12.947518], [77.747492, 12.947518]]}}, {"type": "Feature", "properties": {"sec_id": 211, "pri_Drain num": "MD428", "length_m": 2.5, "valley": "Koramangala Challaghatta Valley", "subvalley": "KC_2", "ward_name": "39 - Hagaduru,40 - Varthur", "Corporation": "East"}, "geometry": {"type": "LineString", "coordinates": [[77.747492, 12.947518], [77.747508, 12.947534]]}}, {"type": "Feature", "properties": {"sec_id": 211, "pri_Drain num": "MD428", "length_m": 3.19, "valley": "Koramangala Challaghatta Valley", "subvalley": "KC_2", "ward_name": "39 - Hagaduru,40 - Varthur", "Corporation": "East"}, "geometry": {"type": "LineString", "coordinates": [[77.747508, 12.947534], [77.747533, 12.94755]]}}, {"type": "Feature", "properties": {"sec_id": 211, "pri_Drain num": "MD428", "length_m": 1.97, "valley": "Koramangala Challaghatta Valley", "subvalley": "KC_2", "ward_name": "39 - Hagaduru,40 - Varthur", "Corporation": "East"}, "geometry": {"type": "LineString", "coordinates": [[77.747533, 12.94755], [77.747541, 12.947566]]}}, {"type": "Feature", "properties": {"sec_id": 211, "pri_Drain num": "MD428", "length_m": 1.98, "valley": "Koramangala Challaghatta Valley", "subvalley": "KC_2", "ward_name": "39 - Hagaduru,40 - Varthur", "Corporation": "East"}, "geometry": {"type": "LineString", "coordinates": [[77.747541, 12.947566], [77.747557, 12.947574]]}}, {"type": "Feature", "properties": {"sec_id": 211, "pri_Drain num": "MD428", "length_m": 2.81, "valley": "Koramangala Challaghatta Valley", "subvalley": "KC_2", "ward_name": "39 - Hagaduru,40 - Varthur", "Corporation": "East"}, "geometry": {"type": "LineString", "coordinates": [[77.747557, 12.947574], [77.747582, 12.947582]]}}, {"type": "Feature", "properties": {"sec_id": 211, "pri_Drain num": "MD428", "length_m": 1.98, "valley": "Koramangala Challaghatta Valley", "subvalley": "KC_2", "ward_name": "39 - Hagaduru,40 - Varthur", "Corporation": "East"}, "geometry": {"type": "LineString", "coordinates": [[77.747582, 12.947582], [77.747598, 12.94759]]}}, {"type": "Feature", "properties": {"sec_id": 211, "pri_Drain num": "MD428", "length_m": 1.98, "valley": "Koramangala Challaghatta Valley", "subvalley": "KC_2", "ward_name": "39 - Hagaduru,40 - Varthur", "Corporation": "East"}, "geometry": {"type": "LineString", "coordinates": [[77.747598, 12.94759], [77.747615, 12.947598]]}}, {"type": "Feature", "properties": {"sec_id": 211, "pri_Drain num": "MD428", "length_m": 2.81, "valley": "Koramangala Challaghatta Valley", "subvalley": "KC_2", "ward_name": "39 - Hagaduru,40 - Varthur", "Corporation": "East"}, "geometry": {"type": "LineString", "coordinates": [[77.747615, 12.947598], [77.747639, 12.947606]]}}, {"type": "Feature", "properties": {"sec_id": 211, "pri_Drain num": "MD428", "length_m": 2.81, "valley": "Koramangala Challaghatta Valley", "subvalley": "KC_2", "ward_name": "39 - Hagaduru,40 - Varthur", "Corporation": "East"}, "geometry": {"type": "LineString", "coordinates": [[77.747639, 12.947606], [77.747664, 12.947614]]}}, {"type": "Feature", "properties": {"sec_id": 211, "pri_Drain num": "MD428", "length_m": 2.66, "valley": "Koramangala Challaghatta Valley", "subvalley": "KC_2", "ward_name": "39 - Hagaduru,40 - Varthur", "Corporation": "East"}, "geometry": {"type": "LineString", "coordinates": [[77.747664, 12.947614], [77.747688, 12.947614]]}}, {"type": "Feature", "properties": {"sec_id": 211, "pri_Drain num": "MD428", "length_m": 1.78, "valley": "Koramangala Challaghatta Valley", "subvalley": "KC_2", "ward_name": "39 - Hagaduru,40 - Varthur", "Corporation": "East"}, "geometry": {"type": "LineString", "coordinates": [[77.747688, 12.947614], [77.747705, 12.947614]]}}, {"type": "Feature", "properties": {"sec_id": 211, "pri_Drain num": "MD428", "length_m": 2.66, "valley": "Koramangala Challaghatta Valley", "subvalley": "KC_2", "ward_name": "39 - Hagaduru,40 - Varthur", "Corporation": "East"}, "geometry": {"type": "LineString", "coordinates": [[77.747705, 12.947614], [77.747729, 12.947614]]}}, {"type": "Feature", "properties": {"sec_id": 211, "pri_Drain num": "MD428", "length_m": 1.78, "valley": "Koramangala Challaghatta Valley", "subvalley": "KC_2", "ward_name": "39 - Hagaduru,40 - Varthur", "Corporation": "East"}, "geometry": {"type": "LineString", "coordinates": [[77.747729, 12.947614], [77.747745, 12.947614]]}}, {"type": "Feature", "properties": {"sec_id": 211, "pri_Drain num": "MD428", "length_m": 1.78, "valley": "Koramangala Challaghatta Valley", "subvalley": "KC_2", "ward_name": "39 - Hagaduru,40 - Varthur", "Corporation": "East"}, "geometry": {"type": "LineString", "coordinates": [[77.747745, 12.947614], [77.747762, 12.947614]]}}, {"type": "Feature", "properties": {"sec_id": 211, "pri_Drain num": "MD428", "length_m": 2.66, "valley": "Koramangala Challaghatta Valley", "subvalley": "KC_2", "ward_name": "39 - Hagaduru,40 - Varthur", "Corporation": "East"}, "geometry": {"type": "LineString", "coordinates": [[77.747762, 12.947614], [77.747786, 12.947614]]}}, {"type": "Feature", "properties": {"sec_id": 211, "pri_Drain num": "MD428", "length_m": 1.78, "valley": "Koramangala Challaghatta Valley", "subvalley": "KC_2", "ward_name": "39 - Hagaduru,40 - Varthur", "Corporation": "East"}, "geometry": {"type": "LineString", "coordinates": [[77.747786, 12.947614], [77.747803, 12.947614]]}}, {"type": "Feature", "properties": {"sec_id": 211, "pri_Drain num": "MD428", "length_m": 3.66, "valley": "Koramangala Challaghatta Valley", "subvalley": "KC_2", "ward_name": "39 - Hagaduru,40 - Varthur", "Corporation": "East"}, "geometry": {"type": "LineString", "coordinates": [[77.747803, 12.947614], [77.747835, 12.947622]]}}, {"type": "Feature", "properties": {"sec_id": 211, "pri_Drain num": "MD428", "length_m": 1.78, "valley": "Koramangala Challaghatta Valley", "subvalley": "KC_2", "ward_name": "39 - Hagaduru,40 - Varthur", "Corporation": "East"}, "geometry": {"type": "LineString", "coordinates": [[77.747835, 12.947622], [77.747852, 12.947622]]}}, {"type": "Feature", "properties": {"sec_id": 211, "pri_Drain num": "MD428", "length_m": 1.78, "valley": "Koramangala Challaghatta Valley", "subvalley": "KC_2", "ward_name": "39 - Hagaduru,40 - Varthur", "Corporation": "East"}, "geometry": {"type": "LineString", "coordinates": [[77.747852, 12.947622], [77.747868, 12.947622]]}}, {"type": "Feature", "properties": {"sec_id": 211, "pri_Drain num": "MD428", "length_m": 1.78, "valley": "Koramangala Challaghatta Valley", "subvalley": "KC_2", "ward_name": "39 - Hagaduru,40 - Varthur", "Corporation": "East"}, "geometry": {"type": "LineString", "coordinates": [[77.747868, 12.947622], [77.747884, 12.947622]]}}, {"type": "Feature", "properties": {"sec_id": 211, "pri_Drain num": "MD428", "length_m": 1.78, "valley": "Koramangala Challaghatta Valley", "subvalley": "KC_2", "ward_name": "39 - Hagaduru,40 - Varthur", "Corporation": "East"}, "geometry": {"type": "LineString", "coordinates": [[77.747884, 12.947622], [77.747901, 12.947622]]}}, {"type": "Feature", "properties": {"sec_id": 211, "pri_Drain num": "MD428", "length_m": 1.78, "valley": "Koramangala Challaghatta Valley", "subvalley": "KC_2", "ward_name": "39 - Hagaduru,40 - Varthur", "Corporation": "East"}, "geometry": {"type": "LineString", "coordinates": [[77.747901, 12.947622], [77.747917, 12.947622]]}}, {"type": "Feature", "properties": {"sec_id": 211, "pri_Drain num": "MD428", "length_m": 1.78, "valley": "Koramangala Challaghatta Valley", "subvalley": "KC_2", "ward_name": "39 - Hagaduru,40 - Varthur", "Corporation": "East"}, "geometry": {"type": "LineString", "coordinates": [[77.747917, 12.947622], [77.747933, 12.947622]]}}, {"type": "Feature", "properties": {"sec_id": 211, "pri_Drain num": "MD428", "length_m": 1.78, "valley": "Koramangala Challaghatta Valley", "subvalley": "KC_2", "ward_name": "39 - Hagaduru,40 - Varthur", "Corporation": "East"}, "geometry": {"type": "LineString", "coordinates": [[77.747933, 12.947622], [77.74795, 12.947622]]}}, {"type": "Feature", "properties": {"sec_id": 211, "pri_Drain num": "MD428", "length_m": 1.78, "valley": "Koramangala Challaghatta Valley", "subvalley": "KC_2", "ward_name": "39 - Hagaduru,40 - Varthur", "Corporation": "East"}, "geometry": {"type": "LineString", "coordinates": [[77.74795, 12.947622], [77.747966, 12.947622]]}}, {"type": "Feature", "properties": {"sec_id": 211, "pri_Drain num": "MD428", "length_m": 1.78, "valley": "Koramangala Challaghatta Valley", "subvalley": "KC_2", "ward_name": "39 - Hagaduru,40 - Varthur", "Corporation": "East"}, "geometry": {"type": "LineString", "coordinates": [[77.747966, 12.947622], [77.747982, 12.947622]]}}, {"type": "Feature", "properties": {"sec_id": 211, "pri_Drain num": "MD428", "length_m": 1.78, "valley": "Koramangala Challaghatta Valley", "subvalley": "KC_2", "ward_name": "39 - Hagaduru,40 - Varthur", "Corporation": "East"}, "geometry": {"type": "LineString", "coordinates": [[77.747982, 12.947622], [77.747999, 12.947622]]}}, {"type": "Feature", "properties": {"sec_id": 211, "pri_Drain num": "MD428", "length_m": 2.66, "valley": "Koramangala Challaghatta Valley", "subvalley": "KC_2", "ward_name": "39 - Hagaduru,40 - Varthur", "Corporation": "East"}, "geometry": {"type": "LineString", "coordinates": [[77.747999, 12.947622], [77.748023, 12.947622]]}}, {"type": "Feature", "properties": {"sec_id": 211, "pri_Drain num": "MD428", "length_m": 3.55, "valley": "Koramangala Challaghatta Valley", "subvalley": "KC_2", "ward_name": "39 - Hagaduru,40 - Varthur", "Corporation": "East"}, "geometry": {"type": "LineString", "coordinates": [[77.748023, 12.947622], [77.748056, 12.947622]]}}, {"type": "Feature", "properties": {"sec_id": 211, "pri_Drain num": "MD428", "length_m": 1.78, "valley": "Koramangala Challaghatta Valley", "subvalley": "KC_2", "ward_name": "39 - Hagaduru,40 - Varthur", "Corporation": "East"}, "geometry": {"type": "LineString", "coordinates": [[77.748056, 12.947622], [77.748072, 12.947622]]}}, {"type": "Feature", "properties": {"sec_id": 211, "pri_Drain num": "MD428", "length_m": 1.78, "valley": "Koramangala Challaghatta Valley", "subvalley": "KC_2", "ward_name": "39 - Hagaduru,40 - Varthur", "Corporation": "East"}, "geometry": {"type": "LineString", "coordinates": [[77.748072, 12.947622], [77.748089, 12.947622]]}}, {"type": "Feature", "properties": {"sec_id": 211, "pri_Drain num": "MD428", "length_m": 1.78, "valley": "Koramangala Challaghatta Valley", "subvalley": "KC_2", "ward_name": "39 - Hagaduru,40 - Varthur", "Corporation": "East"}, "geometry": {"type": "LineString", "coordinates": [[77.748089, 12.947622], [77.748105, 12.947622]]}}, {"type": "Feature", "properties": {"sec_id": 211, "pri_Drain num": "MD428", "length_m": 1.78, "valley": "Koramangala Challaghatta Valley", "subvalley": "KC_2", "ward_name": "39 - Hagaduru,40 - Varthur", "Corporation": "East"}, "geometry": {"type": "LineString", "coordinates": [[77.748105, 12.947622], [77.748121, 12.947622]]}}, {"type": "Feature", "properties": {"sec_id": 211, "pri_Drain num": "MD428", "length_m": 1.78, "valley": "Koramangala Challaghatta Valley", "subvalley": "KC_2", "ward_name": "39 - Hagaduru,40 - Varthur", "Corporation": "East"}, "geometry": {"type": "LineString", "coordinates": [[77.748121, 12.947622], [77.748138, 12.947622]]}}, {"type": "Feature", "properties": {"sec_id": 211, "pri_Drain num": "MD428", "length_m": 2.66, "valley": "Koramangala Challaghatta Valley", "subvalley": "KC_2", "ward_name": "39 - Hagaduru,40 - Varthur", "Corporation": "East"}, "geometry": {"type": "LineString", "coordinates": [[77.748138, 12.947622], [77.748162, 12.947622]]}}, {"type": "Feature", "properties": {"sec_id": 211, "pri_Drain num": "MD428", "length_m": 2.66, "valley": "Koramangala Challaghatta Valley", "subvalley": "KC_2", "ward_name": "39 - Hagaduru,40 - Varthur", "Corporation": "East"}, "geometry": {"type": "LineString", "coordinates": [[77.748162, 12.947622], [77.748187, 12.947622]]}}, {"type": "Feature", "properties": {"sec_id": 211, "pri_Drain num": "MD428", "length_m": 3.55, "valley": "Koramangala Challaghatta Valley", "subvalley": "KC_2", "ward_name": "39 - Hagaduru,40 - Varthur", "Corporation": "East"}, "geometry": {"type": "LineString", "coordinates": [[77.748187, 12.947622], [77.74822, 12.947622]]}}, {"type": "Feature", "properties": {"sec_id": 211, "pri_Drain num": "MD428", "length_m": 2.66, "valley": "Koramangala Challaghatta Valley", "subvalley": "KC_2", "ward_name": "39 - Hagaduru,40 - Varthur", "Corporation": "East"}, "geometry": {"type": "LineString", "coordinates": [[77.74822, 12.947622], [77.748244, 12.947622]]}}, {"type": "Feature", "properties": {"sec_id": 211, "pri_Drain num": "MD428", "length_m": 2.66, "valley": "Koramangala Challaghatta Valley", "subvalley": "KC_2", "ward_name": "39 - Hagaduru,40 - Varthur", "Corporation": "East"}, "geometry": {"type": "LineString", "coordinates": [[77.748244, 12.947622], [77.748269, 12.947622]]}}, {"type": "Feature", "properties": {"sec_id": 211, "pri_Drain num": "MD428", "length_m": 1.78, "valley": "Koramangala Challaghatta Valley", "subvalley": "KC_2", "ward_name": "39 - Hagaduru,40 - Varthur", "Corporation": "East"}, "geometry": {"type": "LineString", "coordinates": [[77.748269, 12.947622], [77.748285, 12.947622]]}}, {"type": "Feature", "properties": {"sec_id": 211, "pri_Drain num": "MD428", "length_m": 2.66, "valley": "Koramangala Challaghatta Valley", "subvalley": "KC_2", "ward_name": "39 - Hagaduru,40 - Varthur", "Corporation": "East"}, "geometry": {"type": "LineString", "coordinates": [[77.748285, 12.947622], [77.748309, 12.947622]]}}, {"type": "Feature", "properties": {"sec_id": 211, "pri_Drain num": "MD428", "length_m": 1.78, "valley": "Koramangala Challaghatta Valley", "subvalley": "KC_2", "ward_name": "39 - Hagaduru,40 - Varthur", "Corporation": "East"}, "geometry": {"type": "LineString", "coordinates": [[77.748309, 12.947622], [77.748326, 12.947622]]}}, {"type": "Feature", "properties": {"sec_id": 211, "pri_Drain num": "MD428", "length_m": 2.66, "valley": "Koramangala Challaghatta Valley", "subvalley": "KC_2", "ward_name": "39 - Hagaduru,40 - Varthur", "Corporation": "East"}, "geometry": {"type": "LineString", "coordinates": [[77.748326, 12.947622], [77.74835, 12.947622]]}}, {"type": "Feature", "properties": {"sec_id": 211, "pri_Drain num": "MD428", "length_m": 1.78, "valley": "Koramangala Challaghatta Valley", "subvalley": "KC_2", "ward_name": "39 - Hagaduru,40 - Varthur", "Corporation": "East"}, "geometry": {"type": "LineString", "coordinates": [[77.74835, 12.947622], [77.748367, 12.947622]]}}, {"type": "Feature", "properties": {"sec_id": 211, "pri_Drain num": "MD428", "length_m": 1.78, "valley": "Koramangala Challaghatta Valley", "subvalley": "KC_2", "ward_name": "39 - Hagaduru,40 - Varthur", "Corporation": "East"}, "geometry": {"type": "LineString", "coordinates": [[77.748367, 12.947622], [77.748383, 12.947622]]}}, {"type": "Feature", "properties": {"sec_id": 211, "pri_Drain num": "MD428", "length_m": 1.78, "valley": "Koramangala Challaghatta Valley", "subvalley": "KC_2", "ward_name": "39 - Hagaduru,40 - Varthur", "Corporation": "East"}, "geometry": {"type": "LineString", "coordinates": [[77.748383, 12.947622], [77.748399, 12.947622]]}}, {"type": "Feature", "properties": {"sec_id": 211, "pri_Drain num": "MD428", "length_m": 2.81, "valley": "Koramangala Challaghatta Valley", "subvalley": "KC_2", "ward_name": "39 - Hagaduru,40 - Varthur", "Corporation": "East"}, "geometry": {"type": "LineString", "coordinates": [[77.748399, 12.947622], [77.748424, 12.947614]]}}, {"type": "Feature", "properties": {"sec_id": 211, "pri_Drain num": "MD428", "length_m": 1.78, "valley": "Koramangala Challaghatta Valley", "subvalley": "KC_2", "ward_name": "39 - Hagaduru,40 - Varthur", "Corporation": "East"}, "geometry": {"type": "LineString", "coordinates": [[77.748424, 12.947614], [77.74844, 12.947614]]}}, {"type": "Feature", "properties": {"sec_id": 211, "pri_Drain num": "MD428", "length_m": 2.66, "valley": "Koramangala Challaghatta Valley", "subvalley": "KC_2", "ward_name": "39 - Hagaduru,40 - Varthur", "Corporation": "East"}, "geometry": {"type": "LineString", "coordinates": [[77.74844, 12.947614], [77.748465, 12.947614]]}}, {"type": "Feature", "properties": {"sec_id": 211, "pri_Drain num": "MD428", "length_m": 1.98, "valley": "Koramangala Challaghatta Valley", "subvalley": "KC_2", "ward_name": "39 - Hagaduru,40 - Varthur", "Corporation": "East"}, "geometry": {"type": "LineString", "coordinates": [[77.748465, 12.947614], [77.748481, 12.947606]]}}, {"type": "Feature", "properties": {"sec_id": 211, "pri_Drain num": "MD428", "length_m": 1.78, "valley": "Koramangala Challaghatta Valley", "subvalley": "KC_2", "ward_name": "39 - Hagaduru,40 - Varthur", "Corporation": "East"}, "geometry": {"type": "LineString", "coordinates": [[77.748481, 12.947606], [77.748497, 12.947606]]}}, {"type": "Feature", "properties": {"sec_id": 211, "pri_Drain num": "MD428", "length_m": 2.66, "valley": "Koramangala Challaghatta Valley", "subvalley": "KC_2", "ward_name": "39 - Hagaduru,40 - Varthur", "Corporation": "East"}, "geometry": {"type": "LineString", "coordinates": [[77.748497, 12.947606], [77.748522, 12.947606]]}}, {"type": "Feature", "properties": {"sec_id": 211, "pri_Drain num": "MD428", "length_m": 1.98, "valley": "Koramangala Challaghatta Valley", "subvalley": "KC_2", "ward_name": "39 - Hagaduru,40 - Varthur", "Corporation": "East"}, "geometry": {"type": "LineString", "coordinates": [[77.748522, 12.947606], [77.748538, 12.947598]]}}, {"type": "Feature", "properties": {"sec_id": 211, "pri_Drain num": "MD428", "length_m": 1.98, "valley": "Koramangala Challaghatta Valley", "subvalley": "KC_2", "ward_name": "39 - Hagaduru,40 - Varthur", "Corporation": "East"}, "geometry": {"type": "LineString", "coordinates": [[77.748538, 12.947598], [77.748555, 12.94759]]}}, {"type": "Feature", "properties": {"sec_id": 211, "pri_Drain num": "MD428", "length_m": 2.66, "valley": "Koramangala Challaghatta Valley", "subvalley": "KC_2", "ward_name": "39 - Hagaduru,40 - Varthur", "Corporation": "East"}, "geometry": {"type": "LineString", "coordinates": [[77.748555, 12.94759], [77.748579, 12.94759]]}}, {"type": "Feature", "properties": {"sec_id": 211, "pri_Drain num": "MD428", "length_m": 3.96, "valley": "Koramangala Challaghatta Valley", "subvalley": "KC_2", "ward_name": "39 - Hagaduru,40 - Varthur", "Corporation": "East"}, "geometry": {"type": "LineString", "coordinates": [[77.748579, 12.94759], [77.748612, 12.947574]]}}, {"type": "Feature", "properties": {"sec_id": 211, "pri_Drain num": "MD428", "length_m": 1.78, "valley": "Koramangala Challaghatta Valley", "subvalley": "KC_2", "ward_name": "39 - Hagaduru,40 - Varthur", "Corporation": "East"}, "geometry": {"type": "LineString", "coordinates": [[77.748612, 12.947574], [77.748628, 12.947574]]}}, {"type": "Feature", "properties": {"sec_id": 211, "pri_Drain num": "MD428", "length_m": 1.98, "valley": "Koramangala Challaghatta Valley", "subvalley": "KC_2", "ward_name": "39 - Hagaduru,40 - Varthur", "Corporation": "East"}, "geometry": {"type": "LineString", "coordinates": [[77.748628, 12.947574], [77.748645, 12.947566]]}}, {"type": "Feature", "properties": {"sec_id": 211, "pri_Drain num": "MD428", "length_m": 2.66, "valley": "Koramangala Challaghatta Valley", "subvalley": "KC_2", "ward_name": "39 - Hagaduru,40 - Varthur", "Corporation": "East"}, "geometry": {"type": "LineString", "coordinates": [[77.748645, 12.947566], [77.748669, 12.947566]]}}, {"type": "Feature", "properties": {"sec_id": 211, "pri_Drain num": "MD428", "length_m": 1.98, "valley": "Koramangala Challaghatta Valley", "subvalley": "KC_2", "ward_name": "39 - Hagaduru,40 - Varthur", "Corporation": "East"}, "geometry": {"type": "LineString", "coordinates": [[77.748669, 12.947566], [77.748686, 12.947558]]}}, {"type": "Feature", "properties": {"sec_id": 211, "pri_Drain num": "MD428", "length_m": 2.81, "valley": "Koramangala Challaghatta Valley", "subvalley": "KC_2", "ward_name": "39 - Hagaduru,40 - Varthur", "Corporation": "East"}, "geometry": {"type": "LineString", "coordinates": [[77.748686, 12.947558], [77.74871, 12.94755]]}}, {"type": "Feature", "properties": {"sec_id": 211, "pri_Drain num": "MD428", "length_m": 1.98, "valley": "Koramangala Challaghatta Valley", "subvalley": "KC_2", "ward_name": "39 - Hagaduru,40 - Varthur", "Corporation": "East"}, "geometry": {"type": "LineString", "coordinates": [[77.74871, 12.94755], [77.748726, 12.947542]]}}, {"type": "Feature", "properties": {"sec_id": 211, "pri_Drain num": "MD428", "length_m": 1.98, "valley": "Koramangala Challaghatta Valley", "subvalley": "KC_2", "ward_name": "39 - Hagaduru,40 - Varthur", "Corporation": "East"}, "geometry": {"type": "LineString", "coordinates": [[77.748726, 12.947542], [77.748743, 12.947534]]}}, {"type": "Feature", "properties": {"sec_id": 211, "pri_Drain num": "MD428", "length_m": 1.98, "valley": "Koramangala Challaghatta Valley", "subvalley": "KC_2", "ward_name": "39 - Hagaduru,40 - Varthur", "Corporation": "East"}, "geometry": {"type": "LineString", "coordinates": [[77.748743, 12.947534], [77.748759, 12.947526]]}}, {"type": "Feature", "properties": {"sec_id": 211, "pri_Drain num": "MD428", "length_m": 1.98, "valley": "Koramangala Challaghatta Valley", "subvalley": "KC_2", "ward_name": "39 - Hagaduru,40 - Varthur", "Corporation": "East"}, "geometry": {"type": "LineString", "coordinates": [[77.748759, 12.947526], [77.748775, 12.947518]]}}, {"type": "Feature", "properties": {"sec_id": 211, "pri_Drain num": "MD428", "length_m": 3.66, "valley": "Koramangala Challaghatta Valley", "subvalley": "KC_2", "ward_name": "39 - Hagaduru,40 - Varthur", "Corporation": "East"}, "geometry": {"type": "LineString", "coordinates": [[77.748775, 12.947518], [77.748808, 12.94751]]}}, {"type": "Feature", "properties": {"sec_id": 211, "pri_Drain num": "MD428", "length_m": 1.98, "valley": "Koramangala Challaghatta Valley", "subvalley": "KC_2", "ward_name": "39 - Hagaduru,40 - Varthur", "Corporation": "East"}, "geometry": {"type": "LineString", "coordinates": [[77.748808, 12.94751], [77.748824, 12.947502]]}}, {"type": "Feature", "properties": {"sec_id": 211, "pri_Drain num": "MD428", "length_m": 1.98, "valley": "Koramangala Challaghatta Valley", "subvalley": "KC_2", "ward_name": "39 - Hagaduru,40 - Varthur", "Corporation": "East"}, "geometry": {"type": "LineString", "coordinates": [[77.748824, 12.947502], [77.748841, 12.947494]]}}, {"type": "Feature", "properties": {"sec_id": 211, "pri_Drain num": "MD428", "length_m": 2.5, "valley": "Koramangala Challaghatta Valley", "subvalley": "KC_2", "ward_name": "39 - Hagaduru,40 - Varthur", "Corporation": "East"}, "geometry": {"type": "LineString", "coordinates": [[77.748841, 12.947494], [77.748857, 12.947478]]}}, {"type": "Feature", "properties": {"sec_id": 211, "pri_Drain num": "MD428", "length_m": 2.81, "valley": "Koramangala Challaghatta Valley", "subvalley": "KC_2", "ward_name": "39 - Hagaduru,40 - Varthur", "Corporation": "East"}, "geometry": {"type": "LineString", "coordinates": [[77.748857, 12.947478], [77.748882, 12.947471]]}}, {"type": "Feature", "properties": {"sec_id": 211, "pri_Drain num": "MD428", "length_m": 3.19, "valley": "Koramangala Challaghatta Valley", "subvalley": "KC_2", "ward_name": "39 - Hagaduru,40 - Varthur", "Corporation": "East"}, "geometry": {"type": "LineString", "coordinates": [[77.748882, 12.947471], [77.748906, 12.947455]]}}, {"type": "Feature", "properties": {"sec_id": 211, "pri_Drain num": "MD428", "length_m": 2.5, "valley": "Koramangala Challaghatta Valley", "subvalley": "KC_2", "ward_name": "39 - Hagaduru,40 - Varthur", "Corporation": "East"}, "geometry": {"type": "LineString", "coordinates": [[77.748906, 12.947455], [77.748923, 12.947439]]}}, {"type": "Feature", "properties": {"sec_id": 211, "pri_Drain num": "MD428", "length_m": 1.98, "valley": "Koramangala Challaghatta Valley", "subvalley": "KC_2", "ward_name": "39 - Hagaduru,40 - Varthur", "Corporation": "East"}, "geometry": {"type": "LineString", "coordinates": [[77.748923, 12.947439], [77.748939, 12.947431]]}}, {"type": "Feature", "properties": {"sec_id": 211, "pri_Drain num": "MD428", "length_m": 2.5, "valley": "Koramangala Challaghatta Valley", "subvalley": "KC_2", "ward_name": "39 - Hagaduru,40 - Varthur", "Corporation": "East"}, "geometry": {"type": "LineString", "coordinates": [[77.748939, 12.947431], [77.748955, 12.947415]]}}, {"type": "Feature", "properties": {"sec_id": 211, "pri_Drain num": "MD428", "length_m": 1.98, "valley": "Koramangala Challaghatta Valley", "subvalley": "KC_2", "ward_name": "39 - Hagaduru,40 - Varthur", "Corporation": "East"}, "geometry": {"type": "LineString", "coordinates": [[77.748955, 12.947415], [77.748972, 12.947407]]}}, {"type": "Feature", "properties": {"sec_id": 211, "pri_Drain num": "MD428", "length_m": 1.78, "valley": "Koramangala Challaghatta Valley", "subvalley": "KC_2", "ward_name": "39 - Hagaduru,40 - Varthur", "Corporation": "East"}, "geometry": {"type": "LineString", "coordinates": [[77.748972, 12.947407], [77.748988, 12.947407]]}}, {"type": "Feature", "properties": {"sec_id": 211, "pri_Drain num": "MD428", "length_m": 1.98, "valley": "Koramangala Challaghatta Valley", "subvalley": "KC_2", "ward_name": "39 - Hagaduru,40 - Varthur", "Corporation": "East"}, "geometry": {"type": "LineString", "coordinates": [[77.748988, 12.947407], [77.749004, 12.947399]]}}, {"type": "Feature", "properties": {"sec_id": 211, "pri_Drain num": "MD428", "length_m": 1.98, "valley": "Koramangala Challaghatta Valley", "subvalley": "KC_2", "ward_name": "39 - Hagaduru,40 - Varthur", "Corporation": "East"}, "geometry": {"type": "LineString", "coordinates": [[77.749004, 12.947399], [77.749021, 12.947391]]}}, {"type": "Feature", "properties": {"sec_id": 211, "pri_Drain num": "MD428", "length_m": 3.19, "valley": "Koramangala Challaghatta Valley", "subvalley": "KC_2", "ward_name": "39 - Hagaduru,40 - Varthur", "Corporation": "East"}, "geometry": {"type": "LineString", "coordinates": [[77.749021, 12.947391], [77.749045, 12.947375]]}}, {"type": "Feature", "properties": {"sec_id": 211, "pri_Drain num": "MD428", "length_m": 1.97, "valley": "Koramangala Challaghatta Valley", "subvalley": "KC_2", "ward_name": "39 - Hagaduru,40 - Varthur", "Corporation": "East"}, "geometry": {"type": "LineString", "coordinates": [[77.749045, 12.947375], [77.749053, 12.947359]]}}, {"type": "Feature", "properties": {"sec_id": 211, "pri_Drain num": "MD428", "length_m": 1.98, "valley": "Koramangala Challaghatta Valley", "subvalley": "KC_2", "ward_name": "39 - Hagaduru,40 - Varthur", "Corporation": "East"}, "geometry": {"type": "LineString", "coordinates": [[77.749053, 12.947359], [77.74907, 12.947351]]}}, {"type": "Feature", "properties": {"sec_id": 211, "pri_Drain num": "MD428", "length_m": 1.97, "valley": "Koramangala Challaghatta Valley", "subvalley": "KC_2", "ward_name": "39 - Hagaduru,40 - Varthur", "Corporation": "East"}, "geometry": {"type": "LineString", "coordinates": [[77.74907, 12.947351], [77.749078, 12.947335]]}}, {"type": "Feature", "properties": {"sec_id": 211, "pri_Drain num": "MD428", "length_m": 1.78, "valley": "Koramangala Challaghatta Valley", "subvalley": "KC_2", "ward_name": "39 - Hagaduru,40 - Varthur", "Corporation": "East"}, "geometry": {"type": "LineString", "coordinates": [[77.749078, 12.947335], [77.749094, 12.947335]]}}, {"type": "Feature", "properties": {"sec_id": 211, "pri_Drain num": "MD428", "length_m": 2.5, "valley": "Koramangala Challaghatta Valley", "subvalley": "KC_2", "ward_name": "39 - Hagaduru,40 - Varthur", "Corporation": "East"}, "geometry": {"type": "LineString", "coordinates": [[77.749094, 12.947335], [77.749111, 12.947319]]}}, {"type": "Feature", "properties": {"sec_id": 211, "pri_Drain num": "MD428", "length_m": 2.5, "valley": "Koramangala Challaghatta Valley", "subvalley": "KC_2", "ward_name": "39 - Hagaduru,40 - Varthur", "Corporation": "East"}, "geometry": {"type": "LineString", "coordinates": [[77.749111, 12.947319], [77.749127, 12.947303]]}}, {"type": "Feature", "properties": {"sec_id": 211, "pri_Drain num": "MD428", "length_m": 1.98, "valley": "Koramangala Challaghatta Valley", "subvalley": "KC_2", "ward_name": "39 - Hagaduru,40 - Varthur", "Corporation": "East"}, "geometry": {"type": "LineString", "coordinates": [[77.749127, 12.947303], [77.749143, 12.947295]]}}, {"type": "Feature", "properties": {"sec_id": 211, "pri_Drain num": "MD428", "length_m": 1.97, "valley": "Koramangala Challaghatta Valley", "subvalley": "KC_2", "ward_name": "39 - Hagaduru,40 - Varthur", "Corporation": "East"}, "geometry": {"type": "LineString", "coordinates": [[77.749143, 12.947295], [77.749151, 12.947279]]}}, {"type": "Feature", "properties": {"sec_id": 211, "pri_Drain num": "MD428", "length_m": 2.5, "valley": "Koramangala Challaghatta Valley", "subvalley": "KC_2", "ward_name": "39 - Hagaduru,40 - Varthur", "Corporation": "East"}, "geometry": {"type": "LineString", "coordinates": [[77.749151, 12.947279], [77.749168, 12.947263]]}}, {"type": "Feature", "properties": {"sec_id": 211, "pri_Drain num": "MD428", "length_m": 2.5, "valley": "Koramangala Challaghatta Valley", "subvalley": "KC_2", "ward_name": "39 - Hagaduru,40 - Varthur", "Corporation": "East"}, "geometry": {"type": "LineString", "coordinates": [[77.749168, 12.947263], [77.749184, 12.947247]]}}, {"type": "Feature", "properties": {"sec_id": 211, "pri_Drain num": "MD428", "length_m": 3.19, "valley": "Koramangala Challaghatta Valley", "subvalley": "KC_2", "ward_name": "39 - Hagaduru,40 - Varthur", "Corporation": "East"}, "geometry": {"type": "LineString", "coordinates": [[77.749184, 12.947247], [77.749209, 12.947231]]}}, {"type": "Feature", "properties": {"sec_id": 211, "pri_Drain num": "MD428", "length_m": 1.98, "valley": "Koramangala Challaghatta Valley", "subvalley": "KC_2", "ward_name": "39 - Hagaduru,40 - Varthur", "Corporation": "East"}, "geometry": {"type": "LineString", "coordinates": [[77.749209, 12.947231], [77.749225, 12.947224]]}}, {"type": "Feature", "properties": {"sec_id": 211, "pri_Drain num": "MD428", "length_m": 1.98, "valley": "Koramangala Challaghatta Valley", "subvalley": "KC_2", "ward_name": "39 - Hagaduru,40 - Varthur", "Corporation": "East"}, "geometry": {"type": "LineString", "coordinates": [[77.749225, 12.947224], [77.749241, 12.947216]]}}, {"type": "Feature", "properties": {"sec_id": 211, "pri_Drain num": "MD428", "length_m": 1.98, "valley": "Koramangala Challaghatta Valley", "subvalley": "KC_2", "ward_name": "39 - Hagaduru,40 - Varthur", "Corporation": "East"}, "geometry": {"type": "LineString", "coordinates": [[77.749241, 12.947216], [77.749258, 12.947208]]}}, {"type": "Feature", "properties": {"sec_id": 211, "pri_Drain num": "MD428", "length_m": 1.98, "valley": "Koramangala Challaghatta Valley", "subvalley": "KC_2", "ward_name": "39 - Hagaduru,40 - Varthur", "Corporation": "East"}, "geometry": {"type": "LineString", "coordinates": [[77.749258, 12.947208], [77.749274, 12.9472]]}}, {"type": "Feature", "properties": {"sec_id": 211, "pri_Drain num": "MD428", "length_m": 1.98, "valley": "Koramangala Challaghatta Valley", "subvalley": "KC_2", "ward_name": "39 - Hagaduru,40 - Varthur", "Corporation": "East"}, "geometry": {"type": "LineString", "coordinates": [[77.749274, 12.9472], [77.74929, 12.947192]]}}, {"type": "Feature", "properties": {"sec_id": 211, "pri_Drain num": "MD428", "length_m": 1.98, "valley": "Koramangala Challaghatta Valley", "subvalley": "KC_2", "ward_name": "39 - Hagaduru,40 - Varthur", "Corporation": "East"}, "geometry": {"type": "LineString", "coordinates": [[77.74929, 12.947192], [77.749307, 12.947184]]}}, {"type": "Feature", "properties": {"sec_id": 211, "pri_Drain num": "MD428", "length_m": 1.98, "valley": "Koramangala Challaghatta Valley", "subvalley": "KC_2", "ward_name": "39 - Hagaduru,40 - Varthur", "Corporation": "East"}, "geometry": {"type": "LineString", "coordinates": [[77.749307, 12.947184], [77.749323, 12.947176]]}}, {"type": "Feature", "properties": {"sec_id": 211, "pri_Drain num": "MD428", "length_m": 1.78, "valley": "Koramangala Challaghatta Valley", "subvalley": "KC_2", "ward_name": "39 - Hagaduru,40 - Varthur", "Corporation": "East"}, "geometry": {"type": "LineString", "coordinates": [[77.749323, 12.947176], [77.74934, 12.947176]]}}, {"type": "Feature", "properties": {"sec_id": 211, "pri_Drain num": "MD428", "length_m": 1.97, "valley": "Koramangala Challaghatta Valley", "subvalley": "KC_2", "ward_name": "39 - Hagaduru,40 - Varthur", "Corporation": "East"}, "geometry": {"type": "LineString", "coordinates": [[77.74934, 12.947176], [77.749348, 12.94716]]}}, {"type": "Feature", "properties": {"sec_id": 211, "pri_Drain num": "MD428", "length_m": 11.26, "valley": "Koramangala Challaghatta Valley", "subvalley": "KC_2", "ward_name": "39 - Hagaduru,40 - Varthur", "Corporation": "East"}, "geometry": {"type": "LineString", "coordinates": [[77.749348, 12.94716], [77.749417, 12.947084]]}}, {"type": "Feature", "properties": {"Drain num": "MD437", "sec_id": 212, "pri_Drain num": "MD441", "length_m": 10.58, "valley": "Koramangala Challaghatta Valley", "subvalley": "KC_2", "ward_name": "39 - Hagaduru,40 - Varthur", "Corporation": "East"}, "geometry": {"type": "LineString", "coordinates": [[77.762517, 12.947494], [77.762517, 12.94759]]}}, {"type": "Feature", "properties": {"Drain num": "MD437", "sec_id": 212, "pri_Drain num": "MD441", "length_m": 7.06, "valley": "Koramangala Challaghatta Valley", "subvalley": "KC_2", "ward_name": "39 - Hagaduru,40 - Varthur", "Corporation": "East"}, "geometry": {"type": "LineString", "coordinates": [[77.762517, 12.94759], [77.762517, 12.947654]]}}, {"type": "Feature", "properties": {"Drain num": "MD437", "sec_id": 212, "pri_Drain num": "MD441", "length_m": 7.06, "valley": "Koramangala Challaghatta Valley", "subvalley": "KC_2", "ward_name": "39 - Hagaduru,40 - Varthur", "Corporation": "East"}, "geometry": {"type": "LineString", "coordinates": [[77.762517, 12.947654], [77.762517, 12.947717]]}}, {"type": "Feature", "properties": {"Drain num": "MD437", "sec_id": 212, "pri_Drain num": "MD441", "length_m": 7.9, "valley": "Koramangala Challaghatta Valley", "subvalley": "KC_2", "ward_name": "39 - Hagaduru,40 - Varthur", "Corporation": "East"}, "geometry": {"type": "LineString", "coordinates": [[77.762517, 12.947717], [77.76255, 12.947781]]}}, {"type": "Feature", "properties": {"Drain num": "MD437", "sec_id": 212, "pri_Drain num": "MD441", "length_m": 7.06, "valley": "Koramangala Challaghatta Valley", "subvalley": "KC_2", "ward_name": "39 - Hagaduru,40 - Varthur", "Corporation": "East"}, "geometry": {"type": "LineString", "coordinates": [[77.76255, 12.947781], [77.76255, 12.947845]]}}, {"type": "Feature", "properties": {"Drain num": "MD437", "sec_id": 212, "pri_Drain num": "MD441", "length_m": 7.06, "valley": "Koramangala Challaghatta Valley", "subvalley": "KC_2", "ward_name": "39 - Hagaduru,40 - Varthur", "Corporation": "East"}, "geometry": {"type": "LineString", "coordinates": [[77.76255, 12.947845], [77.76255, 12.947909]]}}, {"type": "Feature", "properties": {"Drain num": "MD437", "sec_id": 212, "pri_Drain num": "MD441", "length_m": 7.9, "valley": "Koramangala Challaghatta Valley", "subvalley": "KC_2", "ward_name": "39 - Hagaduru,40 - Varthur", "Corporation": "East"}, "geometry": {"type": "LineString", "coordinates": [[77.76255, 12.947909], [77.762583, 12.947972]]}}, {"type": "Feature", "properties": {"Drain num": "MD437", "sec_id": 212, "pri_Drain num": "MD441", "length_m": 7.9, "valley": "Koramangala Challaghatta Valley", "subvalley": "KC_2", "ward_name": "39 - Hagaduru,40 - Varthur", "Corporation": "East"}, "geometry": {"type": "LineString", "coordinates": [[77.762583, 12.947972], [77.762616, 12.948036]]}}, {"type": "Feature", "properties": {"Drain num": "MD437", "sec_id": 212, "pri_Drain num": "MD441", "length_m": 7.06, "valley": "Koramangala Challaghatta Valley", "subvalley": "KC_2", "ward_name": "39 - Hagaduru,40 - Varthur", "Corporation": "East"}, "geometry": {"type": "LineString", "coordinates": [[77.762616, 12.948036], [77.762616, 12.9481]]}}, {"type": "Feature", "properties": {"Drain num": "MD437", "sec_id": 212, "pri_Drain num": "MD441", "length_m": 7.06, "valley": "Koramangala Challaghatta Valley", "subvalley": "KC_2", "ward_name": "39 - Hagaduru,40 - Varthur", "Corporation": "East"}, "geometry": {"type": "LineString", "coordinates": [[77.762616, 12.9481], [77.762616, 12.948164]]}}, {"type": "Feature", "properties": {"Drain num": "MD437", "sec_id": 212, "pri_Drain num": "MD441", "length_m": 7.06, "valley": "Koramangala Challaghatta Valley", "subvalley": "KC_2", "ward_name": "39 - Hagaduru,40 - Varthur", "Corporation": "East"}, "geometry": {"type": "LineString", "coordinates": [[77.762616, 12.948164], [77.762616, 12.948227]]}}, {"type": "Feature", "properties": {"Drain num": "MD437", "sec_id": 212, "pri_Drain num": "MD441", "length_m": 7.06, "valley": "Koramangala Challaghatta Valley", "subvalley": "KC_2", "ward_name": "39 - Hagaduru,40 - Varthur", "Corporation": "East"}, "geometry": {"type": "LineString", "coordinates": [[77.762616, 12.948227], [77.762616, 12.948291]]}}, {"type": "Feature", "properties": {"Drain num": "MD437", "sec_id": 212, "pri_Drain num": "MD441", "length_m": 7.06, "valley": "Koramangala Challaghatta Valley", "subvalley": "KC_2", "ward_name": "39 - Hagaduru,40 - Varthur", "Corporation": "East"}, "geometry": {"type": "LineString", "coordinates": [[77.762616, 12.948291], [77.762616, 12.948355]]}}, {"type": "Feature", "properties": {"Drain num": "MD437", "sec_id": 212, "pri_Drain num": "MD441", "length_m": 7.06, "valley": "Koramangala Challaghatta Valley", "subvalley": "KC_2", "ward_name": "39 - Hagaduru,40 - Varthur", "Corporation": "East"}, "geometry": {"type": "LineString", "coordinates": [[77.762616, 12.948355], [77.762616, 12.948419]]}}, {"type": "Feature", "properties": {"Drain num": "MD437", "sec_id": 212, "pri_Drain num": "MD441", "length_m": 7.06, "valley": "Koramangala Challaghatta Valley", "subvalley": "KC_2", "ward_name": "39 - Hagaduru,40 - Varthur", "Corporation": "East"}, "geometry": {"type": "LineString", "coordinates": [[77.762616, 12.948419], [77.762616, 12.948482]]}}, {"type": "Feature", "properties": {"Drain num": "MD437", "sec_id": 212, "pri_Drain num": "MD441", "length_m": 7.06, "valley": "Koramangala Challaghatta Valley", "subvalley": "KC_2", "ward_name": "39 - Hagaduru,40 - Varthur", "Corporation": "East"}, "geometry": {"type": "LineString", "coordinates": [[77.762616, 12.948482], [77.762616, 12.948546]]}}, {"type": "Feature", "properties": {"Drain num": "MD437", "sec_id": 212, "pri_Drain num": "MD441", "length_m": 7.06, "valley": "Koramangala Challaghatta Valley", "subvalley": "KC_2", "ward_name": "39 - Hagaduru,40 - Varthur", "Corporation": "East"}, "geometry": {"type": "LineString", "coordinates": [[77.762616, 12.948546], [77.762616, 12.94861]]}}, {"type": "Feature", "properties": {"Drain num": "MD437", "sec_id": 212, "pri_Drain num": "MD441", "length_m": 7.06, "valley": "Koramangala Challaghatta Valley", "subvalley": "KC_2", "ward_name": "39 - Hagaduru,40 - Varthur", "Corporation": "East"}, "geometry": {"type": "LineString", "coordinates": [[77.762616, 12.94861], [77.762616, 12.948674]]}}, {"type": "Feature", "properties": {"Drain num": "MD437", "sec_id": 212, "pri_Drain num": "MD441", "length_m": 7.06, "valley": "Koramangala Challaghatta Valley", "subvalley": "KC_2", "ward_name": "39 - Hagaduru,40 - Varthur", "Corporation": "East"}, "geometry": {"type": "LineString", "coordinates": [[77.762616, 12.948674], [77.762616, 12.948737]]}}, {"type": "Feature", "properties": {"Drain num": "MD437", "sec_id": 212, "pri_Drain num": "MD441", "length_m": 7.06, "valley": "Koramangala Challaghatta Valley", "subvalley": "KC_2", "ward_name": "39 - Hagaduru,40 - Varthur", "Corporation": "East"}, "geometry": {"type": "LineString", "coordinates": [[77.762616, 12.948737], [77.762616, 12.948801]]}}, {"type": "Feature", "properties": {"Drain num": "MD437", "sec_id": 212, "pri_Drain num": "MD441", "length_m": 7.06, "valley": "Koramangala Challaghatta Valley", "subvalley": "KC_2", "ward_name": "39 - Hagaduru,40 - Varthur", "Corporation": "East"}, "geometry": {"type": "LineString", "coordinates": [[77.762616, 12.948801], [77.762616, 12.948865]]}}, {"type": "Feature", "properties": {"Drain num": "MD437", "sec_id": 212, "pri_Drain num": "MD441", "length_m": 7.06, "valley": "Koramangala Challaghatta Valley", "subvalley": "KC_2", "ward_name": "39 - Hagaduru,40 - Varthur", "Corporation": "East"}, "geometry": {"type": "LineString", "coordinates": [[77.762616, 12.948865], [77.762616, 12.948928]]}}, {"type": "Feature", "properties": {"Drain num": "MD437", "sec_id": 212, "pri_Drain num": "MD441", "length_m": 11.16, "valley": "Koramangala Challaghatta Valley", "subvalley": "KC_2", "ward_name": "39 - Hagaduru,40 - Varthur", "Corporation": "East"}, "geometry": {"type": "LineString", "coordinates": [[77.762616, 12.948928], [77.762648, 12.949024]]}}, {"type": "Feature", "properties": {"Drain num": "MD437", "sec_id": 212, "pri_Drain num": "MD441", "length_m": 10.01, "valley": "Koramangala Challaghatta Valley", "subvalley": "KC_2", "ward_name": "39 - Hagaduru,40 - Varthur", "Corporation": "East"}, "geometry": {"type": "LineString", "coordinates": [[77.762648, 12.949024], [77.762714, 12.949088]]}}, {"type": "Feature", "properties": {"Drain num": "MD437", "sec_id": 212, "pri_Drain num": "MD441", "length_m": 7.9, "valley": "Koramangala Challaghatta Valley", "subvalley": "KC_2", "ward_name": "39 - Hagaduru,40 - Varthur", "Corporation": "East"}, "geometry": {"type": "LineString", "coordinates": [[77.762714, 12.949088], [77.762746, 12.949152]]}}, {"type": "Feature", "properties": {"Drain num": "MD437", "sec_id": 212, "pri_Drain num": "MD441", "length_m": 7.06, "valley": "Koramangala Challaghatta Valley", "subvalley": "KC_2", "ward_name": "39 - Hagaduru,40 - Varthur", "Corporation": "East"}, "geometry": {"type": "LineString", "coordinates": [[77.762746, 12.949152], [77.762746, 12.949215]]}}, {"type": "Feature", "properties": {"Drain num": "MD437", "sec_id": 212, "pri_Drain num": "MD441", "length_m": 7.9, "valley": "Koramangala Challaghatta Valley", "subvalley": "KC_2", "ward_name": "39 - Hagaduru,40 - Varthur", "Corporation": "East"}, "geometry": {"type": "LineString", "coordinates": [[77.762746, 12.949215], [77.762779, 12.949279]]}}, {"type": "Feature", "properties": {"Drain num": "MD437", "sec_id": 212, "pri_Drain num": "MD441", "length_m": 7.9, "valley": "Koramangala Challaghatta Valley", "subvalley": "KC_2", "ward_name": "39 - Hagaduru,40 - Varthur", "Corporation": "East"}, "geometry": {"type": "LineString", "coordinates": [[77.762779, 12.949279], [77.762812, 12.949343]]}}, {"type": "Feature", "properties": {"Drain num": "MD437", "sec_id": 212, "pri_Drain num": "MD441", "length_m": 7.06, "valley": "Koramangala Challaghatta Valley", "subvalley": "KC_2", "ward_name": "39 - Hagaduru,40 - Varthur", "Corporation": "East"}, "geometry": {"type": "LineString", "coordinates": [[77.762812, 12.949343], [77.762812, 12.949406]]}}, {"type": "Feature", "properties": {"Drain num": "MD437", "sec_id": 212, "pri_Drain num": "MD441", "length_m": 7.9, "valley": "Koramangala Challaghatta Valley", "subvalley": "KC_2", "ward_name": "39 - Hagaduru,40 - Varthur", "Corporation": "East"}, "geometry": {"type": "LineString", "coordinates": [[77.762812, 12.949406], [77.762844, 12.94947]]}}, {"type": "Feature", "properties": {"Drain num": "MD437", "sec_id": 212, "pri_Drain num": "MD441", "length_m": 7.06, "valley": "Koramangala Challaghatta Valley", "subvalley": "KC_2", "ward_name": "39 - Hagaduru,40 - Varthur", "Corporation": "East"}, "geometry": {"type": "LineString", "coordinates": [[77.762844, 12.94947], [77.762844, 12.949534]]}}, {"type": "Feature", "properties": {"Drain num": "MD437", "sec_id": 212, "pri_Drain num": "MD441", "length_m": 7.9, "valley": "Koramangala Challaghatta Valley", "subvalley": "KC_2", "ward_name": "39 - Hagaduru,40 - Varthur", "Corporation": "East"}, "geometry": {"type": "LineString", "coordinates": [[77.762844, 12.949534], [77.762877, 12.949598]]}}, {"type": "Feature", "properties": {"Drain num": "MD437", "sec_id": 212, "pri_Drain num": "MD441", "length_m": 7.9, "valley": "Koramangala Challaghatta Valley", "subvalley": "KC_2", "ward_name": "39 - Hagaduru,40 - Varthur", "Corporation": "East"}, "geometry": {"type": "LineString", "coordinates": [[77.762877, 12.949598], [77.76291, 12.949661]]}}, {"type": "Feature", "properties": {"Drain num": "MD437", "sec_id": 212, "pri_Drain num": "MD441", "length_m": 7.06, "valley": "Koramangala Challaghatta Valley", "subvalley": "KC_2", "ward_name": "39 - Hagaduru,40 - Varthur", "Corporation": "East"}, "geometry": {"type": "LineString", "coordinates": [[77.76291, 12.949661], [77.76291, 12.949725]]}}, {"type": "Feature", "properties": {"Drain num": "MD437", "sec_id": 212, "pri_Drain num": "MD441", "length_m": 7.06, "valley": "Koramangala Challaghatta Valley", "subvalley": "KC_2", "ward_name": "39 - Hagaduru,40 - Varthur", "Corporation": "East"}, "geometry": {"type": "LineString", "coordinates": [[77.76291, 12.949725], [77.76291, 12.949789]]}}, {"type": "Feature", "properties": {"Drain num": "MD437", "sec_id": 212, "pri_Drain num": "MD441", "length_m": 7.06, "valley": "Koramangala Challaghatta Valley", "subvalley": "KC_2", "ward_name": "39 - Hagaduru,40 - Varthur", "Corporation": "East"}, "geometry": {"type": "LineString", "coordinates": [[77.76291, 12.949789], [77.76291, 12.949853]]}}, {"type": "Feature", "properties": {"Drain num": "MD437", "sec_id": 212, "pri_Drain num": "MD441", "length_m": 7.06, "valley": "Koramangala Challaghatta Valley", "subvalley": "KC_2", "ward_name": "39 - Hagaduru,40 - Varthur", "Corporation": "East"}, "geometry": {"type": "LineString", "coordinates": [[77.76291, 12.949853], [77.76291, 12.949916]]}}, {"type": "Feature", "properties": {"Drain num": "MD437", "sec_id": 212, "pri_Drain num": "MD441", "length_m": 7.06, "valley": "Koramangala Challaghatta Valley", "subvalley": "KC_2", "ward_name": "39 - Hagaduru,40 - Varthur", "Corporation": "East"}, "geometry": {"type": "LineString", "coordinates": [[77.76291, 12.949916], [77.76291, 12.94998]]}}, {"type": "Feature", "properties": {"Drain num": "MD437", "sec_id": 212, "pri_Drain num": "MD441", "length_m": 7.06, "valley": "Koramangala Challaghatta Valley", "subvalley": "KC_2", "ward_name": "39 - Hagaduru,40 - Varthur", "Corporation": "East"}, "geometry": {"type": "LineString", "coordinates": [[77.76291, 12.94998], [77.76291, 12.950044]]}}, {"type": "Feature", "properties": {"Drain num": "MD437", "sec_id": 212, "pri_Drain num": "MD441", "length_m": 7.9, "valley": "Koramangala Challaghatta Valley", "subvalley": "KC_2", "ward_name": "39 - Hagaduru,40 - Varthur", "Corporation": "East"}, "geometry": {"type": "LineString", "coordinates": [[77.76291, 12.950044], [77.762943, 12.950108]]}}, {"type": "Feature", "properties": {"Drain num": "MD437", "sec_id": 212, "pri_Drain num": "MD441", "length_m": 7.06, "valley": "Koramangala Challaghatta Valley", "subvalley": "KC_2", "ward_name": "39 - Hagaduru,40 - Varthur", "Corporation": "East"}, "geometry": {"type": "LineString", "coordinates": [[77.762943, 12.950108], [77.762943, 12.950171]]}}, {"type": "Feature", "properties": {"Drain num": "MD437", "sec_id": 212, "pri_Drain num": "MD441", "length_m": 7.06, "valley": "Koramangala Challaghatta Valley", "subvalley": "KC_2", "ward_name": "39 - Hagaduru,40 - Varthur", "Corporation": "East"}, "geometry": {"type": "LineString", "coordinates": [[77.762943, 12.950171], [77.762943, 12.950235]]}}, {"type": "Feature", "properties": {"Drain num": "MD437", "sec_id": 212, "pri_Drain num": "MD441", "length_m": 7.06, "valley": "Koramangala Challaghatta Valley", "subvalley": "KC_2", "ward_name": "39 - Hagaduru,40 - Varthur", "Corporation": "East"}, "geometry": {"type": "LineString", "coordinates": [[77.762943, 12.950235], [77.762943, 12.950299]]}}, {"type": "Feature", "properties": {"Drain num": "MD437", "sec_id": 212, "pri_Drain num": "MD441", "length_m": 7.06, "valley": "Koramangala Challaghatta Valley", "subvalley": "KC_2", "ward_name": "39 - Hagaduru,40 - Varthur", "Corporation": "East"}, "geometry": {"type": "LineString", "coordinates": [[77.762943, 12.950299], [77.762943, 12.950363]]}}, {"type": "Feature", "properties": {"Drain num": "MD437", "sec_id": 212, "pri_Drain num": "MD441", "length_m": 7.06, "valley": "Koramangala Challaghatta Valley", "subvalley": "KC_2", "ward_name": "39 - Hagaduru,40 - Varthur", "Corporation": "East"}, "geometry": {"type": "LineString", "coordinates": [[77.762943, 12.950363], [77.762943, 12.950426]]}}, {"type": "Feature", "properties": {"Drain num": "MD437", "sec_id": 212, "pri_Drain num": "MD441", "length_m": 7.06, "valley": "Koramangala Challaghatta Valley", "subvalley": "KC_2", "ward_name": "39 - Hagaduru,40 - Varthur", "Corporation": "East"}, "geometry": {"type": "LineString", "coordinates": [[77.762943, 12.950426], [77.762943, 12.95049]]}}, {"type": "Feature", "properties": {"Drain num": "MD437", "sec_id": 212, "pri_Drain num": "MD441", "length_m": 10.58, "valley": "Koramangala Challaghatta Valley", "subvalley": "KC_2", "ward_name": "39 - Hagaduru,40 - Varthur", "Corporation": "East"}, "geometry": {"type": "LineString", "coordinates": [[77.762943, 12.95049], [77.762943, 12.950586]]}}, {"type": "Feature", "properties": {"Drain num": "MD437", "sec_id": 212, "pri_Drain num": "MD441", "length_m": 7.06, "valley": "Koramangala Challaghatta Valley", "subvalley": "KC_2", "ward_name": "39 - Hagaduru,40 - Varthur", "Corporation": "East"}, "geometry": {"type": "LineString", "coordinates": [[77.762943, 12.950586], [77.762943, 12.950649]]}}, {"type": "Feature", "properties": {"Drain num": "MD437", "sec_id": 212, "pri_Drain num": "MD441", "length_m": 7.06, "valley": "Koramangala Challaghatta Valley", "subvalley": "KC_2", "ward_name": "39 - Hagaduru,40 - Varthur", "Corporation": "East"}, "geometry": {"type": "LineString", "coordinates": [[77.762943, 12.950649], [77.762943, 12.950713]]}}, {"type": "Feature", "properties": {"Drain num": "MD437", "sec_id": 212, "pri_Drain num": "MD441", "length_m": 7.06, "valley": "Koramangala Challaghatta Valley", "subvalley": "KC_2", "ward_name": "39 - Hagaduru,40 - Varthur", "Corporation": "East"}, "geometry": {"type": "LineString", "coordinates": [[77.762943, 12.950713], [77.762943, 12.950777]]}}, {"type": "Feature", "properties": {"Drain num": "MD437", "sec_id": 212, "pri_Drain num": "MD441", "length_m": 7.06, "valley": "Koramangala Challaghatta Valley", "subvalley": "KC_2", "ward_name": "39 - Hagaduru,40 - Varthur", "Corporation": "East"}, "geometry": {"type": "LineString", "coordinates": [[77.762943, 12.950777], [77.762943, 12.950841]]}}, {"type": "Feature", "properties": {"Drain num": "MD437", "sec_id": 212, "pri_Drain num": "MD441", "length_m": 7.06, "valley": "Koramangala Challaghatta Valley", "subvalley": "KC_2", "ward_name": "39 - Hagaduru,40 - Varthur", "Corporation": "East"}, "geometry": {"type": "LineString", "coordinates": [[77.762943, 12.950841], [77.762943, 12.950904]]}}, {"type": "Feature", "properties": {"Drain num": "MD437", "sec_id": 212, "pri_Drain num": "MD441", "length_m": 7.06, "valley": "Koramangala Challaghatta Valley", "subvalley": "KC_2", "ward_name": "39 - Hagaduru,40 - Varthur", "Corporation": "East"}, "geometry": {"type": "LineString", "coordinates": [[77.762943, 12.950904], [77.762943, 12.950968]]}}, {"type": "Feature", "properties": {"Drain num": "MD437", "sec_id": 212, "pri_Drain num": "MD441", "length_m": 7.06, "valley": "Koramangala Challaghatta Valley", "subvalley": "KC_2", "ward_name": "39 - Hagaduru,40 - Varthur", "Corporation": "East"}, "geometry": {"type": "LineString", "coordinates": [[77.762943, 12.950968], [77.762943, 12.951032]]}}, {"type": "Feature", "properties": {"Drain num": "MD437", "sec_id": 212, "pri_Drain num": "MD441", "length_m": 7.9, "valley": "Koramangala Challaghatta Valley", "subvalley": "KC_2", "ward_name": "39 - Hagaduru,40 - Varthur", "Corporation": "East"}, "geometry": {"type": "LineString", "coordinates": [[77.762943, 12.951032], [77.76291, 12.951095]]}}, {"type": "Feature", "properties": {"Drain num": "MD437", "sec_id": 212, "pri_Drain num": "MD441", "length_m": 7.9, "valley": "Koramangala Challaghatta Valley", "subvalley": "KC_2", "ward_name": "39 - Hagaduru,40 - Varthur", "Corporation": "East"}, "geometry": {"type": "LineString", "coordinates": [[77.76291, 12.951095], [77.762877, 12.951159]]}}, {"type": "Feature", "properties": {"Drain num": "MD437", "sec_id": 212, "pri_Drain num": "MD441", "length_m": 7.06, "valley": "Koramangala Challaghatta Valley", "subvalley": "KC_2", "ward_name": "39 - Hagaduru,40 - Varthur", "Corporation": "East"}, "geometry": {"type": "LineString", "coordinates": [[77.762877, 12.951159], [77.762877, 12.951223]]}}, {"type": "Feature", "properties": {"Drain num": "MD437", "sec_id": 212, "pri_Drain num": "MD441", "length_m": 7.93, "valley": "Koramangala Challaghatta Valley", "subvalley": "KC_2", "ward_name": "39 - Hagaduru,40 - Varthur", "Corporation": "East"}, "geometry": {"type": "LineString", "coordinates": [[77.762877, 12.951223], [77.762812, 12.951255]]}}, {"type": "Feature", "properties": {"Drain num": "MD437", "sec_id": 212, "pri_Drain num": "MD441", "length_m": 7.06, "valley": "Koramangala Challaghatta Valley", "subvalley": "KC_2", "ward_name": "39 - Hagaduru,40 - Varthur", "Corporation": "East"}, "geometry": {"type": "LineString", "coordinates": [[77.762812, 12.951255], [77.762812, 12.951319]]}}, {"type": "Feature", "properties": {"Drain num": "MD437", "sec_id": 212, "pri_Drain num": "MD441", "length_m": 7.9, "valley": "Koramangala Challaghatta Valley", "subvalley": "KC_2", "ward_name": "39 - Hagaduru,40 - Varthur", "Corporation": "East"}, "geometry": {"type": "LineString", "coordinates": [[77.762812, 12.951319], [77.762779, 12.951382]]}}, {"type": "Feature", "properties": {"Drain num": "MD437", "sec_id": 212, "pri_Drain num": "MD441", "length_m": 7.93, "valley": "Koramangala Challaghatta Valley", "subvalley": "KC_2", "ward_name": "39 - Hagaduru,40 - Varthur", "Corporation": "East"}, "geometry": {"type": "LineString", "coordinates": [[77.762779, 12.951382], [77.762714, 12.951414]]}}, {"type": "Feature", "properties": {"Drain num": "MD437", "sec_id": 212, "pri_Drain num": "MD441", "length_m": 7.06, "valley": "Koramangala Challaghatta Valley", "subvalley": "KC_2", "ward_name": "39 - Hagaduru,40 - Varthur", "Corporation": "East"}, "geometry": {"type": "LineString", "coordinates": [[77.762714, 12.951414], [77.762714, 12.951478]]}}, {"type": "Feature", "properties": {"Drain num": "MD437", "sec_id": 212, "pri_Drain num": "MD441", "length_m": 7.9, "valley": "Koramangala Challaghatta Valley", "subvalley": "KC_2", "ward_name": "39 - Hagaduru,40 - Varthur", "Corporation": "East"}, "geometry": {"type": "LineString", "coordinates": [[77.762714, 12.951478], [77.762681, 12.951542]]}}, {"type": "Feature", "properties": {"Drain num": "MD437", "sec_id": 212, "pri_Drain num": "MD441", "length_m": 7.9, "valley": "Koramangala Challaghatta Valley", "subvalley": "KC_2", "ward_name": "39 - Hagaduru,40 - Varthur", "Corporation": "East"}, "geometry": {"type": "LineString", "coordinates": [[77.762681, 12.951542], [77.762648, 12.951605]]}}, {"type": "Feature", "properties": {"Drain num": "MD437", "sec_id": 212, "pri_Drain num": "MD441", "length_m": 7.9, "valley": "Koramangala Challaghatta Valley", "subvalley": "KC_2", "ward_name": "39 - Hagaduru,40 - Varthur", "Corporation": "East"}, "geometry": {"type": "LineString", "coordinates": [[77.762648, 12.951605], [77.762616, 12.951669]]}}, {"type": "Feature", "properties": {"Drain num": "MD437", "sec_id": 212, "pri_Drain num": "MD441", "length_m": 7.9, "valley": "Koramangala Challaghatta Valley", "subvalley": "KC_2", "ward_name": "39 - Hagaduru,40 - Varthur", "Corporation": "East"}, "geometry": {"type": "LineString", "coordinates": [[77.762616, 12.951669], [77.762583, 12.951733]]}}, {"type": "Feature", "properties": {"Drain num": "MD437", "sec_id": 212, "pri_Drain num": "MD441", "length_m": 7.06, "valley": "Koramangala Challaghatta Valley", "subvalley": "KC_2", "ward_name": "39 - Hagaduru,40 - Varthur", "Corporation": "East"}, "geometry": {"type": "LineString", "coordinates": [[77.762583, 12.951733], [77.762583, 12.951797]]}}, {"type": "Feature", "properties": {"Drain num": "MD437", "sec_id": 212, "pri_Drain num": "MD441", "length_m": 7.06, "valley": "Koramangala Challaghatta Valley", "subvalley": "KC_2", "ward_name": "39 - Hagaduru,40 - Varthur", "Corporation": "East"}, "geometry": {"type": "LineString", "coordinates": [[77.762583, 12.951797], [77.762583, 12.95186]]}}, {"type": "Feature", "properties": {"Drain num": "MD437", "sec_id": 212, "pri_Drain num": "MD441", "length_m": 7.06, "valley": "Koramangala Challaghatta Valley", "subvalley": "KC_2", "ward_name": "39 - Hagaduru,40 - Varthur", "Corporation": "East"}, "geometry": {"type": "LineString", "coordinates": [[77.762583, 12.95186], [77.762583, 12.951924]]}}, {"type": "Feature", "properties": {"Drain num": "MD437", "sec_id": 212, "pri_Drain num": "MD441", "length_m": 7.06, "valley": "Koramangala Challaghatta Valley", "subvalley": "KC_2", "ward_name": "39 - Hagaduru,40 - Varthur", "Corporation": "East"}, "geometry": {"type": "LineString", "coordinates": [[77.762583, 12.951924], [77.762583, 12.951988]]}}, {"type": "Feature", "properties": {"Drain num": "MD437", "sec_id": 212, "pri_Drain num": "MD441", "length_m": 7.06, "valley": "Koramangala Challaghatta Valley", "subvalley": "KC_2", "ward_name": "39 - Hagaduru,40 - Varthur", "Corporation": "East"}, "geometry": {"type": "LineString", "coordinates": [[77.762583, 12.951988], [77.762583, 12.952052]]}}, {"type": "Feature", "properties": {"Drain num": "MD437", "sec_id": 212, "pri_Drain num": "MD441", "length_m": 7.06, "valley": "Koramangala Challaghatta Valley", "subvalley": "KC_2", "ward_name": "39 - Hagaduru,40 - Varthur", "Corporation": "East"}, "geometry": {"type": "LineString", "coordinates": [[77.762583, 12.952052], [77.762583, 12.952115]]}}, {"type": "Feature", "properties": {"Drain num": "MD437", "sec_id": 212, "pri_Drain num": "MD441", "length_m": 7.06, "valley": "Koramangala Challaghatta Valley", "subvalley": "KC_2", "ward_name": "39 - Hagaduru,40 - Varthur", "Corporation": "East"}, "geometry": {"type": "LineString", "coordinates": [[77.762583, 12.952115], [77.762583, 12.952179]]}}, {"type": "Feature", "properties": {"Drain num": "MD437", "sec_id": 212, "pri_Drain num": "MD441", "length_m": 7.06, "valley": "Koramangala Challaghatta Valley", "subvalley": "KC_2", "ward_name": "39 - Hagaduru,40 - Varthur", "Corporation": "East"}, "geometry": {"type": "LineString", "coordinates": [[77.762583, 12.952179], [77.762583, 12.952243]]}}, {"type": "Feature", "properties": {"Drain num": "MD437", "sec_id": 212, "pri_Drain num": "MD441", "length_m": 7.06, "valley": "Koramangala Challaghatta Valley", "subvalley": "KC_2", "ward_name": "39 - Hagaduru,40 - Varthur", "Corporation": "East"}, "geometry": {"type": "LineString", "coordinates": [[77.762583, 12.952243], [77.762583, 12.952306]]}}, {"type": "Feature", "properties": {"Drain num": "MD437", "sec_id": 212, "pri_Drain num": "MD441", "length_m": 7.9, "valley": "Koramangala Challaghatta Valley", "subvalley": "KC_2", "ward_name": "39 - Hagaduru,40 - Varthur", "Corporation": "East"}, "geometry": {"type": "LineString", "coordinates": [[77.762583, 12.952306], [77.76255, 12.95237]]}}, {"type": "Feature", "properties": {"Drain num": "MD437", "sec_id": 212, "pri_Drain num": "MD441", "length_m": 7.9, "valley": "Koramangala Challaghatta Valley", "subvalley": "KC_2", "ward_name": "39 - Hagaduru,40 - Varthur", "Corporation": "East"}, "geometry": {"type": "LineString", "coordinates": [[77.76255, 12.95237], [77.762517, 12.952434]]}}, {"type": "Feature", "properties": {"Drain num": "MD437", "sec_id": 212, "pri_Drain num": "MD441", "length_m": 7.9, "valley": "Koramangala Challaghatta Valley", "subvalley": "KC_2", "ward_name": "39 - Hagaduru,40 - Varthur", "Corporation": "East"}, "geometry": {"type": "LineString", "coordinates": [[77.762517, 12.952434], [77.762485, 12.952498]]}}, {"type": "Feature", "properties": {"Drain num": "MD437", "sec_id": 212, "pri_Drain num": "MD441", "length_m": 7.06, "valley": "Koramangala Challaghatta Valley", "subvalley": "KC_2", "ward_name": "39 - Hagaduru,40 - Varthur", "Corporation": "East"}, "geometry": {"type": "LineString", "coordinates": [[77.762485, 12.952498], [77.762485, 12.952561]]}}, {"type": "Feature", "properties": {"Drain num": "MD437", "sec_id": 212, "pri_Drain num": "MD441", "length_m": 7.06, "valley": "Koramangala Challaghatta Valley", "subvalley": "KC_2", "ward_name": "39 - Hagaduru,40 - Varthur", "Corporation": "East"}, "geometry": {"type": "LineString", "coordinates": [[77.762485, 12.952561], [77.762485, 12.952625]]}}, {"type": "Feature", "properties": {"Drain num": "MD437", "sec_id": 212, "pri_Drain num": "MD441", "length_m": 7.9, "valley": "Koramangala Challaghatta Valley", "subvalley": "KC_2", "ward_name": "39 - Hagaduru,40 - Varthur", "Corporation": "East"}, "geometry": {"type": "LineString", "coordinates": [[77.762485, 12.952625], [77.762452, 12.952689]]}}, {"type": "Feature", "properties": {"Drain num": "MD437", "sec_id": 212, "pri_Drain num": "MD441", "length_m": 7.06, "valley": "Koramangala Challaghatta Valley", "subvalley": "KC_2", "ward_name": "39 - Hagaduru,40 - Varthur", "Corporation": "East"}, "geometry": {"type": "LineString", "coordinates": [[77.762452, 12.952689], [77.762452, 12.952753]]}}, {"type": "Feature", "properties": {"Drain num": "MD437", "sec_id": 212, "pri_Drain num": "MD441", "length_m": 7.06, "valley": "Koramangala Challaghatta Valley", "subvalley": "KC_2", "ward_name": "39 - Hagaduru,40 - Varthur", "Corporation": "East"}, "geometry": {"type": "LineString", "coordinates": [[77.762452, 12.952753], [77.762452, 12.952816]]}}, {"type": "Feature", "properties": {"Drain num": "MD437", "sec_id": 212, "pri_Drain num": "MD441", "length_m": 7.06, "valley": "Koramangala Challaghatta Valley", "subvalley": "KC_2", "ward_name": "39 - Hagaduru,40 - Varthur", "Corporation": "East"}, "geometry": {"type": "LineString", "coordinates": [[77.762452, 12.952816], [77.762452, 12.95288]]}}, {"type": "Feature", "properties": {"Drain num": "MD437", "sec_id": 212, "pri_Drain num": "MD441", "length_m": 7.06, "valley": "Koramangala Challaghatta Valley", "subvalley": "KC_2", "ward_name": "39 - Hagaduru,40 - Varthur", "Corporation": "East"}, "geometry": {"type": "LineString", "coordinates": [[77.762452, 12.95288], [77.762452, 12.952944]]}}, {"type": "Feature", "properties": {"Drain num": "MD437", "sec_id": 212, "pri_Drain num": "MD441", "length_m": 7.06, "valley": "Koramangala Challaghatta Valley", "subvalley": "KC_2", "ward_name": "39 - Hagaduru,40 - Varthur", "Corporation": "East"}, "geometry": {"type": "LineString", "coordinates": [[77.762452, 12.952944], [77.762452, 12.953008]]}}, {"type": "Feature", "properties": {"Drain num": "MD437", "sec_id": 212, "pri_Drain num": "MD441", "length_m": 7.06, "valley": "Koramangala Challaghatta Valley", "subvalley": "KC_2", "ward_name": "39 - Hagaduru,40 - Varthur", "Corporation": "East"}, "geometry": {"type": "LineString", "coordinates": [[77.762452, 12.953008], [77.762452, 12.953071]]}}, {"type": "Feature", "properties": {"Drain num": "MD437", "sec_id": 212, "pri_Drain num": "MD441", "length_m": 7.9, "valley": "Koramangala Challaghatta Valley", "subvalley": "KC_2", "ward_name": "39 - Hagaduru,40 - Varthur", "Corporation": "East"}, "geometry": {"type": "LineString", "coordinates": [[77.762452, 12.953071], [77.762485, 12.953135]]}}, {"type": "Feature", "properties": {"Drain num": "MD437", "sec_id": 212, "pri_Drain num": "MD441", "length_m": 7.9, "valley": "Koramangala Challaghatta Valley", "subvalley": "KC_2", "ward_name": "39 - Hagaduru,40 - Varthur", "Corporation": "East"}, "geometry": {"type": "LineString", "coordinates": [[77.762485, 12.953135], [77.762517, 12.953199]]}}, {"type": "Feature", "properties": {"Drain num": "MD437", "sec_id": 212, "pri_Drain num": "MD441", "length_m": 7.06, "valley": "Koramangala Challaghatta Valley", "subvalley": "KC_2", "ward_name": "39 - Hagaduru,40 - Varthur", "Corporation": "East"}, "geometry": {"type": "LineString", "coordinates": [[77.762517, 12.953199], [77.762517, 12.953262]]}}, {"type": "Feature", "properties": {"Drain num": "MD437", "sec_id": 212, "pri_Drain num": "MD441", "length_m": 7.9, "valley": "Koramangala Challaghatta Valley", "subvalley": "KC_2", "ward_name": "39 - Hagaduru,40 - Varthur", "Corporation": "East"}, "geometry": {"type": "LineString", "coordinates": [[77.762517, 12.953262], [77.76255, 12.953326]]}}, {"type": "Feature", "properties": {"Drain num": "MD437", "sec_id": 212, "pri_Drain num": "MD441", "length_m": 7.06, "valley": "Koramangala Challaghatta Valley", "subvalley": "KC_2", "ward_name": "39 - Hagaduru,40 - Varthur", "Corporation": "East"}, "geometry": {"type": "LineString", "coordinates": [[77.76255, 12.953326], [77.76255, 12.95339]]}}, {"type": "Feature", "properties": {"Drain num": "MD437", "sec_id": 212, "pri_Drain num": "MD441", "length_m": 7.9, "valley": "Koramangala Challaghatta Valley", "subvalley": "KC_2", "ward_name": "39 - Hagaduru,40 - Varthur", "Corporation": "East"}, "geometry": {"type": "LineString", "coordinates": [[77.76255, 12.95339], [77.762583, 12.953454]]}}, {"type": "Feature", "properties": {"Drain num": "MD437", "sec_id": 212, "pri_Drain num": "MD441", "length_m": 7.06, "valley": "Koramangala Challaghatta Valley", "subvalley": "KC_2", "ward_name": "39 - Hagaduru,40 - Varthur", "Corporation": "East"}, "geometry": {"type": "LineString", "coordinates": [[77.762583, 12.953454], [77.762583, 12.953517]]}}, {"type": "Feature", "properties": {"Drain num": "MD437", "sec_id": 212, "pri_Drain num": "MD441", "length_m": 7.9, "valley": "Koramangala Challaghatta Valley", "subvalley": "KC_2", "ward_name": "39 - Hagaduru,40 - Varthur", "Corporation": "East"}, "geometry": {"type": "LineString", "coordinates": [[77.762583, 12.953517], [77.762616, 12.953581]]}}, {"type": "Feature", "properties": {"Drain num": "MD437", "sec_id": 212, "pri_Drain num": "MD441", "length_m": 7.06, "valley": "Koramangala Challaghatta Valley", "subvalley": "KC_2", "ward_name": "39 - Hagaduru,40 - Varthur", "Corporation": "East"}, "geometry": {"type": "LineString", "coordinates": [[77.762616, 12.953581], [77.762616, 12.953645]]}}, {"type": "Feature", "properties": {"Drain num": "MD437", "sec_id": 212, "pri_Drain num": "MD441", "length_m": 11.16, "valley": "Koramangala Challaghatta Valley", "subvalley": "KC_2", "ward_name": "39 - Hagaduru,40 - Varthur", "Corporation": "East"}, "geometry": {"type": "LineString", "coordinates": [[77.762616, 12.953645], [77.762648, 12.95374]]}}, {"type": "Feature", "properties": {"Drain num": "MD437", "sec_id": 212, "pri_Drain num": "MD441", "length_m": 7.06, "valley": "Koramangala Challaghatta Valley", "subvalley": "KC_2", "ward_name": "39 - Hagaduru,40 - Varthur", "Corporation": "East"}, "geometry": {"type": "LineString", "coordinates": [[77.762648, 12.95374], [77.762648, 12.953804]]}}, {"type": "Feature", "properties": {"Drain num": "MD437", "sec_id": 212, "pri_Drain num": "MD441", "length_m": 7.06, "valley": "Koramangala Challaghatta Valley", "subvalley": "KC_2", "ward_name": "39 - Hagaduru,40 - Varthur", "Corporation": "East"}, "geometry": {"type": "LineString", "coordinates": [[77.762648, 12.953804], [77.762648, 12.953868]]}}, {"type": "Feature", "properties": {"Drain num": "MD437", "sec_id": 212, "pri_Drain num": "MD441", "length_m": 7.9, "valley": "Koramangala Challaghatta Valley", "subvalley": "KC_2", "ward_name": "39 - Hagaduru,40 - Varthur", "Corporation": "East"}, "geometry": {"type": "LineString", "coordinates": [[77.762648, 12.953868], [77.762681, 12.953932]]}}, {"type": "Feature", "properties": {"Drain num": "MD437", "sec_id": 212, "pri_Drain num": "MD441", "length_m": 7.06, "valley": "Koramangala Challaghatta Valley", "subvalley": "KC_2", "ward_name": "39 - Hagaduru,40 - Varthur", "Corporation": "East"}, "geometry": {"type": "LineString", "coordinates": [[77.762681, 12.953932], [77.762681, 12.953995]]}}, {"type": "Feature", "properties": {"Drain num": "MD437", "sec_id": 212, "pri_Drain num": "MD441", "length_m": 7.06, "valley": "Koramangala Challaghatta Valley", "subvalley": "KC_2", "ward_name": "39 - Hagaduru,40 - Varthur", "Corporation": "East"}, "geometry": {"type": "LineString", "coordinates": [[77.762681, 12.953995], [77.762681, 12.954059]]}}, {"type": "Feature", "properties": {"Drain num": "MD437", "sec_id": 212, "pri_Drain num": "MD441", "length_m": 10.58, "valley": "Koramangala Challaghatta Valley", "subvalley": "KC_2", "ward_name": "39 - Hagaduru,40 - Varthur", "Corporation": "East"}, "geometry": {"type": "LineString", "coordinates": [[77.762681, 12.954059], [77.762681, 12.954155]]}}, {"type": "Feature", "properties": {"Drain num": "MD437", "sec_id": 212, "pri_Drain num": "MD441", "length_m": 10.58, "valley": "Koramangala Challaghatta Valley", "subvalley": "KC_2", "ward_name": "39 - Hagaduru,40 - Varthur", "Corporation": "East"}, "geometry": {"type": "LineString", "coordinates": [[77.762681, 12.954155], [77.762681, 12.95425]]}}, {"type": "Feature", "properties": {"Drain num": "MD437", "sec_id": 212, "pri_Drain num": "MD441", "length_m": 7.06, "valley": "Koramangala Challaghatta Valley", "subvalley": "KC_2", "ward_name": "39 - Hagaduru,40 - Varthur", "Corporation": "East"}, "geometry": {"type": "LineString", "coordinates": [[77.762681, 12.95425], [77.762681, 12.954314]]}}, {"type": "Feature", "properties": {"Drain num": "MD437", "sec_id": 212, "pri_Drain num": "MD441", "length_m": 7.06, "valley": "Koramangala Challaghatta Valley", "subvalley": "KC_2", "ward_name": "39 - Hagaduru,40 - Varthur", "Corporation": "East"}, "geometry": {"type": "LineString", "coordinates": [[77.762681, 12.954314], [77.762681, 12.954378]]}}, {"type": "Feature", "properties": {"Drain num": "MD437", "sec_id": 212, "pri_Drain num": "MD441", "length_m": 7.06, "valley": "Koramangala Challaghatta Valley", "subvalley": "KC_2", "ward_name": "39 - Hagaduru,40 - Varthur", "Corporation": "East"}, "geometry": {"type": "LineString", "coordinates": [[77.762681, 12.954378], [77.762681, 12.954442]]}}, {"type": "Feature", "properties": {"Drain num": "MD437", "sec_id": 212, "pri_Drain num": "MD441", "length_m": 7.06, "valley": "Koramangala Challaghatta Valley", "subvalley": "KC_2", "ward_name": "39 - Hagaduru,40 - Varthur", "Corporation": "East"}, "geometry": {"type": "LineString", "coordinates": [[77.762681, 12.954442], [77.762681, 12.954505]]}}, {"type": "Feature", "properties": {"Drain num": "MD437", "sec_id": 212, "pri_Drain num": "MD441", "length_m": 10.58, "valley": "Koramangala Challaghatta Valley", "subvalley": "KC_2", "ward_name": "39 - Hagaduru,40 - Varthur", "Corporation": "East"}, "geometry": {"type": "LineString", "coordinates": [[77.762681, 12.954505], [77.762681, 12.954601]]}}, {"type": "Feature", "properties": {"Drain num": "MD437", "sec_id": 212, "pri_Drain num": "MD441", "length_m": 7.06, "valley": "Koramangala Challaghatta Valley", "subvalley": "KC_2", "ward_name": "39 - Hagaduru,40 - Varthur", "Corporation": "East"}, "geometry": {"type": "LineString", "coordinates": [[77.762681, 12.954601], [77.762681, 12.954665]]}}, {"type": "Feature", "properties": {"Drain num": "MD437", "sec_id": 212, "pri_Drain num": "MD441", "length_m": 43.11, "valley": "Koramangala Challaghatta Valley", "subvalley": "KC_2", "ward_name": "39 - Hagaduru,40 - Varthur", "Corporation": "East"}, "geometry": {"type": "LineString", "coordinates": [[77.762681, 12.954665], [77.762649, 12.955053]]}}, {"type": "Feature", "properties": {"Drain num": "MD437", "sec_id": 212, "pri_Drain num": "MD441", "length_m": 43.01, "valley": "Koramangala Challaghatta Valley", "subvalley": "KC_2", "ward_name": "39 - Hagaduru,40 - Varthur", "Corporation": "East"}, "geometry": {"type": "LineString", "coordinates": [[77.762649, 12.955053], [77.762746, 12.955429]]}}, {"type": "Feature", "properties": {"Drain num": "MD437", "sec_id": 212, "pri_Drain num": "MD441", "length_m": 7.9, "valley": "Koramangala Challaghatta Valley", "subvalley": "KC_2", "ward_name": "39 - Hagaduru,40 - Varthur", "Corporation": "East"}, "geometry": {"type": "LineString", "coordinates": [[77.762746, 12.955429], [77.762714, 12.955493]]}}, {"type": "Feature", "properties": {"Drain num": "MD437", "sec_id": 212, "pri_Drain num": "MD441", "length_m": 7.06, "valley": "Koramangala Challaghatta Valley", "subvalley": "KC_2", "ward_name": "39 - Hagaduru,40 - Varthur", "Corporation": "East"}, "geometry": {"type": "LineString", "coordinates": [[77.762714, 12.955493], [77.762714, 12.955557]]}}, {"type": "Feature", "properties": {"Drain num": "MD437", "sec_id": 212, "pri_Drain num": "MD441", "length_m": 7.9, "valley": "Koramangala Challaghatta Valley", "subvalley": "KC_2", "ward_name": "39 - Hagaduru,40 - Varthur", "Corporation": "East"}, "geometry": {"type": "LineString", "coordinates": [[77.762714, 12.955557], [77.762681, 12.955621]]}}, {"type": "Feature", "properties": {"Drain num": "MD437", "sec_id": 212, "pri_Drain num": "MD441", "length_m": 7.9, "valley": "Koramangala Challaghatta Valley", "subvalley": "KC_2", "ward_name": "39 - Hagaduru,40 - Varthur", "Corporation": "East"}, "geometry": {"type": "LineString", "coordinates": [[77.762681, 12.955621], [77.762648, 12.955684]]}}, {"type": "Feature", "properties": {"Drain num": "MD437", "sec_id": 212, "pri_Drain num": "MD441", "length_m": 7.06, "valley": "Koramangala Challaghatta Valley", "subvalley": "KC_2", "ward_name": "39 - Hagaduru,40 - Varthur", "Corporation": "East"}, "geometry": {"type": "LineString", "coordinates": [[77.762648, 12.955684], [77.762648, 12.955748]]}}, {"type": "Feature", "properties": {"Drain num": "MD437", "sec_id": 212, "pri_Drain num": "MD441", "length_m": 7.9, "valley": "Koramangala Challaghatta Valley", "subvalley": "KC_2", "ward_name": "39 - Hagaduru,40 - Varthur", "Corporation": "East"}, "geometry": {"type": "LineString", "coordinates": [[77.762648, 12.955748], [77.762616, 12.955812]]}}, {"type": "Feature", "properties": {"Drain num": "MD437", "sec_id": 212, "pri_Drain num": "MD441", "length_m": 7.9, "valley": "Koramangala Challaghatta Valley", "subvalley": "KC_2", "ward_name": "39 - Hagaduru,40 - Varthur", "Corporation": "East"}, "geometry": {"type": "LineString", "coordinates": [[77.762616, 12.955812], [77.762583, 12.955876]]}}, {"type": "Feature", "properties": {"Drain num": "MD437", "sec_id": 212, "pri_Drain num": "MD441", "length_m": 7.93, "valley": "Koramangala Challaghatta Valley", "subvalley": "KC_2", "ward_name": "39 - Hagaduru,40 - Varthur", "Corporation": "East"}, "geometry": {"type": "LineString", "coordinates": [[77.762583, 12.955876], [77.762517, 12.955907]]}}, {"type": "Feature", "properties": {"Drain num": "MD437", "sec_id": 212, "pri_Drain num": "MD441", "length_m": 7.1, "valley": "Koramangala Challaghatta Valley", "subvalley": "KC_2", "ward_name": "39 - Hagaduru,40 - Varthur", "Corporation": "East"}, "geometry": {"type": "LineString", "coordinates": [[77.762517, 12.955907], [77.762452, 12.955907]]}}, {"type": "Feature", "properties": {"Drain num": "MD437", "sec_id": 212, "pri_Drain num": "MD441", "length_m": 7.93, "valley": "Koramangala Challaghatta Valley", "subvalley": "KC_2", "ward_name": "39 - Hagaduru,40 - Varthur", "Corporation": "East"}, "geometry": {"type": "LineString", "coordinates": [[77.762452, 12.955907], [77.762387, 12.955939]]}}, {"type": "Feature", "properties": {"Drain num": "MD437", "sec_id": 212, "pri_Drain num": "MD441", "length_m": 7.1, "valley": "Koramangala Challaghatta Valley", "subvalley": "KC_2", "ward_name": "39 - Hagaduru,40 - Varthur", "Corporation": "East"}, "geometry": {"type": "LineString", "coordinates": [[77.762387, 12.955939], [77.762321, 12.955939]]}}, {"type": "Feature", "properties": {"Drain num": "MD437", "sec_id": 212, "pri_Drain num": "MD441", "length_m": 7.1, "valley": "Koramangala Challaghatta Valley", "subvalley": "KC_2", "ward_name": "39 - Hagaduru,40 - Varthur", "Corporation": "East"}, "geometry": {"type": "LineString", "coordinates": [[77.762321, 12.955939], [77.762256, 12.955939]]}}, {"type": "Feature", "properties": {"Drain num": "MD437", "sec_id": 212, "pri_Drain num": "MD441", "length_m": 7.1, "valley": "Koramangala Challaghatta Valley", "subvalley": "KC_2", "ward_name": "39 - Hagaduru,40 - Varthur", "Corporation": "East"}, "geometry": {"type": "LineString", "coordinates": [[77.762256, 12.955939], [77.76219, 12.955939]]}}, {"type": "Feature", "properties": {"Drain num": "MD437", "sec_id": 212, "pri_Drain num": "MD441", "length_m": 7.1, "valley": "Koramangala Challaghatta Valley", "subvalley": "KC_2", "ward_name": "39 - Hagaduru,40 - Varthur", "Corporation": "East"}, "geometry": {"type": "LineString", "coordinates": [[77.76219, 12.955939], [77.762125, 12.955939]]}}, {"type": "Feature", "properties": {"Drain num": "MD437", "sec_id": 212, "pri_Drain num": "MD441", "length_m": 7.1, "valley": "Koramangala Challaghatta Valley", "subvalley": "KC_2", "ward_name": "39 - Hagaduru,40 - Varthur", "Corporation": "East"}, "geometry": {"type": "LineString", "coordinates": [[77.762125, 12.955939], [77.76206, 12.955939]]}}, {"type": "Feature", "properties": {"Drain num": "MD437", "sec_id": 212, "pri_Drain num": "MD441", "length_m": 7.93, "valley": "Koramangala Challaghatta Valley", "subvalley": "KC_2", "ward_name": "39 - Hagaduru,40 - Varthur", "Corporation": "East"}, "geometry": {"type": "LineString", "coordinates": [[77.76206, 12.955939], [77.761994, 12.955971]]}}, {"type": "Feature", "properties": {"Drain num": "MD437", "sec_id": 212, "pri_Drain num": "MD441", "length_m": 7.93, "valley": "Koramangala Challaghatta Valley", "subvalley": "KC_2", "ward_name": "39 - Hagaduru,40 - Varthur", "Corporation": "East"}, "geometry": {"type": "LineString", "coordinates": [[77.761994, 12.955971], [77.761929, 12.956003]]}}, {"type": "Feature", "properties": {"Drain num": "MD437", "sec_id": 212, "pri_Drain num": "MD441", "length_m": 7.93, "valley": "Koramangala Challaghatta Valley", "subvalley": "KC_2", "ward_name": "39 - Hagaduru,40 - Varthur", "Corporation": "East"}, "geometry": {"type": "LineString", "coordinates": [[77.761929, 12.956003], [77.761863, 12.956035]]}}, {"type": "Feature", "properties": {"Drain num": "MD437", "sec_id": 212, "pri_Drain num": "MD441", "length_m": 7.1, "valley": "Koramangala Challaghatta Valley", "subvalley": "KC_2", "ward_name": "39 - Hagaduru,40 - Varthur", "Corporation": "East"}, "geometry": {"type": "LineString", "coordinates": [[77.761863, 12.956035], [77.761798, 12.956035]]}}, {"type": "Feature", "properties": {"Drain num": "MD437", "sec_id": 212, "pri_Drain num": "MD441", "length_m": 7.1, "valley": "Koramangala Challaghatta Valley", "subvalley": "KC_2", "ward_name": "39 - Hagaduru,40 - Varthur", "Corporation": "East"}, "geometry": {"type": "LineString", "coordinates": [[77.761798, 12.956035], [77.761733, 12.956035]]}}, {"type": "Feature", "properties": {"Drain num": "MD437", "sec_id": 212, "pri_Drain num": "MD441", "length_m": 7.9, "valley": "Koramangala Challaghatta Valley", "subvalley": "KC_2", "ward_name": "39 - Hagaduru,40 - Varthur", "Corporation": "East"}, "geometry": {"type": "LineString", "coordinates": [[77.761733, 12.956035], [77.7617, 12.956099]]}}, {"type": "Feature", "properties": {"Drain num": "MD437", "sec_id": 212, "pri_Drain num": "MD441", "length_m": 7.1, "valley": "Koramangala Challaghatta Valley", "subvalley": "KC_2", "ward_name": "39 - Hagaduru,40 - Varthur", "Corporation": "East"}, "geometry": {"type": "LineString", "coordinates": [[77.7617, 12.956099], [77.761635, 12.956099]]}}, {"type": "Feature", "properties": {"Drain num": "MD437", "sec_id": 212, "pri_Drain num": "MD441", "length_m": 7.93, "valley": "Koramangala Challaghatta Valley", "subvalley": "KC_2", "ward_name": "39 - Hagaduru,40 - Varthur", "Corporation": "East"}, "geometry": {"type": "LineString", "coordinates": [[77.761635, 12.956099], [77.761569, 12.956131]]}}, {"type": "Feature", "properties": {"Drain num": "MD437", "sec_id": 212, "pri_Drain num": "MD441", "length_m": 7.93, "valley": "Koramangala Challaghatta Valley", "subvalley": "KC_2", "ward_name": "39 - Hagaduru,40 - Varthur", "Corporation": "East"}, "geometry": {"type": "LineString", "coordinates": [[77.761569, 12.956131], [77.761504, 12.956162]]}}, {"type": "Feature", "properties": {"Drain num": "MD437", "sec_id": 212, "pri_Drain num": "MD441", "length_m": 7.93, "valley": "Koramangala Challaghatta Valley", "subvalley": "KC_2", "ward_name": "39 - Hagaduru,40 - Varthur", "Corporation": "East"}, "geometry": {"type": "LineString", "coordinates": [[77.761504, 12.956162], [77.761438, 12.956194]]}}, {"type": "Feature", "properties": {"Drain num": "MD437", "sec_id": 212, "pri_Drain num": "MD441", "length_m": 7.93, "valley": "Koramangala Challaghatta Valley", "subvalley": "KC_2", "ward_name": "39 - Hagaduru,40 - Varthur", "Corporation": "East"}, "geometry": {"type": "LineString", "coordinates": [[77.761438, 12.956194], [77.761373, 12.956226]]}}, {"type": "Feature", "properties": {"Drain num": "MD437", "sec_id": 212, "pri_Drain num": "MD441", "length_m": 7.9, "valley": "Koramangala Challaghatta Valley", "subvalley": "KC_2", "ward_name": "39 - Hagaduru,40 - Varthur", "Corporation": "East"}, "geometry": {"type": "LineString", "coordinates": [[77.761373, 12.956226], [77.76134, 12.95629]]}}, {"type": "Feature", "properties": {"Drain num": "MD437", "sec_id": 212, "pri_Drain num": "MD441", "length_m": 7.93, "valley": "Koramangala Challaghatta Valley", "subvalley": "KC_2", "ward_name": "39 - Hagaduru,40 - Varthur", "Corporation": "East"}, "geometry": {"type": "LineString", "coordinates": [[77.76134, 12.95629], [77.761275, 12.956322]]}}, {"type": "Feature", "properties": {"Drain num": "MD437", "sec_id": 212, "pri_Drain num": "MD441", "length_m": 7.06, "valley": "Koramangala Challaghatta Valley", "subvalley": "KC_2", "ward_name": "39 - Hagaduru,40 - Varthur", "Corporation": "East"}, "geometry": {"type": "LineString", "coordinates": [[77.761275, 12.956322], [77.761275, 12.956385]]}}, {"type": "Feature", "properties": {"Drain num": "MD437", "sec_id": 212, "pri_Drain num": "MD441", "length_m": 7.9, "valley": "Koramangala Challaghatta Valley", "subvalley": "KC_2", "ward_name": "39 - Hagaduru,40 - Varthur", "Corporation": "East"}, "geometry": {"type": "LineString", "coordinates": [[77.761275, 12.956385], [77.761242, 12.956449]]}}, {"type": "Feature", "properties": {"Drain num": "MD437", "sec_id": 212, "pri_Drain num": "MD441", "length_m": 7.9, "valley": "Koramangala Challaghatta Valley", "subvalley": "KC_2", "ward_name": "39 - Hagaduru,40 - Varthur", "Corporation": "East"}, "geometry": {"type": "LineString", "coordinates": [[77.761242, 12.956449], [77.761209, 12.956513]]}}, {"type": "Feature", "properties": {"Drain num": "MD437", "sec_id": 212, "pri_Drain num": "MD441", "length_m": 7.06, "valley": "Koramangala Challaghatta Valley", "subvalley": "KC_2", "ward_name": "39 - Hagaduru,40 - Varthur", "Corporation": "East"}, "geometry": {"type": "LineString", "coordinates": [[77.761209, 12.956513], [77.761209, 12.956577]]}}, {"type": "Feature", "properties": {"Drain num": "MD437", "sec_id": 212, "pri_Drain num": "MD441", "length_m": 7.06, "valley": "Koramangala Challaghatta Valley", "subvalley": "KC_2", "ward_name": "39 - Hagaduru,40 - Varthur", "Corporation": "East"}, "geometry": {"type": "LineString", "coordinates": [[77.761209, 12.956577], [77.761209, 12.95664]]}}, {"type": "Feature", "properties": {"Drain num": "MD437", "sec_id": 212, "pri_Drain num": "MD441", "length_m": 7.9, "valley": "Koramangala Challaghatta Valley", "subvalley": "KC_2", "ward_name": "39 - Hagaduru,40 - Varthur", "Corporation": "East"}, "geometry": {"type": "LineString", "coordinates": [[77.761209, 12.95664], [77.761177, 12.956704]]}}, {"type": "Feature", "properties": {"Drain num": "MD437", "sec_id": 212, "pri_Drain num": "MD441", "length_m": 7.06, "valley": "Koramangala Challaghatta Valley", "subvalley": "KC_2", "ward_name": "39 - Hagaduru,40 - Varthur", "Corporation": "East"}, "geometry": {"type": "LineString", "coordinates": [[77.761177, 12.956704], [77.761177, 12.956768]]}}, {"type": "Feature", "properties": {"Drain num": "MD437", "sec_id": 212, "pri_Drain num": "MD441", "length_m": 7.06, "valley": "Koramangala Challaghatta Valley", "subvalley": "KC_2", "ward_name": "39 - Hagaduru,40 - Varthur", "Corporation": "East"}, "geometry": {"type": "LineString", "coordinates": [[77.761177, 12.956768], [77.761177, 12.956832]]}}, {"type": "Feature", "properties": {"Drain num": "MD437", "sec_id": 212, "pri_Drain num": "MD441", "length_m": 7.06, "valley": "Koramangala Challaghatta Valley", "subvalley": "KC_2", "ward_name": "39 - Hagaduru,40 - Varthur", "Corporation": "East"}, "geometry": {"type": "LineString", "coordinates": [[77.761177, 12.956832], [77.761177, 12.956895]]}}, {"type": "Feature", "properties": {"Drain num": "MD437", "sec_id": 212, "pri_Drain num": "MD441", "length_m": 7.9, "valley": "Koramangala Challaghatta Valley", "subvalley": "KC_2", "ward_name": "39 - Hagaduru,40 - Varthur", "Corporation": "East"}, "geometry": {"type": "LineString", "coordinates": [[77.761177, 12.956895], [77.761144, 12.956959]]}}, {"type": "Feature", "properties": {"Drain num": "MD437", "sec_id": 212, "pri_Drain num": "MD441", "length_m": 7.06, "valley": "Koramangala Challaghatta Valley", "subvalley": "KC_2", "ward_name": "39 - Hagaduru,40 - Varthur", "Corporation": "East"}, "geometry": {"type": "LineString", "coordinates": [[77.761144, 12.956959], [77.761144, 12.957023]]}}, {"type": "Feature", "properties": {"Drain num": "MD437", "sec_id": 212, "pri_Drain num": "MD441", "length_m": 7.9, "valley": "Koramangala Challaghatta Valley", "subvalley": "KC_2", "ward_name": "39 - Hagaduru,40 - Varthur", "Corporation": "East"}, "geometry": {"type": "LineString", "coordinates": [[77.761144, 12.957023], [77.761111, 12.957087]]}}, {"type": "Feature", "properties": {"Drain num": "MD437", "sec_id": 212, "pri_Drain num": "MD441", "length_m": 7.06, "valley": "Koramangala Challaghatta Valley", "subvalley": "KC_2", "ward_name": "39 - Hagaduru,40 - Varthur", "Corporation": "East"}, "geometry": {"type": "LineString", "coordinates": [[77.761111, 12.957087], [77.761111, 12.95715]]}}, {"type": "Feature", "properties": {"Drain num": "MD437", "sec_id": 212, "pri_Drain num": "MD441", "length_m": 7.06, "valley": "Koramangala Challaghatta Valley", "subvalley": "KC_2", "ward_name": "39 - Hagaduru,40 - Varthur", "Corporation": "East"}, "geometry": {"type": "LineString", "coordinates": [[77.761111, 12.95715], [77.761111, 12.957214]]}}, {"type": "Feature", "properties": {"Drain num": "MD437", "sec_id": 212, "pri_Drain num": "MD441", "length_m": 7.06, "valley": "Koramangala Challaghatta Valley", "subvalley": "KC_2", "ward_name": "39 - Hagaduru,40 - Varthur", "Corporation": "East"}, "geometry": {"type": "LineString", "coordinates": [[77.761111, 12.957214], [77.761111, 12.957278]]}}, {"type": "Feature", "properties": {"Drain num": "MD437", "sec_id": 212, "pri_Drain num": "MD441", "length_m": 7.06, "valley": "Koramangala Challaghatta Valley", "subvalley": "KC_2", "ward_name": "39 - Hagaduru,40 - Varthur", "Corporation": "East"}, "geometry": {"type": "LineString", "coordinates": [[77.761111, 12.957278], [77.761111, 12.957341]]}}, {"type": "Feature", "properties": {"Drain num": "MD437", "sec_id": 212, "pri_Drain num": "MD441", "length_m": 7.9, "valley": "Koramangala Challaghatta Valley", "subvalley": "KC_2", "ward_name": "39 - Hagaduru,40 - Varthur", "Corporation": "East"}, "geometry": {"type": "LineString", "coordinates": [[77.761111, 12.957341], [77.761079, 12.957405]]}}, {"type": "Feature", "properties": {"Drain num": "MD437", "sec_id": 212, "pri_Drain num": "MD441", "length_m": 7.06, "valley": "Koramangala Challaghatta Valley", "subvalley": "KC_2", "ward_name": "39 - Hagaduru,40 - Varthur", "Corporation": "East"}, "geometry": {"type": "LineString", "coordinates": [[77.761079, 12.957405], [77.761079, 12.957469]]}}, {"type": "Feature", "properties": {"Drain num": "MD437", "sec_id": 212, "pri_Drain num": "MD441", "length_m": 7.06, "valley": "Koramangala Challaghatta Valley", "subvalley": "KC_2", "ward_name": "39 - Hagaduru,40 - Varthur", "Corporation": "East"}, "geometry": {"type": "LineString", "coordinates": [[77.761079, 12.957469], [77.761079, 12.957533]]}}, {"type": "Feature", "properties": {"Drain num": "MD437", "sec_id": 212, "pri_Drain num": "MD441", "length_m": 7.06, "valley": "Koramangala Challaghatta Valley", "subvalley": "KC_2", "ward_name": "39 - Hagaduru,40 - Varthur", "Corporation": "East"}, "geometry": {"type": "LineString", "coordinates": [[77.761079, 12.957533], [77.761079, 12.957596]]}}, {"type": "Feature", "properties": {"Drain num": "MD437", "sec_id": 212, "pri_Drain num": "MD441", "length_m": 7.9, "valley": "Koramangala Challaghatta Valley", "subvalley": "KC_2", "ward_name": "39 - Hagaduru,40 - Varthur", "Corporation": "East"}, "geometry": {"type": "LineString", "coordinates": [[77.761079, 12.957596], [77.761046, 12.95766]]}}, {"type": "Feature", "properties": {"Drain num": "MD437", "sec_id": 212, "pri_Drain num": "MD441", "length_m": 7.06, "valley": "Koramangala Challaghatta Valley", "subvalley": "KC_2", "ward_name": "39 - Hagaduru,40 - Varthur", "Corporation": "East"}, "geometry": {"type": "LineString", "coordinates": [[77.761046, 12.95766], [77.761046, 12.957724]]}}, {"type": "Feature", "properties": {"Drain num": "MD437", "sec_id": 212, "pri_Drain num": "MD441", "length_m": 7.06, "valley": "Koramangala Challaghatta Valley", "subvalley": "KC_2", "ward_name": "39 - Hagaduru,40 - Varthur", "Corporation": "East"}, "geometry": {"type": "LineString", "coordinates": [[77.761046, 12.957724], [77.761046, 12.957788]]}}, {"type": "Feature", "properties": {"Drain num": "MD437", "sec_id": 212, "pri_Drain num": "MD441", "length_m": 7.06, "valley": "Koramangala Challaghatta Valley", "subvalley": "KC_2", "ward_name": "39 - Hagaduru,40 - Varthur", "Corporation": "East"}, "geometry": {"type": "LineString", "coordinates": [[77.761046, 12.957788], [77.761046, 12.957851]]}}, {"type": "Feature", "properties": {"Drain num": "MD437", "sec_id": 212, "pri_Drain num": "MD441", "length_m": 7.06, "valley": "Koramangala Challaghatta Valley", "subvalley": "KC_2", "ward_name": "39 - Hagaduru,40 - Varthur", "Corporation": "East"}, "geometry": {"type": "LineString", "coordinates": [[77.761046, 12.957851], [77.761046, 12.957915]]}}, {"type": "Feature", "properties": {"Drain num": "MD437", "sec_id": 212, "pri_Drain num": "MD441", "length_m": 7.06, "valley": "Koramangala Challaghatta Valley", "subvalley": "KC_2", "ward_name": "39 - Hagaduru,40 - Varthur", "Corporation": "East"}, "geometry": {"type": "LineString", "coordinates": [[77.761046, 12.957915], [77.761046, 12.957979]]}}, {"type": "Feature", "properties": {"Drain num": "MD437", "sec_id": 212, "pri_Drain num": "MD441", "length_m": 7.06, "valley": "Koramangala Challaghatta Valley", "subvalley": "KC_2", "ward_name": "39 - Hagaduru,40 - Varthur", "Corporation": "East"}, "geometry": {"type": "LineString", "coordinates": [[77.761046, 12.957979], [77.761046, 12.958043]]}}, {"type": "Feature", "properties": {"Drain num": "MD437", "sec_id": 212, "pri_Drain num": "MD441", "length_m": 7.9, "valley": "Koramangala Challaghatta Valley", "subvalley": "KC_2", "ward_name": "39 - Hagaduru,40 - Varthur", "Corporation": "East"}, "geometry": {"type": "LineString", "coordinates": [[77.761046, 12.958043], [77.761013, 12.958106]]}}, {"type": "Feature", "properties": {"Drain num": "MD437", "sec_id": 212, "pri_Drain num": "MD441", "length_m": 7.06, "valley": "Koramangala Challaghatta Valley", "subvalley": "KC_2", "ward_name": "39 - Hagaduru,40 - Varthur", "Corporation": "East"}, "geometry": {"type": "LineString", "coordinates": [[77.761013, 12.958106], [77.761013, 12.95817]]}}, {"type": "Feature", "properties": {"Drain num": "MD437", "sec_id": 212, "pri_Drain num": "MD441", "length_m": 7.06, "valley": "Koramangala Challaghatta Valley", "subvalley": "KC_2", "ward_name": "39 - Hagaduru,40 - Varthur", "Corporation": "East"}, "geometry": {"type": "LineString", "coordinates": [[77.761013, 12.95817], [77.761013, 12.958234]]}}, {"type": "Feature", "properties": {"Drain num": "MD437", "sec_id": 212, "pri_Drain num": "MD441", "length_m": 7.9, "valley": "Koramangala Challaghatta Valley", "subvalley": "KC_2", "ward_name": "39 - Hagaduru,40 - Varthur", "Corporation": "East"}, "geometry": {"type": "LineString", "coordinates": [[77.761013, 12.958234], [77.760981, 12.958297]]}}, {"type": "Feature", "properties": {"Drain num": "MD437", "sec_id": 212, "pri_Drain num": "MD441", "length_m": 7.06, "valley": "Koramangala Challaghatta Valley", "subvalley": "KC_2", "ward_name": "39 - Hagaduru,40 - Varthur", "Corporation": "East"}, "geometry": {"type": "LineString", "coordinates": [[77.760981, 12.958297], [77.760981, 12.958361]]}}, {"type": "Feature", "properties": {"Drain num": "MD437", "sec_id": 212, "pri_Drain num": "MD441", "length_m": 7.06, "valley": "Koramangala Challaghatta Valley", "subvalley": "KC_2", "ward_name": "39 - Hagaduru,40 - Varthur", "Corporation": "East"}, "geometry": {"type": "LineString", "coordinates": [[77.760981, 12.958361], [77.760981, 12.958425]]}}, {"type": "Feature", "properties": {"Drain num": "MD437", "sec_id": 212, "pri_Drain num": "MD441", "length_m": 7.06, "valley": "Koramangala Challaghatta Valley", "subvalley": "KC_2", "ward_name": "39 - Hagaduru,40 - Varthur", "Corporation": "East"}, "geometry": {"type": "LineString", "coordinates": [[77.760981, 12.958425], [77.760981, 12.958489]]}}, {"type": "Feature", "properties": {"Drain num": "MD437", "sec_id": 212, "pri_Drain num": "MD441", "length_m": 46.73, "valley": "Koramangala Challaghatta Valley", "subvalley": "KC_2", "ward_name": "39 - Hagaduru,40 - Varthur", "Corporation": "East"}, "geometry": {"type": "LineString", "coordinates": [[77.760981, 12.958489], [77.760651, 12.95876]]}}, {"type": "Feature", "properties": {"Drain num": "MD442", "sec_id": 213, "pri_Drain num": "MD441", "length_m": 23.37, "valley": "Koramangala Challaghatta Valley", "subvalley": "KC_2", "ward_name": "39 - Hagaduru", "Corporation": "East"}, "geometry": {"type": "LineString", "coordinates": [[77.760651, 12.95876], [77.760833, 12.958648]]}}, {"type": "Feature", "properties": {"Drain num": "MD442", "sec_id": 213, "pri_Drain num": "MD441", "length_m": 23.8, "valley": "Koramangala Challaghatta Valley", "subvalley": "KC_2", "ward_name": "39 - Hagaduru", "Corporation": "East"}, "geometry": {"type": "LineString", "coordinates": [[77.760833, 12.958648], [77.760981, 12.958489]]}}, {"type": "Feature", "properties": {"Drain num": "MD442", "sec_id": 213, "pri_Drain num": "MD441", "length_m": 23.68, "valley": "Koramangala Challaghatta Valley", "subvalley": "KC_2", "ward_name": "39 - Hagaduru", "Corporation": "East"}, "geometry": {"type": "LineString", "coordinates": [[77.760981, 12.958489], [77.761193, 12.958536]]}}, {"type": "Feature", "properties": {"Drain num": "MD442", "sec_id": 213, "pri_Drain num": "MD441", "length_m": 3.96, "valley": "Koramangala Challaghatta Valley", "subvalley": "KC_2", "ward_name": "39 - Hagaduru", "Corporation": "East"}, "geometry": {"type": "LineString", "coordinates": [[77.761193, 12.958536], [77.761226, 12.958521]]}}, {"type": "Feature", "properties": {"Drain num": "MD442", "sec_id": 213, "pri_Drain num": "MD441", "length_m": 5.61, "valley": "Koramangala Challaghatta Valley", "subvalley": "KC_2", "ward_name": "39 - Hagaduru", "Corporation": "East"}, "geometry": {"type": "LineString", "coordinates": [[77.761226, 12.958521], [77.761275, 12.958505]]}}, {"type": "Feature", "properties": {"Drain num": "MD442", "sec_id": 213, "pri_Drain num": "MD441", "length_m": 5.33, "valley": "Koramangala Challaghatta Valley", "subvalley": "KC_2", "ward_name": "39 - Hagaduru", "Corporation": "East"}, "geometry": {"type": "LineString", "coordinates": [[77.761275, 12.958505], [77.761324, 12.958505]]}}, {"type": "Feature", "properties": {"Drain num": "MD442", "sec_id": 213, "pri_Drain num": "MD441", "length_m": 3.55, "valley": "Koramangala Challaghatta Valley", "subvalley": "KC_2", "ward_name": "39 - Hagaduru", "Corporation": "East"}, "geometry": {"type": "LineString", "coordinates": [[77.761324, 12.958505], [77.761357, 12.958505]]}}, {"type": "Feature", "properties": {"Drain num": "MD442", "sec_id": 213, "pri_Drain num": "MD441", "length_m": 3.55, "valley": "Koramangala Challaghatta Valley", "subvalley": "KC_2", "ward_name": "39 - Hagaduru", "Corporation": "East"}, "geometry": {"type": "LineString", "coordinates": [[77.761357, 12.958505], [77.761389, 12.958505]]}}, {"type": "Feature", "properties": {"Drain num": "MD442", "sec_id": 213, "pri_Drain num": "MD441", "length_m": 5.33, "valley": "Koramangala Challaghatta Valley", "subvalley": "KC_2", "ward_name": "39 - Hagaduru", "Corporation": "East"}, "geometry": {"type": "LineString", "coordinates": [[77.761389, 12.958505], [77.761438, 12.958505]]}}, {"type": "Feature", "properties": {"Drain num": "MD442", "sec_id": 213, "pri_Drain num": "MD441", "length_m": 3.55, "valley": "Koramangala Challaghatta Valley", "subvalley": "KC_2", "ward_name": "39 - Hagaduru", "Corporation": "East"}, "geometry": {"type": "LineString", "coordinates": [[77.761438, 12.958505], [77.761471, 12.958505]]}}, {"type": "Feature", "properties": {"Drain num": "MD442", "sec_id": 213, "pri_Drain num": "MD441", "length_m": 3.55, "valley": "Koramangala Challaghatta Valley", "subvalley": "KC_2", "ward_name": "39 - Hagaduru", "Corporation": "East"}, "geometry": {"type": "LineString", "coordinates": [[77.761471, 12.958505], [77.761504, 12.958505]]}}, {"type": "Feature", "properties": {"Drain num": "MD442", "sec_id": 213, "pri_Drain num": "MD441", "length_m": 3.55, "valley": "Koramangala Challaghatta Valley", "subvalley": "KC_2", "ward_name": "39 - Hagaduru", "Corporation": "East"}, "geometry": {"type": "LineString", "coordinates": [[77.761504, 12.958505], [77.761536, 12.958505]]}}, {"type": "Feature", "properties": {"Drain num": "MD442", "sec_id": 213, "pri_Drain num": "MD441", "length_m": 3.96, "valley": "Koramangala Challaghatta Valley", "subvalley": "KC_2", "ward_name": "39 - Hagaduru", "Corporation": "East"}, "geometry": {"type": "LineString", "coordinates": [[77.761536, 12.958505], [77.761569, 12.958521]]}}, {"type": "Feature", "properties": {"Drain num": "MD442", "sec_id": 213, "pri_Drain num": "MD441", "length_m": 3.96, "valley": "Koramangala Challaghatta Valley", "subvalley": "KC_2", "ward_name": "39 - Hagaduru", "Corporation": "East"}, "geometry": {"type": "LineString", "coordinates": [[77.761569, 12.958521], [77.761602, 12.958536]]}}, {"type": "Feature", "properties": {"Drain num": "MD442", "sec_id": 213, "pri_Drain num": "MD441", "length_m": 3.55, "valley": "Koramangala Challaghatta Valley", "subvalley": "KC_2", "ward_name": "39 - Hagaduru", "Corporation": "East"}, "geometry": {"type": "LineString", "coordinates": [[77.761602, 12.958536], [77.761635, 12.958536]]}}, {"type": "Feature", "properties": {"Drain num": "MD442", "sec_id": 213, "pri_Drain num": "MD441", "length_m": 3.55, "valley": "Koramangala Challaghatta Valley", "subvalley": "KC_2", "ward_name": "39 - Hagaduru", "Corporation": "East"}, "geometry": {"type": "LineString", "coordinates": [[77.761635, 12.958536], [77.761667, 12.958536]]}}, {"type": "Feature", "properties": {"Drain num": "MD442", "sec_id": 213, "pri_Drain num": "MD441", "length_m": 3.96, "valley": "Koramangala Challaghatta Valley", "subvalley": "KC_2", "ward_name": "39 - Hagaduru", "Corporation": "East"}, "geometry": {"type": "LineString", "coordinates": [[77.761667, 12.958536], [77.7617, 12.958552]]}}, {"type": "Feature", "properties": {"Drain num": "MD442", "sec_id": 213, "pri_Drain num": "MD441", "length_m": 3.55, "valley": "Koramangala Challaghatta Valley", "subvalley": "KC_2", "ward_name": "39 - Hagaduru", "Corporation": "East"}, "geometry": {"type": "LineString", "coordinates": [[77.7617, 12.958552], [77.761733, 12.958552]]}}, {"type": "Feature", "properties": {"Drain num": "MD442", "sec_id": 213, "pri_Drain num": "MD441", "length_m": 3.96, "valley": "Koramangala Challaghatta Valley", "subvalley": "KC_2", "ward_name": "39 - Hagaduru", "Corporation": "East"}, "geometry": {"type": "LineString", "coordinates": [[77.761733, 12.958552], [77.761765, 12.958568]]}}, {"type": "Feature", "properties": {"Drain num": "MD442", "sec_id": 213, "pri_Drain num": "MD441", "length_m": 3.55, "valley": "Koramangala Challaghatta Valley", "subvalley": "KC_2", "ward_name": "39 - Hagaduru", "Corporation": "East"}, "geometry": {"type": "LineString", "coordinates": [[77.761765, 12.958568], [77.761798, 12.958568]]}}, {"type": "Feature", "properties": {"Drain num": "MD442", "sec_id": 213, "pri_Drain num": "MD441", "length_m": 3.55, "valley": "Koramangala Challaghatta Valley", "subvalley": "KC_2", "ward_name": "39 - Hagaduru", "Corporation": "East"}, "geometry": {"type": "LineString", "coordinates": [[77.761798, 12.958568], [77.761831, 12.958568]]}}, {"type": "Feature", "properties": {"Drain num": "MD442", "sec_id": 213, "pri_Drain num": "MD441", "length_m": 5.33, "valley": "Koramangala Challaghatta Valley", "subvalley": "KC_2", "ward_name": "39 - Hagaduru", "Corporation": "East"}, "geometry": {"type": "LineString", "coordinates": [[77.761831, 12.958568], [77.76188, 12.958568]]}}, {"type": "Feature", "properties": {"Drain num": "MD442", "sec_id": 213, "pri_Drain num": "MD441", "length_m": 3.96, "valley": "Koramangala Challaghatta Valley", "subvalley": "KC_2", "ward_name": "39 - Hagaduru", "Corporation": "East"}, "geometry": {"type": "LineString", "coordinates": [[77.76188, 12.958568], [77.761912, 12.958584]]}}, {"type": "Feature", "properties": {"Drain num": "MD442", "sec_id": 213, "pri_Drain num": "MD441", "length_m": 3.55, "valley": "Koramangala Challaghatta Valley", "subvalley": "KC_2", "ward_name": "39 - Hagaduru", "Corporation": "East"}, "geometry": {"type": "LineString", "coordinates": [[77.761912, 12.958584], [77.761945, 12.958584]]}}, {"type": "Feature", "properties": {"Drain num": "MD442", "sec_id": 213, "pri_Drain num": "MD441", "length_m": 3.55, "valley": "Koramangala Challaghatta Valley", "subvalley": "KC_2", "ward_name": "39 - Hagaduru", "Corporation": "East"}, "geometry": {"type": "LineString", "coordinates": [[77.761945, 12.958584], [77.761978, 12.958584]]}}, {"type": "Feature", "properties": {"Drain num": "MD442", "sec_id": 213, "pri_Drain num": "MD441", "length_m": 3.55, "valley": "Koramangala Challaghatta Valley", "subvalley": "KC_2", "ward_name": "39 - Hagaduru", "Corporation": "East"}, "geometry": {"type": "LineString", "coordinates": [[77.761978, 12.958584], [77.762011, 12.958584]]}}, {"type": "Feature", "properties": {"Drain num": "MD442", "sec_id": 213, "pri_Drain num": "MD441", "length_m": 3.55, "valley": "Koramangala Challaghatta Valley", "subvalley": "KC_2", "ward_name": "39 - Hagaduru", "Corporation": "East"}, "geometry": {"type": "LineString", "coordinates": [[77.762011, 12.958584], [77.762043, 12.958584]]}}, {"type": "Feature", "properties": {"Drain num": "MD442", "sec_id": 213, "pri_Drain num": "MD441", "length_m": 3.55, "valley": "Koramangala Challaghatta Valley", "subvalley": "KC_2", "ward_name": "39 - Hagaduru", "Corporation": "East"}, "geometry": {"type": "LineString", "coordinates": [[77.762043, 12.958584], [77.762076, 12.958584]]}}, {"type": "Feature", "properties": {"Drain num": "MD442", "sec_id": 213, "pri_Drain num": "MD441", "length_m": 5.33, "valley": "Koramangala Challaghatta Valley", "subvalley": "KC_2", "ward_name": "39 - Hagaduru", "Corporation": "East"}, "geometry": {"type": "LineString", "coordinates": [[77.762076, 12.958584], [77.762125, 12.958584]]}}, {"type": "Feature", "properties": {"Drain num": "MD442", "sec_id": 213, "pri_Drain num": "MD441", "length_m": 3.96, "valley": "Koramangala Challaghatta Valley", "subvalley": "KC_2", "ward_name": "39 - Hagaduru", "Corporation": "East"}, "geometry": {"type": "LineString", "coordinates": [[77.762125, 12.958584], [77.762158, 12.9586]]}}, {"type": "Feature", "properties": {"Drain num": "MD442", "sec_id": 213, "pri_Drain num": "MD441", "length_m": 5.33, "valley": "Koramangala Challaghatta Valley", "subvalley": "KC_2", "ward_name": "39 - Hagaduru", "Corporation": "East"}, "geometry": {"type": "LineString", "coordinates": [[77.762158, 12.9586], [77.762207, 12.9586]]}}, {"type": "Feature", "properties": {"Drain num": "MD442", "sec_id": 213, "pri_Drain num": "MD441", "length_m": 5.33, "valley": "Koramangala Challaghatta Valley", "subvalley": "KC_2", "ward_name": "39 - Hagaduru", "Corporation": "East"}, "geometry": {"type": "LineString", "coordinates": [[77.762207, 12.9586], [77.762256, 12.9586]]}}, {"type": "Feature", "properties": {"Drain num": "MD442", "sec_id": 213, "pri_Drain num": "MD441", "length_m": 3.55, "valley": "Koramangala Challaghatta Valley", "subvalley": "KC_2", "ward_name": "39 - Hagaduru", "Corporation": "East"}, "geometry": {"type": "LineString", "coordinates": [[77.762256, 12.9586], [77.762289, 12.9586]]}}, {"type": "Feature", "properties": {"Drain num": "MD442", "sec_id": 213, "pri_Drain num": "MD441", "length_m": 5.33, "valley": "Koramangala Challaghatta Valley", "subvalley": "KC_2", "ward_name": "39 - Hagaduru", "Corporation": "East"}, "geometry": {"type": "LineString", "coordinates": [[77.762289, 12.9586], [77.762338, 12.9586]]}}, {"type": "Feature", "properties": {"Drain num": "MD442", "sec_id": 213, "pri_Drain num": "MD441", "length_m": 3.55, "valley": "Koramangala Challaghatta Valley", "subvalley": "KC_2", "ward_name": "39 - Hagaduru", "Corporation": "East"}, "geometry": {"type": "LineString", "coordinates": [[77.762338, 12.9586], [77.76237, 12.9586]]}}, {"type": "Feature", "properties": {"Drain num": "MD442", "sec_id": 213, "pri_Drain num": "MD441", "length_m": 3.55, "valley": "Koramangala Challaghatta Valley", "subvalley": "KC_2", "ward_name": "39 - Hagaduru", "Corporation": "East"}, "geometry": {"type": "LineString", "coordinates": [[77.76237, 12.9586], [77.762403, 12.9586]]}}, {"type": "Feature", "properties": {"Drain num": "MD442", "sec_id": 213, "pri_Drain num": "MD441", "length_m": 3.55, "valley": "Koramangala Challaghatta Valley", "subvalley": "KC_2", "ward_name": "39 - Hagaduru", "Corporation": "East"}, "geometry": {"type": "LineString", "coordinates": [[77.762403, 12.9586], [77.762436, 12.9586]]}}, {"type": "Feature", "properties": {"Drain num": "MD442", "sec_id": 213, "pri_Drain num": "MD441", "length_m": 3.55, "valley": "Koramangala Challaghatta Valley", "subvalley": "KC_2", "ward_name": "39 - Hagaduru", "Corporation": "East"}, "geometry": {"type": "LineString", "coordinates": [[77.762436, 12.9586], [77.762468, 12.9586]]}}, {"type": "Feature", "properties": {"Drain num": "MD442", "sec_id": 213, "pri_Drain num": "MD441", "length_m": 3.55, "valley": "Koramangala Challaghatta Valley", "subvalley": "KC_2", "ward_name": "39 - Hagaduru", "Corporation": "East"}, "geometry": {"type": "LineString", "coordinates": [[77.762468, 12.9586], [77.762501, 12.9586]]}}, {"type": "Feature", "properties": {"Drain num": "MD442", "sec_id": 213, "pri_Drain num": "MD441", "length_m": 3.55, "valley": "Koramangala Challaghatta Valley", "subvalley": "KC_2", "ward_name": "39 - Hagaduru", "Corporation": "East"}, "geometry": {"type": "LineString", "coordinates": [[77.762501, 12.9586], [77.762534, 12.9586]]}}, {"type": "Feature", "properties": {"Drain num": "MD442", "sec_id": 213, "pri_Drain num": "MD441", "length_m": 3.55, "valley": "Koramangala Challaghatta Valley", "subvalley": "KC_2", "ward_name": "39 - Hagaduru", "Corporation": "East"}, "geometry": {"type": "LineString", "coordinates": [[77.762534, 12.9586], [77.762566, 12.9586]]}}, {"type": "Feature", "properties": {"Drain num": "MD442", "sec_id": 213, "pri_Drain num": "MD441", "length_m": 3.53, "valley": "Koramangala Challaghatta Valley", "subvalley": "KC_2", "ward_name": "39 - Hagaduru", "Corporation": "East"}, "geometry": {"type": "LineString", "coordinates": [[77.762566, 12.9586], [77.762566, 12.958632]]}}, {"type": "Feature", "properties": {"Drain num": "MD442", "sec_id": 213, "pri_Drain num": "MD441", "length_m": 3.95, "valley": "Koramangala Challaghatta Valley", "subvalley": "KC_2", "ward_name": "39 - Hagaduru", "Corporation": "East"}, "geometry": {"type": "LineString", "coordinates": [[77.762566, 12.958632], [77.762583, 12.958664]]}}, {"type": "Feature", "properties": {"Drain num": "MD442", "sec_id": 213, "pri_Drain num": "MD441", "length_m": 3.53, "valley": "Koramangala Challaghatta Valley", "subvalley": "KC_2", "ward_name": "39 - Hagaduru", "Corporation": "East"}, "geometry": {"type": "LineString", "coordinates": [[77.762583, 12.958664], [77.762583, 12.958696]]}}, {"type": "Feature", "properties": {"Drain num": "MD442", "sec_id": 213, "pri_Drain num": "MD441", "length_m": 3.95, "valley": "Koramangala Challaghatta Valley", "subvalley": "KC_2", "ward_name": "39 - Hagaduru", "Corporation": "East"}, "geometry": {"type": "LineString", "coordinates": [[77.762583, 12.958696], [77.762599, 12.958728]]}}, {"type": "Feature", "properties": {"Drain num": "MD442", "sec_id": 213, "pri_Drain num": "MD441", "length_m": 3.95, "valley": "Koramangala Challaghatta Valley", "subvalley": "KC_2", "ward_name": "39 - Hagaduru", "Corporation": "East"}, "geometry": {"type": "LineString", "coordinates": [[77.762599, 12.958728], [77.762616, 12.95876]]}}, {"type": "Feature", "properties": {"Drain num": "MD442", "sec_id": 213, "pri_Drain num": "MD441", "length_m": 3.95, "valley": "Koramangala Challaghatta Valley", "subvalley": "KC_2", "ward_name": "39 - Hagaduru", "Corporation": "East"}, "geometry": {"type": "LineString", "coordinates": [[77.762616, 12.95876], [77.762632, 12.958791]]}}, {"type": "Feature", "properties": {"Drain num": "MD442", "sec_id": 213, "pri_Drain num": "MD441", "length_m": 3.95, "valley": "Koramangala Challaghatta Valley", "subvalley": "KC_2", "ward_name": "39 - Hagaduru", "Corporation": "East"}, "geometry": {"type": "LineString", "coordinates": [[77.762632, 12.958791], [77.762648, 12.958823]]}}, {"type": "Feature", "properties": {"Drain num": "MD442", "sec_id": 213, "pri_Drain num": "MD441", "length_m": 3.53, "valley": "Koramangala Challaghatta Valley", "subvalley": "KC_2", "ward_name": "39 - Hagaduru", "Corporation": "East"}, "geometry": {"type": "LineString", "coordinates": [[77.762648, 12.958823], [77.762648, 12.958855]]}}, {"type": "Feature", "properties": {"Drain num": "MD442", "sec_id": 213, "pri_Drain num": "MD441", "length_m": 3.95, "valley": "Koramangala Challaghatta Valley", "subvalley": "KC_2", "ward_name": "39 - Hagaduru", "Corporation": "East"}, "geometry": {"type": "LineString", "coordinates": [[77.762648, 12.958855], [77.762665, 12.958887]]}}, {"type": "Feature", "properties": {"Drain num": "MD442", "sec_id": 213, "pri_Drain num": "MD441", "length_m": 3.95, "valley": "Koramangala Challaghatta Valley", "subvalley": "KC_2", "ward_name": "39 - Hagaduru", "Corporation": "East"}, "geometry": {"type": "LineString", "coordinates": [[77.762665, 12.958887], [77.762681, 12.958919]]}}, {"type": "Feature", "properties": {"Drain num": "MD442", "sec_id": 213, "pri_Drain num": "MD441", "length_m": 3.53, "valley": "Koramangala Challaghatta Valley", "subvalley": "KC_2", "ward_name": "39 - Hagaduru", "Corporation": "East"}, "geometry": {"type": "LineString", "coordinates": [[77.762681, 12.958919], [77.762681, 12.958951]]}}, {"type": "Feature", "properties": {"Drain num": "MD442", "sec_id": 213, "pri_Drain num": "MD441", "length_m": 3.95, "valley": "Koramangala Challaghatta Valley", "subvalley": "KC_2", "ward_name": "39 - Hagaduru", "Corporation": "East"}, "geometry": {"type": "LineString", "coordinates": [[77.762681, 12.958951], [77.762697, 12.958983]]}}, {"type": "Feature", "properties": {"Drain num": "MD442", "sec_id": 213, "pri_Drain num": "MD441", "length_m": 3.53, "valley": "Koramangala Challaghatta Valley", "subvalley": "KC_2", "ward_name": "39 - Hagaduru", "Corporation": "East"}, "geometry": {"type": "LineString", "coordinates": [[77.762697, 12.958983], [77.762697, 12.959014]]}}, {"type": "Feature", "properties": {"Drain num": "MD442", "sec_id": 213, "pri_Drain num": "MD441", "length_m": 5.01, "valley": "Koramangala Challaghatta Valley", "subvalley": "KC_2", "ward_name": "39 - Hagaduru", "Corporation": "East"}, "geometry": {"type": "LineString", "coordinates": [[77.762697, 12.959014], [77.76273, 12.959046]]}}, {"type": "Feature", "properties": {"Drain num": "MD442", "sec_id": 213, "pri_Drain num": "MD441", "length_m": 3.96, "valley": "Koramangala Challaghatta Valley", "subvalley": "KC_2", "ward_name": "39 - Hagaduru", "Corporation": "East"}, "geometry": {"type": "LineString", "coordinates": [[77.76273, 12.959046], [77.762763, 12.959062]]}}, {"type": "Feature", "properties": {"Drain num": "MD442", "sec_id": 213, "pri_Drain num": "MD441", "length_m": 5.61, "valley": "Koramangala Challaghatta Valley", "subvalley": "KC_2", "ward_name": "39 - Hagaduru", "Corporation": "East"}, "geometry": {"type": "LineString", "coordinates": [[77.762763, 12.959062], [77.762812, 12.959078]]}}, {"type": "Feature", "properties": {"Drain num": "MD442", "sec_id": 213, "pri_Drain num": "MD441", "length_m": 3.96, "valley": "Koramangala Challaghatta Valley", "subvalley": "KC_2", "ward_name": "39 - Hagaduru", "Corporation": "East"}, "geometry": {"type": "LineString", "coordinates": [[77.762812, 12.959078], [77.762844, 12.959094]]}}, {"type": "Feature", "properties": {"Drain num": "MD442", "sec_id": 213, "pri_Drain num": "MD441", "length_m": 3.96, "valley": "Koramangala Challaghatta Valley", "subvalley": "KC_2", "ward_name": "39 - Hagaduru", "Corporation": "East"}, "geometry": {"type": "LineString", "coordinates": [[77.762844, 12.959094], [77.762877, 12.95911]]}}, {"type": "Feature", "properties": {"Drain num": "MD442", "sec_id": 213, "pri_Drain num": "MD441", "length_m": 3.55, "valley": "Koramangala Challaghatta Valley", "subvalley": "KC_2", "ward_name": "39 - Hagaduru", "Corporation": "East"}, "geometry": {"type": "LineString", "coordinates": [[77.762877, 12.95911], [77.76291, 12.95911]]}}, {"type": "Feature", "properties": {"Drain num": "MD442", "sec_id": 213, "pri_Drain num": "MD441", "length_m": 3.55, "valley": "Koramangala Challaghatta Valley", "subvalley": "KC_2", "ward_name": "39 - Hagaduru", "Corporation": "East"}, "geometry": {"type": "LineString", "coordinates": [[77.76291, 12.95911], [77.762943, 12.95911]]}}, {"type": "Feature", "properties": {"Drain num": "MD442", "sec_id": 213, "pri_Drain num": "MD441", "length_m": 3.55, "valley": "Koramangala Challaghatta Valley", "subvalley": "KC_2", "ward_name": "39 - Hagaduru", "Corporation": "East"}, "geometry": {"type": "LineString", "coordinates": [[77.762943, 12.95911], [77.762975, 12.95911]]}}, {"type": "Feature", "properties": {"Drain num": "MD442", "sec_id": 213, "pri_Drain num": "MD441", "length_m": 3.55, "valley": "Koramangala Challaghatta Valley", "subvalley": "KC_2", "ward_name": "39 - Hagaduru", "Corporation": "East"}, "geometry": {"type": "LineString", "coordinates": [[77.762975, 12.95911], [77.763008, 12.95911]]}}, {"type": "Feature", "properties": {"Drain num": "MD442", "sec_id": 213, "pri_Drain num": "MD441", "length_m": 3.96, "valley": "Koramangala Challaghatta Valley", "subvalley": "KC_2", "ward_name": "39 - Hagaduru", "Corporation": "East"}, "geometry": {"type": "LineString", "coordinates": [[77.763008, 12.95911], [77.763041, 12.959094]]}}, {"type": "Feature", "properties": {"Drain num": "MD442", "sec_id": 213, "pri_Drain num": "MD441", "length_m": 5.33, "valley": "Koramangala Challaghatta Valley", "subvalley": "KC_2", "ward_name": "39 - Hagaduru", "Corporation": "East"}, "geometry": {"type": "LineString", "coordinates": [[77.763041, 12.959094], [77.76309, 12.959094]]}}, {"type": "Feature", "properties": {"Drain num": "MD442", "sec_id": 213, "pri_Drain num": "MD441", "length_m": 3.55, "valley": "Koramangala Challaghatta Valley", "subvalley": "KC_2", "ward_name": "39 - Hagaduru", "Corporation": "East"}, "geometry": {"type": "LineString", "coordinates": [[77.76309, 12.959094], [77.763122, 12.959094]]}}, {"type": "Feature", "properties": {"Drain num": "MD442", "sec_id": 213, "pri_Drain num": "MD441", "length_m": 3.55, "valley": "Koramangala Challaghatta Valley", "subvalley": "KC_2", "ward_name": "39 - Hagaduru", "Corporation": "East"}, "geometry": {"type": "LineString", "coordinates": [[77.763122, 12.959094], [77.763155, 12.959094]]}}, {"type": "Feature", "properties": {"Drain num": "MD442", "sec_id": 213, "pri_Drain num": "MD441", "length_m": 3.96, "valley": "Koramangala Challaghatta Valley", "subvalley": "KC_2", "ward_name": "39 - Hagaduru", "Corporation": "East"}, "geometry": {"type": "LineString", "coordinates": [[77.763155, 12.959094], [77.763188, 12.959078]]}}, {"type": "Feature", "properties": {"Drain num": "MD442", "sec_id": 213, "pri_Drain num": "MD441", "length_m": 3.55, "valley": "Koramangala Challaghatta Valley", "subvalley": "KC_2", "ward_name": "39 - Hagaduru", "Corporation": "East"}, "geometry": {"type": "LineString", "coordinates": [[77.763188, 12.959078], [77.76322, 12.959078]]}}, {"type": "Feature", "properties": {"Drain num": "MD442", "sec_id": 213, "pri_Drain num": "MD441", "length_m": 3.55, "valley": "Koramangala Challaghatta Valley", "subvalley": "KC_2", "ward_name": "39 - Hagaduru", "Corporation": "East"}, "geometry": {"type": "LineString", "coordinates": [[77.76322, 12.959078], [77.763253, 12.959078]]}}, {"type": "Feature", "properties": {"Drain num": "MD442", "sec_id": 213, "pri_Drain num": "MD441", "length_m": 3.96, "valley": "Koramangala Challaghatta Valley", "subvalley": "KC_2", "ward_name": "39 - Hagaduru", "Corporation": "East"}, "geometry": {"type": "LineString", "coordinates": [[77.763253, 12.959078], [77.763286, 12.959062]]}}, {"type": "Feature", "properties": {"Drain num": "MD442", "sec_id": 213, "pri_Drain num": "MD441", "length_m": 3.55, "valley": "Koramangala Challaghatta Valley", "subvalley": "KC_2", "ward_name": "39 - Hagaduru", "Corporation": "East"}, "geometry": {"type": "LineString", "coordinates": [[77.763286, 12.959062], [77.763319, 12.959062]]}}, {"type": "Feature", "properties": {"Drain num": "MD442", "sec_id": 213, "pri_Drain num": "MD441", "length_m": 3.55, "valley": "Koramangala Challaghatta Valley", "subvalley": "KC_2", "ward_name": "39 - Hagaduru", "Corporation": "East"}, "geometry": {"type": "LineString", "coordinates": [[77.763319, 12.959062], [77.763351, 12.959062]]}}, {"type": "Feature", "properties": {"Drain num": "MD442", "sec_id": 213, "pri_Drain num": "MD441", "length_m": 3.55, "valley": "Koramangala Challaghatta Valley", "subvalley": "KC_2", "ward_name": "39 - Hagaduru", "Corporation": "East"}, "geometry": {"type": "LineString", "coordinates": [[77.763351, 12.959062], [77.763384, 12.959062]]}}, {"type": "Feature", "properties": {"Drain num": "MD442", "sec_id": 213, "pri_Drain num": "MD441", "length_m": 3.55, "valley": "Koramangala Challaghatta Valley", "subvalley": "KC_2", "ward_name": "39 - Hagaduru", "Corporation": "East"}, "geometry": {"type": "LineString", "coordinates": [[77.763384, 12.959062], [77.763417, 12.959062]]}}, {"type": "Feature", "properties": {"Drain num": "MD442", "sec_id": 213, "pri_Drain num": "MD441", "length_m": 3.55, "valley": "Koramangala Challaghatta Valley", "subvalley": "KC_2", "ward_name": "39 - Hagaduru", "Corporation": "East"}, "geometry": {"type": "LineString", "coordinates": [[77.763417, 12.959062], [77.763449, 12.959062]]}}, {"type": "Feature", "properties": {"Drain num": "MD442", "sec_id": 213, "pri_Drain num": "MD441", "length_m": 3.55, "valley": "Koramangala Challaghatta Valley", "subvalley": "KC_2", "ward_name": "39 - Hagaduru", "Corporation": "East"}, "geometry": {"type": "LineString", "coordinates": [[77.763449, 12.959062], [77.763482, 12.959062]]}}, {"type": "Feature", "properties": {"Drain num": "MD442", "sec_id": 213, "pri_Drain num": "MD441", "length_m": 3.55, "valley": "Koramangala Challaghatta Valley", "subvalley": "KC_2", "ward_name": "39 - Hagaduru", "Corporation": "East"}, "geometry": {"type": "LineString", "coordinates": [[77.763482, 12.959062], [77.763515, 12.959062]]}}, {"type": "Feature", "properties": {"Drain num": "MD442", "sec_id": 213, "pri_Drain num": "MD441", "length_m": 3.55, "valley": "Koramangala Challaghatta Valley", "subvalley": "KC_2", "ward_name": "39 - Hagaduru", "Corporation": "East"}, "geometry": {"type": "LineString", "coordinates": [[77.763515, 12.959062], [77.763547, 12.959062]]}}, {"type": "Feature", "properties": {"Drain num": "MD442", "sec_id": 213, "pri_Drain num": "MD441", "length_m": 3.55, "valley": "Koramangala Challaghatta Valley", "subvalley": "KC_2", "ward_name": "39 - Hagaduru", "Corporation": "East"}, "geometry": {"type": "LineString", "coordinates": [[77.763547, 12.959062], [77.76358, 12.959062]]}}, {"type": "Feature", "properties": {"Drain num": "MD442", "sec_id": 213, "pri_Drain num": "MD441", "length_m": 3.55, "valley": "Koramangala Challaghatta Valley", "subvalley": "KC_2", "ward_name": "39 - Hagaduru", "Corporation": "East"}, "geometry": {"type": "LineString", "coordinates": [[77.76358, 12.959062], [77.763613, 12.959062]]}}, {"type": "Feature", "properties": {"Drain num": "MD442", "sec_id": 213, "pri_Drain num": "MD441", "length_m": 3.55, "valley": "Koramangala Challaghatta Valley", "subvalley": "KC_2", "ward_name": "39 - Hagaduru", "Corporation": "East"}, "geometry": {"type": "LineString", "coordinates": [[77.763613, 12.959062], [77.763646, 12.959062]]}}, {"type": "Feature", "properties": {"Drain num": "MD442", "sec_id": 213, "pri_Drain num": "MD441", "length_m": 3.55, "valley": "Koramangala Challaghatta Valley", "subvalley": "KC_2", "ward_name": "39 - Hagaduru", "Corporation": "East"}, "geometry": {"type": "LineString", "coordinates": [[77.763646, 12.959062], [77.763678, 12.959062]]}}, {"type": "Feature", "properties": {"Drain num": "MD442", "sec_id": 213, "pri_Drain num": "MD441", "length_m": 3.55, "valley": "Koramangala Challaghatta Valley", "subvalley": "KC_2", "ward_name": "39 - Hagaduru", "Corporation": "East"}, "geometry": {"type": "LineString", "coordinates": [[77.763678, 12.959062], [77.763711, 12.959062]]}}, {"type": "Feature", "properties": {"Drain num": "MD442", "sec_id": 213, "pri_Drain num": "MD441", "length_m": 3.55, "valley": "Koramangala Challaghatta Valley", "subvalley": "KC_2", "ward_name": "39 - Hagaduru", "Corporation": "East"}, "geometry": {"type": "LineString", "coordinates": [[77.763711, 12.959062], [77.763744, 12.959062]]}}, {"type": "Feature", "properties": {"sec_id": 214, "pri_Drain num": "MD441", "length_m": 379.27, "valley": "Koramangala Challaghatta Valley", "subvalley": "KC_2", "ward_name": "39 - Hagaduru", "Corporation": "East"}, "geometry": {"type": "LineString", "coordinates": [[77.761046, 12.957788], [77.761046, 12.957851], [77.761324, 12.957883], [77.761765, 12.957867], [77.761962, 12.957102], [77.762141, 12.956975], [77.762714, 12.956975], [77.763073, 12.95715], [77.763695, 12.957262]]}}, {"type": "Feature", "properties": {"Drain num": "MD455", "sec_id": 215, "pri_Drain num": "MD441", "length_m": 821.61, "valley": "Koramangala Challaghatta Valley", "subvalley": "KC_2", "ward_name": "39 - Hagaduru", "Corporation": "East"}, "geometry": {"type": "LineString", "coordinates": [[77.76341, 12.967447], [77.763547, 12.967292], [77.764071, 12.967164], [77.764561, 12.966272], [77.765231, 12.965794], [77.765477, 12.965539], [77.76636, 12.965189], [77.766948, 12.964758], [77.767537, 12.964567], [77.769123, 12.963404]]}}, {"type": "Feature", "properties": {"sec_id": 216, "length_m": 658.01, "valley": "Koramangala Challaghatta Valley", "subvalley": "KC_2", "ward_name": "42 - Priyadarshini Ward", "Corporation": "East"}, "geometry": {"type": "LineString", "coordinates": [[77.706288, 12.9654], [77.705088, 12.965762], [77.704935, 12.965555], [77.704921, 12.965293], [77.704692, 12.965009], [77.703727, 12.964983], [77.703539, 12.965121], [77.703409, 12.965073], [77.703366, 12.965155], [77.703236, 12.965617], [77.703132, 12.966528], [77.702977, 12.96652], [77.70239, 12.965897]]}}, {"type": "Feature", "properties": {"sec_id": 217, "length_m": 373.72, "valley": "Koramangala Challaghatta Valley", "subvalley": "KC_2", "ward_name": "42 - Priyadarshini Ward,36 - Bharath Aikya Ward", "Corporation": "East"}, "geometry": {"type": "LineString", "coordinates": [[77.708816, 12.962059], [77.708881, 12.962276], [77.708671, 12.96329], [77.70854, 12.963425], [77.708278, 12.964837], [77.708283, 12.96512], [77.708132, 12.965253]]}}, {"type": "Feature", "properties": {"Drain num": "K109", "sec_id": 218, "pri_Drain num": "K100", "length_m": 26.0, "valley": "Koramangala Challaghatta Valley", "subvalley": "KC_1", "ward_name": "4 - Sampangirama Nagar,32 - SilverJubilee Park Ward", "Corporation": "Central"}, "geometry": {"type": "LineString", "coordinates": [[77.591616, 12.970011], [77.59168, 12.969785]]}}, {"type": "Feature", "properties": {"Drain num": "K109", "sec_id": 218, "pri_Drain num": "K100", "length_m": 4.61, "valley": "Koramangala Challaghatta Valley", "subvalley": "KC_1", "ward_name": "4 - Sampangirama Nagar,32 - SilverJubilee Park Ward", "Corporation": "Central"}, "geometry": {"type": "LineString", "coordinates": [[77.59168, 12.969785], [77.591642, 12.969766]]}}, {"type": "Feature", "properties": {"Drain num": "K109", "sec_id": 218, "pri_Drain num": "K100", "length_m": 4.6, "valley": "Koramangala Challaghatta Valley", "subvalley": "KC_1", "ward_name": "4 - Sampangirama Nagar,32 - SilverJubilee Park Ward", "Corporation": "Central"}, "geometry": {"type": "LineString", "coordinates": [[77.591642, 12.969766], [77.591623, 12.969729]]}}, {"type": "Feature", "properties": {"Drain num": "K109", "sec_id": 218, "pri_Drain num": "K100", "length_m": 4.6, "valley": "Koramangala Challaghatta Valley", "subvalley": "KC_1", "ward_name": "4 - Sampangirama Nagar,32 - SilverJubilee Park Ward", "Corporation": "Central"}, "geometry": {"type": "LineString", "coordinates": [[77.591623, 12.969729], [77.591604, 12.969692]]}}, {"type": "Feature", "properties": {"Drain num": "K109", "sec_id": 218, "pri_Drain num": "K100", "length_m": 4.61, "valley": "Koramangala Challaghatta Valley", "subvalley": "KC_1", "ward_name": "4 - Sampangirama Nagar,32 - SilverJubilee Park Ward", "Corporation": "Central"}, "geometry": {"type": "LineString", "coordinates": [[77.591604, 12.969692], [77.591565, 12.969673]]}}, {"type": "Feature", "properties": {"Drain num": "K109", "sec_id": 218, "pri_Drain num": "K100", "length_m": 4.61, "valley": "Koramangala Challaghatta Valley", "subvalley": "KC_1", "ward_name": "4 - Sampangirama Nagar,32 - SilverJubilee Park Ward", "Corporation": "Central"}, "geometry": {"type": "LineString", "coordinates": [[77.591565, 12.969673], [77.591527, 12.969655]]}}, {"type": "Feature", "properties": {"Drain num": "K109", "sec_id": 218, "pri_Drain num": "K100", "length_m": 4.6, "valley": "Koramangala Challaghatta Valley", "subvalley": "KC_1", "ward_name": "4 - Sampangirama Nagar,32 - SilverJubilee Park Ward", "Corporation": "Central"}, "geometry": {"type": "LineString", "coordinates": [[77.591527, 12.969655], [77.591508, 12.969618]]}}, {"type": "Feature", "properties": {"Drain num": "K109", "sec_id": 218, "pri_Drain num": "K100", "length_m": 4.61, "valley": "Koramangala Challaghatta Valley", "subvalley": "KC_1", "ward_name": "4 - Sampangirama Nagar,32 - SilverJubilee Park Ward", "Corporation": "Central"}, "geometry": {"type": "LineString", "coordinates": [[77.591508, 12.969618], [77.59147, 12.969599]]}}, {"type": "Feature", "properties": {"Drain num": "K109", "sec_id": 218, "pri_Drain num": "K100", "length_m": 4.13, "valley": "Koramangala Challaghatta Valley", "subvalley": "KC_1", "ward_name": "4 - Sampangirama Nagar,32 - SilverJubilee Park Ward", "Corporation": "Central"}, "geometry": {"type": "LineString", "coordinates": [[77.59147, 12.969599], [77.591432, 12.969599]]}}, {"type": "Feature", "properties": {"Drain num": "K109", "sec_id": 218, "pri_Drain num": "K100", "length_m": 4.61, "valley": "Koramangala Challaghatta Valley", "subvalley": "KC_1", "ward_name": "4 - Sampangirama Nagar,32 - SilverJubilee Park Ward", "Corporation": "Central"}, "geometry": {"type": "LineString", "coordinates": [[77.591432, 12.969599], [77.591394, 12.969581]]}}, {"type": "Feature", "properties": {"Drain num": "K109", "sec_id": 218, "pri_Drain num": "K100", "length_m": 4.61, "valley": "Koramangala Challaghatta Valley", "subvalley": "KC_1", "ward_name": "4 - Sampangirama Nagar,32 - SilverJubilee Park Ward", "Corporation": "Central"}, "geometry": {"type": "LineString", "coordinates": [[77.591394, 12.969581], [77.591356, 12.969562]]}}, {"type": "Feature", "properties": {"Drain num": "K109", "sec_id": 218, "pri_Drain num": "K100", "length_m": 4.61, "valley": "Koramangala Challaghatta Valley", "subvalley": "KC_1", "ward_name": "4 - Sampangirama Nagar,32 - SilverJubilee Park Ward", "Corporation": "Central"}, "geometry": {"type": "LineString", "coordinates": [[77.591356, 12.969562], [77.591318, 12.969544]]}}, {"type": "Feature", "properties": {"Drain num": "K109", "sec_id": 218, "pri_Drain num": "K100", "length_m": 4.61, "valley": "Koramangala Challaghatta Valley", "subvalley": "KC_1", "ward_name": "4 - Sampangirama Nagar,32 - SilverJubilee Park Ward", "Corporation": "Central"}, "geometry": {"type": "LineString", "coordinates": [[77.591318, 12.969544], [77.59128, 12.969525]]}}, {"type": "Feature", "properties": {"Drain num": "K109", "sec_id": 218, "pri_Drain num": "K100", "length_m": 4.61, "valley": "Koramangala Challaghatta Valley", "subvalley": "KC_1", "ward_name": "4 - Sampangirama Nagar,32 - SilverJubilee Park Ward", "Corporation": "Central"}, "geometry": {"type": "LineString", "coordinates": [[77.59128, 12.969525], [77.591242, 12.969507]]}}, {"type": "Feature", "properties": {"Drain num": "K109", "sec_id": 218, "pri_Drain num": "K100", "length_m": 4.61, "valley": "Koramangala Challaghatta Valley", "subvalley": "KC_1", "ward_name": "4 - Sampangirama Nagar,32 - SilverJubilee Park Ward", "Corporation": "Central"}, "geometry": {"type": "LineString", "coordinates": [[77.591242, 12.969507], [77.591204, 12.969488]]}}, {"type": "Feature", "properties": {"Drain num": "K109", "sec_id": 218, "pri_Drain num": "K100", "length_m": 4.6, "valley": "Koramangala Challaghatta Valley", "subvalley": "KC_1", "ward_name": "4 - Sampangirama Nagar,32 - SilverJubilee Park Ward", "Corporation": "Central"}, "geometry": {"type": "LineString", "coordinates": [[77.591204, 12.969488], [77.591185, 12.969451]]}}, {"type": "Feature", "properties": {"Drain num": "K109", "sec_id": 218, "pri_Drain num": "K100", "length_m": 6.53, "valley": "Koramangala Challaghatta Valley", "subvalley": "KC_1", "ward_name": "4 - Sampangirama Nagar,32 - SilverJubilee Park Ward", "Corporation": "Central"}, "geometry": {"type": "LineString", "coordinates": [[77.591185, 12.969451], [77.591128, 12.969432]]}}, {"type": "Feature", "properties": {"Drain num": "K109", "sec_id": 218, "pri_Drain num": "K100", "length_m": 5.82, "valley": "Koramangala Challaghatta Valley", "subvalley": "KC_1", "ward_name": "4 - Sampangirama Nagar,32 - SilverJubilee Park Ward", "Corporation": "Central"}, "geometry": {"type": "LineString", "coordinates": [[77.591128, 12.969432], [77.59109, 12.969395]]}}, {"type": "Feature", "properties": {"Drain num": "K109", "sec_id": 218, "pri_Drain num": "K100", "length_m": 5.82, "valley": "Koramangala Challaghatta Valley", "subvalley": "KC_1", "ward_name": "4 - Sampangirama Nagar,32 - SilverJubilee Park Ward", "Corporation": "Central"}, "geometry": {"type": "LineString", "coordinates": [[77.59109, 12.969395], [77.591052, 12.969358]]}}, {"type": "Feature", "properties": {"Drain num": "K109", "sec_id": 218, "pri_Drain num": "K100", "length_m": 4.61, "valley": "Koramangala Challaghatta Valley", "subvalley": "KC_1", "ward_name": "4 - Sampangirama Nagar,32 - SilverJubilee Park Ward", "Corporation": "Central"}, "geometry": {"type": "LineString", "coordinates": [[77.591052, 12.969358], [77.591014, 12.96934]]}}, {"type": "Feature", "properties": {"Drain num": "K109", "sec_id": 218, "pri_Drain num": "K100", "length_m": 5.82, "valley": "Koramangala Challaghatta Valley", "subvalley": "KC_1", "ward_name": "4 - Sampangirama Nagar,32 - SilverJubilee Park Ward", "Corporation": "Central"}, "geometry": {"type": "LineString", "coordinates": [[77.591014, 12.96934], [77.590976, 12.969303]]}}, {"type": "Feature", "properties": {"Drain num": "K109", "sec_id": 218, "pri_Drain num": "K100", "length_m": 4.61, "valley": "Koramangala Challaghatta Valley", "subvalley": "KC_1", "ward_name": "4 - Sampangirama Nagar,32 - SilverJubilee Park Ward", "Corporation": "Central"}, "geometry": {"type": "LineString", "coordinates": [[77.590976, 12.969303], [77.590938, 12.969284]]}}, {"type": "Feature", "properties": {"Drain num": "K109", "sec_id": 218, "pri_Drain num": "K100", "length_m": 4.6, "valley": "Koramangala Challaghatta Valley", "subvalley": "KC_1", "ward_name": "4 - Sampangirama Nagar,32 - SilverJubilee Park Ward", "Corporation": "Central"}, "geometry": {"type": "LineString", "coordinates": [[77.590938, 12.969284], [77.590919, 12.969247]]}}, {"type": "Feature", "properties": {"Drain num": "K109", "sec_id": 218, "pri_Drain num": "K100", "length_m": 4.61, "valley": "Koramangala Challaghatta Valley", "subvalley": "KC_1", "ward_name": "4 - Sampangirama Nagar,32 - SilverJubilee Park Ward", "Corporation": "Central"}, "geometry": {"type": "LineString", "coordinates": [[77.590919, 12.969247], [77.590881, 12.969228]]}}, {"type": "Feature", "properties": {"Drain num": "K109", "sec_id": 218, "pri_Drain num": "K100", "length_m": 4.61, "valley": "Koramangala Challaghatta Valley", "subvalley": "KC_1", "ward_name": "4 - Sampangirama Nagar,32 - SilverJubilee Park Ward", "Corporation": "Central"}, "geometry": {"type": "LineString", "coordinates": [[77.590881, 12.969228], [77.590842, 12.96921]]}}, {"type": "Feature", "properties": {"Drain num": "K109", "sec_id": 218, "pri_Drain num": "K100", "length_m": 4.6, "valley": "Koramangala Challaghatta Valley", "subvalley": "KC_1", "ward_name": "4 - Sampangirama Nagar,32 - SilverJubilee Park Ward", "Corporation": "Central"}, "geometry": {"type": "LineString", "coordinates": [[77.590842, 12.96921], [77.590823, 12.969173]]}}, {"type": "Feature", "properties": {"Drain num": "K109", "sec_id": 218, "pri_Drain num": "K100", "length_m": 4.61, "valley": "Koramangala Challaghatta Valley", "subvalley": "KC_1", "ward_name": "4 - Sampangirama Nagar,32 - SilverJubilee Park Ward", "Corporation": "Central"}, "geometry": {"type": "LineString", "coordinates": [[77.590823, 12.969173], [77.590785, 12.969154]]}}, {"type": "Feature", "properties": {"Drain num": "K109", "sec_id": 218, "pri_Drain num": "K100", "length_m": 4.6, "valley": "Koramangala Challaghatta Valley", "subvalley": "KC_1", "ward_name": "4 - Sampangirama Nagar,32 - SilverJubilee Park Ward", "Corporation": "Central"}, "geometry": {"type": "LineString", "coordinates": [[77.590785, 12.969154], [77.590766, 12.969117]]}}, {"type": "Feature", "properties": {"Drain num": "K109", "sec_id": 218, "pri_Drain num": "K100", "length_m": 29.05, "valley": "Koramangala Challaghatta Valley", "subvalley": "KC_1", "ward_name": "4 - Sampangirama Nagar,32 - SilverJubilee Park Ward", "Corporation": "Central"}, "geometry": {"type": "LineString", "coordinates": [[77.590766, 12.969117], [77.590526, 12.969002]]}}, {"type": "Feature", "properties": {"Drain num": "K109", "sec_id": 218, "pri_Drain num": "K100", "length_m": 26.02, "valley": "Koramangala Challaghatta Valley", "subvalley": "KC_1", "ward_name": "4 - Sampangirama Nagar,32 - SilverJubilee Park Ward", "Corporation": "Central"}, "geometry": {"type": "LineString", "coordinates": [[77.590526, 12.969002], [77.590652, 12.968802]]}}, {"type": "Feature", "properties": {"Drain num": "K109", "sec_id": 218, "pri_Drain num": "K100", "length_m": 6.16, "valley": "Koramangala Challaghatta Valley", "subvalley": "KC_1", "ward_name": "4 - Sampangirama Nagar,32 - SilverJubilee Park Ward", "Corporation": "Central"}, "geometry": {"type": "LineString", "coordinates": [[77.590652, 12.968802], [77.590652, 12.968746]]}}, {"type": "Feature", "properties": {"Drain num": "K109", "sec_id": 218, "pri_Drain num": "K100", "length_m": 43.54, "valley": "Koramangala Challaghatta Valley", "subvalley": "KC_1", "ward_name": "4 - Sampangirama Nagar,32 - SilverJubilee Park Ward", "Corporation": "Central"}, "geometry": {"type": "LineString", "coordinates": [[77.590652, 12.968746], [77.590709, 12.968357]]}}, {"type": "Feature", "properties": {"Drain num": "K109", "sec_id": 218, "pri_Drain num": "K100", "length_m": 4.6, "valley": "Koramangala Challaghatta Valley", "subvalley": "KC_1", "ward_name": "4 - Sampangirama Nagar,32 - SilverJubilee Park Ward", "Corporation": "Central"}, "geometry": {"type": "LineString", "coordinates": [[77.590709, 12.968357], [77.590728, 12.96832]]}}, {"type": "Feature", "properties": {"Drain num": "K109", "sec_id": 218, "pri_Drain num": "K100", "length_m": 4.61, "valley": "Koramangala Challaghatta Valley", "subvalley": "KC_1", "ward_name": "4 - Sampangirama Nagar,32 - SilverJubilee Park Ward", "Corporation": "Central"}, "geometry": {"type": "LineString", "coordinates": [[77.590728, 12.96832], [77.590766, 12.968301]]}}, {"type": "Feature", "properties": {"Drain num": "K109", "sec_id": 218, "pri_Drain num": "K100", "length_m": 4.13, "valley": "Koramangala Challaghatta Valley", "subvalley": "KC_1", "ward_name": "4 - Sampangirama Nagar,32 - SilverJubilee Park Ward", "Corporation": "Central"}, "geometry": {"type": "LineString", "coordinates": [[77.590766, 12.968301], [77.590804, 12.968301]]}}, {"type": "Feature", "properties": {"Drain num": "K109", "sec_id": 218, "pri_Drain num": "K100", "length_m": 4.13, "valley": "Koramangala Challaghatta Valley", "subvalley": "KC_1", "ward_name": "4 - Sampangirama Nagar,32 - SilverJubilee Park Ward", "Corporation": "Central"}, "geometry": {"type": "LineString", "coordinates": [[77.590804, 12.968301], [77.590842, 12.968301]]}}, {"type": "Feature", "properties": {"Drain num": "K109", "sec_id": 218, "pri_Drain num": "K100", "length_m": 4.13, "valley": "Koramangala Challaghatta Valley", "subvalley": "KC_1", "ward_name": "4 - Sampangirama Nagar,32 - SilverJubilee Park Ward", "Corporation": "Central"}, "geometry": {"type": "LineString", "coordinates": [[77.590842, 12.968301], [77.590881, 12.968301]]}}, {"type": "Feature", "properties": {"Drain num": "K109", "sec_id": 218, "pri_Drain num": "K100", "length_m": 4.13, "valley": "Koramangala Challaghatta Valley", "subvalley": "KC_1", "ward_name": "4 - Sampangirama Nagar,32 - SilverJubilee Park Ward", "Corporation": "Central"}, "geometry": {"type": "LineString", "coordinates": [[77.590881, 12.968301], [77.590919, 12.968301]]}}, {"type": "Feature", "properties": {"Drain num": "K109", "sec_id": 218, "pri_Drain num": "K100", "length_m": 4.61, "valley": "Koramangala Challaghatta Valley", "subvalley": "KC_1", "ward_name": "4 - Sampangirama Nagar,32 - SilverJubilee Park Ward", "Corporation": "Central"}, "geometry": {"type": "LineString", "coordinates": [[77.590919, 12.968301], [77.590957, 12.968283]]}}, {"type": "Feature", "properties": {"Drain num": "K109", "sec_id": 218, "pri_Drain num": "K100", "length_m": 4.61, "valley": "Koramangala Challaghatta Valley", "subvalley": "KC_1", "ward_name": "4 - Sampangirama Nagar,32 - SilverJubilee Park Ward", "Corporation": "Central"}, "geometry": {"type": "LineString", "coordinates": [[77.590957, 12.968283], [77.590995, 12.968264]]}}, {"type": "Feature", "properties": {"Drain num": "K109", "sec_id": 218, "pri_Drain num": "K100", "length_m": 6.2, "valley": "Koramangala Challaghatta Valley", "subvalley": "KC_1", "ward_name": "4 - Sampangirama Nagar,32 - SilverJubilee Park Ward", "Corporation": "Central"}, "geometry": {"type": "LineString", "coordinates": [[77.590995, 12.968264], [77.591052, 12.968264]]}}, {"type": "Feature", "properties": {"Drain num": "K109", "sec_id": 218, "pri_Drain num": "K100", "length_m": 4.61, "valley": "Koramangala Challaghatta Valley", "subvalley": "KC_1", "ward_name": "4 - Sampangirama Nagar,32 - SilverJubilee Park Ward", "Corporation": "Central"}, "geometry": {"type": "LineString", "coordinates": [[77.591052, 12.968264], [77.59109, 12.968246]]}}, {"type": "Feature", "properties": {"Drain num": "K109", "sec_id": 218, "pri_Drain num": "K100", "length_m": 4.13, "valley": "Koramangala Challaghatta Valley", "subvalley": "KC_1", "ward_name": "4 - Sampangirama Nagar,32 - SilverJubilee Park Ward", "Corporation": "Central"}, "geometry": {"type": "LineString", "coordinates": [[77.59109, 12.968246], [77.591128, 12.968246]]}}, {"type": "Feature", "properties": {"Drain num": "K109", "sec_id": 218, "pri_Drain num": "K100", "length_m": 4.13, "valley": "Koramangala Challaghatta Valley", "subvalley": "KC_1", "ward_name": "4 - Sampangirama Nagar,32 - SilverJubilee Park Ward", "Corporation": "Central"}, "geometry": {"type": "LineString", "coordinates": [[77.591128, 12.968246], [77.591166, 12.968246]]}}, {"type": "Feature", "properties": {"Drain num": "K109", "sec_id": 218, "pri_Drain num": "K100", "length_m": 4.13, "valley": "Koramangala Challaghatta Valley", "subvalley": "KC_1", "ward_name": "4 - Sampangirama Nagar,32 - SilverJubilee Park Ward", "Corporation": "Central"}, "geometry": {"type": "LineString", "coordinates": [[77.591166, 12.968246], [77.591204, 12.968246]]}}, {"type": "Feature", "properties": {"Drain num": "K109", "sec_id": 218, "pri_Drain num": "K100", "length_m": 4.13, "valley": "Koramangala Challaghatta Valley", "subvalley": "KC_1", "ward_name": "4 - Sampangirama Nagar,32 - SilverJubilee Park Ward", "Corporation": "Central"}, "geometry": {"type": "LineString", "coordinates": [[77.591204, 12.968246], [77.591242, 12.968246]]}}, {"type": "Feature", "properties": {"Drain num": "K109", "sec_id": 218, "pri_Drain num": "K100", "length_m": 4.13, "valley": "Koramangala Challaghatta Valley", "subvalley": "KC_1", "ward_name": "4 - Sampangirama Nagar,32 - SilverJubilee Park Ward", "Corporation": "Central"}, "geometry": {"type": "LineString", "coordinates": [[77.591242, 12.968246], [77.59128, 12.968246]]}}, {"type": "Feature", "properties": {"Drain num": "K109", "sec_id": 218, "pri_Drain num": "K100", "length_m": 4.13, "valley": "Koramangala Challaghatta Valley", "subvalley": "KC_1", "ward_name": "4 - Sampangirama Nagar,32 - SilverJubilee Park Ward", "Corporation": "Central"}, "geometry": {"type": "LineString", "coordinates": [[77.59128, 12.968246], [77.591318, 12.968246]]}}, {"type": "Feature", "properties": {"Drain num": "K109", "sec_id": 218, "pri_Drain num": "K100", "length_m": 4.13, "valley": "Koramangala Challaghatta Valley", "subvalley": "KC_1", "ward_name": "4 - Sampangirama Nagar,32 - SilverJubilee Park Ward", "Corporation": "Central"}, "geometry": {"type": "LineString", "coordinates": [[77.591318, 12.968246], [77.591356, 12.968246]]}}, {"type": "Feature", "properties": {"Drain num": "K109", "sec_id": 218, "pri_Drain num": "K100", "length_m": 4.13, "valley": "Koramangala Challaghatta Valley", "subvalley": "KC_1", "ward_name": "4 - Sampangirama Nagar,32 - SilverJubilee Park Ward", "Corporation": "Central"}, "geometry": {"type": "LineString", "coordinates": [[77.591356, 12.968246], [77.591394, 12.968246]]}}, {"type": "Feature", "properties": {"Drain num": "K109", "sec_id": 218, "pri_Drain num": "K100", "length_m": 4.13, "valley": "Koramangala Challaghatta Valley", "subvalley": "KC_1", "ward_name": "4 - Sampangirama Nagar,32 - SilverJubilee Park Ward", "Corporation": "Central"}, "geometry": {"type": "LineString", "coordinates": [[77.591394, 12.968246], [77.591432, 12.968246]]}}, {"type": "Feature", "properties": {"Drain num": "K109", "sec_id": 218, "pri_Drain num": "K100", "length_m": 4.61, "valley": "Koramangala Challaghatta Valley", "subvalley": "KC_1", "ward_name": "4 - Sampangirama Nagar,32 - SilverJubilee Park Ward", "Corporation": "Central"}, "geometry": {"type": "LineString", "coordinates": [[77.591432, 12.968246], [77.59147, 12.968264]]}}, {"type": "Feature", "properties": {"Drain num": "K109", "sec_id": 218, "pri_Drain num": "K100", "length_m": 4.13, "valley": "Koramangala Challaghatta Valley", "subvalley": "KC_1", "ward_name": "4 - Sampangirama Nagar,32 - SilverJubilee Park Ward", "Corporation": "Central"}, "geometry": {"type": "LineString", "coordinates": [[77.59147, 12.968264], [77.591508, 12.968264]]}}, {"type": "Feature", "properties": {"Drain num": "K109", "sec_id": 218, "pri_Drain num": "K100", "length_m": 4.61, "valley": "Koramangala Challaghatta Valley", "subvalley": "KC_1", "ward_name": "4 - Sampangirama Nagar,32 - SilverJubilee Park Ward", "Corporation": "Central"}, "geometry": {"type": "LineString", "coordinates": [[77.591508, 12.968264], [77.591546, 12.968283]]}}, {"type": "Feature", "properties": {"Drain num": "K109", "sec_id": 218, "pri_Drain num": "K100", "length_m": 6.53, "valley": "Koramangala Challaghatta Valley", "subvalley": "KC_1", "ward_name": "4 - Sampangirama Nagar,32 - SilverJubilee Park Ward", "Corporation": "Central"}, "geometry": {"type": "LineString", "coordinates": [[77.591546, 12.968283], [77.591604, 12.968301]]}}, {"type": "Feature", "properties": {"Drain num": "K109", "sec_id": 218, "pri_Drain num": "K100", "length_m": 6.2, "valley": "Koramangala Challaghatta Valley", "subvalley": "KC_1", "ward_name": "4 - Sampangirama Nagar,32 - SilverJubilee Park Ward", "Corporation": "Central"}, "geometry": {"type": "LineString", "coordinates": [[77.591604, 12.968301], [77.591661, 12.968301]]}}, {"type": "Feature", "properties": {"Drain num": "K109", "sec_id": 218, "pri_Drain num": "K100", "length_m": 6.2, "valley": "Koramangala Challaghatta Valley", "subvalley": "KC_1", "ward_name": "4 - Sampangirama Nagar,32 - SilverJubilee Park Ward", "Corporation": "Central"}, "geometry": {"type": "LineString", "coordinates": [[77.591661, 12.968301], [77.591718, 12.968301]]}}, {"type": "Feature", "properties": {"Drain num": "K109", "sec_id": 218, "pri_Drain num": "K100", "length_m": 4.13, "valley": "Koramangala Challaghatta Valley", "subvalley": "KC_1", "ward_name": "4 - Sampangirama Nagar,32 - SilverJubilee Park Ward", "Corporation": "Central"}, "geometry": {"type": "LineString", "coordinates": [[77.591718, 12.968301], [77.591756, 12.968301]]}}, {"type": "Feature", "properties": {"Drain num": "K109", "sec_id": 218, "pri_Drain num": "K100", "length_m": 4.61, "valley": "Koramangala Challaghatta Valley", "subvalley": "KC_1", "ward_name": "4 - Sampangirama Nagar,32 - SilverJubilee Park Ward", "Corporation": "Central"}, "geometry": {"type": "LineString", "coordinates": [[77.591756, 12.968301], [77.591794, 12.96832]]}}, {"type": "Feature", "properties": {"Drain num": "K109", "sec_id": 218, "pri_Drain num": "K100", "length_m": 4.13, "valley": "Koramangala Challaghatta Valley", "subvalley": "KC_1", "ward_name": "4 - Sampangirama Nagar,32 - SilverJubilee Park Ward", "Corporation": "Central"}, "geometry": {"type": "LineString", "coordinates": [[77.591794, 12.96832], [77.591832, 12.96832]]}}, {"type": "Feature", "properties": {"Drain num": "K109", "sec_id": 218, "pri_Drain num": "K100", "length_m": 4.13, "valley": "Koramangala Challaghatta Valley", "subvalley": "KC_1", "ward_name": "4 - Sampangirama Nagar,32 - SilverJubilee Park Ward", "Corporation": "Central"}, "geometry": {"type": "LineString", "coordinates": [[77.591832, 12.96832], [77.59187, 12.96832]]}}, {"type": "Feature", "properties": {"Drain num": "K109", "sec_id": 218, "pri_Drain num": "K100", "length_m": 4.13, "valley": "Koramangala Challaghatta Valley", "subvalley": "KC_1", "ward_name": "4 - Sampangirama Nagar,32 - SilverJubilee Park Ward", "Corporation": "Central"}, "geometry": {"type": "LineString", "coordinates": [[77.59187, 12.96832], [77.591908, 12.96832]]}}, {"type": "Feature", "properties": {"Drain num": "K109", "sec_id": 218, "pri_Drain num": "K100", "length_m": 4.13, "valley": "Koramangala Challaghatta Valley", "subvalley": "KC_1", "ward_name": "4 - Sampangirama Nagar,32 - SilverJubilee Park Ward", "Corporation": "Central"}, "geometry": {"type": "LineString", "coordinates": [[77.591908, 12.96832], [77.591946, 12.96832]]}}, {"type": "Feature", "properties": {"Drain num": "K109", "sec_id": 218, "pri_Drain num": "K100", "length_m": 4.13, "valley": "Koramangala Challaghatta Valley", "subvalley": "KC_1", "ward_name": "4 - Sampangirama Nagar,32 - SilverJubilee Park Ward", "Corporation": "Central"}, "geometry": {"type": "LineString", "coordinates": [[77.591946, 12.96832], [77.591984, 12.96832]]}}, {"type": "Feature", "properties": {"Drain num": "K109", "sec_id": 218, "pri_Drain num": "K100", "length_m": 25.65, "valley": "Koramangala Challaghatta Valley", "subvalley": "KC_1", "ward_name": "4 - Sampangirama Nagar,32 - SilverJubilee Park Ward", "Corporation": "Central"}, "geometry": {"type": "LineString", "coordinates": [[77.591984, 12.96832], [77.592216, 12.968364]]}}, {"type": "Feature", "properties": {"Drain num": "K109", "sec_id": 218, "pri_Drain num": "K100", "length_m": 26.01, "valley": "Koramangala Challaghatta Valley", "subvalley": "KC_1", "ward_name": "4 - Sampangirama Nagar,32 - SilverJubilee Park Ward", "Corporation": "Central"}, "geometry": {"type": "LineString", "coordinates": [[77.592216, 12.968364], [77.592441, 12.968283]]}}, {"type": "Feature", "properties": {"Drain num": "K109", "sec_id": 218, "pri_Drain num": "K100", "length_m": 4.13, "valley": "Koramangala Challaghatta Valley", "subvalley": "KC_1", "ward_name": "4 - Sampangirama Nagar,32 - SilverJubilee Park Ward", "Corporation": "Central"}, "geometry": {"type": "LineString", "coordinates": [[77.592441, 12.968283], [77.592479, 12.968283]]}}, {"type": "Feature", "properties": {"Drain num": "K109", "sec_id": 218, "pri_Drain num": "K100", "length_m": 4.61, "valley": "Koramangala Challaghatta Valley", "subvalley": "KC_1", "ward_name": "4 - Sampangirama Nagar,32 - SilverJubilee Park Ward", "Corporation": "Central"}, "geometry": {"type": "LineString", "coordinates": [[77.592479, 12.968283], [77.592517, 12.968264]]}}, {"type": "Feature", "properties": {"Drain num": "K109", "sec_id": 218, "pri_Drain num": "K100", "length_m": 4.61, "valley": "Koramangala Challaghatta Valley", "subvalley": "KC_1", "ward_name": "4 - Sampangirama Nagar,32 - SilverJubilee Park Ward", "Corporation": "Central"}, "geometry": {"type": "LineString", "coordinates": [[77.592517, 12.968264], [77.592555, 12.968246]]}}, {"type": "Feature", "properties": {"Drain num": "K109", "sec_id": 218, "pri_Drain num": "K100", "length_m": 4.13, "valley": "Koramangala Challaghatta Valley", "subvalley": "KC_1", "ward_name": "4 - Sampangirama Nagar,32 - SilverJubilee Park Ward", "Corporation": "Central"}, "geometry": {"type": "LineString", "coordinates": [[77.592555, 12.968246], [77.592593, 12.968246]]}}, {"type": "Feature", "properties": {"Drain num": "K109", "sec_id": 218, "pri_Drain num": "K100", "length_m": 4.13, "valley": "Koramangala Challaghatta Valley", "subvalley": "KC_1", "ward_name": "4 - Sampangirama Nagar,32 - SilverJubilee Park Ward", "Corporation": "Central"}, "geometry": {"type": "LineString", "coordinates": [[77.592593, 12.968246], [77.592631, 12.968246]]}}, {"type": "Feature", "properties": {"Drain num": "K109", "sec_id": 218, "pri_Drain num": "K100", "length_m": 4.61, "valley": "Koramangala Challaghatta Valley", "subvalley": "KC_1", "ward_name": "4 - Sampangirama Nagar,32 - SilverJubilee Park Ward", "Corporation": "Central"}, "geometry": {"type": "LineString", "coordinates": [[77.592631, 12.968246], [77.592669, 12.968227]]}}, {"type": "Feature", "properties": {"Drain num": "K109", "sec_id": 218, "pri_Drain num": "K100", "length_m": 4.13, "valley": "Koramangala Challaghatta Valley", "subvalley": "KC_1", "ward_name": "4 - Sampangirama Nagar,32 - SilverJubilee Park Ward", "Corporation": "Central"}, "geometry": {"type": "LineString", "coordinates": [[77.592669, 12.968227], [77.592707, 12.968227]]}}, {"type": "Feature", "properties": {"Drain num": "K109", "sec_id": 218, "pri_Drain num": "K100", "length_m": 4.61, "valley": "Koramangala Challaghatta Valley", "subvalley": "KC_1", "ward_name": "4 - Sampangirama Nagar,32 - SilverJubilee Park Ward", "Corporation": "Central"}, "geometry": {"type": "LineString", "coordinates": [[77.592707, 12.968227], [77.592745, 12.968209]]}}, {"type": "Feature", "properties": {"Drain num": "K109", "sec_id": 218, "pri_Drain num": "K100", "length_m": 4.61, "valley": "Koramangala Challaghatta Valley", "subvalley": "KC_1", "ward_name": "4 - Sampangirama Nagar,32 - SilverJubilee Park Ward", "Corporation": "Central"}, "geometry": {"type": "LineString", "coordinates": [[77.592745, 12.968209], [77.592783, 12.96819]]}}, {"type": "Feature", "properties": {"Drain num": "K109", "sec_id": 218, "pri_Drain num": "K100", "length_m": 4.13, "valley": "Koramangala Challaghatta Valley", "subvalley": "KC_1", "ward_name": "4 - Sampangirama Nagar,32 - SilverJubilee Park Ward", "Corporation": "Central"}, "geometry": {"type": "LineString", "coordinates": [[77.592783, 12.96819], [77.592821, 12.96819]]}}, {"type": "Feature", "properties": {"Drain num": "K109", "sec_id": 218, "pri_Drain num": "K100", "length_m": 6.2, "valley": "Koramangala Challaghatta Valley", "subvalley": "KC_1", "ward_name": "4 - Sampangirama Nagar,32 - SilverJubilee Park Ward", "Corporation": "Central"}, "geometry": {"type": "LineString", "coordinates": [[77.592821, 12.96819], [77.592878, 12.96819]]}}, {"type": "Feature", "properties": {"Drain num": "K109", "sec_id": 218, "pri_Drain num": "K100", "length_m": 4.61, "valley": "Koramangala Challaghatta Valley", "subvalley": "KC_1", "ward_name": "4 - Sampangirama Nagar,32 - SilverJubilee Park Ward", "Corporation": "Central"}, "geometry": {"type": "LineString", "coordinates": [[77.592878, 12.96819], [77.592916, 12.968172]]}}, {"type": "Feature", "properties": {"Drain num": "K109", "sec_id": 218, "pri_Drain num": "K100", "length_m": 4.13, "valley": "Koramangala Challaghatta Valley", "subvalley": "KC_1", "ward_name": "4 - Sampangirama Nagar,32 - SilverJubilee Park Ward", "Corporation": "Central"}, "geometry": {"type": "LineString", "coordinates": [[77.592916, 12.968172], [77.592954, 12.968172]]}}, {"type": "Feature", "properties": {"Drain num": "K109", "sec_id": 218, "pri_Drain num": "K100", "length_m": 4.61, "valley": "Koramangala Challaghatta Valley", "subvalley": "KC_1", "ward_name": "4 - Sampangirama Nagar,32 - SilverJubilee Park Ward", "Corporation": "Central"}, "geometry": {"type": "LineString", "coordinates": [[77.592954, 12.968172], [77.592992, 12.968153]]}}, {"type": "Feature", "properties": {"Drain num": "K109", "sec_id": 218, "pri_Drain num": "K100", "length_m": 4.13, "valley": "Koramangala Challaghatta Valley", "subvalley": "KC_1", "ward_name": "4 - Sampangirama Nagar,32 - SilverJubilee Park Ward", "Corporation": "Central"}, "geometry": {"type": "LineString", "coordinates": [[77.592992, 12.968153], [77.59303, 12.968153]]}}, {"type": "Feature", "properties": {"Drain num": "K109", "sec_id": 218, "pri_Drain num": "K100", "length_m": 4.61, "valley": "Koramangala Challaghatta Valley", "subvalley": "KC_1", "ward_name": "4 - Sampangirama Nagar,32 - SilverJubilee Park Ward", "Corporation": "Central"}, "geometry": {"type": "LineString", "coordinates": [[77.59303, 12.968153], [77.593069, 12.968135]]}}, {"type": "Feature", "properties": {"Drain num": "K109", "sec_id": 218, "pri_Drain num": "K100", "length_m": 4.61, "valley": "Koramangala Challaghatta Valley", "subvalley": "KC_1", "ward_name": "4 - Sampangirama Nagar,32 - SilverJubilee Park Ward", "Corporation": "Central"}, "geometry": {"type": "LineString", "coordinates": [[77.593069, 12.968135], [77.593107, 12.968116]]}}, {"type": "Feature", "properties": {"Drain num": "K109", "sec_id": 218, "pri_Drain num": "K100", "length_m": 4.61, "valley": "Koramangala Challaghatta Valley", "subvalley": "KC_1", "ward_name": "4 - Sampangirama Nagar,32 - SilverJubilee Park Ward", "Corporation": "Central"}, "geometry": {"type": "LineString", "coordinates": [[77.593107, 12.968116], [77.593145, 12.968097]]}}, {"type": "Feature", "properties": {"Drain num": "K109", "sec_id": 218, "pri_Drain num": "K100", "length_m": 4.13, "valley": "Koramangala Challaghatta Valley", "subvalley": "KC_1", "ward_name": "4 - Sampangirama Nagar,32 - SilverJubilee Park Ward", "Corporation": "Central"}, "geometry": {"type": "LineString", "coordinates": [[77.593145, 12.968097], [77.593183, 12.968097]]}}, {"type": "Feature", "properties": {"Drain num": "K109", "sec_id": 218, "pri_Drain num": "K100", "length_m": 6.53, "valley": "Koramangala Challaghatta Valley", "subvalley": "KC_1", "ward_name": "4 - Sampangirama Nagar,32 - SilverJubilee Park Ward", "Corporation": "Central"}, "geometry": {"type": "LineString", "coordinates": [[77.593183, 12.968097], [77.59324, 12.968079]]}}, {"type": "Feature", "properties": {"Drain num": "K109", "sec_id": 218, "pri_Drain num": "K100", "length_m": 4.61, "valley": "Koramangala Challaghatta Valley", "subvalley": "KC_1", "ward_name": "4 - Sampangirama Nagar,32 - SilverJubilee Park Ward", "Corporation": "Central"}, "geometry": {"type": "LineString", "coordinates": [[77.59324, 12.968079], [77.593278, 12.96806]]}}, {"type": "Feature", "properties": {"Drain num": "K109", "sec_id": 218, "pri_Drain num": "K100", "length_m": 4.61, "valley": "Koramangala Challaghatta Valley", "subvalley": "KC_1", "ward_name": "4 - Sampangirama Nagar,32 - SilverJubilee Park Ward", "Corporation": "Central"}, "geometry": {"type": "LineString", "coordinates": [[77.593278, 12.96806], [77.593316, 12.968042]]}}, {"type": "Feature", "properties": {"Drain num": "K109", "sec_id": 218, "pri_Drain num": "K100", "length_m": 4.61, "valley": "Koramangala Challaghatta Valley", "subvalley": "KC_1", "ward_name": "4 - Sampangirama Nagar,32 - SilverJubilee Park Ward", "Corporation": "Central"}, "geometry": {"type": "LineString", "coordinates": [[77.593316, 12.968042], [77.593354, 12.968023]]}}, {"type": "Feature", "properties": {"Drain num": "K109", "sec_id": 218, "pri_Drain num": "K100", "length_m": 4.61, "valley": "Koramangala Challaghatta Valley", "subvalley": "KC_1", "ward_name": "4 - Sampangirama Nagar,32 - SilverJubilee Park Ward", "Corporation": "Central"}, "geometry": {"type": "LineString", "coordinates": [[77.593354, 12.968023], [77.593392, 12.968005]]}}, {"type": "Feature", "properties": {"Drain num": "K109", "sec_id": 218, "pri_Drain num": "K100", "length_m": 4.13, "valley": "Koramangala Challaghatta Valley", "subvalley": "KC_1", "ward_name": "4 - Sampangirama Nagar,32 - SilverJubilee Park Ward", "Corporation": "Central"}, "geometry": {"type": "LineString", "coordinates": [[77.593392, 12.968005], [77.59343, 12.968005]]}}, {"type": "Feature", "properties": {"Drain num": "K109", "sec_id": 218, "pri_Drain num": "K100", "length_m": 4.61, "valley": "Koramangala Challaghatta Valley", "subvalley": "KC_1", "ward_name": "4 - Sampangirama Nagar,32 - SilverJubilee Park Ward", "Corporation": "Central"}, "geometry": {"type": "LineString", "coordinates": [[77.59343, 12.968005], [77.593468, 12.967986]]}}, {"type": "Feature", "properties": {"Drain num": "K109", "sec_id": 218, "pri_Drain num": "K100", "length_m": 4.61, "valley": "Koramangala Challaghatta Valley", "subvalley": "KC_1", "ward_name": "4 - Sampangirama Nagar,32 - SilverJubilee Park Ward", "Corporation": "Central"}, "geometry": {"type": "LineString", "coordinates": [[77.593468, 12.967986], [77.593506, 12.967968]]}}, {"type": "Feature", "properties": {"Drain num": "K109", "sec_id": 218, "pri_Drain num": "K100", "length_m": 4.61, "valley": "Koramangala Challaghatta Valley", "subvalley": "KC_1", "ward_name": "4 - Sampangirama Nagar,32 - SilverJubilee Park Ward", "Corporation": "Central"}, "geometry": {"type": "LineString", "coordinates": [[77.593506, 12.967968], [77.593544, 12.967949]]}}, {"type": "Feature", "properties": {"Drain num": "K109", "sec_id": 218, "pri_Drain num": "K100", "length_m": 4.61, "valley": "Koramangala Challaghatta Valley", "subvalley": "KC_1", "ward_name": "4 - Sampangirama Nagar,32 - SilverJubilee Park Ward", "Corporation": "Central"}, "geometry": {"type": "LineString", "coordinates": [[77.593544, 12.967949], [77.593582, 12.967931]]}}, {"type": "Feature", "properties": {"Drain num": "K109", "sec_id": 218, "pri_Drain num": "K100", "length_m": 4.61, "valley": "Koramangala Challaghatta Valley", "subvalley": "KC_1", "ward_name": "4 - Sampangirama Nagar,32 - SilverJubilee Park Ward", "Corporation": "Central"}, "geometry": {"type": "LineString", "coordinates": [[77.593582, 12.967931], [77.59362, 12.967912]]}}, {"type": "Feature", "properties": {"Drain num": "K109", "sec_id": 218, "pri_Drain num": "K100", "length_m": 4.13, "valley": "Koramangala Challaghatta Valley", "subvalley": "KC_1", "ward_name": "4 - Sampangirama Nagar,32 - SilverJubilee Park Ward", "Corporation": "Central"}, "geometry": {"type": "LineString", "coordinates": [[77.59362, 12.967912], [77.593658, 12.967912]]}}, {"type": "Feature", "properties": {"Drain num": "K109", "sec_id": 218, "pri_Drain num": "K100", "length_m": 7.43, "valley": "Koramangala Challaghatta Valley", "subvalley": "KC_1", "ward_name": "4 - Sampangirama Nagar,32 - SilverJubilee Park Ward", "Corporation": "Central"}, "geometry": {"type": "LineString", "coordinates": [[77.593658, 12.967912], [77.593715, 12.967875]]}}, {"type": "Feature", "properties": {"Drain num": "K109", "sec_id": 218, "pri_Drain num": "K100", "length_m": 6.53, "valley": "Koramangala Challaghatta Valley", "subvalley": "KC_1", "ward_name": "4 - Sampangirama Nagar,32 - SilverJubilee Park Ward", "Corporation": "Central"}, "geometry": {"type": "LineString", "coordinates": [[77.593715, 12.967875], [77.593773, 12.967856]]}}, {"type": "Feature", "properties": {"Drain num": "K109", "sec_id": 218, "pri_Drain num": "K100", "length_m": 4.13, "valley": "Koramangala Challaghatta Valley", "subvalley": "KC_1", "ward_name": "4 - Sampangirama Nagar,32 - SilverJubilee Park Ward", "Corporation": "Central"}, "geometry": {"type": "LineString", "coordinates": [[77.593773, 12.967856], [77.593811, 12.967856]]}}, {"type": "Feature", "properties": {"Drain num": "K109", "sec_id": 218, "pri_Drain num": "K100", "length_m": 4.61, "valley": "Koramangala Challaghatta Valley", "subvalley": "KC_1", "ward_name": "4 - Sampangirama Nagar,32 - SilverJubilee Park Ward", "Corporation": "Central"}, "geometry": {"type": "LineString", "coordinates": [[77.593811, 12.967856], [77.593849, 12.967838]]}}, {"type": "Feature", "properties": {"Drain num": "K109", "sec_id": 218, "pri_Drain num": "K100", "length_m": 4.13, "valley": "Koramangala Challaghatta Valley", "subvalley": "KC_1", "ward_name": "4 - Sampangirama Nagar,32 - SilverJubilee Park Ward", "Corporation": "Central"}, "geometry": {"type": "LineString", "coordinates": [[77.593849, 12.967838], [77.593887, 12.967838]]}}, {"type": "Feature", "properties": {"Drain num": "K109", "sec_id": 218, "pri_Drain num": "K100", "length_m": 4.13, "valley": "Koramangala Challaghatta Valley", "subvalley": "KC_1", "ward_name": "4 - Sampangirama Nagar,32 - SilverJubilee Park Ward", "Corporation": "Central"}, "geometry": {"type": "LineString", "coordinates": [[77.593887, 12.967838], [77.593925, 12.967838]]}}, {"type": "Feature", "properties": {"Drain num": "K109", "sec_id": 218, "pri_Drain num": "K100", "length_m": 4.61, "valley": "Koramangala Challaghatta Valley", "subvalley": "KC_1", "ward_name": "4 - Sampangirama Nagar,32 - SilverJubilee Park Ward", "Corporation": "Central"}, "geometry": {"type": "LineString", "coordinates": [[77.593925, 12.967838], [77.593963, 12.967819]]}}, {"type": "Feature", "properties": {"Drain num": "K109", "sec_id": 218, "pri_Drain num": "K100", "length_m": 4.13, "valley": "Koramangala Challaghatta Valley", "subvalley": "KC_1", "ward_name": "4 - Sampangirama Nagar,32 - SilverJubilee Park Ward", "Corporation": "Central"}, "geometry": {"type": "LineString", "coordinates": [[77.593963, 12.967819], [77.594001, 12.967819]]}}, {"type": "Feature", "properties": {"Drain num": "K109", "sec_id": 218, "pri_Drain num": "K100", "length_m": 4.61, "valley": "Koramangala Challaghatta Valley", "subvalley": "KC_1", "ward_name": "4 - Sampangirama Nagar,32 - SilverJubilee Park Ward", "Corporation": "Central"}, "geometry": {"type": "LineString", "coordinates": [[77.594001, 12.967819], [77.594039, 12.967801]]}}, {"type": "Feature", "properties": {"Drain num": "K109", "sec_id": 218, "pri_Drain num": "K100", "length_m": 4.61, "valley": "Koramangala Challaghatta Valley", "subvalley": "KC_1", "ward_name": "4 - Sampangirama Nagar,32 - SilverJubilee Park Ward", "Corporation": "Central"}, "geometry": {"type": "LineString", "coordinates": [[77.594039, 12.967801], [77.594077, 12.967782]]}}, {"type": "Feature", "properties": {"Drain num": "K109", "sec_id": 218, "pri_Drain num": "K100", "length_m": 4.61, "valley": "Koramangala Challaghatta Valley", "subvalley": "KC_1", "ward_name": "4 - Sampangirama Nagar,32 - SilverJubilee Park Ward", "Corporation": "Central"}, "geometry": {"type": "LineString", "coordinates": [[77.594077, 12.967782], [77.594115, 12.967764]]}}, {"type": "Feature", "properties": {"Drain num": "K109", "sec_id": 218, "pri_Drain num": "K100", "length_m": 4.13, "valley": "Koramangala Challaghatta Valley", "subvalley": "KC_1", "ward_name": "4 - Sampangirama Nagar,32 - SilverJubilee Park Ward", "Corporation": "Central"}, "geometry": {"type": "LineString", "coordinates": [[77.594115, 12.967764], [77.594153, 12.967764]]}}, {"type": "Feature", "properties": {"Drain num": "K109", "sec_id": 218, "pri_Drain num": "K100", "length_m": 5.82, "valley": "Koramangala Challaghatta Valley", "subvalley": "KC_1", "ward_name": "4 - Sampangirama Nagar,32 - SilverJubilee Park Ward", "Corporation": "Central"}, "geometry": {"type": "LineString", "coordinates": [[77.594153, 12.967764], [77.594191, 12.967727]]}}, {"type": "Feature", "properties": {"Drain num": "K109", "sec_id": 218, "pri_Drain num": "K100", "length_m": 4.13, "valley": "Koramangala Challaghatta Valley", "subvalley": "KC_1", "ward_name": "4 - Sampangirama Nagar,32 - SilverJubilee Park Ward", "Corporation": "Central"}, "geometry": {"type": "LineString", "coordinates": [[77.594191, 12.967727], [77.594229, 12.967727]]}}, {"type": "Feature", "properties": {"Drain num": "K109", "sec_id": 218, "pri_Drain num": "K100", "length_m": 4.61, "valley": "Koramangala Challaghatta Valley", "subvalley": "KC_1", "ward_name": "4 - Sampangirama Nagar,32 - SilverJubilee Park Ward", "Corporation": "Central"}, "geometry": {"type": "LineString", "coordinates": [[77.594229, 12.967727], [77.594267, 12.967708]]}}, {"type": "Feature", "properties": {"Drain num": "K109", "sec_id": 218, "pri_Drain num": "K100", "length_m": 5.82, "valley": "Koramangala Challaghatta Valley", "subvalley": "KC_1", "ward_name": "4 - Sampangirama Nagar,32 - SilverJubilee Park Ward", "Corporation": "Central"}, "geometry": {"type": "LineString", "coordinates": [[77.594267, 12.967708], [77.594305, 12.967671]]}}, {"type": "Feature", "properties": {"Drain num": "K109", "sec_id": 218, "pri_Drain num": "K100", "length_m": 4.61, "valley": "Koramangala Challaghatta Valley", "subvalley": "KC_1", "ward_name": "4 - Sampangirama Nagar,32 - SilverJubilee Park Ward", "Corporation": "Central"}, "geometry": {"type": "LineString", "coordinates": [[77.594305, 12.967671], [77.594343, 12.967652]]}}, {"type": "Feature", "properties": {"Drain num": "K109", "sec_id": 218, "pri_Drain num": "K100", "length_m": 4.61, "valley": "Koramangala Challaghatta Valley", "subvalley": "KC_1", "ward_name": "4 - Sampangirama Nagar,32 - SilverJubilee Park Ward", "Corporation": "Central"}, "geometry": {"type": "LineString", "coordinates": [[77.594343, 12.967652], [77.594381, 12.967634]]}}, {"type": "Feature", "properties": {"Drain num": "K109", "sec_id": 218, "pri_Drain num": "K100", "length_m": 4.61, "valley": "Koramangala Challaghatta Valley", "subvalley": "KC_1", "ward_name": "4 - Sampangirama Nagar,32 - SilverJubilee Park Ward", "Corporation": "Central"}, "geometry": {"type": "LineString", "coordinates": [[77.594381, 12.967634], [77.594419, 12.967615]]}}, {"type": "Feature", "properties": {"Drain num": "K109", "sec_id": 218, "pri_Drain num": "K100", "length_m": 4.6, "valley": "Koramangala Challaghatta Valley", "subvalley": "KC_1", "ward_name": "4 - Sampangirama Nagar,32 - SilverJubilee Park Ward", "Corporation": "Central"}, "geometry": {"type": "LineString", "coordinates": [[77.594419, 12.967615], [77.594438, 12.967578]]}}, {"type": "Feature", "properties": {"Drain num": "K109", "sec_id": 218, "pri_Drain num": "K100", "length_m": 4.61, "valley": "Koramangala Challaghatta Valley", "subvalley": "KC_1", "ward_name": "4 - Sampangirama Nagar,32 - SilverJubilee Park Ward", "Corporation": "Central"}, "geometry": {"type": "LineString", "coordinates": [[77.594438, 12.967578], [77.594476, 12.96756]]}}, {"type": "Feature", "properties": {"Drain num": "K109", "sec_id": 218, "pri_Drain num": "K100", "length_m": 4.6, "valley": "Koramangala Challaghatta Valley", "subvalley": "KC_1", "ward_name": "4 - Sampangirama Nagar,32 - SilverJubilee Park Ward", "Corporation": "Central"}, "geometry": {"type": "LineString", "coordinates": [[77.594476, 12.96756], [77.594496, 12.967523]]}}, {"type": "Feature", "properties": {"Drain num": "K109", "sec_id": 218, "pri_Drain num": "K100", "length_m": 5.82, "valley": "Koramangala Challaghatta Valley", "subvalley": "KC_1", "ward_name": "4 - Sampangirama Nagar,32 - SilverJubilee Park Ward", "Corporation": "Central"}, "geometry": {"type": "LineString", "coordinates": [[77.594496, 12.967523], [77.594534, 12.967486]]}}, {"type": "Feature", "properties": {"Drain num": "K109", "sec_id": 218, "pri_Drain num": "K100", "length_m": 4.1, "valley": "Koramangala Challaghatta Valley", "subvalley": "KC_1", "ward_name": "4 - Sampangirama Nagar,32 - SilverJubilee Park Ward", "Corporation": "Central"}, "geometry": {"type": "LineString", "coordinates": [[77.594534, 12.967486], [77.594534, 12.967449]]}}, {"type": "Feature", "properties": {"Drain num": "K109", "sec_id": 218, "pri_Drain num": "K100", "length_m": 4.6, "valley": "Koramangala Challaghatta Valley", "subvalley": "KC_1", "ward_name": "4 - Sampangirama Nagar,32 - SilverJubilee Park Ward", "Corporation": "Central"}, "geometry": {"type": "LineString", "coordinates": [[77.594534, 12.967449], [77.594553, 12.967411]]}}, {"type": "Feature", "properties": {"Drain num": "K109", "sec_id": 218, "pri_Drain num": "K100", "length_m": 25.27, "valley": "Koramangala Challaghatta Valley", "subvalley": "KC_1", "ward_name": "4 - Sampangirama Nagar,32 - SilverJubilee Park Ward", "Corporation": "Central"}, "geometry": {"type": "LineString", "coordinates": [[77.594553, 12.967411], [77.594778, 12.967355]]}}, {"type": "Feature", "properties": {"Drain num": "K109", "sec_id": 218, "pri_Drain num": "K100", "length_m": 26.51, "valley": "Koramangala Challaghatta Valley", "subvalley": "KC_1", "ward_name": "4 - Sampangirama Nagar,32 - SilverJubilee Park Ward", "Corporation": "Central"}, "geometry": {"type": "LineString", "coordinates": [[77.594778, 12.967355], [77.594686, 12.967133]]}}, {"type": "Feature", "properties": {"Drain num": "K109", "sec_id": 218, "pri_Drain num": "K100", "length_m": 4.61, "valley": "Koramangala Challaghatta Valley", "subvalley": "KC_1", "ward_name": "4 - Sampangirama Nagar,32 - SilverJubilee Park Ward", "Corporation": "Central"}, "geometry": {"type": "LineString", "coordinates": [[77.594686, 12.967133], [77.594724, 12.967115]]}}, {"type": "Feature", "properties": {"Drain num": "K109", "sec_id": 218, "pri_Drain num": "K100", "length_m": 5.82, "valley": "Koramangala Challaghatta Valley", "subvalley": "KC_1", "ward_name": "4 - Sampangirama Nagar,32 - SilverJubilee Park Ward", "Corporation": "Central"}, "geometry": {"type": "LineString", "coordinates": [[77.594724, 12.967115], [77.594686, 12.967078]]}}, {"type": "Feature", "properties": {"Drain num": "K109", "sec_id": 218, "pri_Drain num": "K100", "length_m": 4.1, "valley": "Koramangala Challaghatta Valley", "subvalley": "KC_1", "ward_name": "4 - Sampangirama Nagar,32 - SilverJubilee Park Ward", "Corporation": "Central"}, "geometry": {"type": "LineString", "coordinates": [[77.594686, 12.967078], [77.594686, 12.967041]]}}, {"type": "Feature", "properties": {"Drain num": "K109", "sec_id": 218, "pri_Drain num": "K100", "length_m": 4.6, "valley": "Koramangala Challaghatta Valley", "subvalley": "KC_1", "ward_name": "4 - Sampangirama Nagar,32 - SilverJubilee Park Ward", "Corporation": "Central"}, "geometry": {"type": "LineString", "coordinates": [[77.594686, 12.967041], [77.594667, 12.967004]]}}, {"type": "Feature", "properties": {"Drain num": "K109", "sec_id": 218, "pri_Drain num": "K100", "length_m": 4.6, "valley": "Koramangala Challaghatta Valley", "subvalley": "KC_1", "ward_name": "4 - Sampangirama Nagar,32 - SilverJubilee Park Ward", "Corporation": "Central"}, "geometry": {"type": "LineString", "coordinates": [[77.594667, 12.967004], [77.594648, 12.966966]]}}, {"type": "Feature", "properties": {"Drain num": "K109", "sec_id": 218, "pri_Drain num": "K100", "length_m": 4.6, "valley": "Koramangala Challaghatta Valley", "subvalley": "KC_1", "ward_name": "4 - Sampangirama Nagar,32 - SilverJubilee Park Ward", "Corporation": "Central"}, "geometry": {"type": "LineString", "coordinates": [[77.594648, 12.966966], [77.594629, 12.966929]]}}, {"type": "Feature", "properties": {"Drain num": "K109", "sec_id": 218, "pri_Drain num": "K100", "length_m": 4.6, "valley": "Koramangala Challaghatta Valley", "subvalley": "KC_1", "ward_name": "4 - Sampangirama Nagar,32 - SilverJubilee Park Ward", "Corporation": "Central"}, "geometry": {"type": "LineString", "coordinates": [[77.594629, 12.966929], [77.59461, 12.966892]]}}, {"type": "Feature", "properties": {"Drain num": "K109", "sec_id": 218, "pri_Drain num": "K100", "length_m": 4.1, "valley": "Koramangala Challaghatta Valley", "subvalley": "KC_1", "ward_name": "4 - Sampangirama Nagar,32 - SilverJubilee Park Ward", "Corporation": "Central"}, "geometry": {"type": "LineString", "coordinates": [[77.59461, 12.966892], [77.59461, 12.966855]]}}, {"type": "Feature", "properties": {"Drain num": "K109", "sec_id": 218, "pri_Drain num": "K100", "length_m": 4.6, "valley": "Koramangala Challaghatta Valley", "subvalley": "KC_1", "ward_name": "4 - Sampangirama Nagar,32 - SilverJubilee Park Ward", "Corporation": "Central"}, "geometry": {"type": "LineString", "coordinates": [[77.59461, 12.966855], [77.594591, 12.966818]]}}, {"type": "Feature", "properties": {"Drain num": "K109", "sec_id": 218, "pri_Drain num": "K100", "length_m": 4.1, "valley": "Koramangala Challaghatta Valley", "subvalley": "KC_1", "ward_name": "4 - Sampangirama Nagar,32 - SilverJubilee Park Ward", "Corporation": "Central"}, "geometry": {"type": "LineString", "coordinates": [[77.594591, 12.966818], [77.594591, 12.966781]]}}, {"type": "Feature", "properties": {"Drain num": "K109", "sec_id": 218, "pri_Drain num": "K100", "length_m": 6.49, "valley": "Koramangala Challaghatta Valley", "subvalley": "KC_1", "ward_name": "4 - Sampangirama Nagar,32 - SilverJubilee Park Ward", "Corporation": "Central"}, "geometry": {"type": "LineString", "coordinates": [[77.594591, 12.966781], [77.594572, 12.966725]]}}, {"type": "Feature", "properties": {"Drain num": "K109", "sec_id": 218, "pri_Drain num": "K100", "length_m": 4.1, "valley": "Koramangala Challaghatta Valley", "subvalley": "KC_1", "ward_name": "4 - Sampangirama Nagar,32 - SilverJubilee Park Ward", "Corporation": "Central"}, "geometry": {"type": "LineString", "coordinates": [[77.594572, 12.966725], [77.594572, 12.966688]]}}, {"type": "Feature", "properties": {"Drain num": "K109", "sec_id": 218, "pri_Drain num": "K100", "length_m": 4.1, "valley": "Koramangala Challaghatta Valley", "subvalley": "KC_1", "ward_name": "4 - Sampangirama Nagar,32 - SilverJubilee Park Ward", "Corporation": "Central"}, "geometry": {"type": "LineString", "coordinates": [[77.594572, 12.966688], [77.594572, 12.966651]]}}, {"type": "Feature", "properties": {"Drain num": "K109", "sec_id": 218, "pri_Drain num": "K100", "length_m": 6.16, "valley": "Koramangala Challaghatta Valley", "subvalley": "KC_1", "ward_name": "4 - Sampangirama Nagar,32 - SilverJubilee Park Ward", "Corporation": "Central"}, "geometry": {"type": "LineString", "coordinates": [[77.594572, 12.966651], [77.594572, 12.966596]]}}, {"type": "Feature", "properties": {"Drain num": "K109", "sec_id": 218, "pri_Drain num": "K100", "length_m": 4.1, "valley": "Koramangala Challaghatta Valley", "subvalley": "KC_1", "ward_name": "4 - Sampangirama Nagar,32 - SilverJubilee Park Ward", "Corporation": "Central"}, "geometry": {"type": "LineString", "coordinates": [[77.594572, 12.966596], [77.594572, 12.966559]]}}, {"type": "Feature", "properties": {"Drain num": "K109", "sec_id": 218, "pri_Drain num": "K100", "length_m": 4.6, "valley": "Koramangala Challaghatta Valley", "subvalley": "KC_1", "ward_name": "4 - Sampangirama Nagar,32 - SilverJubilee Park Ward", "Corporation": "Central"}, "geometry": {"type": "LineString", "coordinates": [[77.594572, 12.966559], [77.594553, 12.966521]]}}, {"type": "Feature", "properties": {"Drain num": "K109", "sec_id": 218, "pri_Drain num": "K100", "length_m": 4.1, "valley": "Koramangala Challaghatta Valley", "subvalley": "KC_1", "ward_name": "4 - Sampangirama Nagar,32 - SilverJubilee Park Ward", "Corporation": "Central"}, "geometry": {"type": "LineString", "coordinates": [[77.594553, 12.966521], [77.594553, 12.966484]]}}, {"type": "Feature", "properties": {"Drain num": "K109", "sec_id": 218, "pri_Drain num": "K100", "length_m": 4.1, "valley": "Koramangala Challaghatta Valley", "subvalley": "KC_1", "ward_name": "4 - Sampangirama Nagar,32 - SilverJubilee Park Ward", "Corporation": "Central"}, "geometry": {"type": "LineString", "coordinates": [[77.594553, 12.966484], [77.594553, 12.966447]]}}, {"type": "Feature", "properties": {"Drain num": "K109", "sec_id": 218, "pri_Drain num": "K100", "length_m": 4.1, "valley": "Koramangala Challaghatta Valley", "subvalley": "KC_1", "ward_name": "4 - Sampangirama Nagar,32 - SilverJubilee Park Ward", "Corporation": "Central"}, "geometry": {"type": "LineString", "coordinates": [[77.594553, 12.966447], [77.594553, 12.96641]]}}, {"type": "Feature", "properties": {"Drain num": "K109", "sec_id": 218, "pri_Drain num": "K100", "length_m": 4.1, "valley": "Koramangala Challaghatta Valley", "subvalley": "KC_1", "ward_name": "4 - Sampangirama Nagar,32 - SilverJubilee Park Ward", "Corporation": "Central"}, "geometry": {"type": "LineString", "coordinates": [[77.594553, 12.96641], [77.594553, 12.966373]]}}, {"type": "Feature", "properties": {"Drain num": "K109", "sec_id": 218, "pri_Drain num": "K100", "length_m": 4.1, "valley": "Koramangala Challaghatta Valley", "subvalley": "KC_1", "ward_name": "4 - Sampangirama Nagar,32 - SilverJubilee Park Ward", "Corporation": "Central"}, "geometry": {"type": "LineString", "coordinates": [[77.594553, 12.966373], [77.594553, 12.966336]]}}, {"type": "Feature", "properties": {"Drain num": "K109", "sec_id": 218, "pri_Drain num": "K100", "length_m": 6.16, "valley": "Koramangala Challaghatta Valley", "subvalley": "KC_1", "ward_name": "4 - Sampangirama Nagar,32 - SilverJubilee Park Ward", "Corporation": "Central"}, "geometry": {"type": "LineString", "coordinates": [[77.594553, 12.966336], [77.594553, 12.96628]]}}, {"type": "Feature", "properties": {"Drain num": "K109", "sec_id": 218, "pri_Drain num": "K100", "length_m": 4.1, "valley": "Koramangala Challaghatta Valley", "subvalley": "KC_1", "ward_name": "4 - Sampangirama Nagar,32 - SilverJubilee Park Ward", "Corporation": "Central"}, "geometry": {"type": "LineString", "coordinates": [[77.594553, 12.96628], [77.594553, 12.966243]]}}, {"type": "Feature", "properties": {"Drain num": "K109", "sec_id": 218, "pri_Drain num": "K100", "length_m": 4.1, "valley": "Koramangala Challaghatta Valley", "subvalley": "KC_1", "ward_name": "4 - Sampangirama Nagar,32 - SilverJubilee Park Ward", "Corporation": "Central"}, "geometry": {"type": "LineString", "coordinates": [[77.594553, 12.966243], [77.594553, 12.966206]]}}, {"type": "Feature", "properties": {"Drain num": "K109", "sec_id": 218, "pri_Drain num": "K100", "length_m": 4.1, "valley": "Koramangala Challaghatta Valley", "subvalley": "KC_1", "ward_name": "4 - Sampangirama Nagar,32 - SilverJubilee Park Ward", "Corporation": "Central"}, "geometry": {"type": "LineString", "coordinates": [[77.594553, 12.966206], [77.594553, 12.966169]]}}, {"type": "Feature", "properties": {"Drain num": "K109", "sec_id": 218, "pri_Drain num": "K100", "length_m": 4.1, "valley": "Koramangala Challaghatta Valley", "subvalley": "KC_1", "ward_name": "4 - Sampangirama Nagar,32 - SilverJubilee Park Ward", "Corporation": "Central"}, "geometry": {"type": "LineString", "coordinates": [[77.594553, 12.966169], [77.594553, 12.966132]]}}, {"type": "Feature", "properties": {"Drain num": "K109", "sec_id": 218, "pri_Drain num": "K100", "length_m": 4.1, "valley": "Koramangala Challaghatta Valley", "subvalley": "KC_1", "ward_name": "4 - Sampangirama Nagar,32 - SilverJubilee Park Ward", "Corporation": "Central"}, "geometry": {"type": "LineString", "coordinates": [[77.594553, 12.966132], [77.594553, 12.966095]]}}, {"type": "Feature", "properties": {"Drain num": "K109", "sec_id": 218, "pri_Drain num": "K100", "length_m": 4.1, "valley": "Koramangala Challaghatta Valley", "subvalley": "KC_1", "ward_name": "4 - Sampangirama Nagar,32 - SilverJubilee Park Ward", "Corporation": "Central"}, "geometry": {"type": "LineString", "coordinates": [[77.594553, 12.966095], [77.594553, 12.966058]]}}, {"type": "Feature", "properties": {"Drain num": "K109", "sec_id": 218, "pri_Drain num": "K100", "length_m": 6.16, "valley": "Koramangala Challaghatta Valley", "subvalley": "KC_1", "ward_name": "4 - Sampangirama Nagar,32 - SilverJubilee Park Ward", "Corporation": "Central"}, "geometry": {"type": "LineString", "coordinates": [[77.594553, 12.966058], [77.594553, 12.966002]]}}, {"type": "Feature", "properties": {"Drain num": "K109", "sec_id": 218, "pri_Drain num": "K100", "length_m": 4.1, "valley": "Koramangala Challaghatta Valley", "subvalley": "KC_1", "ward_name": "4 - Sampangirama Nagar,32 - SilverJubilee Park Ward", "Corporation": "Central"}, "geometry": {"type": "LineString", "coordinates": [[77.594553, 12.966002], [77.594553, 12.965965]]}}, {"type": "Feature", "properties": {"Drain num": "K109", "sec_id": 218, "pri_Drain num": "K100", "length_m": 4.6, "valley": "Koramangala Challaghatta Valley", "subvalley": "KC_1", "ward_name": "4 - Sampangirama Nagar,32 - SilverJubilee Park Ward", "Corporation": "Central"}, "geometry": {"type": "LineString", "coordinates": [[77.594553, 12.965965], [77.594534, 12.965928]]}}, {"type": "Feature", "properties": {"Drain num": "K109", "sec_id": 218, "pri_Drain num": "K100", "length_m": 4.1, "valley": "Koramangala Challaghatta Valley", "subvalley": "KC_1", "ward_name": "4 - Sampangirama Nagar,32 - SilverJubilee Park Ward", "Corporation": "Central"}, "geometry": {"type": "LineString", "coordinates": [[77.594534, 12.965928], [77.594534, 12.965891]]}}, {"type": "Feature", "properties": {"Drain num": "K109", "sec_id": 218, "pri_Drain num": "K100", "length_m": 4.1, "valley": "Koramangala Challaghatta Valley", "subvalley": "KC_1", "ward_name": "4 - Sampangirama Nagar,32 - SilverJubilee Park Ward", "Corporation": "Central"}, "geometry": {"type": "LineString", "coordinates": [[77.594534, 12.965891], [77.594534, 12.965854]]}}, {"type": "Feature", "properties": {"Drain num": "K109", "sec_id": 218, "pri_Drain num": "K100", "length_m": 4.6, "valley": "Koramangala Challaghatta Valley", "subvalley": "KC_1", "ward_name": "4 - Sampangirama Nagar,32 - SilverJubilee Park Ward", "Corporation": "Central"}, "geometry": {"type": "LineString", "coordinates": [[77.594534, 12.965854], [77.594515, 12.965817]]}}, {"type": "Feature", "properties": {"Drain num": "K109", "sec_id": 218, "pri_Drain num": "K100", "length_m": 4.1, "valley": "Koramangala Challaghatta Valley", "subvalley": "KC_1", "ward_name": "4 - Sampangirama Nagar,32 - SilverJubilee Park Ward", "Corporation": "Central"}, "geometry": {"type": "LineString", "coordinates": [[77.594515, 12.965817], [77.594515, 12.96578]]}}, {"type": "Feature", "properties": {"Drain num": "K109", "sec_id": 218, "pri_Drain num": "K100", "length_m": 4.6, "valley": "Koramangala Challaghatta Valley", "subvalley": "KC_1", "ward_name": "4 - Sampangirama Nagar,32 - SilverJubilee Park Ward", "Corporation": "Central"}, "geometry": {"type": "LineString", "coordinates": [[77.594515, 12.96578], [77.594496, 12.965743]]}}, {"type": "Feature", "properties": {"Drain num": "K109", "sec_id": 218, "pri_Drain num": "K100", "length_m": 4.1, "valley": "Koramangala Challaghatta Valley", "subvalley": "KC_1", "ward_name": "4 - Sampangirama Nagar,32 - SilverJubilee Park Ward", "Corporation": "Central"}, "geometry": {"type": "LineString", "coordinates": [[77.594496, 12.965743], [77.594496, 12.965706]]}}, {"type": "Feature", "properties": {"Drain num": "K109", "sec_id": 218, "pri_Drain num": "K100", "length_m": 4.6, "valley": "Koramangala Challaghatta Valley", "subvalley": "KC_1", "ward_name": "4 - Sampangirama Nagar,32 - SilverJubilee Park Ward", "Corporation": "Central"}, "geometry": {"type": "LineString", "coordinates": [[77.594496, 12.965706], [77.594476, 12.965669]]}}, {"type": "Feature", "properties": {"Drain num": "K109", "sec_id": 218, "pri_Drain num": "K100", "length_m": 4.1, "valley": "Koramangala Challaghatta Valley", "subvalley": "KC_1", "ward_name": "4 - Sampangirama Nagar,32 - SilverJubilee Park Ward", "Corporation": "Central"}, "geometry": {"type": "LineString", "coordinates": [[77.594476, 12.965669], [77.594476, 12.965632]]}}, {"type": "Feature", "properties": {"Drain num": "K109", "sec_id": 218, "pri_Drain num": "K100", "length_m": 4.6, "valley": "Koramangala Challaghatta Valley", "subvalley": "KC_1", "ward_name": "4 - Sampangirama Nagar,32 - SilverJubilee Park Ward", "Corporation": "Central"}, "geometry": {"type": "LineString", "coordinates": [[77.594476, 12.965632], [77.594457, 12.965594]]}}, {"type": "Feature", "properties": {"Drain num": "K109", "sec_id": 218, "pri_Drain num": "K100", "length_m": 4.6, "valley": "Koramangala Challaghatta Valley", "subvalley": "KC_1", "ward_name": "4 - Sampangirama Nagar,32 - SilverJubilee Park Ward", "Corporation": "Central"}, "geometry": {"type": "LineString", "coordinates": [[77.594457, 12.965594], [77.594438, 12.965557]]}}, {"type": "Feature", "properties": {"Drain num": "K109", "sec_id": 218, "pri_Drain num": "K100", "length_m": 4.1, "valley": "Koramangala Challaghatta Valley", "subvalley": "KC_1", "ward_name": "4 - Sampangirama Nagar,32 - SilverJubilee Park Ward", "Corporation": "Central"}, "geometry": {"type": "LineString", "coordinates": [[77.594438, 12.965557], [77.594438, 12.96552]]}}, {"type": "Feature", "properties": {"Drain num": "K109", "sec_id": 218, "pri_Drain num": "K100", "length_m": 4.1, "valley": "Koramangala Challaghatta Valley", "subvalley": "KC_1", "ward_name": "4 - Sampangirama Nagar,32 - SilverJubilee Park Ward", "Corporation": "Central"}, "geometry": {"type": "LineString", "coordinates": [[77.594438, 12.96552], [77.594438, 12.965483]]}}, {"type": "Feature", "properties": {"Drain num": "K109", "sec_id": 218, "pri_Drain num": "K100", "length_m": 6.49, "valley": "Koramangala Challaghatta Valley", "subvalley": "KC_1", "ward_name": "4 - Sampangirama Nagar,32 - SilverJubilee Park Ward", "Corporation": "Central"}, "geometry": {"type": "LineString", "coordinates": [[77.594438, 12.965483], [77.594419, 12.965428]]}}, {"type": "Feature", "properties": {"Drain num": "K109", "sec_id": 218, "pri_Drain num": "K100", "length_m": 4.1, "valley": "Koramangala Challaghatta Valley", "subvalley": "KC_1", "ward_name": "4 - Sampangirama Nagar,32 - SilverJubilee Park Ward", "Corporation": "Central"}, "geometry": {"type": "LineString", "coordinates": [[77.594419, 12.965428], [77.594419, 12.96539]]}}, {"type": "Feature", "properties": {"Drain num": "K109", "sec_id": 218, "pri_Drain num": "K100", "length_m": 5.82, "valley": "Koramangala Challaghatta Valley", "subvalley": "KC_1", "ward_name": "4 - Sampangirama Nagar,32 - SilverJubilee Park Ward", "Corporation": "Central"}, "geometry": {"type": "LineString", "coordinates": [[77.594419, 12.96539], [77.594381, 12.965353]]}}, {"type": "Feature", "properties": {"Drain num": "K109", "sec_id": 218, "pri_Drain num": "K100", "length_m": 4.1, "valley": "Koramangala Challaghatta Valley", "subvalley": "KC_1", "ward_name": "4 - Sampangirama Nagar,32 - SilverJubilee Park Ward", "Corporation": "Central"}, "geometry": {"type": "LineString", "coordinates": [[77.594381, 12.965353], [77.594381, 12.965316]]}}, {"type": "Feature", "properties": {"Drain num": "K109", "sec_id": 218, "pri_Drain num": "K100", "length_m": 4.1, "valley": "Koramangala Challaghatta Valley", "subvalley": "KC_1", "ward_name": "4 - Sampangirama Nagar,32 - SilverJubilee Park Ward", "Corporation": "Central"}, "geometry": {"type": "LineString", "coordinates": [[77.594381, 12.965316], [77.594381, 12.965279]]}}, {"type": "Feature", "properties": {"Drain num": "K109", "sec_id": 218, "pri_Drain num": "K100", "length_m": 4.6, "valley": "Koramangala Challaghatta Valley", "subvalley": "KC_1", "ward_name": "4 - Sampangirama Nagar,32 - SilverJubilee Park Ward", "Corporation": "Central"}, "geometry": {"type": "LineString", "coordinates": [[77.594381, 12.965279], [77.594362, 12.965242]]}}, {"type": "Feature", "properties": {"Drain num": "K109", "sec_id": 218, "pri_Drain num": "K100", "length_m": 6.49, "valley": "Koramangala Challaghatta Valley", "subvalley": "KC_1", "ward_name": "4 - Sampangirama Nagar,32 - SilverJubilee Park Ward", "Corporation": "Central"}, "geometry": {"type": "LineString", "coordinates": [[77.594362, 12.965242], [77.594343, 12.965187]]}}, {"type": "Feature", "properties": {"Drain num": "K109", "sec_id": 218, "pri_Drain num": "K100", "length_m": 4.6, "valley": "Koramangala Challaghatta Valley", "subvalley": "KC_1", "ward_name": "4 - Sampangirama Nagar,32 - SilverJubilee Park Ward", "Corporation": "Central"}, "geometry": {"type": "LineString", "coordinates": [[77.594343, 12.965187], [77.594324, 12.965149]]}}, {"type": "Feature", "properties": {"Drain num": "K109", "sec_id": 218, "pri_Drain num": "K100", "length_m": 4.6, "valley": "Koramangala Challaghatta Valley", "subvalley": "KC_1", "ward_name": "4 - Sampangirama Nagar,32 - SilverJubilee Park Ward", "Corporation": "Central"}, "geometry": {"type": "LineString", "coordinates": [[77.594324, 12.965149], [77.594305, 12.965112]]}}, {"type": "Feature", "properties": {"Drain num": "K109", "sec_id": 218, "pri_Drain num": "K100", "length_m": 4.1, "valley": "Koramangala Challaghatta Valley", "subvalley": "KC_1", "ward_name": "4 - Sampangirama Nagar,32 - SilverJubilee Park Ward", "Corporation": "Central"}, "geometry": {"type": "LineString", "coordinates": [[77.594305, 12.965112], [77.594305, 12.965075]]}}, {"type": "Feature", "properties": {"Drain num": "K109", "sec_id": 218, "pri_Drain num": "K100", "length_m": 6.49, "valley": "Koramangala Challaghatta Valley", "subvalley": "KC_1", "ward_name": "4 - Sampangirama Nagar,32 - SilverJubilee Park Ward", "Corporation": "Central"}, "geometry": {"type": "LineString", "coordinates": [[77.594305, 12.965075], [77.594286, 12.96502]]}}, {"type": "Feature", "properties": {"Drain num": "K109", "sec_id": 218, "pri_Drain num": "K100", "length_m": 4.1, "valley": "Koramangala Challaghatta Valley", "subvalley": "KC_1", "ward_name": "4 - Sampangirama Nagar,32 - SilverJubilee Park Ward", "Corporation": "Central"}, "geometry": {"type": "LineString", "coordinates": [[77.594286, 12.96502], [77.594286, 12.964983]]}}, {"type": "Feature", "properties": {"Drain num": "K109", "sec_id": 218, "pri_Drain num": "K100", "length_m": 4.6, "valley": "Koramangala Challaghatta Valley", "subvalley": "KC_1", "ward_name": "4 - Sampangirama Nagar,32 - SilverJubilee Park Ward", "Corporation": "Central"}, "geometry": {"type": "LineString", "coordinates": [[77.594286, 12.964983], [77.594267, 12.964945]]}}, {"type": "Feature", "properties": {"Drain num": "K109", "sec_id": 218, "pri_Drain num": "K100", "length_m": 4.6, "valley": "Koramangala Challaghatta Valley", "subvalley": "KC_1", "ward_name": "4 - Sampangirama Nagar,32 - SilverJubilee Park Ward", "Corporation": "Central"}, "geometry": {"type": "LineString", "coordinates": [[77.594267, 12.964945], [77.594248, 12.964908]]}}, {"type": "Feature", "properties": {"Drain num": "K109", "sec_id": 218, "pri_Drain num": "K100", "length_m": 4.1, "valley": "Koramangala Challaghatta Valley", "subvalley": "KC_1", "ward_name": "4 - Sampangirama Nagar,32 - SilverJubilee Park Ward", "Corporation": "Central"}, "geometry": {"type": "LineString", "coordinates": [[77.594248, 12.964908], [77.594248, 12.964871]]}}, {"type": "Feature", "properties": {"Drain num": "K109", "sec_id": 218, "pri_Drain num": "K100", "length_m": 6.49, "valley": "Koramangala Challaghatta Valley", "subvalley": "KC_1", "ward_name": "4 - Sampangirama Nagar,32 - SilverJubilee Park Ward", "Corporation": "Central"}, "geometry": {"type": "LineString", "coordinates": [[77.594248, 12.964871], [77.594229, 12.964816]]}}, {"type": "Feature", "properties": {"Drain num": "K109", "sec_id": 218, "pri_Drain num": "K100", "length_m": 4.1, "valley": "Koramangala Challaghatta Valley", "subvalley": "KC_1", "ward_name": "4 - Sampangirama Nagar,32 - SilverJubilee Park Ward", "Corporation": "Central"}, "geometry": {"type": "LineString", "coordinates": [[77.594229, 12.964816], [77.594229, 12.964779]]}}, {"type": "Feature", "properties": {"Drain num": "K109", "sec_id": 218, "pri_Drain num": "K100", "length_m": 6.49, "valley": "Koramangala Challaghatta Valley", "subvalley": "KC_1", "ward_name": "4 - Sampangirama Nagar,32 - SilverJubilee Park Ward", "Corporation": "Central"}, "geometry": {"type": "LineString", "coordinates": [[77.594229, 12.964779], [77.59421, 12.964723]]}}, {"type": "Feature", "properties": {"Drain num": "K109", "sec_id": 218, "pri_Drain num": "K100", "length_m": 4.6, "valley": "Koramangala Challaghatta Valley", "subvalley": "KC_1", "ward_name": "4 - Sampangirama Nagar,32 - SilverJubilee Park Ward", "Corporation": "Central"}, "geometry": {"type": "LineString", "coordinates": [[77.59421, 12.964723], [77.594191, 12.964686]]}}, {"type": "Feature", "properties": {"Drain num": "K109", "sec_id": 218, "pri_Drain num": "K100", "length_m": 6.16, "valley": "Koramangala Challaghatta Valley", "subvalley": "KC_1", "ward_name": "4 - Sampangirama Nagar,32 - SilverJubilee Park Ward", "Corporation": "Central"}, "geometry": {"type": "LineString", "coordinates": [[77.594191, 12.964686], [77.594191, 12.96463]]}}, {"type": "Feature", "properties": {"Drain num": "K109", "sec_id": 218, "pri_Drain num": "K100", "length_m": 8.47, "valley": "Koramangala Challaghatta Valley", "subvalley": "KC_1", "ward_name": "4 - Sampangirama Nagar,32 - SilverJubilee Park Ward", "Corporation": "Central"}, "geometry": {"type": "LineString", "coordinates": [[77.594191, 12.96463], [77.594172, 12.964556]]}}, {"type": "Feature", "properties": {"Drain num": "K109", "sec_id": 218, "pri_Drain num": "K100", "length_m": 4.6, "valley": "Koramangala Challaghatta Valley", "subvalley": "KC_1", "ward_name": "4 - Sampangirama Nagar,32 - SilverJubilee Park Ward", "Corporation": "Central"}, "geometry": {"type": "LineString", "coordinates": [[77.594172, 12.964556], [77.594153, 12.964519]]}}, {"type": "Feature", "properties": {"Drain num": "K109", "sec_id": 218, "pri_Drain num": "K100", "length_m": 4.1, "valley": "Koramangala Challaghatta Valley", "subvalley": "KC_1", "ward_name": "4 - Sampangirama Nagar,32 - SilverJubilee Park Ward", "Corporation": "Central"}, "geometry": {"type": "LineString", "coordinates": [[77.594153, 12.964519], [77.594153, 12.964482]]}}, {"type": "Feature", "properties": {"Drain num": "K109", "sec_id": 218, "pri_Drain num": "K100", "length_m": 4.1, "valley": "Koramangala Challaghatta Valley", "subvalley": "KC_1", "ward_name": "4 - Sampangirama Nagar,32 - SilverJubilee Park Ward", "Corporation": "Central"}, "geometry": {"type": "LineString", "coordinates": [[77.594153, 12.964482], [77.594153, 12.964445]]}}, {"type": "Feature", "properties": {"Drain num": "K109", "sec_id": 218, "pri_Drain num": "K100", "length_m": 4.6, "valley": "Koramangala Challaghatta Valley", "subvalley": "KC_1", "ward_name": "4 - Sampangirama Nagar,32 - SilverJubilee Park Ward", "Corporation": "Central"}, "geometry": {"type": "LineString", "coordinates": [[77.594153, 12.964445], [77.594134, 12.964408]]}}, {"type": "Feature", "properties": {"Drain num": "K109", "sec_id": 218, "pri_Drain num": "K100", "length_m": 6.16, "valley": "Koramangala Challaghatta Valley", "subvalley": "KC_1", "ward_name": "4 - Sampangirama Nagar,32 - SilverJubilee Park Ward", "Corporation": "Central"}, "geometry": {"type": "LineString", "coordinates": [[77.594134, 12.964408], [77.594134, 12.964352]]}}, {"type": "Feature", "properties": {"Drain num": "K109", "sec_id": 218, "pri_Drain num": "K100", "length_m": 4.6, "valley": "Koramangala Challaghatta Valley", "subvalley": "KC_1", "ward_name": "4 - Sampangirama Nagar,32 - SilverJubilee Park Ward", "Corporation": "Central"}, "geometry": {"type": "LineString", "coordinates": [[77.594134, 12.964352], [77.594115, 12.964315]]}}, {"type": "Feature", "properties": {"Drain num": "K109", "sec_id": 218, "pri_Drain num": "K100", "length_m": 4.1, "valley": "Koramangala Challaghatta Valley", "subvalley": "KC_1", "ward_name": "4 - Sampangirama Nagar,32 - SilverJubilee Park Ward", "Corporation": "Central"}, "geometry": {"type": "LineString", "coordinates": [[77.594115, 12.964315], [77.594115, 12.964278]]}}, {"type": "Feature", "properties": {"Drain num": "K109", "sec_id": 218, "pri_Drain num": "K100", "length_m": 6.49, "valley": "Koramangala Challaghatta Valley", "subvalley": "KC_1", "ward_name": "4 - Sampangirama Nagar,32 - SilverJubilee Park Ward", "Corporation": "Central"}, "geometry": {"type": "LineString", "coordinates": [[77.594115, 12.964278], [77.594096, 12.964222]]}}, {"type": "Feature", "properties": {"Drain num": "K109", "sec_id": 218, "pri_Drain num": "K100", "length_m": 4.1, "valley": "Koramangala Challaghatta Valley", "subvalley": "KC_1", "ward_name": "4 - Sampangirama Nagar,32 - SilverJubilee Park Ward", "Corporation": "Central"}, "geometry": {"type": "LineString", "coordinates": [[77.594096, 12.964222], [77.594096, 12.964185]]}}, {"type": "Feature", "properties": {"Drain num": "K109", "sec_id": 218, "pri_Drain num": "K100", "length_m": 4.1, "valley": "Koramangala Challaghatta Valley", "subvalley": "KC_1", "ward_name": "4 - Sampangirama Nagar,32 - SilverJubilee Park Ward", "Corporation": "Central"}, "geometry": {"type": "LineString", "coordinates": [[77.594096, 12.964185], [77.594096, 12.964148]]}}, {"type": "Feature", "properties": {"Drain num": "K109", "sec_id": 218, "pri_Drain num": "K100", "length_m": 6.49, "valley": "Koramangala Challaghatta Valley", "subvalley": "KC_1", "ward_name": "4 - Sampangirama Nagar,32 - SilverJubilee Park Ward", "Corporation": "Central"}, "geometry": {"type": "LineString", "coordinates": [[77.594096, 12.964148], [77.594077, 12.964093]]}}, {"type": "Feature", "properties": {"Drain num": "K109", "sec_id": 218, "pri_Drain num": "K100", "length_m": 4.1, "valley": "Koramangala Challaghatta Valley", "subvalley": "KC_1", "ward_name": "4 - Sampangirama Nagar,32 - SilverJubilee Park Ward", "Corporation": "Central"}, "geometry": {"type": "LineString", "coordinates": [[77.594077, 12.964093], [77.594077, 12.964056]]}}, {"type": "Feature", "properties": {"Drain num": "K109", "sec_id": 218, "pri_Drain num": "K100", "length_m": 4.1, "valley": "Koramangala Challaghatta Valley", "subvalley": "KC_1", "ward_name": "4 - Sampangirama Nagar,32 - SilverJubilee Park Ward", "Corporation": "Central"}, "geometry": {"type": "LineString", "coordinates": [[77.594077, 12.964056], [77.594077, 12.964018]]}}, {"type": "Feature", "properties": {"Drain num": "K109", "sec_id": 218, "pri_Drain num": "K100", "length_m": 4.1, "valley": "Koramangala Challaghatta Valley", "subvalley": "KC_1", "ward_name": "4 - Sampangirama Nagar,32 - SilverJubilee Park Ward", "Corporation": "Central"}, "geometry": {"type": "LineString", "coordinates": [[77.594077, 12.964018], [77.594077, 12.963981]]}}, {"type": "Feature", "properties": {"Drain num": "K109", "sec_id": 218, "pri_Drain num": "K100", "length_m": 4.1, "valley": "Koramangala Challaghatta Valley", "subvalley": "KC_1", "ward_name": "4 - Sampangirama Nagar,32 - SilverJubilee Park Ward", "Corporation": "Central"}, "geometry": {"type": "LineString", "coordinates": [[77.594077, 12.963981], [77.594077, 12.963944]]}}, {"type": "Feature", "properties": {"Drain num": "K109", "sec_id": 218, "pri_Drain num": "K100", "length_m": 4.6, "valley": "Koramangala Challaghatta Valley", "subvalley": "KC_1", "ward_name": "4 - Sampangirama Nagar,32 - SilverJubilee Park Ward", "Corporation": "Central"}, "geometry": {"type": "LineString", "coordinates": [[77.594077, 12.963944], [77.594058, 12.963907]]}}, {"type": "Feature", "properties": {"Drain num": "K109", "sec_id": 218, "pri_Drain num": "K100", "length_m": 4.1, "valley": "Koramangala Challaghatta Valley", "subvalley": "KC_1", "ward_name": "4 - Sampangirama Nagar,32 - SilverJubilee Park Ward", "Corporation": "Central"}, "geometry": {"type": "LineString", "coordinates": [[77.594058, 12.963907], [77.594058, 12.96387]]}}, {"type": "Feature", "properties": {"Drain num": "K109", "sec_id": 218, "pri_Drain num": "K100", "length_m": 4.1, "valley": "Koramangala Challaghatta Valley", "subvalley": "KC_1", "ward_name": "4 - Sampangirama Nagar,32 - SilverJubilee Park Ward", "Corporation": "Central"}, "geometry": {"type": "LineString", "coordinates": [[77.594058, 12.96387], [77.594058, 12.963833]]}}, {"type": "Feature", "properties": {"Drain num": "K109", "sec_id": 218, "pri_Drain num": "K100", "length_m": 4.1, "valley": "Koramangala Challaghatta Valley", "subvalley": "KC_1", "ward_name": "4 - Sampangirama Nagar,32 - SilverJubilee Park Ward", "Corporation": "Central"}, "geometry": {"type": "LineString", "coordinates": [[77.594058, 12.963833], [77.594058, 12.963796]]}}, {"type": "Feature", "properties": {"Drain num": "K109", "sec_id": 218, "pri_Drain num": "K100", "length_m": 4.1, "valley": "Koramangala Challaghatta Valley", "subvalley": "KC_1", "ward_name": "4 - Sampangirama Nagar,32 - SilverJubilee Park Ward", "Corporation": "Central"}, "geometry": {"type": "LineString", "coordinates": [[77.594058, 12.963796], [77.594058, 12.963759]]}}, {"type": "Feature", "properties": {"Drain num": "K109", "sec_id": 218, "pri_Drain num": "K100", "length_m": 4.6, "valley": "Koramangala Challaghatta Valley", "subvalley": "KC_1", "ward_name": "4 - Sampangirama Nagar,32 - SilverJubilee Park Ward", "Corporation": "Central"}, "geometry": {"type": "LineString", "coordinates": [[77.594058, 12.963759], [77.594039, 12.963722]]}}, {"type": "Feature", "properties": {"Drain num": "K109", "sec_id": 218, "pri_Drain num": "K100", "length_m": 6.16, "valley": "Koramangala Challaghatta Valley", "subvalley": "KC_1", "ward_name": "4 - Sampangirama Nagar,32 - SilverJubilee Park Ward", "Corporation": "Central"}, "geometry": {"type": "LineString", "coordinates": [[77.594039, 12.963722], [77.594039, 12.963666]]}}, {"type": "Feature", "properties": {"Drain num": "K109", "sec_id": 218, "pri_Drain num": "K100", "length_m": 6.16, "valley": "Koramangala Challaghatta Valley", "subvalley": "KC_1", "ward_name": "4 - Sampangirama Nagar,32 - SilverJubilee Park Ward", "Corporation": "Central"}, "geometry": {"type": "LineString", "coordinates": [[77.594039, 12.963666], [77.594039, 12.963611]]}}, {"type": "Feature", "properties": {"Drain num": "K109", "sec_id": 218, "pri_Drain num": "K100", "length_m": 4.1, "valley": "Koramangala Challaghatta Valley", "subvalley": "KC_1", "ward_name": "4 - Sampangirama Nagar,32 - SilverJubilee Park Ward", "Corporation": "Central"}, "geometry": {"type": "LineString", "coordinates": [[77.594039, 12.963611], [77.594039, 12.963573]]}}, {"type": "Feature", "properties": {"Drain num": "K109", "sec_id": 218, "pri_Drain num": "K100", "length_m": 4.1, "valley": "Koramangala Challaghatta Valley", "subvalley": "KC_1", "ward_name": "4 - Sampangirama Nagar,32 - SilverJubilee Park Ward", "Corporation": "Central"}, "geometry": {"type": "LineString", "coordinates": [[77.594039, 12.963573], [77.594039, 12.963536]]}}, {"type": "Feature", "properties": {"Drain num": "K109", "sec_id": 218, "pri_Drain num": "K100", "length_m": 4.1, "valley": "Koramangala Challaghatta Valley", "subvalley": "KC_1", "ward_name": "4 - Sampangirama Nagar,32 - SilverJubilee Park Ward", "Corporation": "Central"}, "geometry": {"type": "LineString", "coordinates": [[77.594039, 12.963536], [77.594039, 12.963499]]}}, {"type": "Feature", "properties": {"Drain num": "K109", "sec_id": 218, "pri_Drain num": "K100", "length_m": 4.1, "valley": "Koramangala Challaghatta Valley", "subvalley": "KC_1", "ward_name": "4 - Sampangirama Nagar,32 - SilverJubilee Park Ward", "Corporation": "Central"}, "geometry": {"type": "LineString", "coordinates": [[77.594039, 12.963499], [77.594039, 12.963462]]}}, {"type": "Feature", "properties": {"Drain num": "K109", "sec_id": 218, "pri_Drain num": "K100", "length_m": 6.16, "valley": "Koramangala Challaghatta Valley", "subvalley": "KC_1", "ward_name": "4 - Sampangirama Nagar,32 - SilverJubilee Park Ward", "Corporation": "Central"}, "geometry": {"type": "LineString", "coordinates": [[77.594039, 12.963462], [77.594039, 12.963407]]}}, {"type": "Feature", "properties": {"Drain num": "K109", "sec_id": 218, "pri_Drain num": "K100", "length_m": 6.16, "valley": "Koramangala Challaghatta Valley", "subvalley": "KC_1", "ward_name": "4 - Sampangirama Nagar,32 - SilverJubilee Park Ward", "Corporation": "Central"}, "geometry": {"type": "LineString", "coordinates": [[77.594039, 12.963407], [77.594039, 12.963351]]}}, {"type": "Feature", "properties": {"Drain num": "K109", "sec_id": 218, "pri_Drain num": "K100", "length_m": 4.1, "valley": "Koramangala Challaghatta Valley", "subvalley": "KC_1", "ward_name": "4 - Sampangirama Nagar,32 - SilverJubilee Park Ward", "Corporation": "Central"}, "geometry": {"type": "LineString", "coordinates": [[77.594039, 12.963351], [77.594039, 12.963314]]}}, {"type": "Feature", "properties": {"Drain num": "K109", "sec_id": 218, "pri_Drain num": "K100", "length_m": 4.6, "valley": "Koramangala Challaghatta Valley", "subvalley": "KC_1", "ward_name": "4 - Sampangirama Nagar,32 - SilverJubilee Park Ward", "Corporation": "Central"}, "geometry": {"type": "LineString", "coordinates": [[77.594039, 12.963314], [77.59402, 12.963277]]}}, {"type": "Feature", "properties": {"Drain num": "K109", "sec_id": 218, "pri_Drain num": "K100", "length_m": 4.1, "valley": "Koramangala Challaghatta Valley", "subvalley": "KC_1", "ward_name": "4 - Sampangirama Nagar,32 - SilverJubilee Park Ward", "Corporation": "Central"}, "geometry": {"type": "LineString", "coordinates": [[77.59402, 12.963277], [77.59402, 12.96324]]}}, {"type": "Feature", "properties": {"Drain num": "K109", "sec_id": 218, "pri_Drain num": "K100", "length_m": 4.1, "valley": "Koramangala Challaghatta Valley", "subvalley": "KC_1", "ward_name": "4 - Sampangirama Nagar,32 - SilverJubilee Park Ward", "Corporation": "Central"}, "geometry": {"type": "LineString", "coordinates": [[77.59402, 12.96324], [77.59402, 12.963203]]}}, {"type": "Feature", "properties": {"Drain num": "K109", "sec_id": 218, "pri_Drain num": "K100", "length_m": 4.1, "valley": "Koramangala Challaghatta Valley", "subvalley": "KC_1", "ward_name": "4 - Sampangirama Nagar,32 - SilverJubilee Park Ward", "Corporation": "Central"}, "geometry": {"type": "LineString", "coordinates": [[77.59402, 12.963203], [77.59402, 12.963166]]}}, {"type": "Feature", "properties": {"Drain num": "K109", "sec_id": 218, "pri_Drain num": "K100", "length_m": 6.16, "valley": "Koramangala Challaghatta Valley", "subvalley": "KC_1", "ward_name": "4 - Sampangirama Nagar,32 - SilverJubilee Park Ward", "Corporation": "Central"}, "geometry": {"type": "LineString", "coordinates": [[77.59402, 12.963166], [77.59402, 12.96311]]}}, {"type": "Feature", "properties": {"Drain num": "K109", "sec_id": 218, "pri_Drain num": "K100", "length_m": 25.78, "valley": "Koramangala Challaghatta Valley", "subvalley": "KC_1", "ward_name": "4 - Sampangirama Nagar,32 - SilverJubilee Park Ward", "Corporation": "Central"}, "geometry": {"type": "LineString", "coordinates": [[77.59402, 12.96311], [77.593851, 12.962946]]}}, {"type": "Feature", "properties": {"Drain num": "K109", "sec_id": 218, "pri_Drain num": "K100", "length_m": 25.19, "valley": "Koramangala Challaghatta Valley", "subvalley": "KC_1", "ward_name": "4 - Sampangirama Nagar,32 - SilverJubilee Park Ward", "Corporation": "Central"}, "geometry": {"type": "LineString", "coordinates": [[77.593851, 12.962946], [77.593982, 12.962758]]}}, {"type": "Feature", "properties": {"Drain num": "K109", "sec_id": 218, "pri_Drain num": "K100", "length_m": 4.1, "valley": "Koramangala Challaghatta Valley", "subvalley": "KC_1", "ward_name": "4 - Sampangirama Nagar,32 - SilverJubilee Park Ward", "Corporation": "Central"}, "geometry": {"type": "LineString", "coordinates": [[77.593982, 12.962758], [77.593982, 12.962721]]}}, {"type": "Feature", "properties": {"Drain num": "K109", "sec_id": 218, "pri_Drain num": "K100", "length_m": 4.6, "valley": "Koramangala Challaghatta Valley", "subvalley": "KC_1", "ward_name": "4 - Sampangirama Nagar,32 - SilverJubilee Park Ward", "Corporation": "Central"}, "geometry": {"type": "LineString", "coordinates": [[77.593982, 12.962721], [77.593963, 12.962683]]}}, {"type": "Feature", "properties": {"Drain num": "K109", "sec_id": 218, "pri_Drain num": "K100", "length_m": 45.58, "valley": "Koramangala Challaghatta Valley", "subvalley": "KC_1", "ward_name": "4 - Sampangirama Nagar,32 - SilverJubilee Park Ward", "Corporation": "Central"}, "geometry": {"type": "LineString", "coordinates": [[77.593963, 12.962683], [77.593906, 12.962276]]}}, {"type": "Feature", "properties": {"Drain num": "K109", "sec_id": 218, "pri_Drain num": "K100", "length_m": 4.1, "valley": "Koramangala Challaghatta Valley", "subvalley": "KC_1", "ward_name": "4 - Sampangirama Nagar,32 - SilverJubilee Park Ward", "Corporation": "Central"}, "geometry": {"type": "LineString", "coordinates": [[77.593906, 12.962276], [77.593906, 12.962238]]}}, {"type": "Feature", "properties": {"Drain num": "K109", "sec_id": 218, "pri_Drain num": "K100", "length_m": 4.6, "valley": "Koramangala Challaghatta Valley", "subvalley": "KC_1", "ward_name": "4 - Sampangirama Nagar,32 - SilverJubilee Park Ward", "Corporation": "Central"}, "geometry": {"type": "LineString", "coordinates": [[77.593906, 12.962238], [77.593887, 12.962201]]}}, {"type": "Feature", "properties": {"Drain num": "K109", "sec_id": 218, "pri_Drain num": "K100", "length_m": 4.1, "valley": "Koramangala Challaghatta Valley", "subvalley": "KC_1", "ward_name": "4 - Sampangirama Nagar,32 - SilverJubilee Park Ward", "Corporation": "Central"}, "geometry": {"type": "LineString", "coordinates": [[77.593887, 12.962201], [77.593887, 12.962164]]}}, {"type": "Feature", "properties": {"Drain num": "K109", "sec_id": 218, "pri_Drain num": "K100", "length_m": 6.16, "valley": "Koramangala Challaghatta Valley", "subvalley": "KC_1", "ward_name": "4 - Sampangirama Nagar,32 - SilverJubilee Park Ward", "Corporation": "Central"}, "geometry": {"type": "LineString", "coordinates": [[77.593887, 12.962164], [77.593887, 12.962109]]}}, {"type": "Feature", "properties": {"Drain num": "K109", "sec_id": 218, "pri_Drain num": "K100", "length_m": 4.6, "valley": "Koramangala Challaghatta Valley", "subvalley": "KC_1", "ward_name": "4 - Sampangirama Nagar,32 - SilverJubilee Park Ward", "Corporation": "Central"}, "geometry": {"type": "LineString", "coordinates": [[77.593887, 12.962109], [77.593868, 12.962072]]}}, {"type": "Feature", "properties": {"Drain num": "K109", "sec_id": 218, "pri_Drain num": "K100", "length_m": 4.1, "valley": "Koramangala Challaghatta Valley", "subvalley": "KC_1", "ward_name": "4 - Sampangirama Nagar,32 - SilverJubilee Park Ward", "Corporation": "Central"}, "geometry": {"type": "LineString", "coordinates": [[77.593868, 12.962072], [77.593868, 12.962035]]}}, {"type": "Feature", "properties": {"Drain num": "K109", "sec_id": 218, "pri_Drain num": "K100", "length_m": 4.1, "valley": "Koramangala Challaghatta Valley", "subvalley": "KC_1", "ward_name": "4 - Sampangirama Nagar,32 - SilverJubilee Park Ward", "Corporation": "Central"}, "geometry": {"type": "LineString", "coordinates": [[77.593868, 12.962035], [77.593868, 12.961997]]}}, {"type": "Feature", "properties": {"Drain num": "K109", "sec_id": 218, "pri_Drain num": "K100", "length_m": 4.1, "valley": "Koramangala Challaghatta Valley", "subvalley": "KC_1", "ward_name": "4 - Sampangirama Nagar,32 - SilverJubilee Park Ward", "Corporation": "Central"}, "geometry": {"type": "LineString", "coordinates": [[77.593868, 12.961997], [77.593868, 12.96196]]}}, {"type": "Feature", "properties": {"Drain num": "K109", "sec_id": 218, "pri_Drain num": "K100", "length_m": 4.6, "valley": "Koramangala Challaghatta Valley", "subvalley": "KC_1", "ward_name": "4 - Sampangirama Nagar,32 - SilverJubilee Park Ward", "Corporation": "Central"}, "geometry": {"type": "LineString", "coordinates": [[77.593868, 12.96196], [77.593849, 12.961923]]}}, {"type": "Feature", "properties": {"Drain num": "K109", "sec_id": 218, "pri_Drain num": "K100", "length_m": 4.1, "valley": "Koramangala Challaghatta Valley", "subvalley": "KC_1", "ward_name": "4 - Sampangirama Nagar,32 - SilverJubilee Park Ward", "Corporation": "Central"}, "geometry": {"type": "LineString", "coordinates": [[77.593849, 12.961923], [77.593849, 12.961886]]}}, {"type": "Feature", "properties": {"Drain num": "K109", "sec_id": 218, "pri_Drain num": "K100", "length_m": 4.6, "valley": "Koramangala Challaghatta Valley", "subvalley": "KC_1", "ward_name": "4 - Sampangirama Nagar,32 - SilverJubilee Park Ward", "Corporation": "Central"}, "geometry": {"type": "LineString", "coordinates": [[77.593849, 12.961886], [77.59383, 12.961849]]}}, {"type": "Feature", "properties": {"Drain num": "K109", "sec_id": 218, "pri_Drain num": "K100", "length_m": 4.1, "valley": "Koramangala Challaghatta Valley", "subvalley": "KC_1", "ward_name": "4 - Sampangirama Nagar,32 - SilverJubilee Park Ward", "Corporation": "Central"}, "geometry": {"type": "LineString", "coordinates": [[77.59383, 12.961849], [77.59383, 12.961812]]}}, {"type": "Feature", "properties": {"Drain num": "K109", "sec_id": 218, "pri_Drain num": "K100", "length_m": 4.1, "valley": "Koramangala Challaghatta Valley", "subvalley": "KC_1", "ward_name": "4 - Sampangirama Nagar,32 - SilverJubilee Park Ward", "Corporation": "Central"}, "geometry": {"type": "LineString", "coordinates": [[77.59383, 12.961812], [77.59383, 12.961775]]}}, {"type": "Feature", "properties": {"Drain num": "K109", "sec_id": 218, "pri_Drain num": "K100", "length_m": 4.1, "valley": "Koramangala Challaghatta Valley", "subvalley": "KC_1", "ward_name": "4 - Sampangirama Nagar,32 - SilverJubilee Park Ward", "Corporation": "Central"}, "geometry": {"type": "LineString", "coordinates": [[77.59383, 12.961775], [77.59383, 12.961738]]}}, {"type": "Feature", "properties": {"Drain num": "K109", "sec_id": 218, "pri_Drain num": "K100", "length_m": 4.1, "valley": "Koramangala Challaghatta Valley", "subvalley": "KC_1", "ward_name": "4 - Sampangirama Nagar,32 - SilverJubilee Park Ward", "Corporation": "Central"}, "geometry": {"type": "LineString", "coordinates": [[77.59383, 12.961738], [77.59383, 12.961701]]}}, {"type": "Feature", "properties": {"Drain num": "K109", "sec_id": 218, "pri_Drain num": "K100", "length_m": 4.1, "valley": "Koramangala Challaghatta Valley", "subvalley": "KC_1", "ward_name": "4 - Sampangirama Nagar,32 - SilverJubilee Park Ward", "Corporation": "Central"}, "geometry": {"type": "LineString", "coordinates": [[77.59383, 12.961701], [77.59383, 12.961664]]}}, {"type": "Feature", "properties": {"Drain num": "K109", "sec_id": 218, "pri_Drain num": "K100", "length_m": 4.1, "valley": "Koramangala Challaghatta Valley", "subvalley": "KC_1", "ward_name": "4 - Sampangirama Nagar,32 - SilverJubilee Park Ward", "Corporation": "Central"}, "geometry": {"type": "LineString", "coordinates": [[77.59383, 12.961664], [77.59383, 12.961627]]}}, {"type": "Feature", "properties": {"Drain num": "K109", "sec_id": 218, "pri_Drain num": "K100", "length_m": 4.1, "valley": "Koramangala Challaghatta Valley", "subvalley": "KC_1", "ward_name": "4 - Sampangirama Nagar,32 - SilverJubilee Park Ward", "Corporation": "Central"}, "geometry": {"type": "LineString", "coordinates": [[77.59383, 12.961627], [77.59383, 12.96159]]}}, {"type": "Feature", "properties": {"Drain num": "K109", "sec_id": 218, "pri_Drain num": "K100", "length_m": 4.1, "valley": "Koramangala Challaghatta Valley", "subvalley": "KC_1", "ward_name": "4 - Sampangirama Nagar,32 - SilverJubilee Park Ward", "Corporation": "Central"}, "geometry": {"type": "LineString", "coordinates": [[77.59383, 12.96159], [77.59383, 12.961552]]}}, {"type": "Feature", "properties": {"Drain num": "K109", "sec_id": 218, "pri_Drain num": "K100", "length_m": 4.1, "valley": "Koramangala Challaghatta Valley", "subvalley": "KC_1", "ward_name": "4 - Sampangirama Nagar,32 - SilverJubilee Park Ward", "Corporation": "Central"}, "geometry": {"type": "LineString", "coordinates": [[77.59383, 12.961552], [77.59383, 12.961515]]}}, {"type": "Feature", "properties": {"Drain num": "K109", "sec_id": 218, "pri_Drain num": "K100", "length_m": 4.1, "valley": "Koramangala Challaghatta Valley", "subvalley": "KC_1", "ward_name": "4 - Sampangirama Nagar,32 - SilverJubilee Park Ward", "Corporation": "Central"}, "geometry": {"type": "LineString", "coordinates": [[77.59383, 12.961515], [77.59383, 12.961478]]}}, {"type": "Feature", "properties": {"Drain num": "K109", "sec_id": 218, "pri_Drain num": "K100", "length_m": 4.1, "valley": "Koramangala Challaghatta Valley", "subvalley": "KC_1", "ward_name": "4 - Sampangirama Nagar,32 - SilverJubilee Park Ward", "Corporation": "Central"}, "geometry": {"type": "LineString", "coordinates": [[77.59383, 12.961478], [77.59383, 12.961441]]}}, {"type": "Feature", "properties": {"Drain num": "K109", "sec_id": 218, "pri_Drain num": "K100", "length_m": 4.1, "valley": "Koramangala Challaghatta Valley", "subvalley": "KC_1", "ward_name": "4 - Sampangirama Nagar,32 - SilverJubilee Park Ward", "Corporation": "Central"}, "geometry": {"type": "LineString", "coordinates": [[77.59383, 12.961441], [77.59383, 12.961404]]}}, {"type": "Feature", "properties": {"Drain num": "K109", "sec_id": 218, "pri_Drain num": "K100", "length_m": 4.1, "valley": "Koramangala Challaghatta Valley", "subvalley": "KC_1", "ward_name": "4 - Sampangirama Nagar,32 - SilverJubilee Park Ward", "Corporation": "Central"}, "geometry": {"type": "LineString", "coordinates": [[77.59383, 12.961404], [77.59383, 12.961367]]}}, {"type": "Feature", "properties": {"Drain num": "K109", "sec_id": 218, "pri_Drain num": "K100", "length_m": 4.1, "valley": "Koramangala Challaghatta Valley", "subvalley": "KC_1", "ward_name": "4 - Sampangirama Nagar,32 - SilverJubilee Park Ward", "Corporation": "Central"}, "geometry": {"type": "LineString", "coordinates": [[77.59383, 12.961367], [77.59383, 12.96133]]}}, {"type": "Feature", "properties": {"Drain num": "K109", "sec_id": 218, "pri_Drain num": "K100", "length_m": 4.1, "valley": "Koramangala Challaghatta Valley", "subvalley": "KC_1", "ward_name": "4 - Sampangirama Nagar,32 - SilverJubilee Park Ward", "Corporation": "Central"}, "geometry": {"type": "LineString", "coordinates": [[77.59383, 12.96133], [77.59383, 12.961293]]}}, {"type": "Feature", "properties": {"Drain num": "K109", "sec_id": 218, "pri_Drain num": "K100", "length_m": 6.16, "valley": "Koramangala Challaghatta Valley", "subvalley": "KC_1", "ward_name": "4 - Sampangirama Nagar,32 - SilverJubilee Park Ward", "Corporation": "Central"}, "geometry": {"type": "LineString", "coordinates": [[77.59383, 12.961293], [77.59383, 12.961237]]}}, {"type": "Feature", "properties": {"Drain num": "K109", "sec_id": 218, "pri_Drain num": "K100", "length_m": 4.1, "valley": "Koramangala Challaghatta Valley", "subvalley": "KC_1", "ward_name": "4 - Sampangirama Nagar,32 - SilverJubilee Park Ward", "Corporation": "Central"}, "geometry": {"type": "LineString", "coordinates": [[77.59383, 12.961237], [77.59383, 12.9612]]}}, {"type": "Feature", "properties": {"Drain num": "K109", "sec_id": 218, "pri_Drain num": "K100", "length_m": 4.1, "valley": "Koramangala Challaghatta Valley", "subvalley": "KC_1", "ward_name": "4 - Sampangirama Nagar,32 - SilverJubilee Park Ward", "Corporation": "Central"}, "geometry": {"type": "LineString", "coordinates": [[77.59383, 12.9612], [77.59383, 12.961163]]}}, {"type": "Feature", "properties": {"Drain num": "K109", "sec_id": 218, "pri_Drain num": "K100", "length_m": 4.1, "valley": "Koramangala Challaghatta Valley", "subvalley": "KC_1", "ward_name": "4 - Sampangirama Nagar,32 - SilverJubilee Park Ward", "Corporation": "Central"}, "geometry": {"type": "LineString", "coordinates": [[77.59383, 12.961163], [77.59383, 12.961126]]}}, {"type": "Feature", "properties": {"Drain num": "K109", "sec_id": 218, "pri_Drain num": "K100", "length_m": 4.1, "valley": "Koramangala Challaghatta Valley", "subvalley": "KC_1", "ward_name": "4 - Sampangirama Nagar,32 - SilverJubilee Park Ward", "Corporation": "Central"}, "geometry": {"type": "LineString", "coordinates": [[77.59383, 12.961126], [77.59383, 12.961089]]}}, {"type": "Feature", "properties": {"Drain num": "K109", "sec_id": 218, "pri_Drain num": "K100", "length_m": 4.1, "valley": "Koramangala Challaghatta Valley", "subvalley": "KC_1", "ward_name": "4 - Sampangirama Nagar,32 - SilverJubilee Park Ward", "Corporation": "Central"}, "geometry": {"type": "LineString", "coordinates": [[77.59383, 12.961089], [77.59383, 12.961052]]}}, {"type": "Feature", "properties": {"Drain num": "K109", "sec_id": 218, "pri_Drain num": "K100", "length_m": 4.1, "valley": "Koramangala Challaghatta Valley", "subvalley": "KC_1", "ward_name": "4 - Sampangirama Nagar,32 - SilverJubilee Park Ward", "Corporation": "Central"}, "geometry": {"type": "LineString", "coordinates": [[77.59383, 12.961052], [77.59383, 12.961015]]}}, {"type": "Feature", "properties": {"Drain num": "K109", "sec_id": 218, "pri_Drain num": "K100", "length_m": 4.1, "valley": "Koramangala Challaghatta Valley", "subvalley": "KC_1", "ward_name": "4 - Sampangirama Nagar,32 - SilverJubilee Park Ward", "Corporation": "Central"}, "geometry": {"type": "LineString", "coordinates": [[77.59383, 12.961015], [77.59383, 12.960978]]}}, {"type": "Feature", "properties": {"Drain num": "K109", "sec_id": 218, "pri_Drain num": "K100", "length_m": 4.1, "valley": "Koramangala Challaghatta Valley", "subvalley": "KC_1", "ward_name": "4 - Sampangirama Nagar,32 - SilverJubilee Park Ward", "Corporation": "Central"}, "geometry": {"type": "LineString", "coordinates": [[77.59383, 12.960978], [77.59383, 12.960941]]}}, {"type": "Feature", "properties": {"Drain num": "K109", "sec_id": 218, "pri_Drain num": "K100", "length_m": 4.1, "valley": "Koramangala Challaghatta Valley", "subvalley": "KC_1", "ward_name": "4 - Sampangirama Nagar,32 - SilverJubilee Park Ward", "Corporation": "Central"}, "geometry": {"type": "LineString", "coordinates": [[77.59383, 12.960941], [77.59383, 12.960903]]}}, {"type": "Feature", "properties": {"Drain num": "K109", "sec_id": 218, "pri_Drain num": "K100", "length_m": 4.1, "valley": "Koramangala Challaghatta Valley", "subvalley": "KC_1", "ward_name": "4 - Sampangirama Nagar,32 - SilverJubilee Park Ward", "Corporation": "Central"}, "geometry": {"type": "LineString", "coordinates": [[77.59383, 12.960903], [77.59383, 12.960866]]}}, {"type": "Feature", "properties": {"Drain num": "K109", "sec_id": 218, "pri_Drain num": "K100", "length_m": 4.1, "valley": "Koramangala Challaghatta Valley", "subvalley": "KC_1", "ward_name": "4 - Sampangirama Nagar,32 - SilverJubilee Park Ward", "Corporation": "Central"}, "geometry": {"type": "LineString", "coordinates": [[77.59383, 12.960866], [77.59383, 12.960829]]}}, {"type": "Feature", "properties": {"Drain num": "K109", "sec_id": 218, "pri_Drain num": "K100", "length_m": 4.1, "valley": "Koramangala Challaghatta Valley", "subvalley": "KC_1", "ward_name": "4 - Sampangirama Nagar,32 - SilverJubilee Park Ward", "Corporation": "Central"}, "geometry": {"type": "LineString", "coordinates": [[77.59383, 12.960829], [77.59383, 12.960792]]}}, {"type": "Feature", "properties": {"Drain num": "K109", "sec_id": 218, "pri_Drain num": "K100", "length_m": 25.52, "valley": "Koramangala Challaghatta Valley", "subvalley": "KC_1", "ward_name": "4 - Sampangirama Nagar,32 - SilverJubilee Park Ward", "Corporation": "Central"}, "geometry": {"type": "LineString", "coordinates": [[77.59383, 12.960792], [77.593688, 12.960608]]}}, {"type": "Feature", "properties": {"Drain num": "K109", "sec_id": 218, "pri_Drain num": "K100", "length_m": 25.92, "valley": "Koramangala Challaghatta Valley", "subvalley": "KC_1", "ward_name": "4 - Sampangirama Nagar,32 - SilverJubilee Park Ward", "Corporation": "Central"}, "geometry": {"type": "LineString", "coordinates": [[77.593688, 12.960608], [77.593449, 12.960607]]}}, {"type": "Feature", "properties": {"Drain num": "K109", "sec_id": 218, "pri_Drain num": "K100", "length_m": 4.13, "valley": "Koramangala Challaghatta Valley", "subvalley": "KC_1", "ward_name": "4 - Sampangirama Nagar,32 - SilverJubilee Park Ward", "Corporation": "Central"}, "geometry": {"type": "LineString", "coordinates": [[77.593449, 12.960607], [77.593411, 12.960607]]}}, {"type": "Feature", "properties": {"Drain num": "K109", "sec_id": 218, "pri_Drain num": "K100", "length_m": 4.13, "valley": "Koramangala Challaghatta Valley", "subvalley": "KC_1", "ward_name": "4 - Sampangirama Nagar,32 - SilverJubilee Park Ward", "Corporation": "Central"}, "geometry": {"type": "LineString", "coordinates": [[77.593411, 12.960607], [77.593373, 12.960607]]}}, {"type": "Feature", "properties": {"Drain num": "K109", "sec_id": 218, "pri_Drain num": "K100", "length_m": 4.61, "valley": "Koramangala Challaghatta Valley", "subvalley": "KC_1", "ward_name": "4 - Sampangirama Nagar,32 - SilverJubilee Park Ward", "Corporation": "Central"}, "geometry": {"type": "LineString", "coordinates": [[77.593373, 12.960607], [77.593335, 12.960625]]}}, {"type": "Feature", "properties": {"Drain num": "K109", "sec_id": 218, "pri_Drain num": "K100", "length_m": 4.13, "valley": "Koramangala Challaghatta Valley", "subvalley": "KC_1", "ward_name": "4 - Sampangirama Nagar,32 - SilverJubilee Park Ward", "Corporation": "Central"}, "geometry": {"type": "LineString", "coordinates": [[77.593335, 12.960625], [77.593297, 12.960625]]}}, {"type": "Feature", "properties": {"Drain num": "K109", "sec_id": 218, "pri_Drain num": "K100", "length_m": 4.61, "valley": "Koramangala Challaghatta Valley", "subvalley": "KC_1", "ward_name": "4 - Sampangirama Nagar,32 - SilverJubilee Park Ward", "Corporation": "Central"}, "geometry": {"type": "LineString", "coordinates": [[77.593297, 12.960625], [77.593259, 12.960644]]}}, {"type": "Feature", "properties": {"Drain num": "K109", "sec_id": 218, "pri_Drain num": "K100", "length_m": 4.61, "valley": "Koramangala Challaghatta Valley", "subvalley": "KC_1", "ward_name": "4 - Sampangirama Nagar,32 - SilverJubilee Park Ward", "Corporation": "Central"}, "geometry": {"type": "LineString", "coordinates": [[77.593259, 12.960644], [77.593221, 12.960662]]}}, {"type": "Feature", "properties": {"Drain num": "K109", "sec_id": 218, "pri_Drain num": "K100", "length_m": 6.53, "valley": "Koramangala Challaghatta Valley", "subvalley": "KC_1", "ward_name": "4 - Sampangirama Nagar,32 - SilverJubilee Park Ward", "Corporation": "Central"}, "geometry": {"type": "LineString", "coordinates": [[77.593221, 12.960662], [77.593164, 12.960681]]}}, {"type": "Feature", "properties": {"Drain num": "K109", "sec_id": 218, "pri_Drain num": "K100", "length_m": 4.13, "valley": "Koramangala Challaghatta Valley", "subvalley": "KC_1", "ward_name": "4 - Sampangirama Nagar,32 - SilverJubilee Park Ward", "Corporation": "Central"}, "geometry": {"type": "LineString", "coordinates": [[77.593164, 12.960681], [77.593126, 12.960681]]}}, {"type": "Feature", "properties": {"Drain num": "K109", "sec_id": 218, "pri_Drain num": "K100", "length_m": 5.82, "valley": "Koramangala Challaghatta Valley", "subvalley": "KC_1", "ward_name": "4 - Sampangirama Nagar,32 - SilverJubilee Park Ward", "Corporation": "Central"}, "geometry": {"type": "LineString", "coordinates": [[77.593126, 12.960681], [77.593088, 12.960718]]}}, {"type": "Feature", "properties": {"Drain num": "K109", "sec_id": 218, "pri_Drain num": "K100", "length_m": 4.13, "valley": "Koramangala Challaghatta Valley", "subvalley": "KC_1", "ward_name": "4 - Sampangirama Nagar,32 - SilverJubilee Park Ward", "Corporation": "Central"}, "geometry": {"type": "LineString", "coordinates": [[77.593088, 12.960718], [77.59305, 12.960718]]}}, {"type": "Feature", "properties": {"Drain num": "K109", "sec_id": 218, "pri_Drain num": "K100", "length_m": 4.61, "valley": "Koramangala Challaghatta Valley", "subvalley": "KC_1", "ward_name": "4 - Sampangirama Nagar,32 - SilverJubilee Park Ward", "Corporation": "Central"}, "geometry": {"type": "LineString", "coordinates": [[77.59305, 12.960718], [77.593011, 12.960737]]}}, {"type": "Feature", "properties": {"Drain num": "K109", "sec_id": 218, "pri_Drain num": "K100", "length_m": 4.13, "valley": "Koramangala Challaghatta Valley", "subvalley": "KC_1", "ward_name": "4 - Sampangirama Nagar,32 - SilverJubilee Park Ward", "Corporation": "Central"}, "geometry": {"type": "LineString", "coordinates": [[77.593011, 12.960737], [77.592973, 12.960737]]}}, {"type": "Feature", "properties": {"Drain num": "K109", "sec_id": 218, "pri_Drain num": "K100", "length_m": 4.13, "valley": "Koramangala Challaghatta Valley", "subvalley": "KC_1", "ward_name": "4 - Sampangirama Nagar,32 - SilverJubilee Park Ward", "Corporation": "Central"}, "geometry": {"type": "LineString", "coordinates": [[77.592973, 12.960737], [77.592935, 12.960737]]}}, {"type": "Feature", "properties": {"Drain num": "K109", "sec_id": 218, "pri_Drain num": "K100", "length_m": 4.13, "valley": "Koramangala Challaghatta Valley", "subvalley": "KC_1", "ward_name": "4 - Sampangirama Nagar,32 - SilverJubilee Park Ward", "Corporation": "Central"}, "geometry": {"type": "LineString", "coordinates": [[77.592935, 12.960737], [77.592897, 12.960737]]}}, {"type": "Feature", "properties": {"Drain num": "K109", "sec_id": 218, "pri_Drain num": "K100", "length_m": 6.53, "valley": "Koramangala Challaghatta Valley", "subvalley": "KC_1", "ward_name": "4 - Sampangirama Nagar,32 - SilverJubilee Park Ward", "Corporation": "Central"}, "geometry": {"type": "LineString", "coordinates": [[77.592897, 12.960737], [77.59284, 12.960755]]}}, {"type": "Feature", "properties": {"Drain num": "K109", "sec_id": 218, "pri_Drain num": "K100", "length_m": 27.33, "valley": "Koramangala Challaghatta Valley", "subvalley": "KC_1", "ward_name": "4 - Sampangirama Nagar,32 - SilverJubilee Park Ward", "Corporation": "Central"}, "geometry": {"type": "LineString", "coordinates": [[77.59284, 12.960755], [77.592598, 12.960821]]}}, {"type": "Feature", "properties": {"Drain num": "K109", "sec_id": 218, "pri_Drain num": "K100", "length_m": 25.75, "valley": "Koramangala Challaghatta Valley", "subvalley": "KC_1", "ward_name": "4 - Sampangirama Nagar,32 - SilverJubilee Park Ward", "Corporation": "Central"}, "geometry": {"type": "LineString", "coordinates": [[77.592598, 12.960821], [77.592593, 12.960588]]}}, {"type": "Feature", "properties": {"Drain num": "K109", "sec_id": 218, "pri_Drain num": "K100", "length_m": 5.82, "valley": "Koramangala Challaghatta Valley", "subvalley": "KC_1", "ward_name": "4 - Sampangirama Nagar,32 - SilverJubilee Park Ward", "Corporation": "Central"}, "geometry": {"type": "LineString", "coordinates": [[77.592593, 12.960588], [77.592555, 12.960551]]}}, {"type": "Feature", "properties": {"Drain num": "K109", "sec_id": 218, "pri_Drain num": "K100", "length_m": 4.6, "valley": "Koramangala Challaghatta Valley", "subvalley": "KC_1", "ward_name": "4 - Sampangirama Nagar,32 - SilverJubilee Park Ward", "Corporation": "Central"}, "geometry": {"type": "LineString", "coordinates": [[77.592555, 12.960551], [77.592536, 12.960514]]}}, {"type": "Feature", "properties": {"Drain num": "K109", "sec_id": 218, "pri_Drain num": "K100", "length_m": 4.6, "valley": "Koramangala Challaghatta Valley", "subvalley": "KC_1", "ward_name": "4 - Sampangirama Nagar,32 - SilverJubilee Park Ward", "Corporation": "Central"}, "geometry": {"type": "LineString", "coordinates": [[77.592536, 12.960514], [77.592517, 12.960477]]}}, {"type": "Feature", "properties": {"Drain num": "K109", "sec_id": 218, "pri_Drain num": "K100", "length_m": 6.49, "valley": "Koramangala Challaghatta Valley", "subvalley": "KC_1", "ward_name": "4 - Sampangirama Nagar,32 - SilverJubilee Park Ward", "Corporation": "Central"}, "geometry": {"type": "LineString", "coordinates": [[77.592517, 12.960477], [77.592498, 12.960421]]}}, {"type": "Feature", "properties": {"Drain num": "K109", "sec_id": 218, "pri_Drain num": "K100", "length_m": 4.6, "valley": "Koramangala Challaghatta Valley", "subvalley": "KC_1", "ward_name": "4 - Sampangirama Nagar,32 - SilverJubilee Park Ward", "Corporation": "Central"}, "geometry": {"type": "LineString", "coordinates": [[77.592498, 12.960421], [77.592479, 12.960384]]}}, {"type": "Feature", "properties": {"Drain num": "K109", "sec_id": 218, "pri_Drain num": "K100", "length_m": 4.6, "valley": "Koramangala Challaghatta Valley", "subvalley": "KC_1", "ward_name": "4 - Sampangirama Nagar,32 - SilverJubilee Park Ward", "Corporation": "Central"}, "geometry": {"type": "LineString", "coordinates": [[77.592479, 12.960384], [77.59246, 12.960347]]}}, {"type": "Feature", "properties": {"Drain num": "K109", "sec_id": 218, "pri_Drain num": "K100", "length_m": 4.6, "valley": "Koramangala Challaghatta Valley", "subvalley": "KC_1", "ward_name": "4 - Sampangirama Nagar,32 - SilverJubilee Park Ward", "Corporation": "Central"}, "geometry": {"type": "LineString", "coordinates": [[77.59246, 12.960347], [77.592441, 12.96031]]}}, {"type": "Feature", "properties": {"Drain num": "K109", "sec_id": 218, "pri_Drain num": "K100", "length_m": 4.6, "valley": "Koramangala Challaghatta Valley", "subvalley": "KC_1", "ward_name": "4 - Sampangirama Nagar,32 - SilverJubilee Park Ward", "Corporation": "Central"}, "geometry": {"type": "LineString", "coordinates": [[77.592441, 12.96031], [77.592422, 12.960273]]}}, {"type": "Feature", "properties": {"Drain num": "K109", "sec_id": 218, "pri_Drain num": "K100", "length_m": 6.16, "valley": "Koramangala Challaghatta Valley", "subvalley": "KC_1", "ward_name": "4 - Sampangirama Nagar,32 - SilverJubilee Park Ward", "Corporation": "Central"}, "geometry": {"type": "LineString", "coordinates": [[77.592422, 12.960273], [77.592422, 12.960217]]}}, {"type": "Feature", "properties": {"Drain num": "K109", "sec_id": 218, "pri_Drain num": "K100", "length_m": 9.19, "valley": "Koramangala Challaghatta Valley", "subvalley": "KC_1", "ward_name": "4 - Sampangirama Nagar,32 - SilverJubilee Park Ward", "Corporation": "Central"}, "geometry": {"type": "LineString", "coordinates": [[77.592422, 12.960217], [77.592384, 12.960143]]}}, {"type": "Feature", "properties": {"Drain num": "K109", "sec_id": 218, "pri_Drain num": "K100", "length_m": 4.1, "valley": "Koramangala Challaghatta Valley", "subvalley": "KC_1", "ward_name": "4 - Sampangirama Nagar,32 - SilverJubilee Park Ward", "Corporation": "Central"}, "geometry": {"type": "LineString", "coordinates": [[77.592384, 12.960143], [77.592384, 12.960106]]}}, {"type": "Feature", "properties": {"Drain num": "K109", "sec_id": 218, "pri_Drain num": "K100", "length_m": 4.6, "valley": "Koramangala Challaghatta Valley", "subvalley": "KC_1", "ward_name": "4 - Sampangirama Nagar,32 - SilverJubilee Park Ward", "Corporation": "Central"}, "geometry": {"type": "LineString", "coordinates": [[77.592384, 12.960106], [77.592365, 12.960069]]}}, {"type": "Feature", "properties": {"Drain num": "K109", "sec_id": 218, "pri_Drain num": "K100", "length_m": 4.1, "valley": "Koramangala Challaghatta Valley", "subvalley": "KC_1", "ward_name": "4 - Sampangirama Nagar,32 - SilverJubilee Park Ward", "Corporation": "Central"}, "geometry": {"type": "LineString", "coordinates": [[77.592365, 12.960069], [77.592365, 12.960032]]}}, {"type": "Feature", "properties": {"Drain num": "K109", "sec_id": 218, "pri_Drain num": "K100", "length_m": 6.16, "valley": "Koramangala Challaghatta Valley", "subvalley": "KC_1", "ward_name": "4 - Sampangirama Nagar,32 - SilverJubilee Park Ward", "Corporation": "Central"}, "geometry": {"type": "LineString", "coordinates": [[77.592365, 12.960032], [77.592365, 12.959976]]}}, {"type": "Feature", "properties": {"Drain num": "K109", "sec_id": 218, "pri_Drain num": "K100", "length_m": 4.6, "valley": "Koramangala Challaghatta Valley", "subvalley": "KC_1", "ward_name": "4 - Sampangirama Nagar,32 - SilverJubilee Park Ward", "Corporation": "Central"}, "geometry": {"type": "LineString", "coordinates": [[77.592365, 12.959976], [77.592346, 12.959939]]}}, {"type": "Feature", "properties": {"Drain num": "K109", "sec_id": 218, "pri_Drain num": "K100", "length_m": 6.16, "valley": "Koramangala Challaghatta Valley", "subvalley": "KC_1", "ward_name": "4 - Sampangirama Nagar,32 - SilverJubilee Park Ward", "Corporation": "Central"}, "geometry": {"type": "LineString", "coordinates": [[77.592346, 12.959939], [77.592346, 12.959884]]}}, {"type": "Feature", "properties": {"Drain num": "K109", "sec_id": 218, "pri_Drain num": "K100", "length_m": 4.6, "valley": "Koramangala Challaghatta Valley", "subvalley": "KC_1", "ward_name": "4 - Sampangirama Nagar,32 - SilverJubilee Park Ward", "Corporation": "Central"}, "geometry": {"type": "LineString", "coordinates": [[77.592346, 12.959884], [77.592327, 12.959847]]}}, {"type": "Feature", "properties": {"Drain num": "K109", "sec_id": 218, "pri_Drain num": "K100", "length_m": 4.1, "valley": "Koramangala Challaghatta Valley", "subvalley": "KC_1", "ward_name": "4 - Sampangirama Nagar,32 - SilverJubilee Park Ward", "Corporation": "Central"}, "geometry": {"type": "LineString", "coordinates": [[77.592327, 12.959847], [77.592327, 12.95981]]}}, {"type": "Feature", "properties": {"Drain num": "K109", "sec_id": 218, "pri_Drain num": "K100", "length_m": 4.1, "valley": "Koramangala Challaghatta Valley", "subvalley": "KC_1", "ward_name": "4 - Sampangirama Nagar,32 - SilverJubilee Park Ward", "Corporation": "Central"}, "geometry": {"type": "LineString", "coordinates": [[77.592327, 12.95981], [77.592327, 12.959772]]}}, {"type": "Feature", "properties": {"Drain num": "K109", "sec_id": 218, "pri_Drain num": "K100", "length_m": 4.1, "valley": "Koramangala Challaghatta Valley", "subvalley": "KC_1", "ward_name": "4 - Sampangirama Nagar,32 - SilverJubilee Park Ward", "Corporation": "Central"}, "geometry": {"type": "LineString", "coordinates": [[77.592327, 12.959772], [77.592327, 12.959735]]}}, {"type": "Feature", "properties": {"Drain num": "K109", "sec_id": 218, "pri_Drain num": "K100", "length_m": 6.16, "valley": "Koramangala Challaghatta Valley", "subvalley": "KC_1", "ward_name": "4 - Sampangirama Nagar,32 - SilverJubilee Park Ward", "Corporation": "Central"}, "geometry": {"type": "LineString", "coordinates": [[77.592327, 12.959735], [77.592327, 12.95968]]}}, {"type": "Feature", "properties": {"Drain num": "K109", "sec_id": 218, "pri_Drain num": "K100", "length_m": 4.1, "valley": "Koramangala Challaghatta Valley", "subvalley": "KC_1", "ward_name": "4 - Sampangirama Nagar,32 - SilverJubilee Park Ward", "Corporation": "Central"}, "geometry": {"type": "LineString", "coordinates": [[77.592327, 12.95968], [77.592327, 12.959643]]}}, {"type": "Feature", "properties": {"Drain num": "K109", "sec_id": 218, "pri_Drain num": "K100", "length_m": 4.1, "valley": "Koramangala Challaghatta Valley", "subvalley": "KC_1", "ward_name": "4 - Sampangirama Nagar,32 - SilverJubilee Park Ward", "Corporation": "Central"}, "geometry": {"type": "LineString", "coordinates": [[77.592327, 12.959643], [77.592327, 12.959606]]}}, {"type": "Feature", "properties": {"Drain num": "K109", "sec_id": 218, "pri_Drain num": "K100", "length_m": 4.1, "valley": "Koramangala Challaghatta Valley", "subvalley": "KC_1", "ward_name": "4 - Sampangirama Nagar,32 - SilverJubilee Park Ward", "Corporation": "Central"}, "geometry": {"type": "LineString", "coordinates": [[77.592327, 12.959606], [77.592327, 12.959568]]}}, {"type": "Feature", "properties": {"Drain num": "K109", "sec_id": 218, "pri_Drain num": "K100", "length_m": 4.1, "valley": "Koramangala Challaghatta Valley", "subvalley": "KC_1", "ward_name": "4 - Sampangirama Nagar,32 - SilverJubilee Park Ward", "Corporation": "Central"}, "geometry": {"type": "LineString", "coordinates": [[77.592327, 12.959568], [77.592327, 12.959531]]}}, {"type": "Feature", "properties": {"Drain num": "K109", "sec_id": 218, "pri_Drain num": "K100", "length_m": 4.1, "valley": "Koramangala Challaghatta Valley", "subvalley": "KC_1", "ward_name": "4 - Sampangirama Nagar,32 - SilverJubilee Park Ward", "Corporation": "Central"}, "geometry": {"type": "LineString", "coordinates": [[77.592327, 12.959531], [77.592327, 12.959494]]}}, {"type": "Feature", "properties": {"Drain num": "K109", "sec_id": 218, "pri_Drain num": "K100", "length_m": 4.1, "valley": "Koramangala Challaghatta Valley", "subvalley": "KC_1", "ward_name": "4 - Sampangirama Nagar,32 - SilverJubilee Park Ward", "Corporation": "Central"}, "geometry": {"type": "LineString", "coordinates": [[77.592327, 12.959494], [77.592327, 12.959457]]}}, {"type": "Feature", "properties": {"Drain num": "K109", "sec_id": 218, "pri_Drain num": "K100", "length_m": 4.1, "valley": "Koramangala Challaghatta Valley", "subvalley": "KC_1", "ward_name": "4 - Sampangirama Nagar,32 - SilverJubilee Park Ward", "Corporation": "Central"}, "geometry": {"type": "LineString", "coordinates": [[77.592327, 12.959457], [77.592327, 12.95942]]}}, {"type": "Feature", "properties": {"Drain num": "K109", "sec_id": 218, "pri_Drain num": "K100", "length_m": 4.6, "valley": "Koramangala Challaghatta Valley", "subvalley": "KC_1", "ward_name": "4 - Sampangirama Nagar,32 - SilverJubilee Park Ward", "Corporation": "Central"}, "geometry": {"type": "LineString", "coordinates": [[77.592327, 12.95942], [77.592307, 12.959383]]}}, {"type": "Feature", "properties": {"Drain num": "K109", "sec_id": 218, "pri_Drain num": "K100", "length_m": 4.1, "valley": "Koramangala Challaghatta Valley", "subvalley": "KC_1", "ward_name": "4 - Sampangirama Nagar,32 - SilverJubilee Park Ward", "Corporation": "Central"}, "geometry": {"type": "LineString", "coordinates": [[77.592307, 12.959383], [77.592307, 12.959346]]}}, {"type": "Feature", "properties": {"Drain num": "K109", "sec_id": 218, "pri_Drain num": "K100", "length_m": 4.1, "valley": "Koramangala Challaghatta Valley", "subvalley": "KC_1", "ward_name": "4 - Sampangirama Nagar,32 - SilverJubilee Park Ward", "Corporation": "Central"}, "geometry": {"type": "LineString", "coordinates": [[77.592307, 12.959346], [77.592307, 12.959309]]}}, {"type": "Feature", "properties": {"Drain num": "K109", "sec_id": 218, "pri_Drain num": "K100", "length_m": 7.41, "valley": "Koramangala Challaghatta Valley", "subvalley": "KC_1", "ward_name": "4 - Sampangirama Nagar,32 - SilverJubilee Park Ward", "Corporation": "Central"}, "geometry": {"type": "LineString", "coordinates": [[77.592307, 12.959309], [77.592269, 12.959253]]}}, {"type": "Feature", "properties": {"Drain num": "K109", "sec_id": 218, "pri_Drain num": "K100", "length_m": 6.16, "valley": "Koramangala Challaghatta Valley", "subvalley": "KC_1", "ward_name": "4 - Sampangirama Nagar,32 - SilverJubilee Park Ward", "Corporation": "Central"}, "geometry": {"type": "LineString", "coordinates": [[77.592269, 12.959253], [77.592269, 12.959198]]}}, {"type": "Feature", "properties": {"Drain num": "K109", "sec_id": 218, "pri_Drain num": "K100", "length_m": 4.1, "valley": "Koramangala Challaghatta Valley", "subvalley": "KC_1", "ward_name": "4 - Sampangirama Nagar,32 - SilverJubilee Park Ward", "Corporation": "Central"}, "geometry": {"type": "LineString", "coordinates": [[77.592269, 12.959198], [77.592269, 12.959161]]}}, {"type": "Feature", "properties": {"Drain num": "K109", "sec_id": 218, "pri_Drain num": "K100", "length_m": 4.6, "valley": "Koramangala Challaghatta Valley", "subvalley": "KC_1", "ward_name": "4 - Sampangirama Nagar,32 - SilverJubilee Park Ward", "Corporation": "Central"}, "geometry": {"type": "LineString", "coordinates": [[77.592269, 12.959161], [77.59225, 12.959123]]}}, {"type": "Feature", "properties": {"Drain num": "K109", "sec_id": 218, "pri_Drain num": "K100", "length_m": 4.1, "valley": "Koramangala Challaghatta Valley", "subvalley": "KC_1", "ward_name": "4 - Sampangirama Nagar,32 - SilverJubilee Park Ward", "Corporation": "Central"}, "geometry": {"type": "LineString", "coordinates": [[77.59225, 12.959123], [77.59225, 12.959086]]}}, {"type": "Feature", "properties": {"Drain num": "K109", "sec_id": 218, "pri_Drain num": "K100", "length_m": 4.1, "valley": "Koramangala Challaghatta Valley", "subvalley": "KC_1", "ward_name": "4 - Sampangirama Nagar,32 - SilverJubilee Park Ward", "Corporation": "Central"}, "geometry": {"type": "LineString", "coordinates": [[77.59225, 12.959086], [77.59225, 12.959049]]}}, {"type": "Feature", "properties": {"Drain num": "K109", "sec_id": 218, "pri_Drain num": "K100", "length_m": 4.6, "valley": "Koramangala Challaghatta Valley", "subvalley": "KC_1", "ward_name": "4 - Sampangirama Nagar,32 - SilverJubilee Park Ward", "Corporation": "Central"}, "geometry": {"type": "LineString", "coordinates": [[77.59225, 12.959049], [77.592231, 12.959012]]}}, {"type": "Feature", "properties": {"Drain num": "K109", "sec_id": 218, "pri_Drain num": "K100", "length_m": 4.1, "valley": "Koramangala Challaghatta Valley", "subvalley": "KC_1", "ward_name": "4 - Sampangirama Nagar,32 - SilverJubilee Park Ward", "Corporation": "Central"}, "geometry": {"type": "LineString", "coordinates": [[77.592231, 12.959012], [77.592231, 12.958975]]}}, {"type": "Feature", "properties": {"Drain num": "K109", "sec_id": 218, "pri_Drain num": "K100", "length_m": 4.6, "valley": "Koramangala Challaghatta Valley", "subvalley": "KC_1", "ward_name": "4 - Sampangirama Nagar,32 - SilverJubilee Park Ward", "Corporation": "Central"}, "geometry": {"type": "LineString", "coordinates": [[77.592231, 12.958975], [77.592212, 12.958938]]}}, {"type": "Feature", "properties": {"Drain num": "K109", "sec_id": 218, "pri_Drain num": "K100", "length_m": 8.21, "valley": "Koramangala Challaghatta Valley", "subvalley": "KC_1", "ward_name": "4 - Sampangirama Nagar,32 - SilverJubilee Park Ward", "Corporation": "Central"}, "geometry": {"type": "LineString", "coordinates": [[77.592212, 12.958938], [77.592212, 12.958864]]}}, {"type": "Feature", "properties": {"Drain num": "K109", "sec_id": 218, "pri_Drain num": "K100", "length_m": 4.6, "valley": "Koramangala Challaghatta Valley", "subvalley": "KC_1", "ward_name": "4 - Sampangirama Nagar,32 - SilverJubilee Park Ward", "Corporation": "Central"}, "geometry": {"type": "LineString", "coordinates": [[77.592212, 12.958864], [77.592193, 12.958827]]}}, {"type": "Feature", "properties": {"Drain num": "K109", "sec_id": 218, "pri_Drain num": "K100", "length_m": 6.49, "valley": "Koramangala Challaghatta Valley", "subvalley": "KC_1", "ward_name": "4 - Sampangirama Nagar,32 - SilverJubilee Park Ward", "Corporation": "Central"}, "geometry": {"type": "LineString", "coordinates": [[77.592193, 12.958827], [77.592174, 12.958771]]}}, {"type": "Feature", "properties": {"Drain num": "K109", "sec_id": 218, "pri_Drain num": "K100", "length_m": 4.1, "valley": "Koramangala Challaghatta Valley", "subvalley": "KC_1", "ward_name": "4 - Sampangirama Nagar,32 - SilverJubilee Park Ward", "Corporation": "Central"}, "geometry": {"type": "LineString", "coordinates": [[77.592174, 12.958771], [77.592174, 12.958734]]}}, {"type": "Feature", "properties": {"Drain num": "K109", "sec_id": 218, "pri_Drain num": "K100", "length_m": 4.1, "valley": "Koramangala Challaghatta Valley", "subvalley": "KC_1", "ward_name": "4 - Sampangirama Nagar,32 - SilverJubilee Park Ward", "Corporation": "Central"}, "geometry": {"type": "LineString", "coordinates": [[77.592174, 12.958734], [77.592174, 12.958697]]}}, {"type": "Feature", "properties": {"Drain num": "K109", "sec_id": 218, "pri_Drain num": "K100", "length_m": 4.6, "valley": "Koramangala Challaghatta Valley", "subvalley": "KC_1", "ward_name": "4 - Sampangirama Nagar,32 - SilverJubilee Park Ward", "Corporation": "Central"}, "geometry": {"type": "LineString", "coordinates": [[77.592174, 12.958697], [77.592155, 12.95866]]}}, {"type": "Feature", "properties": {"Drain num": "K109", "sec_id": 218, "pri_Drain num": "K100", "length_m": 4.1, "valley": "Koramangala Challaghatta Valley", "subvalley": "KC_1", "ward_name": "4 - Sampangirama Nagar,32 - SilverJubilee Park Ward", "Corporation": "Central"}, "geometry": {"type": "LineString", "coordinates": [[77.592155, 12.95866], [77.592155, 12.958623]]}}, {"type": "Feature", "properties": {"Drain num": "K109", "sec_id": 218, "pri_Drain num": "K100", "length_m": 4.1, "valley": "Koramangala Challaghatta Valley", "subvalley": "KC_1", "ward_name": "4 - Sampangirama Nagar,32 - SilverJubilee Park Ward", "Corporation": "Central"}, "geometry": {"type": "LineString", "coordinates": [[77.592155, 12.958623], [77.592155, 12.958586]]}}, {"type": "Feature", "properties": {"Drain num": "K109", "sec_id": 218, "pri_Drain num": "K100", "length_m": 4.6, "valley": "Koramangala Challaghatta Valley", "subvalley": "KC_1", "ward_name": "4 - Sampangirama Nagar,32 - SilverJubilee Park Ward", "Corporation": "Central"}, "geometry": {"type": "LineString", "coordinates": [[77.592155, 12.958586], [77.592136, 12.958549]]}}, {"type": "Feature", "properties": {"Drain num": "K109", "sec_id": 218, "pri_Drain num": "K100", "length_m": 4.1, "valley": "Koramangala Challaghatta Valley", "subvalley": "KC_1", "ward_name": "4 - Sampangirama Nagar,32 - SilverJubilee Park Ward", "Corporation": "Central"}, "geometry": {"type": "LineString", "coordinates": [[77.592136, 12.958549], [77.592136, 12.958512]]}}, {"type": "Feature", "properties": {"Drain num": "K109", "sec_id": 218, "pri_Drain num": "K100", "length_m": 4.6, "valley": "Koramangala Challaghatta Valley", "subvalley": "KC_1", "ward_name": "4 - Sampangirama Nagar,32 - SilverJubilee Park Ward", "Corporation": "Central"}, "geometry": {"type": "LineString", "coordinates": [[77.592136, 12.958512], [77.592117, 12.958475]]}}, {"type": "Feature", "properties": {"Drain num": "K109", "sec_id": 218, "pri_Drain num": "K100", "length_m": 4.6, "valley": "Koramangala Challaghatta Valley", "subvalley": "KC_1", "ward_name": "4 - Sampangirama Nagar,32 - SilverJubilee Park Ward", "Corporation": "Central"}, "geometry": {"type": "LineString", "coordinates": [[77.592117, 12.958475], [77.592098, 12.958437]]}}, {"type": "Feature", "properties": {"Drain num": "K109", "sec_id": 218, "pri_Drain num": "K100", "length_m": 4.1, "valley": "Koramangala Challaghatta Valley", "subvalley": "KC_1", "ward_name": "4 - Sampangirama Nagar,32 - SilverJubilee Park Ward", "Corporation": "Central"}, "geometry": {"type": "LineString", "coordinates": [[77.592098, 12.958437], [77.592098, 12.9584]]}}, {"type": "Feature", "properties": {"Drain num": "K109", "sec_id": 218, "pri_Drain num": "K100", "length_m": 4.6, "valley": "Koramangala Challaghatta Valley", "subvalley": "KC_1", "ward_name": "4 - Sampangirama Nagar,32 - SilverJubilee Park Ward", "Corporation": "Central"}, "geometry": {"type": "LineString", "coordinates": [[77.592098, 12.9584], [77.592079, 12.958363]]}}, {"type": "Feature", "properties": {"Drain num": "K109", "sec_id": 218, "pri_Drain num": "K100", "length_m": 6.49, "valley": "Koramangala Challaghatta Valley", "subvalley": "KC_1", "ward_name": "4 - Sampangirama Nagar,32 - SilverJubilee Park Ward", "Corporation": "Central"}, "geometry": {"type": "LineString", "coordinates": [[77.592079, 12.958363], [77.59206, 12.958308]]}}, {"type": "Feature", "properties": {"Drain num": "K109", "sec_id": 218, "pri_Drain num": "K100", "length_m": 4.1, "valley": "Koramangala Challaghatta Valley", "subvalley": "KC_1", "ward_name": "4 - Sampangirama Nagar,32 - SilverJubilee Park Ward", "Corporation": "Central"}, "geometry": {"type": "LineString", "coordinates": [[77.59206, 12.958308], [77.59206, 12.958271]]}}, {"type": "Feature", "properties": {"Drain num": "K109", "sec_id": 218, "pri_Drain num": "K100", "length_m": 4.6, "valley": "Koramangala Challaghatta Valley", "subvalley": "KC_1", "ward_name": "4 - Sampangirama Nagar,32 - SilverJubilee Park Ward", "Corporation": "Central"}, "geometry": {"type": "LineString", "coordinates": [[77.59206, 12.958271], [77.592041, 12.958233]]}}, {"type": "Feature", "properties": {"Drain num": "K109", "sec_id": 218, "pri_Drain num": "K100", "length_m": 4.6, "valley": "Koramangala Challaghatta Valley", "subvalley": "KC_1", "ward_name": "4 - Sampangirama Nagar,32 - SilverJubilee Park Ward", "Corporation": "Central"}, "geometry": {"type": "LineString", "coordinates": [[77.592041, 12.958233], [77.592022, 12.958196]]}}, {"type": "Feature", "properties": {"Drain num": "K109", "sec_id": 218, "pri_Drain num": "K100", "length_m": 4.23, "valley": "Koramangala Challaghatta Valley", "subvalley": "KC_1", "ward_name": "4 - Sampangirama Nagar,32 - SilverJubilee Park Ward", "Corporation": "Central"}, "geometry": {"type": "LineString", "coordinates": [[77.592022, 12.958196], [77.592013, 12.958159]]}}, {"type": "Feature", "properties": {"Drain num": "K109", "sec_id": 218, "pri_Drain num": "K100", "length_m": 3.71, "valley": "Koramangala Challaghatta Valley", "subvalley": "KC_1", "ward_name": "4 - Sampangirama Nagar,32 - SilverJubilee Park Ward", "Corporation": "Central"}, "geometry": {"type": "LineString", "coordinates": [[77.592013, 12.958159], [77.591994, 12.958132]]}}, {"type": "Feature", "properties": {"Drain num": "K109", "sec_id": 218, "pri_Drain num": "K100", "length_m": 3.08, "valley": "Koramangala Challaghatta Valley", "subvalley": "KC_1", "ward_name": "4 - Sampangirama Nagar,32 - SilverJubilee Park Ward", "Corporation": "Central"}, "geometry": {"type": "LineString", "coordinates": [[77.591994, 12.958132], [77.591994, 12.958104]]}}, {"type": "Feature", "properties": {"Drain num": "K109", "sec_id": 218, "pri_Drain num": "K100", "length_m": 3.25, "valley": "Koramangala Challaghatta Valley", "subvalley": "KC_1", "ward_name": "4 - Sampangirama Nagar,32 - SilverJubilee Park Ward", "Corporation": "Central"}, "geometry": {"type": "LineString", "coordinates": [[77.591994, 12.958104], [77.591984, 12.958076]]}}, {"type": "Feature", "properties": {"Drain num": "K109", "sec_id": 218, "pri_Drain num": "K100", "length_m": 2.3, "valley": "Koramangala Challaghatta Valley", "subvalley": "KC_1", "ward_name": "4 - Sampangirama Nagar,32 - SilverJubilee Park Ward", "Corporation": "Central"}, "geometry": {"type": "LineString", "coordinates": [[77.591984, 12.958076], [77.591975, 12.958057]]}}, {"type": "Feature", "properties": {"Drain num": "K109", "sec_id": 218, "pri_Drain num": "K100", "length_m": 2.05, "valley": "Koramangala Challaghatta Valley", "subvalley": "KC_1", "ward_name": "4 - Sampangirama Nagar,32 - SilverJubilee Park Ward", "Corporation": "Central"}, "geometry": {"type": "LineString", "coordinates": [[77.591975, 12.958057], [77.591975, 12.958039]]}}, {"type": "Feature", "properties": {"Drain num": "K109", "sec_id": 218, "pri_Drain num": "K100", "length_m": 2.05, "valley": "Koramangala Challaghatta Valley", "subvalley": "KC_1", "ward_name": "4 - Sampangirama Nagar,32 - SilverJubilee Park Ward", "Corporation": "Central"}, "geometry": {"type": "LineString", "coordinates": [[77.591975, 12.958039], [77.591975, 12.95802]]}}, {"type": "Feature", "properties": {"Drain num": "K109", "sec_id": 218, "pri_Drain num": "K100", "length_m": 2.05, "valley": "Koramangala Challaghatta Valley", "subvalley": "KC_1", "ward_name": "4 - Sampangirama Nagar,32 - SilverJubilee Park Ward", "Corporation": "Central"}, "geometry": {"type": "LineString", "coordinates": [[77.591975, 12.95802], [77.591975, 12.958002]]}}, {"type": "Feature", "properties": {"Drain num": "K109", "sec_id": 218, "pri_Drain num": "K100", "length_m": 2.05, "valley": "Koramangala Challaghatta Valley", "subvalley": "KC_1", "ward_name": "4 - Sampangirama Nagar,32 - SilverJubilee Park Ward", "Corporation": "Central"}, "geometry": {"type": "LineString", "coordinates": [[77.591975, 12.958002], [77.591975, 12.957983]]}}, {"type": "Feature", "properties": {"Drain num": "K109", "sec_id": 218, "pri_Drain num": "K100", "length_m": 2.3, "valley": "Koramangala Challaghatta Valley", "subvalley": "KC_1", "ward_name": "4 - Sampangirama Nagar,32 - SilverJubilee Park Ward", "Corporation": "Central"}, "geometry": {"type": "LineString", "coordinates": [[77.591975, 12.957983], [77.591965, 12.957965]]}}, {"type": "Feature", "properties": {"Drain num": "K109", "sec_id": 218, "pri_Drain num": "K100", "length_m": 2.05, "valley": "Koramangala Challaghatta Valley", "subvalley": "KC_1", "ward_name": "4 - Sampangirama Nagar,32 - SilverJubilee Park Ward", "Corporation": "Central"}, "geometry": {"type": "LineString", "coordinates": [[77.591965, 12.957965], [77.591965, 12.957946]]}}, {"type": "Feature", "properties": {"Drain num": "K109", "sec_id": 218, "pri_Drain num": "K100", "length_m": 2.05, "valley": "Koramangala Challaghatta Valley", "subvalley": "KC_1", "ward_name": "4 - Sampangirama Nagar,32 - SilverJubilee Park Ward", "Corporation": "Central"}, "geometry": {"type": "LineString", "coordinates": [[77.591965, 12.957946], [77.591965, 12.957928]]}}, {"type": "Feature", "properties": {"Drain num": "K109", "sec_id": 218, "pri_Drain num": "K100", "length_m": 2.05, "valley": "Koramangala Challaghatta Valley", "subvalley": "KC_1", "ward_name": "4 - Sampangirama Nagar,32 - SilverJubilee Park Ward", "Corporation": "Central"}, "geometry": {"type": "LineString", "coordinates": [[77.591965, 12.957928], [77.591965, 12.957909]]}}, {"type": "Feature", "properties": {"Drain num": "K109", "sec_id": 218, "pri_Drain num": "K100", "length_m": 2.05, "valley": "Koramangala Challaghatta Valley", "subvalley": "KC_1", "ward_name": "4 - Sampangirama Nagar,32 - SilverJubilee Park Ward", "Corporation": "Central"}, "geometry": {"type": "LineString", "coordinates": [[77.591965, 12.957909], [77.591965, 12.95789]]}}, {"type": "Feature", "properties": {"Drain num": "K109", "sec_id": 218, "pri_Drain num": "K100", "length_m": 2.3, "valley": "Koramangala Challaghatta Valley", "subvalley": "KC_1", "ward_name": "4 - Sampangirama Nagar,32 - SilverJubilee Park Ward", "Corporation": "Central"}, "geometry": {"type": "LineString", "coordinates": [[77.591965, 12.95789], [77.591956, 12.957872]]}}, {"type": "Feature", "properties": {"Drain num": "K109", "sec_id": 218, "pri_Drain num": "K100", "length_m": 2.05, "valley": "Koramangala Challaghatta Valley", "subvalley": "KC_1", "ward_name": "4 - Sampangirama Nagar,32 - SilverJubilee Park Ward", "Corporation": "Central"}, "geometry": {"type": "LineString", "coordinates": [[77.591956, 12.957872], [77.591956, 12.957853]]}}, {"type": "Feature", "properties": {"Drain num": "K109", "sec_id": 218, "pri_Drain num": "K100", "length_m": 2.3, "valley": "Koramangala Challaghatta Valley", "subvalley": "KC_1", "ward_name": "4 - Sampangirama Nagar,32 - SilverJubilee Park Ward", "Corporation": "Central"}, "geometry": {"type": "LineString", "coordinates": [[77.591956, 12.957853], [77.591946, 12.957835]]}}, {"type": "Feature", "properties": {"Drain num": "K109", "sec_id": 218, "pri_Drain num": "K100", "length_m": 2.05, "valley": "Koramangala Challaghatta Valley", "subvalley": "KC_1", "ward_name": "4 - Sampangirama Nagar,32 - SilverJubilee Park Ward", "Corporation": "Central"}, "geometry": {"type": "LineString", "coordinates": [[77.591946, 12.957835], [77.591946, 12.957816]]}}, {"type": "Feature", "properties": {"Drain num": "K109", "sec_id": 218, "pri_Drain num": "K100", "length_m": 2.3, "valley": "Koramangala Challaghatta Valley", "subvalley": "KC_1", "ward_name": "4 - Sampangirama Nagar,32 - SilverJubilee Park Ward", "Corporation": "Central"}, "geometry": {"type": "LineString", "coordinates": [[77.591946, 12.957816], [77.591936, 12.957798]]}}, {"type": "Feature", "properties": {"Drain num": "K109", "sec_id": 218, "pri_Drain num": "K100", "length_m": 2.05, "valley": "Koramangala Challaghatta Valley", "subvalley": "KC_1", "ward_name": "4 - Sampangirama Nagar,32 - SilverJubilee Park Ward", "Corporation": "Central"}, "geometry": {"type": "LineString", "coordinates": [[77.591936, 12.957798], [77.591936, 12.957779]]}}, {"type": "Feature", "properties": {"Drain num": "K109", "sec_id": 218, "pri_Drain num": "K100", "length_m": 3.71, "valley": "Koramangala Challaghatta Valley", "subvalley": "KC_1", "ward_name": "4 - Sampangirama Nagar,32 - SilverJubilee Park Ward", "Corporation": "Central"}, "geometry": {"type": "LineString", "coordinates": [[77.591936, 12.957779], [77.591917, 12.957751]]}}, {"type": "Feature", "properties": {"Drain num": "K109", "sec_id": 218, "pri_Drain num": "K100", "length_m": 2.3, "valley": "Koramangala Challaghatta Valley", "subvalley": "KC_1", "ward_name": "4 - Sampangirama Nagar,32 - SilverJubilee Park Ward", "Corporation": "Central"}, "geometry": {"type": "LineString", "coordinates": [[77.591917, 12.957751], [77.591908, 12.957733]]}}, {"type": "Feature", "properties": {"Drain num": "K109", "sec_id": 218, "pri_Drain num": "K100", "length_m": 2.3, "valley": "Koramangala Challaghatta Valley", "subvalley": "KC_1", "ward_name": "4 - Sampangirama Nagar,32 - SilverJubilee Park Ward", "Corporation": "Central"}, "geometry": {"type": "LineString", "coordinates": [[77.591908, 12.957733], [77.591898, 12.957714]]}}, {"type": "Feature", "properties": {"Drain num": "K109", "sec_id": 218, "pri_Drain num": "K100", "length_m": 2.05, "valley": "Koramangala Challaghatta Valley", "subvalley": "KC_1", "ward_name": "4 - Sampangirama Nagar,32 - SilverJubilee Park Ward", "Corporation": "Central"}, "geometry": {"type": "LineString", "coordinates": [[77.591898, 12.957714], [77.591898, 12.957696]]}}, {"type": "Feature", "properties": {"Drain num": "K109", "sec_id": 218, "pri_Drain num": "K100", "length_m": 2.31, "valley": "Koramangala Challaghatta Valley", "subvalley": "KC_1", "ward_name": "4 - Sampangirama Nagar,32 - SilverJubilee Park Ward", "Corporation": "Central"}, "geometry": {"type": "LineString", "coordinates": [[77.591898, 12.957696], [77.591879, 12.957687]]}}, {"type": "Feature", "properties": {"Drain num": "K109", "sec_id": 218, "pri_Drain num": "K100", "length_m": 2.05, "valley": "Koramangala Challaghatta Valley", "subvalley": "KC_1", "ward_name": "4 - Sampangirama Nagar,32 - SilverJubilee Park Ward", "Corporation": "Central"}, "geometry": {"type": "LineString", "coordinates": [[77.591879, 12.957687], [77.591879, 12.957668]]}}, {"type": "Feature", "properties": {"Drain num": "K109", "sec_id": 218, "pri_Drain num": "K100", "length_m": 2.91, "valley": "Koramangala Challaghatta Valley", "subvalley": "KC_1", "ward_name": "4 - Sampangirama Nagar,32 - SilverJubilee Park Ward", "Corporation": "Central"}, "geometry": {"type": "LineString", "coordinates": [[77.591879, 12.957668], [77.59186, 12.957649]]}}, {"type": "Feature", "properties": {"Drain num": "K109", "sec_id": 218, "pri_Drain num": "K100", "length_m": 2.05, "valley": "Koramangala Challaghatta Valley", "subvalley": "KC_1", "ward_name": "4 - Sampangirama Nagar,32 - SilverJubilee Park Ward", "Corporation": "Central"}, "geometry": {"type": "LineString", "coordinates": [[77.59186, 12.957649], [77.59186, 12.957631]]}}, {"type": "Feature", "properties": {"Drain num": "K109", "sec_id": 218, "pri_Drain num": "K100", "length_m": 2.31, "valley": "Koramangala Challaghatta Valley", "subvalley": "KC_1", "ward_name": "4 - Sampangirama Nagar,32 - SilverJubilee Park Ward", "Corporation": "Central"}, "geometry": {"type": "LineString", "coordinates": [[77.59186, 12.957631], [77.591841, 12.957622]]}}, {"type": "Feature", "properties": {"Drain num": "K109", "sec_id": 218, "pri_Drain num": "K100", "length_m": 2.05, "valley": "Koramangala Challaghatta Valley", "subvalley": "KC_1", "ward_name": "4 - Sampangirama Nagar,32 - SilverJubilee Park Ward", "Corporation": "Central"}, "geometry": {"type": "LineString", "coordinates": [[77.591841, 12.957622], [77.591841, 12.957603]]}}, {"type": "Feature", "properties": {"Drain num": "K109", "sec_id": 218, "pri_Drain num": "K100", "length_m": 12.85, "valley": "Koramangala Challaghatta Valley", "subvalley": "KC_1", "ward_name": "4 - Sampangirama Nagar,32 - SilverJubilee Park Ward", "Corporation": "Central"}, "geometry": {"type": "LineString", "coordinates": [[77.591841, 12.957603], [77.591725, 12.95758]]}}, {"type": "Feature", "properties": {"Drain num": "K109", "sec_id": 218, "pri_Drain num": "K100", "length_m": 21.55, "valley": "Koramangala Challaghatta Valley", "subvalley": "KC_1", "ward_name": "4 - Sampangirama Nagar,32 - SilverJubilee Park Ward", "Corporation": "Central"}, "geometry": {"type": "LineString", "coordinates": [[77.591725, 12.95758], [77.591707, 12.957386]]}}, {"type": "Feature", "properties": {"Drain num": "K109", "sec_id": 218, "pri_Drain num": "K100", "length_m": 4.94, "valley": "Koramangala Challaghatta Valley", "subvalley": "KC_1", "ward_name": "4 - Sampangirama Nagar,32 - SilverJubilee Park Ward", "Corporation": "Central"}, "geometry": {"type": "LineString", "coordinates": [[77.591707, 12.957386], [77.591727, 12.957347]]}}, {"type": "Feature", "properties": {"Drain num": "K113", "sec_id": 219, "pri_Drain num": "K100", "length_m": 1098.12, "valley": "Koramangala Challaghatta Valley", "subvalley": "KC_1", "ward_name": "31 - Shanthinagar", "Corporation": "Central"}, "geometry": {"type": "LineString", "coordinates": [[77.596531, 12.953083], [77.596645, 12.953218], [77.596779, 12.9537], [77.597245, 12.954581], [77.597473, 12.955174], [77.597606, 12.95573], [77.597663, 12.956472], [77.598053, 12.957473], [77.598149, 12.958994], [77.598212, 12.959121], [77.598329, 12.959151], [77.598921, 12.959121], [77.599014, 12.959198], [77.599062, 12.959763], [77.599262, 12.960579], [77.599604, 12.961404], [77.599521, 12.961511], [77.599623, 12.96146]]}}, {"type": "Feature", "properties": {"Drain num": "K107", "sec_id": 220, "pri_Drain num": "K100", "length_m": 836.08, "valley": "Koramangala Challaghatta Valley", "subvalley": "KC_1", "ward_name": "35 - Hombegowda Nagara,30 - Vinayakanagar,31 - Shanthinagar", "Corporation": "Central"}, "geometry": {"type": "LineString", "coordinates": [[77.601397, 12.949975], [77.601511, 12.951085], [77.601769, 12.952268], [77.602173, 12.952958], [77.602334, 12.953505], [77.602991, 12.954887], [77.603181, 12.955202], [77.60339, 12.955369], [77.603664, 12.955468], [77.603923, 12.955243], [77.603932, 12.95536], [77.604563, 12.955827]]}}, {"type": "Feature", "properties": {"Drain num": "K108", "sec_id": 221, "pri_Drain num": "K100", "length_m": 1197.34, "valley": "Koramangala Challaghatta Valley", "subvalley": "KC_1", "ward_name": "35 - Hombegowda Nagara,36 - Someshwara Nagara,39 - Venkat Reddy Nagara,38 - Kanakanapalya", "Corporation": "Central"}, "geometry": {"type": "LineString", "coordinates": [[77.598433, 12.951131], [77.59807, 12.95067], [77.597825, 12.950668], [77.597711, 12.950453], [77.597368, 12.950107], [77.597181, 12.950177], [77.597056, 12.949795], [77.596929, 12.949722], [77.596969, 12.949482], [77.596893, 12.949129], [77.596531, 12.948798], [77.596731, 12.948543], [77.596379, 12.948184], [77.595794, 12.947962], [77.595601, 12.947819], [77.59558, 12.947572], [77.594819, 12.946867], [77.594172, 12.946385], [77.594032, 12.946153], [77.593753, 12.946348], [77.593354, 12.946385], [77.59324, 12.946329], [77.593022, 12.946412], [77.592509, 12.945764], [77.592612, 12.945551], [77.592338, 12.945582], [77.592003, 12.945069], [77.591826, 12.94521]]}}, {"type": "Feature", "properties": {"Drain num": "K108", "sec_id": 221, "pri_Drain num": "K100", "length_m": 24.85, "valley": "Koramangala Challaghatta Valley", "subvalley": "KC_1", "ward_name": "35 - Hombegowda Nagara,36 - Someshwara Nagara,39 - Venkat Reddy Nagara,38 - Kanakanapalya", "Corporation": "Central"}, "geometry": {"type": "LineString", "coordinates": [[77.591826, 12.94521], [77.591889, 12.944994]]}}, {"type": "Feature", "properties": {"Drain num": "K108", "sec_id": 221, "pri_Drain num": "K100", "length_m": 382.96, "valley": "Koramangala Challaghatta Valley", "subvalley": "KC_1", "ward_name": "35 - Hombegowda Nagara,36 - Someshwara Nagara,39 - Venkat Reddy Nagara,38 - Kanakanapalya", "Corporation": "Central"}, "geometry": {"type": "LineString", "coordinates": [[77.591826, 12.94521], [77.59187, 12.944976], [77.591585, 12.944605], [77.59117, 12.94428], [77.590481, 12.943344], [77.590196, 12.943196], [77.590209, 12.942968], [77.590119, 12.943177], [77.590151, 12.942952]]}}, {"type": "Feature", "properties": {"Drain num": "K108", "sec_id": 221, "pri_Drain num": "K100", "length_m": 24.81, "valley": "Koramangala Challaghatta Valley", "subvalley": "KC_1", "ward_name": "35 - Hombegowda Nagara,36 - Someshwara Nagara,39 - Venkat Reddy Nagara,38 - Kanakanapalya", "Corporation": "Central"}, "geometry": {"type": "LineString", "coordinates": [[77.590151, 12.942952], [77.590062, 12.943159]]}}, {"type": "Feature", "properties": {"Drain num": "K108", "sec_id": 221, "pri_Drain num": "K100", "length_m": 521.35, "valley": "Koramangala Challaghatta Valley", "subvalley": "KC_1", "ward_name": "35 - Hombegowda Nagara,36 - Someshwara Nagara,39 - Venkat Reddy Nagara,38 - Kanakanapalya", "Corporation": "Central"}, "geometry": {"type": "LineString", "coordinates": [[77.590151, 12.942952], [77.589625, 12.942992], [77.589004, 12.942686], [77.588198, 12.941749], [77.588103, 12.941416], [77.58794, 12.941251], [77.587951, 12.941026], [77.587777, 12.940694], [77.587189, 12.940377], [77.586828, 12.940322]]}}, {"type": "Feature", "properties": {"Drain num": "K104", "sec_id": 222, "pri_Drain num": "K100", "length_m": 22.11, "valley": "Koramangala Challaghatta Valley", "subvalley": "KC_1", "ward_name": "22 - S.G Palya,36 - Someshwara Nagara,23 - Lakkasandra,27 - Ambedkarnagar,24 - A Adugodi", "Corporation": "Central"}, "geometry": {"type": "LineString", "coordinates": [[77.606078, 12.949955], [77.606034, 12.94976]]}}, {"type": "Feature", "properties": {"Drain num": "K104", "sec_id": 222, "pri_Drain num": "K100", "length_m": 1069.63, "valley": "Koramangala Challaghatta Valley", "subvalley": "KC_1", "ward_name": "22 - S.G Palya,36 - Someshwara Nagara,23 - Lakkasandra,27 - Ambedkarnagar,24 - A Adugodi", "Corporation": "South"}, "geometry": {"type": "LineString", "coordinates": [[77.606034, 12.94976], [77.606025, 12.949519], [77.606178, 12.948944], [77.605977, 12.94881], [77.606216, 12.948814], [77.606216, 12.948384], [77.606101, 12.948184], [77.605841, 12.948229], [77.605718, 12.947629], [77.605474, 12.94759], [77.60534, 12.947368], [77.605457, 12.947], [77.605055, 12.946526], [77.604999, 12.946287], [77.605071, 12.946113], [77.605074, 12.945699], [77.604694, 12.944549], [77.60437, 12.944383], [77.603894, 12.944383], [77.603722, 12.944559], [77.603723, 12.944327], [77.603609, 12.94429], [77.603354, 12.944001], [77.603419, 12.943492], [77.603609, 12.943122], [77.603533, 12.942955], [77.603559, 12.942726]]}}, {"type": "Feature", "properties": {"Drain num": "K104", "sec_id": 222, "pri_Drain num": "K100", "length_m": 24.97, "valley": "Koramangala Challaghatta Valley", "subvalley": "KC_1", "ward_name": "22 - S.G Palya,36 - Someshwara Nagara,23 - Lakkasandra,27 - Ambedkarnagar,24 - A Adugodi", "Corporation": "South"}, "geometry": {"type": "LineString", "coordinates": [[77.603559, 12.942726], [77.603476, 12.942936]]}}, {"type": "Feature", "properties": {"Drain num": "K104", "sec_id": 222, "pri_Drain num": "K100", "length_m": 25.04, "valley": "Koramangala Challaghatta Valley", "subvalley": "KC_1", "ward_name": "22 - S.G Palya,36 - Someshwara Nagara,23 - Lakkasandra,27 - Ambedkarnagar,24 - A Adugodi", "Corporation": "South"}, "geometry": {"type": "LineString", "coordinates": [[77.603559, 12.942726], [77.603362, 12.942843]]}}, {"type": "Feature", "properties": {"Drain num": "K104", "sec_id": 222, "pri_Drain num": "K100", "length_m": 98.78, "valley": "Koramangala Challaghatta Valley", "subvalley": "KC_1", "ward_name": "22 - S.G Palya,36 - Someshwara Nagara,23 - Lakkasandra,27 - Ambedkarnagar,24 - A Adugodi", "Corporation": "South"}, "geometry": {"type": "LineString", "coordinates": [[77.603559, 12.942726], [77.603343, 12.942806], [77.602728, 12.942575]]}}, {"type": "Feature", "properties": {"Drain num": "K104", "sec_id": 222, "pri_Drain num": "K100", "length_m": 0.01, "valley": "Koramangala Challaghatta Valley", "subvalley": "KC_1", "ward_name": "22 - S.G Palya,36 - Someshwara Nagara,23 - Lakkasandra,27 - Ambedkarnagar,24 - A Adugodi", "Corporation": "Central"}, "geometry": {"type": "LineString", "coordinates": [[77.602728, 12.942575], [77.602728, 12.942575]]}}, {"type": "Feature", "properties": {"Drain num": "K104", "sec_id": 222, "pri_Drain num": "K100", "length_m": 17.13, "valley": "Koramangala Challaghatta Valley", "subvalley": "KC_1", "ward_name": "22 - S.G Palya,36 - Someshwara Nagara,23 - Lakkasandra,27 - Ambedkarnagar,24 - A Adugodi", "Corporation": "Central"}, "geometry": {"type": "LineString", "coordinates": [[77.602728, 12.942575], [77.602698, 12.94244]]}}, {"type": "Feature", "properties": {"Drain num": "K104", "sec_id": 222, "pri_Drain num": "K100", "length_m": 0.03, "valley": "Koramangala Challaghatta Valley", "subvalley": "KC_1", "ward_name": "22 - S.G Palya,36 - Someshwara Nagara,23 - Lakkasandra,27 - Ambedkarnagar,24 - A Adugodi", "Corporation": "South"}, "geometry": {"type": "LineString", "coordinates": [[77.602698, 12.94244], [77.602698, 12.94244]]}}, {"type": "Feature", "properties": {"Drain num": "K104", "sec_id": 222, "pri_Drain num": "K100", "length_m": 19.55, "valley": "Koramangala Challaghatta Valley", "subvalley": "KC_1", "ward_name": "22 - S.G Palya,36 - Someshwara Nagara,23 - Lakkasandra,27 - Ambedkarnagar,24 - A Adugodi", "Corporation": "South"}, "geometry": {"type": "LineString", "coordinates": [[77.602698, 12.94244], [77.60266, 12.942272]]}}, {"type": "Feature", "properties": {"Drain num": "K104", "sec_id": 222, "pri_Drain num": "K100", "length_m": 0.01, "valley": "Koramangala Challaghatta Valley", "subvalley": "KC_1", "ward_name": "22 - S.G Palya,36 - Someshwara Nagara,23 - Lakkasandra,27 - Ambedkarnagar,24 - A Adugodi", "Corporation": "Central"}, "geometry": {"type": "LineString", "coordinates": [[77.60266, 12.942272], [77.602659, 12.942272]]}}, {"type": "Feature", "properties": {"Drain num": "K104", "sec_id": 222, "pri_Drain num": "K100", "length_m": 10.68, "valley": "Koramangala Challaghatta Valley", "subvalley": "KC_1", "ward_name": "22 - S.G Palya,36 - Someshwara Nagara,23 - Lakkasandra,27 - Ambedkarnagar,24 - A Adugodi", "Corporation": "Central"}, "geometry": {"type": "LineString", "coordinates": [[77.602659, 12.942272], [77.602639, 12.94218]]}}, {"type": "Feature", "properties": {"Drain num": "K104", "sec_id": 222, "pri_Drain num": "K100", "length_m": 0.0, "valley": "Koramangala Challaghatta Valley", "subvalley": "KC_1", "ward_name": "22 - S.G Palya,36 - Someshwara Nagara,23 - Lakkasandra,27 - Ambedkarnagar,24 - A Adugodi", "Corporation": "Central"}, "geometry": {"type": "LineString", "coordinates": [[77.602639, 12.94218], [77.602639, 12.94218]]}}, {"type": "Feature", "properties": {"Drain num": "K104", "sec_id": 222, "pri_Drain num": "K100", "length_m": 0.69, "valley": "Koramangala Challaghatta Valley", "subvalley": "KC_1", "ward_name": "22 - S.G Palya,36 - Someshwara Nagara,23 - Lakkasandra,27 - Ambedkarnagar,24 - A Adugodi", "Corporation": "South"}, "geometry": {"type": "LineString", "coordinates": [[77.602639, 12.94218], [77.602637, 12.942175]]}}, {"type": "Feature", "properties": {"Drain num": "K104", "sec_id": 222, "pri_Drain num": "K100", "length_m": 4.85, "valley": "Koramangala Challaghatta Valley", "subvalley": "KC_1", "ward_name": "22 - S.G Palya,36 - Someshwara Nagara,23 - Lakkasandra,27 - Ambedkarnagar,24 - A Adugodi", "Corporation": "Central"}, "geometry": {"type": "LineString", "coordinates": [[77.602637, 12.942175], [77.602606, 12.942144]]}}, {"type": "Feature", "properties": {"Drain num": "K104", "sec_id": 222, "pri_Drain num": "K100", "length_m": 593.04, "valley": "Koramangala Challaghatta Valley", "subvalley": "KC_1", "ward_name": "22 - S.G Palya,36 - Someshwara Nagara,23 - Lakkasandra,27 - Ambedkarnagar,24 - A Adugodi", "Corporation": "South"}, "geometry": {"type": "LineString", "coordinates": [[77.602606, 12.942144], [77.600983, 12.939432], [77.600778, 12.939299], [77.600679, 12.939079], [77.59988, 12.938338], [77.599634, 12.937904]]}}, {"type": "Feature", "properties": {"Drain num": "K104", "sec_id": 223, "pri_Drain num": "K100", "length_m": 996.21, "valley": "Koramangala Challaghatta Valley", "subvalley": "KC_1", "ward_name": "25 - National Games Village,27 - Ambedkarnagar,26 - Ejipura,24 - A Adugodi", "Corporation": "South"}, "geometry": {"type": "LineString", "coordinates": [[77.616131, 12.941451], [77.616128, 12.942473], [77.616033, 12.942992], [77.615804, 12.943068], [77.615842, 12.943352], [77.6159, 12.943466], [77.616065, 12.943552], [77.616338, 12.944049], [77.61655, 12.943926], [77.616452, 12.94416], [77.616528, 12.944216], [77.616765, 12.94416], [77.61681, 12.944471], [77.616626, 12.945053], [77.616621, 12.945475], [77.616452, 12.946218], [77.616315, 12.946451], [77.616395, 12.946682], [77.616356, 12.947169], [77.616661, 12.948072], [77.616965, 12.948629], [77.617234, 12.948952]]}}, {"type": "Feature", "properties": {"Drain num": "K104", "sec_id": 223, "pri_Drain num": "K100", "length_m": 258.66, "valley": "Koramangala Challaghatta Valley", "subvalley": "KC_1", "ward_name": "25 - National Games Village,27 - Ambedkarnagar,26 - Ejipura,24 - A Adugodi", "Corporation": "Central"}, "geometry": {"type": "LineString", "coordinates": [[77.617234, 12.948952], [77.617419, 12.949241], [77.61875, 12.947854]]}}, {"type": "Feature", "properties": {"Drain num": "K104", "sec_id": 223, "pri_Drain num": "K100", "length_m": 7.44, "valley": "Koramangala Challaghatta Valley", "subvalley": "KC_1", "ward_name": "25 - National Games Village,27 - Ambedkarnagar,26 - Ejipura,24 - A Adugodi", "Corporation": "South"}, "geometry": {"type": "LineString", "coordinates": [[77.61875, 12.947854], [77.618803, 12.947812]]}}, {"type": "Feature", "properties": {"Drain num": "K104", "sec_id": 223, "pri_Drain num": "K100", "length_m": 69.82, "valley": "Koramangala Challaghatta Valley", "subvalley": "KC_1", "ward_name": "25 - National Games Village,27 - Ambedkarnagar,26 - Ejipura,24 - A Adugodi", "Corporation": "Central"}, "geometry": {"type": "LineString", "coordinates": [[77.618803, 12.947812], [77.619339, 12.947488]]}}, {"type": "Feature", "properties": {"Drain num": "K104", "sec_id": 223, "pri_Drain num": "K100", "length_m": 1166.8, "valley": "Koramangala Challaghatta Valley", "subvalley": "KC_1", "ward_name": "25 - National Games Village,27 - Ambedkarnagar,26 - Ejipura,24 - A Adugodi", "Corporation": "South"}, "geometry": {"type": "LineString", "coordinates": [[77.619339, 12.947488], [77.619895, 12.947201], [77.620086, 12.9467], [77.620828, 12.94568], [77.621113, 12.945551], [77.621437, 12.945532], [77.62157, 12.945439], [77.621855, 12.945475], [77.621893, 12.945235], [77.622483, 12.944661], [77.623244, 12.944271], [77.623434, 12.943937], [77.623674, 12.943921], [77.623567, 12.943715], [77.623682, 12.943548], [77.623797, 12.943064], [77.624614, 12.94225], [77.625207, 12.941849], [77.626147, 12.942019], [77.626293, 12.941734], [77.626582, 12.941926]]}}, {"type": "Feature", "properties": {"Drain num": "K101", "sec_id": 224, "pri_Drain num": "K100", "length_m": 1027.82, "valley": "Koramangala Challaghatta Valley", "subvalley": "KC_1", "ward_name": "29 - Kormangala West,27 - Sri Lakshmi Devi Ward,25 - National Games Village,24 - A Adugodi", "Corporation": "South"}, "geometry": {"type": "LineString", "coordinates": [[77.627114, 12.940591], [77.626536, 12.940433], [77.626266, 12.940453], [77.625984, 12.940295], [77.625927, 12.940062], [77.625794, 12.939969], [77.625639, 12.940135], [77.625679, 12.939914], [77.62547, 12.939691], [77.624329, 12.938671], [77.624005, 12.938679], [77.624024, 12.938449], [77.623815, 12.938282], [77.623572, 12.938301], [77.623613, 12.937944], [77.623377, 12.937874], [77.62294, 12.937559], [77.622559, 12.937151], [77.621969, 12.936224], [77.62165, 12.936104], [77.621463, 12.935803], [77.62088, 12.93533]]}}, {"type": "Feature", "properties": {"Drain num": "K101", "sec_id": 224, "pri_Drain num": "K100", "length_m": 25.39, "valley": "Koramangala Challaghatta Valley", "subvalley": "KC_1", "ward_name": "29 - Kormangala West,27 - Sri Lakshmi Devi Ward,25 - National Games Village,24 - A Adugodi", "Corporation": "South"}, "geometry": {"type": "LineString", "coordinates": [[77.62088, 12.93533], [77.621075, 12.935204]]}}, {"type": "Feature", "properties": {"Drain num": "K101", "sec_id": 224, "pri_Drain num": "K100", "length_m": 1045.07, "valley": "Koramangala Challaghatta Valley", "subvalley": "KC_1", "ward_name": "29 - Kormangala West,27 - Sri Lakshmi Devi Ward,25 - National Games Village,24 - A Adugodi", "Corporation": "South"}, "geometry": {"type": "LineString", "coordinates": [[77.62088, 12.93533], [77.621056, 12.935185], [77.620847, 12.934888], [77.620599, 12.93474], [77.620387, 12.934832], [77.620004, 12.934448], [77.619895, 12.934647], [77.619553, 12.934647], [77.619417, 12.934468], [77.619293, 12.934488], [77.619115, 12.934647], [77.61824, 12.934647], [77.617707, 12.934722], [77.617521, 12.934557], [77.617384, 12.934777], [77.617194, 12.934796], [77.617037, 12.934633], [77.615677, 12.935035], [77.61546, 12.935031], [77.615214, 12.934921], [77.615177, 12.934684], [77.614873, 12.934369], [77.613769, 12.933479], [77.613655, 12.93322]]}}, {"type": "Feature", "properties": {"Drain num": "K102", "sec_id": 225, "pri_Drain num": "K100", "length_m": 549.55, "valley": "Koramangala Challaghatta Valley", "subvalley": "KC_1", "ward_name": "29 - Kormangala West", "Corporation": "South"}, "geometry": {"type": "LineString", "coordinates": [[77.611467, 12.936947], [77.612114, 12.936669], [77.612837, 12.936632], [77.613065, 12.936539], [77.613306, 12.936563], [77.613474, 12.936372], [77.613877, 12.936269], [77.614226, 12.936372], [77.614291, 12.936589], [77.614892, 12.93602], [77.615348, 12.935463], [77.615195, 12.93528]]}}, {"type": "Feature", "properties": {"Drain num": "K102", "sec_id": 225, "pri_Drain num": "K100", "length_m": 26.11, "valley": "Koramangala Challaghatta Valley", "subvalley": "KC_1", "ward_name": "29 - Kormangala West", "Corporation": "South"}, "geometry": {"type": "LineString", "coordinates": [[77.615195, 12.93528], [77.615367, 12.935445]]}}, {"type": "Feature", "properties": {"Drain num": "K102", "sec_id": 225, "pri_Drain num": "K100", "length_m": 102.25, "valley": "Koramangala Challaghatta Valley", "subvalley": "KC_1", "ward_name": "29 - Kormangala West", "Corporation": "South"}, "geometry": {"type": "LineString", "coordinates": [[77.615195, 12.93528], [77.615386, 12.935426], [77.615424, 12.935352], [77.615322, 12.935143], [77.615677, 12.935035]]}}, {"type": "Feature", "properties": {"Drain num": "K109A", "sec_id": 226, "pri_Drain num": "K209", "length_m": 618.34, "valley": "Koramangala Challaghatta Valley", "subvalley": "KC_1", "ward_name": "59 - Vijaya Bank Layout,60 - Bilekahalli", "Corporation": "South"}, "geometry": {"type": "LineString", "coordinates": [[77.600584, 12.898031], [77.600809, 12.898609], [77.601136, 12.900104], [77.601136, 12.90122], [77.601218, 12.901678], [77.601484, 12.902276], [77.601627, 12.902933], [77.601668, 12.903252], [77.601571, 12.903392]]}}, {"type": "Feature", "properties": {"Drain num": "K109B", "sec_id": 227, "pri_Drain num": "K209", "length_m": 502.22, "valley": "Koramangala Challaghatta Valley", "subvalley": "KC_1", "ward_name": "60 - Bilekahalli", "Corporation": "South"}, "geometry": {"type": "LineString", "coordinates": [[77.604855, 12.901385], [77.605082, 12.901399], [77.605552, 12.90126], [77.605559, 12.901144], [77.606377, 12.900922], [77.606406, 12.901051], [77.606165, 12.901359], [77.606186, 12.901957], [77.606206, 12.902017], [77.606358, 12.902025], [77.606349, 12.902136], [77.606533, 12.902515], [77.606553, 12.902595], [77.606463, 12.902665], [77.606574, 12.902734], [77.606477, 12.902849], [77.606574, 12.902933], [77.606477, 12.903113], [77.606559, 12.903113]]}}, {"type": "Feature", "properties": {"Drain num": "K109B", "sec_id": 228, "pri_Drain num": "K200", "length_m": 951.97, "valley": "Koramangala Challaghatta Valley", "subvalley": "KC_1", "ward_name": "67 - Bandepalya,72 - HSR Layout", "Corporation": "South"}, "geometry": {"type": "LineString", "coordinates": [[77.635516, 12.915726], [77.635503, 12.915016], [77.635258, 12.913847], [77.635285, 12.910845], [77.635094, 12.908906], [77.635067, 12.907232]]}}, {"type": "Feature", "properties": {"Drain num": "K211", "sec_id": 229, "pri_Drain num": "K200", "length_m": 737.25, "valley": "Koramangala Challaghatta Valley", "subvalley": "KC_1", "ward_name": "18 - Viswamanava Kuvempu Ward,19 - New Tavarekere", "Corporation": "South"}, "geometry": {"type": "LineString", "coordinates": [[77.617225, 12.916174], [77.616004, 12.916205], [77.612202, 12.916577], [77.610526, 12.916577]]}}, {"type": "Feature", "properties": {"Drain num": "K205", "sec_id": 230, "pri_Drain num": "K200", "length_m": 495.07, "valley": "Koramangala Challaghatta Valley", "subvalley": "KC_1", "ward_name": "19 - New Tavarekere,11 - Jayanagar East", "Corporation": "South"}, "geometry": {"type": "LineString", "coordinates": [[77.608388, 12.924792], [77.60831, 12.924112], [77.608716, 12.923381], [77.608918, 12.922799], [77.608909, 12.922368], [77.608748, 12.922136], [77.608705, 12.921524], [77.608398, 12.920561]]}}, {"type": "Feature", "properties": {"Drain num": "K206", "sec_id": 393, "pri_Drain num": "K200", "length_m": 762.12, "valley": "Koramangala Challaghatta Valley", "subvalley": "KC_1", "ward_name": "9 - N.A.L Layout,10 - Abdul Kalam Nagar,22 - S.G Palya", "Corporation": "South"}, "geometry": {"type": "LineString", "coordinates": [[77.6004, 12.922959], [77.601573, 12.922966], [77.602148, 12.924209], [77.602482, 12.924609], [77.602852, 12.924727], [77.603931, 12.924838], [77.604591, 12.925129], [77.605351, 12.925174], [77.605911, 12.925401], [77.606144, 12.925631]]}}, {"type": "Feature", "properties": {"Drain num": "K208", "sec_id": 232, "pri_Drain num": "K200", "length_m": 412.82, "valley": "Koramangala Challaghatta Valley", "subvalley": "KC_1", "ward_name": "7 - Byrasandra,8 - Tilak Nagara", "Corporation": "South"}, "geometry": {"type": "LineString", "coordinates": [[77.592254, 12.931566], [77.591972, 12.930126], [77.591747, 12.929715], [77.590922, 12.929368], [77.590339, 12.928656]]}}, {"type": "Feature", "properties": {"Drain num": "K207", "sec_id": 233, "pri_Drain num": "K200", "length_m": 816.34, "valley": "Koramangala Challaghatta Valley", "subvalley": "KC_1", "ward_name": "7 - Byrasandra,8 - Tilak Nagara,37 - BHEL Ward", "Corporation": "Central"}, "geometry": {"type": "LineString", "coordinates": [[77.599557, 12.932243], [77.598059, 12.93264], [77.597153, 12.932636], [77.596681, 12.932081], [77.594999, 12.931254], [77.594506, 12.931201], [77.59258, 12.931475]]}}, {"type": "Feature", "properties": {"Drain num": "K207", "sec_id": 233, "pri_Drain num": "K200", "length_m": 302.08, "valley": "Koramangala Challaghatta Valley", "subvalley": "KC_1", "ward_name": "7 - Byrasandra,8 - Tilak Nagara,37 - BHEL Ward", "Corporation": "South"}, "geometry": {"type": "LineString", "coordinates": [[77.59258, 12.931475], [77.592127, 12.931587], [77.591023, 12.932158], [77.590042, 12.932331]]}}, {"type": "Feature", "properties": {"Drain num": "K112", "sec_id": 234, "pri_Drain num": "K100", "length_m": 699.82, "valley": "Koramangala Challaghatta Valley", "subvalley": "KC_1", "ward_name": "41 - V.V Puram,34 - D.V Gundappa Ward,32 - SilverJubilee Park Ward", "Corporation": "Central"}, "geometry": {"type": "LineString", "coordinates": [[77.582365, 12.961311], [77.581702, 12.96021], [77.58087, 12.95855], [77.580216, 12.956571], [77.579984, 12.955641]]}}, {"type": "Feature", "properties": {"Drain num": "K110", "sec_id": 235, "pri_Drain num": "K100", "length_m": 627.55, "valley": "Koramangala Challaghatta Valley", "subvalley": "KC_1", "ward_name": "35 - Hombegowda Nagara,34 - D.V Gundappa Ward,32 - SilverJubilee Park Ward", "Corporation": "Central"}, "geometry": {"type": "LineString", "coordinates": [[77.585729, 12.959431], [77.585641, 12.95933], [77.585681, 12.959174], [77.585613, 12.958802], [77.585313, 12.957819], [77.584741, 12.956624], [77.584535, 12.955794], [77.584737, 12.955365], [77.584904, 12.955322], [77.585027, 12.95519], [77.585109, 12.954698], [77.585, 12.954326]]}}, {"type": "Feature", "properties": {"Drain num": "BH579", "sec_id": 236, "pri_Drain num": "BH574", "length_m": 13.06, "valley": "Koramangala Challaghatta Valley", "subvalley": "KC_1", "ward_name": "67 - Bandepalya", "Corporation": "South"}, "geometry": {"type": "LineString", "coordinates": [[77.632633, 12.903631], [77.632723, 12.903552]]}}, {"type": "Feature", "properties": {"Drain num": "BH579", "sec_id": 236, "pri_Drain num": "BH574", "length_m": 8.88, "valley": "Koramangala Challaghatta Valley", "subvalley": "KC_1", "ward_name": "67 - Bandepalya", "Corporation": "South"}, "geometry": {"type": "LineString", "coordinates": [[77.632723, 12.903552], [77.632805, 12.903552]]}}, {"type": "Feature", "properties": {"Drain num": "BH579", "sec_id": 236, "pri_Drain num": "BH574", "length_m": 8.88, "valley": "Koramangala Challaghatta Valley", "subvalley": "KC_1", "ward_name": "67 - Bandepalya", "Corporation": "South"}, "geometry": {"type": "LineString", "coordinates": [[77.632805, 12.903552], [77.632887, 12.903552]]}}, {"type": "Feature", "properties": {"Drain num": "BH579", "sec_id": 236, "pri_Drain num": "BH574", "length_m": 4.44, "valley": "Koramangala Challaghatta Valley", "subvalley": "KC_1", "ward_name": "67 - Bandepalya", "Corporation": "South"}, "geometry": {"type": "LineString", "coordinates": [[77.632887, 12.903552], [77.632927, 12.903552]]}}, {"type": "Feature", "properties": {"Drain num": "BH579", "sec_id": 236, "pri_Drain num": "BH574", "length_m": 7.4, "valley": "Koramangala Challaghatta Valley", "subvalley": "KC_1", "ward_name": "67 - Bandepalya", "Corporation": "South"}, "geometry": {"type": "LineString", "coordinates": [[77.632927, 12.903552], [77.632996, 12.903552]]}}, {"type": "Feature", "properties": {"Drain num": "BH579", "sec_id": 236, "pri_Drain num": "BH574", "length_m": 4.44, "valley": "Koramangala Challaghatta Valley", "subvalley": "KC_1", "ward_name": "67 - Bandepalya", "Corporation": "South"}, "geometry": {"type": "LineString", "coordinates": [[77.632996, 12.903552], [77.633036, 12.903552]]}}, {"type": "Feature", "properties": {"Drain num": "BH579", "sec_id": 236, "pri_Drain num": "BH574", "length_m": 7.54, "valley": "Koramangala Challaghatta Valley", "subvalley": "KC_1", "ward_name": "67 - Bandepalya", "Corporation": "South"}, "geometry": {"type": "LineString", "coordinates": [[77.633036, 12.903552], [77.633105, 12.903539]]}}, {"type": "Feature", "properties": {"Drain num": "BH579", "sec_id": 236, "pri_Drain num": "BH574", "length_m": 4.44, "valley": "Koramangala Challaghatta Valley", "subvalley": "KC_1", "ward_name": "67 - Bandepalya", "Corporation": "South"}, "geometry": {"type": "LineString", "coordinates": [[77.633105, 12.903539], [77.633145, 12.903539]]}}, {"type": "Feature", "properties": {"Drain num": "BH579", "sec_id": 236, "pri_Drain num": "BH574", "length_m": 7.54, "valley": "Koramangala Challaghatta Valley", "subvalley": "KC_1", "ward_name": "67 - Bandepalya", "Corporation": "South"}, "geometry": {"type": "LineString", "coordinates": [[77.633145, 12.903539], [77.633214, 12.903526]]}}, {"type": "Feature", "properties": {"Drain num": "BH579", "sec_id": 236, "pri_Drain num": "BH574", "length_m": 3.31, "valley": "Koramangala Challaghatta Valley", "subvalley": "KC_1", "ward_name": "67 - Bandepalya", "Corporation": "South"}, "geometry": {"type": "LineString", "coordinates": [[77.633214, 12.903526], [77.633241, 12.903512]]}}, {"type": "Feature", "properties": {"Drain num": "BH579", "sec_id": 236, "pri_Drain num": "BH574", "length_m": 5.33, "valley": "Koramangala Challaghatta Valley", "subvalley": "KC_1", "ward_name": "67 - Bandepalya", "Corporation": "South"}, "geometry": {"type": "LineString", "coordinates": [[77.633241, 12.903512], [77.633282, 12.903486]]}}, {"type": "Feature", "properties": {"Drain num": "BH579", "sec_id": 236, "pri_Drain num": "BH574", "length_m": 9.0, "valley": "Koramangala Challaghatta Valley", "subvalley": "KC_1", "ward_name": "67 - Bandepalya", "Corporation": "South"}, "geometry": {"type": "LineString", "coordinates": [[77.633282, 12.903486], [77.633364, 12.903473]]}}, {"type": "Feature", "properties": {"Drain num": "BH579", "sec_id": 236, "pri_Drain num": "BH574", "length_m": 4.68, "valley": "Koramangala Challaghatta Valley", "subvalley": "KC_1", "ward_name": "67 - Bandepalya", "Corporation": "South"}, "geometry": {"type": "LineString", "coordinates": [[77.633364, 12.903473], [77.633404, 12.903459]]}}, {"type": "Feature", "properties": {"Drain num": "BH579", "sec_id": 236, "pri_Drain num": "BH574", "length_m": 10.46, "valley": "Koramangala Challaghatta Valley", "subvalley": "KC_1", "ward_name": "67 - Bandepalya", "Corporation": "South"}, "geometry": {"type": "LineString", "coordinates": [[77.633404, 12.903459], [77.6335, 12.903446]]}}, {"type": "Feature", "properties": {"Drain num": "BH579", "sec_id": 236, "pri_Drain num": "BH574", "length_m": 4.68, "valley": "Koramangala Challaghatta Valley", "subvalley": "KC_1", "ward_name": "67 - Bandepalya", "Corporation": "South"}, "geometry": {"type": "LineString", "coordinates": [[77.6335, 12.903446], [77.633541, 12.903433]]}}, {"type": "Feature", "properties": {"Drain num": "BH579", "sec_id": 236, "pri_Drain num": "BH574", "length_m": 12.2, "valley": "Koramangala Challaghatta Valley", "subvalley": "KC_1", "ward_name": "67 - Bandepalya", "Corporation": "South"}, "geometry": {"type": "LineString", "coordinates": [[77.633541, 12.903433], [77.63365, 12.903406]]}}, {"type": "Feature", "properties": {"Drain num": "BH579", "sec_id": 236, "pri_Drain num": "BH574", "length_m": 13.64, "valley": "Koramangala Challaghatta Valley", "subvalley": "KC_1", "ward_name": "67 - Bandepalya", "Corporation": "South"}, "geometry": {"type": "LineString", "coordinates": [[77.63365, 12.903406], [77.633772, 12.90338]]}}, {"type": "Feature", "properties": {"Drain num": "BH579", "sec_id": 236, "pri_Drain num": "BH574", "length_m": 7.54, "valley": "Koramangala Challaghatta Valley", "subvalley": "KC_1", "ward_name": "67 - Bandepalya", "Corporation": "South"}, "geometry": {"type": "LineString", "coordinates": [[77.633772, 12.90338], [77.633841, 12.903366]]}}, {"type": "Feature", "properties": {"Drain num": "BH579", "sec_id": 236, "pri_Drain num": "BH574", "length_m": 8.88, "valley": "Koramangala Challaghatta Valley", "subvalley": "KC_1", "ward_name": "67 - Bandepalya", "Corporation": "South"}, "geometry": {"type": "LineString", "coordinates": [[77.633841, 12.903366], [77.633922, 12.903366]]}}, {"type": "Feature", "properties": {"Drain num": "BH579", "sec_id": 236, "pri_Drain num": "BH574", "length_m": 4.44, "valley": "Koramangala Challaghatta Valley", "subvalley": "KC_1", "ward_name": "67 - Bandepalya", "Corporation": "South"}, "geometry": {"type": "LineString", "coordinates": [[77.633922, 12.903366], [77.633963, 12.903366]]}}, {"type": "Feature", "properties": {"Drain num": "BH579", "sec_id": 236, "pri_Drain num": "BH574", "length_m": 5.92, "valley": "Koramangala Challaghatta Valley", "subvalley": "KC_1", "ward_name": "67 - Bandepalya", "Corporation": "South"}, "geometry": {"type": "LineString", "coordinates": [[77.633963, 12.903366], [77.634018, 12.903366]]}}, {"type": "Feature", "properties": {"Drain num": "BH579", "sec_id": 236, "pri_Drain num": "BH574", "length_m": 4.44, "valley": "Koramangala Challaghatta Valley", "subvalley": "KC_1", "ward_name": "67 - Bandepalya", "Corporation": "South"}, "geometry": {"type": "LineString", "coordinates": [[77.634018, 12.903366], [77.634059, 12.903366]]}}, {"type": "Feature", "properties": {"Drain num": "BH579", "sec_id": 236, "pri_Drain num": "BH574", "length_m": 5.92, "valley": "Koramangala Challaghatta Valley", "subvalley": "KC_1", "ward_name": "67 - Bandepalya", "Corporation": "South"}, "geometry": {"type": "LineString", "coordinates": [[77.634059, 12.903366], [77.634113, 12.903366]]}}, {"type": "Feature", "properties": {"Drain num": "BH579", "sec_id": 236, "pri_Drain num": "BH574", "length_m": 2.96, "valley": "Koramangala Challaghatta Valley", "subvalley": "KC_1", "ward_name": "67 - Bandepalya", "Corporation": "South"}, "geometry": {"type": "LineString", "coordinates": [[77.634113, 12.903366], [77.63414, 12.903366]]}}, {"type": "Feature", "properties": {"Drain num": "BH579", "sec_id": 236, "pri_Drain num": "BH574", "length_m": 5.92, "valley": "Koramangala Challaghatta Valley", "subvalley": "KC_1", "ward_name": "67 - Bandepalya", "Corporation": "South"}, "geometry": {"type": "LineString", "coordinates": [[77.63414, 12.903366], [77.634195, 12.903366]]}}, {"type": "Feature", "properties": {"Drain num": "BH579", "sec_id": 236, "pri_Drain num": "BH574", "length_m": 2.96, "valley": "Koramangala Challaghatta Valley", "subvalley": "KC_1", "ward_name": "67 - Bandepalya", "Corporation": "South"}, "geometry": {"type": "LineString", "coordinates": [[77.634195, 12.903366], [77.634222, 12.903366]]}}, {"type": "Feature", "properties": {"Drain num": "BH579", "sec_id": 236, "pri_Drain num": "BH574", "length_m": 5.92, "valley": "Koramangala Challaghatta Valley", "subvalley": "KC_1", "ward_name": "67 - Bandepalya", "Corporation": "South"}, "geometry": {"type": "LineString", "coordinates": [[77.634222, 12.903366], [77.634277, 12.903366]]}}, {"type": "Feature", "properties": {"Drain num": "BH579", "sec_id": 236, "pri_Drain num": "BH574", "length_m": 8.88, "valley": "Koramangala Challaghatta Valley", "subvalley": "KC_1", "ward_name": "67 - Bandepalya", "Corporation": "South"}, "geometry": {"type": "LineString", "coordinates": [[77.634277, 12.903366], [77.634358, 12.903366]]}}, {"type": "Feature", "properties": {"Drain num": "BH579", "sec_id": 236, "pri_Drain num": "BH574", "length_m": 8.88, "valley": "Koramangala Challaghatta Valley", "subvalley": "KC_1", "ward_name": "67 - Bandepalya", "Corporation": "South"}, "geometry": {"type": "LineString", "coordinates": [[77.634358, 12.903366], [77.63444, 12.903366]]}}, {"type": "Feature", "properties": {"Drain num": "BH579", "sec_id": 236, "pri_Drain num": "BH574", "length_m": 5.92, "valley": "Koramangala Challaghatta Valley", "subvalley": "KC_1", "ward_name": "67 - Bandepalya", "Corporation": "South"}, "geometry": {"type": "LineString", "coordinates": [[77.63444, 12.903366], [77.634495, 12.903366]]}}, {"type": "Feature", "properties": {"Drain num": "BH579", "sec_id": 236, "pri_Drain num": "BH574", "length_m": 4.44, "valley": "Koramangala Challaghatta Valley", "subvalley": "KC_1", "ward_name": "67 - Bandepalya", "Corporation": "South"}, "geometry": {"type": "LineString", "coordinates": [[77.634495, 12.903366], [77.634536, 12.903366]]}}, {"type": "Feature", "properties": {"Drain num": "BH579", "sec_id": 236, "pri_Drain num": "BH574", "length_m": 4.44, "valley": "Koramangala Challaghatta Valley", "subvalley": "KC_1", "ward_name": "67 - Bandepalya", "Corporation": "South"}, "geometry": {"type": "LineString", "coordinates": [[77.634536, 12.903366], [77.634576, 12.903366]]}}, {"type": "Feature", "properties": {"Drain num": "BH579", "sec_id": 236, "pri_Drain num": "BH574", "length_m": 2.96, "valley": "Koramangala Challaghatta Valley", "subvalley": "KC_1", "ward_name": "67 - Bandepalya", "Corporation": "South"}, "geometry": {"type": "LineString", "coordinates": [[77.634576, 12.903366], [77.634604, 12.903366]]}}, {"type": "Feature", "properties": {"Drain num": "BH579", "sec_id": 236, "pri_Drain num": "BH574", "length_m": 5.92, "valley": "Koramangala Challaghatta Valley", "subvalley": "KC_1", "ward_name": "67 - Bandepalya", "Corporation": "South"}, "geometry": {"type": "LineString", "coordinates": [[77.634604, 12.903366], [77.634658, 12.903366]]}}, {"type": "Feature", "properties": {"Drain num": "BH579", "sec_id": 236, "pri_Drain num": "BH574", "length_m": 2.96, "valley": "Koramangala Challaghatta Valley", "subvalley": "KC_1", "ward_name": "67 - Bandepalya", "Corporation": "South"}, "geometry": {"type": "LineString", "coordinates": [[77.634658, 12.903366], [77.634685, 12.903366]]}}, {"type": "Feature", "properties": {"Drain num": "BH579", "sec_id": 236, "pri_Drain num": "BH574", "length_m": 5.92, "valley": "Koramangala Challaghatta Valley", "subvalley": "KC_1", "ward_name": "67 - Bandepalya", "Corporation": "South"}, "geometry": {"type": "LineString", "coordinates": [[77.634685, 12.903366], [77.63474, 12.903366]]}}, {"type": "Feature", "properties": {"Drain num": "BH579", "sec_id": 236, "pri_Drain num": "BH574", "length_m": 2.96, "valley": "Koramangala Challaghatta Valley", "subvalley": "KC_1", "ward_name": "67 - Bandepalya", "Corporation": "South"}, "geometry": {"type": "LineString", "coordinates": [[77.63474, 12.903366], [77.634767, 12.903366]]}}, {"type": "Feature", "properties": {"Drain num": "BH579", "sec_id": 236, "pri_Drain num": "BH574", "length_m": 7.4, "valley": "Koramangala Challaghatta Valley", "subvalley": "KC_1", "ward_name": "67 - Bandepalya", "Corporation": "South"}, "geometry": {"type": "LineString", "coordinates": [[77.634767, 12.903366], [77.634835, 12.903366]]}}, {"type": "Feature", "properties": {"Drain num": "BH579", "sec_id": 236, "pri_Drain num": "BH574", "length_m": 7.4, "valley": "Koramangala Challaghatta Valley", "subvalley": "KC_1", "ward_name": "67 - Bandepalya", "Corporation": "South"}, "geometry": {"type": "LineString", "coordinates": [[77.634835, 12.903366], [77.634904, 12.903366]]}}, {"type": "Feature", "properties": {"Drain num": "BH579", "sec_id": 236, "pri_Drain num": "BH574", "length_m": 11.53, "valley": "Koramangala Challaghatta Valley", "subvalley": "KC_1", "ward_name": "67 - Bandepalya", "Corporation": "South"}, "geometry": {"type": "LineString", "coordinates": [[77.634904, 12.903366], [77.634985, 12.9033]]}}, {"type": "Feature", "properties": {"Drain num": "BH579", "sec_id": 236, "pri_Drain num": "BH574", "length_m": 8.95, "valley": "Koramangala Challaghatta Valley", "subvalley": "KC_1", "ward_name": "67 - Bandepalya", "Corporation": "South"}, "geometry": {"type": "LineString", "coordinates": [[77.634985, 12.9033], [77.634999, 12.90322]]}}, {"type": "Feature", "properties": {"Drain num": "BH579", "sec_id": 236, "pri_Drain num": "BH574", "length_m": 7.35, "valley": "Koramangala Challaghatta Valley", "subvalley": "KC_1", "ward_name": "67 - Bandepalya", "Corporation": "South"}, "geometry": {"type": "LineString", "coordinates": [[77.634999, 12.90322], [77.634999, 12.903154]]}}, {"type": "Feature", "properties": {"Drain num": "BH579", "sec_id": 236, "pri_Drain num": "BH574", "length_m": 7.35, "valley": "Koramangala Challaghatta Valley", "subvalley": "KC_1", "ward_name": "67 - Bandepalya", "Corporation": "South"}, "geometry": {"type": "LineString", "coordinates": [[77.634999, 12.903154], [77.634999, 12.903087]]}}, {"type": "Feature", "properties": {"Drain num": "BH579", "sec_id": 236, "pri_Drain num": "BH574", "length_m": 4.41, "valley": "Koramangala Challaghatta Valley", "subvalley": "KC_1", "ward_name": "67 - Bandepalya", "Corporation": "South"}, "geometry": {"type": "LineString", "coordinates": [[77.634999, 12.903087], [77.634999, 12.903048]]}}, {"type": "Feature", "properties": {"Drain num": "BH579", "sec_id": 236, "pri_Drain num": "BH574", "length_m": 4.41, "valley": "Koramangala Challaghatta Valley", "subvalley": "KC_1", "ward_name": "67 - Bandepalya", "Corporation": "South"}, "geometry": {"type": "LineString", "coordinates": [[77.634999, 12.903048], [77.634999, 12.903008]]}}, {"type": "Feature", "properties": {"Drain num": "BH579", "sec_id": 236, "pri_Drain num": "BH574", "length_m": 6.07, "valley": "Koramangala Challaghatta Valley", "subvalley": "KC_1", "ward_name": "67 - Bandepalya", "Corporation": "South"}, "geometry": {"type": "LineString", "coordinates": [[77.634999, 12.903008], [77.634985, 12.902955]]}}, {"type": "Feature", "properties": {"Drain num": "BH579", "sec_id": 236, "pri_Drain num": "BH574", "length_m": 8.95, "valley": "Koramangala Challaghatta Valley", "subvalley": "KC_1", "ward_name": "67 - Bandepalya", "Corporation": "South"}, "geometry": {"type": "LineString", "coordinates": [[77.634985, 12.902955], [77.634972, 12.902875]]}}, {"type": "Feature", "properties": {"Drain num": "BH579", "sec_id": 236, "pri_Drain num": "BH574", "length_m": 4.41, "valley": "Koramangala Challaghatta Valley", "subvalley": "KC_1", "ward_name": "67 - Bandepalya", "Corporation": "South"}, "geometry": {"type": "LineString", "coordinates": [[77.634972, 12.902875], [77.634972, 12.902835]]}}, {"type": "Feature", "properties": {"Drain num": "BH579", "sec_id": 236, "pri_Drain num": "BH574", "length_m": 3.29, "valley": "Koramangala Challaghatta Valley", "subvalley": "KC_1", "ward_name": "67 - Bandepalya", "Corporation": "South"}, "geometry": {"type": "LineString", "coordinates": [[77.634972, 12.902835], [77.634958, 12.902808]]}}, {"type": "Feature", "properties": {"Drain num": "BH579", "sec_id": 236, "pri_Drain num": "BH574", "length_m": 4.41, "valley": "Koramangala Challaghatta Valley", "subvalley": "KC_1", "ward_name": "67 - Bandepalya", "Corporation": "South"}, "geometry": {"type": "LineString", "coordinates": [[77.634958, 12.902808], [77.634958, 12.902769]]}}, {"type": "Feature", "properties": {"Drain num": "BH579", "sec_id": 236, "pri_Drain num": "BH574", "length_m": 5.88, "valley": "Koramangala Challaghatta Valley", "subvalley": "KC_1", "ward_name": "67 - Bandepalya", "Corporation": "South"}, "geometry": {"type": "LineString", "coordinates": [[77.634958, 12.902769], [77.634958, 12.902715]]}}, {"type": "Feature", "properties": {"Drain num": "BH579", "sec_id": 236, "pri_Drain num": "BH574", "length_m": 4.65, "valley": "Koramangala Challaghatta Valley", "subvalley": "KC_1", "ward_name": "67 - Bandepalya", "Corporation": "South"}, "geometry": {"type": "LineString", "coordinates": [[77.634958, 12.902715], [77.634944, 12.902676]]}}, {"type": "Feature", "properties": {"Drain num": "BH579", "sec_id": 236, "pri_Drain num": "BH574", "length_m": 0.92, "valley": "Koramangala Challaghatta Valley", "subvalley": "KC_1", "ward_name": "67 - Bandepalya", "Corporation": "South"}, "geometry": {"type": "LineString", "coordinates": [[77.634944, 12.902676], [77.634944, 12.902667]]}}, {"type": "Feature", "properties": {"Drain num": "K103", "sec_id": 237, "pri_Drain num": "K100", "length_m": 3561.07, "valley": "Koramangala Challaghatta Valley", "subvalley": "KC_1", "ward_name": "25 - Ashokanagar,26 - Vannarpet", "Corporation": "Central"}, "geometry": {"type": "LineString", "coordinates": [[77.604381, 12.975933], [77.604054, 12.975375], [77.604054, 12.974021], [77.604177, 12.973861], [77.604504, 12.973742], [77.604627, 12.973264], [77.604749, 12.973104], [77.605444, 12.972746], [77.60569, 12.972387], [77.605894, 12.972228], [77.606385, 12.972029], [77.606712, 12.97171], [77.60753, 12.971311], [77.61031, 12.970594], [77.610841, 12.970076], [77.611986, 12.969798], [77.612354, 12.96928], [77.612599, 12.96912], [77.61309, 12.968921], [77.613254, 12.968921], [77.613376, 12.968801], [77.614153, 12.968523], [77.614276, 12.967805], [77.614317, 12.965614], [77.615052, 12.964698], [77.615543, 12.963861], [77.616034, 12.963223], [77.616238, 12.962745], [77.616483, 12.962506], [77.617097, 12.960753], [77.617219, 12.960156], [77.617219, 12.958562], [77.617097, 12.958004], [77.617097, 12.957605], [77.617301, 12.957167], [77.617424, 12.95641], [77.617751, 12.955852], [77.617833, 12.954976], [77.618201, 12.9539], [77.618323, 12.952545], [77.618528, 12.952426], [77.618712, 12.952147]]}}, {"type": "Feature", "properties": {"Drain num": "K209A", "sec_id": 238, "pri_Drain num": "K209", "length_m": 1947.14, "valley": "Koramangala Challaghatta Valley", "subvalley": "KC_1", "ward_name": "13 - Marenahalli South,12 - Pattabhirama Nagara,56 - Doresanipalya,15 - Shakambarinagara,14 - J.P Nagar", "Corporation": "South"}, "geometry": {"type": "LineString", "coordinates": [[77.589578, 12.916932], [77.589717, 12.914903], [77.590629, 12.914872], [77.590747, 12.912581], [77.592217, 12.912508], [77.592228, 12.91037], [77.592469, 12.90969], [77.592662, 12.909439], [77.593225, 12.909319], [77.593193, 12.907462], [77.593587, 12.907447], [77.593606, 12.906435], [77.593902, 12.906201], [77.593898, 12.904451], [77.594064, 12.902762], [77.594139, 12.902681]]}}, {"type": "Feature", "properties": {"Drain num": "K204", "sec_id": 239, "pri_Drain num": "K200", "length_m": 31.02, "valley": "Koramangala Challaghatta Valley", "subvalley": "KC_1", "ward_name": "18 - Viswamanava Kuvempu Ward", "Corporation": "South"}, "geometry": {"type": "LineString", "coordinates": [[77.622534, 12.91718], [77.622253, 12.917131]]}}, {"type": "Feature", "properties": {"Drain num": "K204", "sec_id": 239, "pri_Drain num": "K200", "length_m": 11.07, "valley": "Koramangala Challaghatta Valley", "subvalley": "KC_1", "ward_name": "18 - Viswamanava Kuvempu Ward", "Corporation": "South"}, "geometry": {"type": "LineString", "coordinates": [[77.622253, 12.917131], [77.622172, 12.917071]]}}, {"type": "Feature", "properties": {"Drain num": "K204", "sec_id": 239, "pri_Drain num": "K200", "length_m": 7.99, "valley": "Koramangala Challaghatta Valley", "subvalley": "KC_1", "ward_name": "18 - Viswamanava Kuvempu Ward", "Corporation": "South"}, "geometry": {"type": "LineString", "coordinates": [[77.622172, 12.917071], [77.62211, 12.917031]]}}, {"type": "Feature", "properties": {"Drain num": "K204", "sec_id": 239, "pri_Drain num": "K200", "length_m": 6.26, "valley": "Koramangala Challaghatta Valley", "subvalley": "KC_1", "ward_name": "18 - Viswamanava Kuvempu Ward", "Corporation": "South"}, "geometry": {"type": "LineString", "coordinates": [[77.62211, 12.917031], [77.622069, 12.916991]]}}, {"type": "Feature", "properties": {"Drain num": "K204", "sec_id": 239, "pri_Drain num": "K200", "length_m": 6.26, "valley": "Koramangala Challaghatta Valley", "subvalley": "KC_1", "ward_name": "18 - Viswamanava Kuvempu Ward", "Corporation": "South"}, "geometry": {"type": "LineString", "coordinates": [[77.622069, 12.916991], [77.622029, 12.916951]]}}, {"type": "Feature", "properties": {"Drain num": "K204", "sec_id": 239, "pri_Drain num": "K200", "length_m": 9.39, "valley": "Koramangala Challaghatta Valley", "subvalley": "KC_1", "ward_name": "18 - Viswamanava Kuvempu Ward", "Corporation": "South"}, "geometry": {"type": "LineString", "coordinates": [[77.622029, 12.916951], [77.621967, 12.916891]]}}, {"type": "Feature", "properties": {"Drain num": "K204", "sec_id": 239, "pri_Drain num": "K200", "length_m": 7.99, "valley": "Koramangala Challaghatta Valley", "subvalley": "KC_1", "ward_name": "18 - Viswamanava Kuvempu Ward", "Corporation": "South"}, "geometry": {"type": "LineString", "coordinates": [[77.621967, 12.916891], [77.621906, 12.916852]]}}, {"type": "Feature", "properties": {"Drain num": "K204", "sec_id": 239, "pri_Drain num": "K200", "length_m": 6.26, "valley": "Koramangala Challaghatta Valley", "subvalley": "KC_1", "ward_name": "18 - Viswamanava Kuvempu Ward", "Corporation": "South"}, "geometry": {"type": "LineString", "coordinates": [[77.621906, 12.916852], [77.621865, 12.916812]]}}, {"type": "Feature", "properties": {"Drain num": "K204", "sec_id": 239, "pri_Drain num": "K200", "length_m": 7.02, "valley": "Koramangala Challaghatta Valley", "subvalley": "KC_1", "ward_name": "18 - Viswamanava Kuvempu Ward", "Corporation": "South"}, "geometry": {"type": "LineString", "coordinates": [[77.621865, 12.916812], [77.621804, 12.916792]]}}, {"type": "Feature", "properties": {"Drain num": "K204", "sec_id": 239, "pri_Drain num": "K200", "length_m": 7.99, "valley": "Koramangala Challaghatta Valley", "subvalley": "KC_1", "ward_name": "18 - Viswamanava Kuvempu Ward", "Corporation": "South"}, "geometry": {"type": "LineString", "coordinates": [[77.621804, 12.916792], [77.621742, 12.916752]]}}, {"type": "Feature", "properties": {"Drain num": "K204", "sec_id": 239, "pri_Drain num": "K200", "length_m": 6.26, "valley": "Koramangala Challaghatta Valley", "subvalley": "KC_1", "ward_name": "18 - Viswamanava Kuvempu Ward", "Corporation": "South"}, "geometry": {"type": "LineString", "coordinates": [[77.621742, 12.916752], [77.621701, 12.916712]]}}, {"type": "Feature", "properties": {"Drain num": "K204", "sec_id": 239, "pri_Drain num": "K200", "length_m": 4.96, "valley": "Koramangala Challaghatta Valley", "subvalley": "KC_1", "ward_name": "18 - Viswamanava Kuvempu Ward", "Corporation": "South"}, "geometry": {"type": "LineString", "coordinates": [[77.621701, 12.916712], [77.621661, 12.916692]]}}, {"type": "Feature", "properties": {"Drain num": "K204", "sec_id": 239, "pri_Drain num": "K200", "length_m": 11.07, "valley": "Koramangala Challaghatta Valley", "subvalley": "KC_1", "ward_name": "18 - Viswamanava Kuvempu Ward", "Corporation": "South"}, "geometry": {"type": "LineString", "coordinates": [[77.621661, 12.916692], [77.621579, 12.916632]]}}, {"type": "Feature", "properties": {"Drain num": "K204", "sec_id": 239, "pri_Drain num": "K200", "length_m": 4.96, "valley": "Koramangala Challaghatta Valley", "subvalley": "KC_1", "ward_name": "18 - Viswamanava Kuvempu Ward", "Corporation": "South"}, "geometry": {"type": "LineString", "coordinates": [[77.621579, 12.916632], [77.621538, 12.916612]]}}, {"type": "Feature", "properties": {"Drain num": "K204", "sec_id": 239, "pri_Drain num": "K200", "length_m": 4.96, "valley": "Koramangala Challaghatta Valley", "subvalley": "KC_1", "ward_name": "18 - Viswamanava Kuvempu Ward", "Corporation": "South"}, "geometry": {"type": "LineString", "coordinates": [[77.621538, 12.916612], [77.621497, 12.916593]]}}, {"type": "Feature", "properties": {"Drain num": "K204", "sec_id": 239, "pri_Drain num": "K200", "length_m": 4.96, "valley": "Koramangala Challaghatta Valley", "subvalley": "KC_1", "ward_name": "18 - Viswamanava Kuvempu Ward", "Corporation": "South"}, "geometry": {"type": "LineString", "coordinates": [[77.621497, 12.916593], [77.621456, 12.916573]]}}, {"type": "Feature", "properties": {"Drain num": "K204", "sec_id": 239, "pri_Drain num": "K200", "length_m": 4.44, "valley": "Koramangala Challaghatta Valley", "subvalley": "KC_1", "ward_name": "18 - Viswamanava Kuvempu Ward", "Corporation": "South"}, "geometry": {"type": "LineString", "coordinates": [[77.621456, 12.916573], [77.621415, 12.916573]]}}, {"type": "Feature", "properties": {"Drain num": "K204", "sec_id": 239, "pri_Drain num": "K200", "length_m": 7.02, "valley": "Koramangala Challaghatta Valley", "subvalley": "KC_1", "ward_name": "18 - Viswamanava Kuvempu Ward", "Corporation": "South"}, "geometry": {"type": "LineString", "coordinates": [[77.621415, 12.916573], [77.621354, 12.916553]]}}, {"type": "Feature", "properties": {"Drain num": "K204", "sec_id": 239, "pri_Drain num": "K200", "length_m": 9.15, "valley": "Koramangala Challaghatta Valley", "subvalley": "KC_1", "ward_name": "18 - Viswamanava Kuvempu Ward", "Corporation": "South"}, "geometry": {"type": "LineString", "coordinates": [[77.621354, 12.916553], [77.621272, 12.916533]]}}, {"type": "Feature", "properties": {"Drain num": "K204", "sec_id": 239, "pri_Drain num": "K200", "length_m": 7.02, "valley": "Koramangala Challaghatta Valley", "subvalley": "KC_1", "ward_name": "18 - Viswamanava Kuvempu Ward", "Corporation": "South"}, "geometry": {"type": "LineString", "coordinates": [[77.621272, 12.916533], [77.621211, 12.916513]]}}, {"type": "Feature", "properties": {"Drain num": "K204", "sec_id": 239, "pri_Drain num": "K200", "length_m": 11.32, "valley": "Koramangala Challaghatta Valley", "subvalley": "KC_1", "ward_name": "18 - Viswamanava Kuvempu Ward", "Corporation": "South"}, "geometry": {"type": "LineString", "coordinates": [[77.621211, 12.916513], [77.621109, 12.916493]]}}, {"type": "Feature", "properties": {"Drain num": "K204", "sec_id": 239, "pri_Drain num": "K200", "length_m": 8.88, "valley": "Koramangala Challaghatta Valley", "subvalley": "KC_1", "ward_name": "18 - Viswamanava Kuvempu Ward", "Corporation": "South"}, "geometry": {"type": "LineString", "coordinates": [[77.621109, 12.916493], [77.621027, 12.916493]]}}, {"type": "Feature", "properties": {"Drain num": "K204", "sec_id": 239, "pri_Drain num": "K200", "length_m": 6.66, "valley": "Koramangala Challaghatta Valley", "subvalley": "KC_1", "ward_name": "18 - Viswamanava Kuvempu Ward", "Corporation": "South"}, "geometry": {"type": "LineString", "coordinates": [[77.621027, 12.916493], [77.620966, 12.916493]]}}, {"type": "Feature", "properties": {"Drain num": "K204", "sec_id": 239, "pri_Drain num": "K200", "length_m": 4.96, "valley": "Koramangala Challaghatta Valley", "subvalley": "KC_1", "ward_name": "18 - Viswamanava Kuvempu Ward", "Corporation": "South"}, "geometry": {"type": "LineString", "coordinates": [[77.620966, 12.916493], [77.620925, 12.916473]]}}, {"type": "Feature", "properties": {"Drain num": "K204", "sec_id": 239, "pri_Drain num": "K200", "length_m": 4.44, "valley": "Koramangala Challaghatta Valley", "subvalley": "KC_1", "ward_name": "18 - Viswamanava Kuvempu Ward", "Corporation": "South"}, "geometry": {"type": "LineString", "coordinates": [[77.620925, 12.916473], [77.620884, 12.916473]]}}, {"type": "Feature", "properties": {"Drain num": "K204", "sec_id": 239, "pri_Drain num": "K200", "length_m": 7.02, "valley": "Koramangala Challaghatta Valley", "subvalley": "KC_1", "ward_name": "18 - Viswamanava Kuvempu Ward", "Corporation": "South"}, "geometry": {"type": "LineString", "coordinates": [[77.620884, 12.916473], [77.620822, 12.916453]]}}, {"type": "Feature", "properties": {"Drain num": "K204", "sec_id": 239, "pri_Drain num": "K200", "length_m": 4.44, "valley": "Koramangala Challaghatta Valley", "subvalley": "KC_1", "ward_name": "18 - Viswamanava Kuvempu Ward", "Corporation": "South"}, "geometry": {"type": "LineString", "coordinates": [[77.620822, 12.916453], [77.620782, 12.916453]]}}, {"type": "Feature", "properties": {"Drain num": "K204", "sec_id": 239, "pri_Drain num": "K200", "length_m": 6.66, "valley": "Koramangala Challaghatta Valley", "subvalley": "KC_1", "ward_name": "18 - Viswamanava Kuvempu Ward", "Corporation": "South"}, "geometry": {"type": "LineString", "coordinates": [[77.620782, 12.916453], [77.62072, 12.916453]]}}, {"type": "Feature", "properties": {"Drain num": "K204", "sec_id": 239, "pri_Drain num": "K200", "length_m": 6.66, "valley": "Koramangala Challaghatta Valley", "subvalley": "KC_1", "ward_name": "18 - Viswamanava Kuvempu Ward", "Corporation": "South"}, "geometry": {"type": "LineString", "coordinates": [[77.62072, 12.916453], [77.620659, 12.916453]]}}, {"type": "Feature", "properties": {"Drain num": "K204", "sec_id": 239, "pri_Drain num": "K200", "length_m": 11.32, "valley": "Koramangala Challaghatta Valley", "subvalley": "KC_1", "ward_name": "18 - Viswamanava Kuvempu Ward", "Corporation": "South"}, "geometry": {"type": "LineString", "coordinates": [[77.620659, 12.916453], [77.620557, 12.916433]]}}, {"type": "Feature", "properties": {"Drain num": "K204", "sec_id": 239, "pri_Drain num": "K200", "length_m": 8.88, "valley": "Koramangala Challaghatta Valley", "subvalley": "KC_1", "ward_name": "18 - Viswamanava Kuvempu Ward", "Corporation": "South"}, "geometry": {"type": "LineString", "coordinates": [[77.620557, 12.916433], [77.620475, 12.916433]]}}, {"type": "Feature", "properties": {"Drain num": "K204", "sec_id": 239, "pri_Drain num": "K200", "length_m": 6.66, "valley": "Koramangala Challaghatta Valley", "subvalley": "KC_1", "ward_name": "18 - Viswamanava Kuvempu Ward", "Corporation": "South"}, "geometry": {"type": "LineString", "coordinates": [[77.620475, 12.916433], [77.620414, 12.916433]]}}, {"type": "Feature", "properties": {"Drain num": "K204", "sec_id": 239, "pri_Drain num": "K200", "length_m": 8.88, "valley": "Koramangala Challaghatta Valley", "subvalley": "KC_1", "ward_name": "18 - Viswamanava Kuvempu Ward", "Corporation": "South"}, "geometry": {"type": "LineString", "coordinates": [[77.620414, 12.916433], [77.620332, 12.916433]]}}, {"type": "Feature", "properties": {"Drain num": "K204", "sec_id": 239, "pri_Drain num": "K200", "length_m": 4.44, "valley": "Koramangala Challaghatta Valley", "subvalley": "KC_1", "ward_name": "18 - Viswamanava Kuvempu Ward", "Corporation": "South"}, "geometry": {"type": "LineString", "coordinates": [[77.620332, 12.916433], [77.620291, 12.916433]]}}, {"type": "Feature", "properties": {"Drain num": "K204", "sec_id": 239, "pri_Drain num": "K200", "length_m": 7.02, "valley": "Koramangala Challaghatta Valley", "subvalley": "KC_1", "ward_name": "18 - Viswamanava Kuvempu Ward", "Corporation": "South"}, "geometry": {"type": "LineString", "coordinates": [[77.620291, 12.916433], [77.62023, 12.916413]]}}, {"type": "Feature", "properties": {"Drain num": "K204", "sec_id": 239, "pri_Drain num": "K200", "length_m": 4.96, "valley": "Koramangala Challaghatta Valley", "subvalley": "KC_1", "ward_name": "18 - Viswamanava Kuvempu Ward", "Corporation": "South"}, "geometry": {"type": "LineString", "coordinates": [[77.62023, 12.916413], [77.620189, 12.916393]]}}, {"type": "Feature", "properties": {"Drain num": "K204", "sec_id": 239, "pri_Drain num": "K200", "length_m": 4.44, "valley": "Koramangala Challaghatta Valley", "subvalley": "KC_1", "ward_name": "18 - Viswamanava Kuvempu Ward", "Corporation": "South"}, "geometry": {"type": "LineString", "coordinates": [[77.620189, 12.916393], [77.620148, 12.916393]]}}, {"type": "Feature", "properties": {"Drain num": "K204", "sec_id": 239, "pri_Drain num": "K200", "length_m": 7.02, "valley": "Koramangala Challaghatta Valley", "subvalley": "KC_1", "ward_name": "18 - Viswamanava Kuvempu Ward", "Corporation": "South"}, "geometry": {"type": "LineString", "coordinates": [[77.620148, 12.916393], [77.620086, 12.916373]]}}, {"type": "Feature", "properties": {"Drain num": "K204", "sec_id": 239, "pri_Drain num": "K200", "length_m": 4.96, "valley": "Koramangala Challaghatta Valley", "subvalley": "KC_1", "ward_name": "18 - Viswamanava Kuvempu Ward", "Corporation": "South"}, "geometry": {"type": "LineString", "coordinates": [[77.620086, 12.916373], [77.620046, 12.916353]]}}, {"type": "Feature", "properties": {"Drain num": "K204", "sec_id": 239, "pri_Drain num": "K200", "length_m": 7.02, "valley": "Koramangala Challaghatta Valley", "subvalley": "KC_1", "ward_name": "18 - Viswamanava Kuvempu Ward", "Corporation": "South"}, "geometry": {"type": "LineString", "coordinates": [[77.620046, 12.916353], [77.619984, 12.916334]]}}, {"type": "Feature", "properties": {"Drain num": "K204", "sec_id": 239, "pri_Drain num": "K200", "length_m": 6.66, "valley": "Koramangala Challaghatta Valley", "subvalley": "KC_1", "ward_name": "18 - Viswamanava Kuvempu Ward", "Corporation": "South"}, "geometry": {"type": "LineString", "coordinates": [[77.619984, 12.916334], [77.619923, 12.916334]]}}, {"type": "Feature", "properties": {"Drain num": "K204", "sec_id": 239, "pri_Drain num": "K200", "length_m": 7.02, "valley": "Koramangala Challaghatta Valley", "subvalley": "KC_1", "ward_name": "18 - Viswamanava Kuvempu Ward", "Corporation": "South"}, "geometry": {"type": "LineString", "coordinates": [[77.619923, 12.916334], [77.619862, 12.916314]]}}, {"type": "Feature", "properties": {"Drain num": "K204", "sec_id": 239, "pri_Drain num": "K200", "length_m": 7.99, "valley": "Koramangala Challaghatta Valley", "subvalley": "KC_1", "ward_name": "18 - Viswamanava Kuvempu Ward", "Corporation": "South"}, "geometry": {"type": "LineString", "coordinates": [[77.619862, 12.916314], [77.6198, 12.916274]]}}, {"type": "Feature", "properties": {"Drain num": "K204", "sec_id": 239, "pri_Drain num": "K200", "length_m": 6.66, "valley": "Koramangala Challaghatta Valley", "subvalley": "KC_1", "ward_name": "18 - Viswamanava Kuvempu Ward", "Corporation": "South"}, "geometry": {"type": "LineString", "coordinates": [[77.6198, 12.916274], [77.619739, 12.916274]]}}, {"type": "Feature", "properties": {"Drain num": "K204", "sec_id": 239, "pri_Drain num": "K200", "length_m": 4.96, "valley": "Koramangala Challaghatta Valley", "subvalley": "KC_1", "ward_name": "18 - Viswamanava Kuvempu Ward", "Corporation": "South"}, "geometry": {"type": "LineString", "coordinates": [[77.619739, 12.916274], [77.619698, 12.916254]]}}, {"type": "Feature", "properties": {"Drain num": "K204", "sec_id": 239, "pri_Drain num": "K200", "length_m": 4.96, "valley": "Koramangala Challaghatta Valley", "subvalley": "KC_1", "ward_name": "18 - Viswamanava Kuvempu Ward", "Corporation": "South"}, "geometry": {"type": "LineString", "coordinates": [[77.619698, 12.916254], [77.619657, 12.916234]]}}, {"type": "Feature", "properties": {"Drain num": "K204", "sec_id": 239, "pri_Drain num": "K200", "length_m": 4.96, "valley": "Koramangala Challaghatta Valley", "subvalley": "KC_1", "ward_name": "18 - Viswamanava Kuvempu Ward", "Corporation": "South"}, "geometry": {"type": "LineString", "coordinates": [[77.619657, 12.916234], [77.619616, 12.916214]]}}, {"type": "Feature", "properties": {"Drain num": "K204", "sec_id": 239, "pri_Drain num": "K200", "length_m": 7.02, "valley": "Koramangala Challaghatta Valley", "subvalley": "KC_1", "ward_name": "18 - Viswamanava Kuvempu Ward", "Corporation": "South"}, "geometry": {"type": "LineString", "coordinates": [[77.619616, 12.916214], [77.619555, 12.916194]]}}, {"type": "Feature", "properties": {"Drain num": "K204", "sec_id": 239, "pri_Drain num": "K200", "length_m": 4.96, "valley": "Koramangala Challaghatta Valley", "subvalley": "KC_1", "ward_name": "18 - Viswamanava Kuvempu Ward", "Corporation": "South"}, "geometry": {"type": "LineString", "coordinates": [[77.619555, 12.916194], [77.619514, 12.916174]]}}, {"type": "Feature", "properties": {"Drain num": "K204", "sec_id": 239, "pri_Drain num": "K200", "length_m": 4.44, "valley": "Koramangala Challaghatta Valley", "subvalley": "KC_1", "ward_name": "18 - Viswamanava Kuvempu Ward", "Corporation": "South"}, "geometry": {"type": "LineString", "coordinates": [[77.619514, 12.916174], [77.619473, 12.916174]]}}, {"type": "Feature", "properties": {"Drain num": "K204", "sec_id": 239, "pri_Drain num": "K200", "length_m": 4.96, "valley": "Koramangala Challaghatta Valley", "subvalley": "KC_1", "ward_name": "18 - Viswamanava Kuvempu Ward", "Corporation": "South"}, "geometry": {"type": "LineString", "coordinates": [[77.619473, 12.916174], [77.619432, 12.916154]]}}, {"type": "Feature", "properties": {"Drain num": "K204", "sec_id": 239, "pri_Drain num": "K200", "length_m": 6.66, "valley": "Koramangala Challaghatta Valley", "subvalley": "KC_1", "ward_name": "18 - Viswamanava Kuvempu Ward", "Corporation": "South"}, "geometry": {"type": "LineString", "coordinates": [[77.619432, 12.916154], [77.619371, 12.916154]]}}, {"type": "Feature", "properties": {"Drain num": "K204", "sec_id": 239, "pri_Drain num": "K200", "length_m": 7.02, "valley": "Koramangala Challaghatta Valley", "subvalley": "KC_1", "ward_name": "18 - Viswamanava Kuvempu Ward", "Corporation": "South"}, "geometry": {"type": "LineString", "coordinates": [[77.619371, 12.916154], [77.61931, 12.916134]]}}, {"type": "Feature", "properties": {"Drain num": "K204", "sec_id": 239, "pri_Drain num": "K200", "length_m": 4.44, "valley": "Koramangala Challaghatta Valley", "subvalley": "KC_1", "ward_name": "18 - Viswamanava Kuvempu Ward", "Corporation": "South"}, "geometry": {"type": "LineString", "coordinates": [[77.61931, 12.916134], [77.619269, 12.916134]]}}, {"type": "Feature", "properties": {"Drain num": "K204", "sec_id": 239, "pri_Drain num": "K200", "length_m": 4.44, "valley": "Koramangala Challaghatta Valley", "subvalley": "KC_1", "ward_name": "18 - Viswamanava Kuvempu Ward", "Corporation": "South"}, "geometry": {"type": "LineString", "coordinates": [[77.619269, 12.916134], [77.619228, 12.916134]]}}, {"type": "Feature", "properties": {"Drain num": "K204", "sec_id": 239, "pri_Drain num": "K200", "length_m": 7.02, "valley": "Koramangala Challaghatta Valley", "subvalley": "KC_1", "ward_name": "18 - Viswamanava Kuvempu Ward", "Corporation": "South"}, "geometry": {"type": "LineString", "coordinates": [[77.619228, 12.916134], [77.619167, 12.916114]]}}, {"type": "Feature", "properties": {"Drain num": "K204", "sec_id": 239, "pri_Drain num": "K200", "length_m": 4.96, "valley": "Koramangala Challaghatta Valley", "subvalley": "KC_1", "ward_name": "18 - Viswamanava Kuvempu Ward", "Corporation": "South"}, "geometry": {"type": "LineString", "coordinates": [[77.619167, 12.916114], [77.619126, 12.916094]]}}, {"type": "Feature", "properties": {"Drain num": "K204", "sec_id": 239, "pri_Drain num": "K200", "length_m": 6.66, "valley": "Koramangala Challaghatta Valley", "subvalley": "KC_1", "ward_name": "18 - Viswamanava Kuvempu Ward", "Corporation": "South"}, "geometry": {"type": "LineString", "coordinates": [[77.619126, 12.916094], [77.619064, 12.916094]]}}, {"type": "Feature", "properties": {"Drain num": "K204", "sec_id": 239, "pri_Drain num": "K200", "length_m": 4.44, "valley": "Koramangala Challaghatta Valley", "subvalley": "KC_1", "ward_name": "18 - Viswamanava Kuvempu Ward", "Corporation": "South"}, "geometry": {"type": "LineString", "coordinates": [[77.619064, 12.916094], [77.619023, 12.916094]]}}, {"type": "Feature", "properties": {"Drain num": "K204", "sec_id": 239, "pri_Drain num": "K200", "length_m": 4.44, "valley": "Koramangala Challaghatta Valley", "subvalley": "KC_1", "ward_name": "18 - Viswamanava Kuvempu Ward", "Corporation": "South"}, "geometry": {"type": "LineString", "coordinates": [[77.619023, 12.916094], [77.618983, 12.916094]]}}, {"type": "Feature", "properties": {"Drain num": "K204", "sec_id": 239, "pri_Drain num": "K200", "length_m": 6.66, "valley": "Koramangala Challaghatta Valley", "subvalley": "KC_1", "ward_name": "18 - Viswamanava Kuvempu Ward", "Corporation": "South"}, "geometry": {"type": "LineString", "coordinates": [[77.618983, 12.916094], [77.618921, 12.916094]]}}, {"type": "Feature", "properties": {"Drain num": "K204", "sec_id": 239, "pri_Drain num": "K200", "length_m": 6.66, "valley": "Koramangala Challaghatta Valley", "subvalley": "KC_1", "ward_name": "18 - Viswamanava Kuvempu Ward", "Corporation": "South"}, "geometry": {"type": "LineString", "coordinates": [[77.618921, 12.916094], [77.61886, 12.916094]]}}, {"type": "Feature", "properties": {"Drain num": "K204", "sec_id": 239, "pri_Drain num": "K200", "length_m": 8.88, "valley": "Koramangala Challaghatta Valley", "subvalley": "KC_1", "ward_name": "18 - Viswamanava Kuvempu Ward", "Corporation": "South"}, "geometry": {"type": "LineString", "coordinates": [[77.61886, 12.916094], [77.618778, 12.916094]]}}, {"type": "Feature", "properties": {"Drain num": "K204", "sec_id": 239, "pri_Drain num": "K200", "length_m": 6.66, "valley": "Koramangala Challaghatta Valley", "subvalley": "KC_1", "ward_name": "18 - Viswamanava Kuvempu Ward", "Corporation": "South"}, "geometry": {"type": "LineString", "coordinates": [[77.618778, 12.916094], [77.618717, 12.916094]]}}, {"type": "Feature", "properties": {"Drain num": "K204", "sec_id": 239, "pri_Drain num": "K200", "length_m": 6.66, "valley": "Koramangala Challaghatta Valley", "subvalley": "KC_1", "ward_name": "18 - Viswamanava Kuvempu Ward", "Corporation": "South"}, "geometry": {"type": "LineString", "coordinates": [[77.618717, 12.916094], [77.618656, 12.916094]]}}, {"type": "Feature", "properties": {"Drain num": "K204", "sec_id": 239, "pri_Drain num": "K200", "length_m": 6.66, "valley": "Koramangala Challaghatta Valley", "subvalley": "KC_1", "ward_name": "18 - Viswamanava Kuvempu Ward", "Corporation": "South"}, "geometry": {"type": "LineString", "coordinates": [[77.618656, 12.916094], [77.618594, 12.916094]]}}, {"type": "Feature", "properties": {"Drain num": "K204", "sec_id": 239, "pri_Drain num": "K200", "length_m": 4.44, "valley": "Koramangala Challaghatta Valley", "subvalley": "KC_1", "ward_name": "18 - Viswamanava Kuvempu Ward", "Corporation": "South"}, "geometry": {"type": "LineString", "coordinates": [[77.618594, 12.916094], [77.618553, 12.916094]]}}, {"type": "Feature", "properties": {"Drain num": "K204", "sec_id": 239, "pri_Drain num": "K200", "length_m": 4.44, "valley": "Koramangala Challaghatta Valley", "subvalley": "KC_1", "ward_name": "18 - Viswamanava Kuvempu Ward", "Corporation": "South"}, "geometry": {"type": "LineString", "coordinates": [[77.618553, 12.916094], [77.618512, 12.916094]]}}, {"type": "Feature", "properties": {"Drain num": "K204", "sec_id": 239, "pri_Drain num": "K200", "length_m": 4.44, "valley": "Koramangala Challaghatta Valley", "subvalley": "KC_1", "ward_name": "18 - Viswamanava Kuvempu Ward", "Corporation": "South"}, "geometry": {"type": "LineString", "coordinates": [[77.618512, 12.916094], [77.618472, 12.916094]]}}, {"type": "Feature", "properties": {"Drain num": "K204", "sec_id": 239, "pri_Drain num": "K200", "length_m": 6.66, "valley": "Koramangala Challaghatta Valley", "subvalley": "KC_1", "ward_name": "18 - Viswamanava Kuvempu Ward", "Corporation": "South"}, "geometry": {"type": "LineString", "coordinates": [[77.618472, 12.916094], [77.61841, 12.916094]]}}, {"type": "Feature", "properties": {"Drain num": "K204", "sec_id": 239, "pri_Drain num": "K200", "length_m": 4.44, "valley": "Koramangala Challaghatta Valley", "subvalley": "KC_1", "ward_name": "18 - Viswamanava Kuvempu Ward", "Corporation": "South"}, "geometry": {"type": "LineString", "coordinates": [[77.61841, 12.916094], [77.618369, 12.916094]]}}, {"type": "Feature", "properties": {"Drain num": "K204", "sec_id": 239, "pri_Drain num": "K200", "length_m": 4.44, "valley": "Koramangala Challaghatta Valley", "subvalley": "KC_1", "ward_name": "18 - Viswamanava Kuvempu Ward", "Corporation": "South"}, "geometry": {"type": "LineString", "coordinates": [[77.618369, 12.916094], [77.618328, 12.916094]]}}, {"type": "Feature", "properties": {"Drain num": "K204", "sec_id": 239, "pri_Drain num": "K200", "length_m": 4.96, "valley": "Koramangala Challaghatta Valley", "subvalley": "KC_1", "ward_name": "18 - Viswamanava Kuvempu Ward", "Corporation": "South"}, "geometry": {"type": "LineString", "coordinates": [[77.618328, 12.916094], [77.618288, 12.916114]]}}, {"type": "Feature", "properties": {"Drain num": "K204", "sec_id": 239, "pri_Drain num": "K200", "length_m": 4.44, "valley": "Koramangala Challaghatta Valley", "subvalley": "KC_1", "ward_name": "18 - Viswamanava Kuvempu Ward", "Corporation": "South"}, "geometry": {"type": "LineString", "coordinates": [[77.618288, 12.916114], [77.618247, 12.916114]]}}, {"type": "Feature", "properties": {"Drain num": "K204", "sec_id": 239, "pri_Drain num": "K200", "length_m": 4.96, "valley": "Koramangala Challaghatta Valley", "subvalley": "KC_1", "ward_name": "18 - Viswamanava Kuvempu Ward", "Corporation": "South"}, "geometry": {"type": "LineString", "coordinates": [[77.618247, 12.916114], [77.618206, 12.916134]]}}, {"type": "Feature", "properties": {"Drain num": "K204", "sec_id": 239, "pri_Drain num": "K200", "length_m": 4.96, "valley": "Koramangala Challaghatta Valley", "subvalley": "KC_1", "ward_name": "18 - Viswamanava Kuvempu Ward", "Corporation": "South"}, "geometry": {"type": "LineString", "coordinates": [[77.618206, 12.916134], [77.618165, 12.916154]]}}, {"type": "Feature", "properties": {"Drain num": "K204", "sec_id": 239, "pri_Drain num": "K200", "length_m": 8.88, "valley": "Koramangala Challaghatta Valley", "subvalley": "KC_1", "ward_name": "18 - Viswamanava Kuvempu Ward", "Corporation": "South"}, "geometry": {"type": "LineString", "coordinates": [[77.618165, 12.916154], [77.618083, 12.916154]]}}, {"type": "Feature", "properties": {"Drain num": "K204", "sec_id": 239, "pri_Drain num": "K200", "length_m": 7.02, "valley": "Koramangala Challaghatta Valley", "subvalley": "KC_1", "ward_name": "18 - Viswamanava Kuvempu Ward", "Corporation": "South"}, "geometry": {"type": "LineString", "coordinates": [[77.618083, 12.916154], [77.618022, 12.916174]]}}, {"type": "Feature", "properties": {"Drain num": "K204", "sec_id": 239, "pri_Drain num": "K200", "length_m": 4.44, "valley": "Koramangala Challaghatta Valley", "subvalley": "KC_1", "ward_name": "18 - Viswamanava Kuvempu Ward", "Corporation": "South"}, "geometry": {"type": "LineString", "coordinates": [[77.618022, 12.916174], [77.617981, 12.916174]]}}, {"type": "Feature", "properties": {"Drain num": "K204", "sec_id": 239, "pri_Drain num": "K200", "length_m": 9.15, "valley": "Koramangala Challaghatta Valley", "subvalley": "KC_1", "ward_name": "18 - Viswamanava Kuvempu Ward", "Corporation": "South"}, "geometry": {"type": "LineString", "coordinates": [[77.617981, 12.916174], [77.617899, 12.916194]]}}, {"type": "Feature", "properties": {"Drain num": "K204", "sec_id": 239, "pri_Drain num": "K200", "length_m": 4.96, "valley": "Koramangala Challaghatta Valley", "subvalley": "KC_1", "ward_name": "18 - Viswamanava Kuvempu Ward", "Corporation": "South"}, "geometry": {"type": "LineString", "coordinates": [[77.617899, 12.916194], [77.617858, 12.916214]]}}, {"type": "Feature", "properties": {"Drain num": "K204", "sec_id": 239, "pri_Drain num": "K200", "length_m": 4.44, "valley": "Koramangala Challaghatta Valley", "subvalley": "KC_1", "ward_name": "18 - Viswamanava Kuvempu Ward", "Corporation": "South"}, "geometry": {"type": "LineString", "coordinates": [[77.617858, 12.916214], [77.617817, 12.916214]]}}, {"type": "Feature", "properties": {"Drain num": "K204", "sec_id": 239, "pri_Drain num": "K200", "length_m": 4.44, "valley": "Koramangala Challaghatta Valley", "subvalley": "KC_1", "ward_name": "18 - Viswamanava Kuvempu Ward", "Corporation": "South"}, "geometry": {"type": "LineString", "coordinates": [[77.617817, 12.916214], [77.617776, 12.916214]]}}, {"type": "Feature", "properties": {"Drain num": "K204", "sec_id": 239, "pri_Drain num": "K200", "length_m": 4.44, "valley": "Koramangala Challaghatta Valley", "subvalley": "KC_1", "ward_name": "18 - Viswamanava Kuvempu Ward", "Corporation": "South"}, "geometry": {"type": "LineString", "coordinates": [[77.617776, 12.916214], [77.617736, 12.916214]]}}, {"type": "Feature", "properties": {"Drain num": "K204", "sec_id": 239, "pri_Drain num": "K200", "length_m": 4.44, "valley": "Koramangala Challaghatta Valley", "subvalley": "KC_1", "ward_name": "18 - Viswamanava Kuvempu Ward", "Corporation": "South"}, "geometry": {"type": "LineString", "coordinates": [[77.617736, 12.916214], [77.617695, 12.916214]]}}, {"type": "Feature", "properties": {"Drain num": "K204", "sec_id": 239, "pri_Drain num": "K200", "length_m": 4.44, "valley": "Koramangala Challaghatta Valley", "subvalley": "KC_1", "ward_name": "18 - Viswamanava Kuvempu Ward", "Corporation": "South"}, "geometry": {"type": "LineString", "coordinates": [[77.617695, 12.916214], [77.617654, 12.916214]]}}, {"type": "Feature", "properties": {"Drain num": "K204", "sec_id": 239, "pri_Drain num": "K200", "length_m": 4.44, "valley": "Koramangala Challaghatta Valley", "subvalley": "KC_1", "ward_name": "18 - Viswamanava Kuvempu Ward", "Corporation": "South"}, "geometry": {"type": "LineString", "coordinates": [[77.617654, 12.916214], [77.617613, 12.916214]]}}, {"type": "Feature", "properties": {"Drain num": "K204", "sec_id": 239, "pri_Drain num": "K200", "length_m": 4.44, "valley": "Koramangala Challaghatta Valley", "subvalley": "KC_1", "ward_name": "18 - Viswamanava Kuvempu Ward", "Corporation": "South"}, "geometry": {"type": "LineString", "coordinates": [[77.617613, 12.916214], [77.617572, 12.916214]]}}, {"type": "Feature", "properties": {"Drain num": "K204", "sec_id": 239, "pri_Drain num": "K200", "length_m": 4.44, "valley": "Koramangala Challaghatta Valley", "subvalley": "KC_1", "ward_name": "18 - Viswamanava Kuvempu Ward", "Corporation": "South"}, "geometry": {"type": "LineString", "coordinates": [[77.617572, 12.916214], [77.617531, 12.916214]]}}, {"type": "Feature", "properties": {"Drain num": "K204", "sec_id": 239, "pri_Drain num": "K200", "length_m": 4.44, "valley": "Koramangala Challaghatta Valley", "subvalley": "KC_1", "ward_name": "18 - Viswamanava Kuvempu Ward", "Corporation": "South"}, "geometry": {"type": "LineString", "coordinates": [[77.617531, 12.916214], [77.61749, 12.916214]]}}, {"type": "Feature", "properties": {"Drain num": "K204", "sec_id": 239, "pri_Drain num": "K200", "length_m": 4.44, "valley": "Koramangala Challaghatta Valley", "subvalley": "KC_1", "ward_name": "18 - Viswamanava Kuvempu Ward", "Corporation": "South"}, "geometry": {"type": "LineString", "coordinates": [[77.61749, 12.916214], [77.617449, 12.916214]]}}, {"type": "Feature", "properties": {"Drain num": "K204", "sec_id": 239, "pri_Drain num": "K200", "length_m": 4.44, "valley": "Koramangala Challaghatta Valley", "subvalley": "KC_1", "ward_name": "18 - Viswamanava Kuvempu Ward", "Corporation": "South"}, "geometry": {"type": "LineString", "coordinates": [[77.617449, 12.916214], [77.617409, 12.916214]]}}, {"type": "Feature", "properties": {"Drain num": "K204", "sec_id": 239, "pri_Drain num": "K200", "length_m": 6.66, "valley": "Koramangala Challaghatta Valley", "subvalley": "KC_1", "ward_name": "18 - Viswamanava Kuvempu Ward", "Corporation": "South"}, "geometry": {"type": "LineString", "coordinates": [[77.617409, 12.916214], [77.617347, 12.916214]]}}, {"type": "Feature", "properties": {"Drain num": "K204", "sec_id": 239, "pri_Drain num": "K200", "length_m": 4.96, "valley": "Koramangala Challaghatta Valley", "subvalley": "KC_1", "ward_name": "18 - Viswamanava Kuvempu Ward", "Corporation": "South"}, "geometry": {"type": "LineString", "coordinates": [[77.617347, 12.916214], [77.617306, 12.916194]]}}, {"type": "Feature", "properties": {"Drain num": "K204", "sec_id": 239, "pri_Drain num": "K200", "length_m": 4.44, "valley": "Koramangala Challaghatta Valley", "subvalley": "KC_1", "ward_name": "18 - Viswamanava Kuvempu Ward", "Corporation": "South"}, "geometry": {"type": "LineString", "coordinates": [[77.617306, 12.916194], [77.617265, 12.916194]]}}, {"type": "Feature", "properties": {"Drain num": "K204", "sec_id": 239, "pri_Drain num": "K200", "length_m": 4.96, "valley": "Koramangala Challaghatta Valley", "subvalley": "KC_1", "ward_name": "18 - Viswamanava Kuvempu Ward", "Corporation": "South"}, "geometry": {"type": "LineString", "coordinates": [[77.617265, 12.916194], [77.617225, 12.916174]]}}, {"type": "Feature", "properties": {"Drain num": "K204", "sec_id": 239, "pri_Drain num": "K200", "length_m": 4.94, "valley": "Koramangala Challaghatta Valley", "subvalley": "KC_1", "ward_name": "18 - Viswamanava Kuvempu Ward", "Corporation": "South"}, "geometry": {"type": "LineString", "coordinates": [[77.617225, 12.916174], [77.617204, 12.916134]]}}, {"type": "Feature", "properties": {"Drain num": "RN721", "sec_id": 240, "length_m": 732.64, "valley": "Suvarnamukhi Valley", "ward_name": "52 - Talagattapura", "Corporation": "South"}, "geometry": {"type": "LineString", "coordinates": [[77.514918, 12.872031], [77.515293, 12.872443], [77.515293, 12.872717], [77.517312, 12.872443], [77.51764, 12.873586], [77.517969, 12.874044], [77.519048, 12.87473], [77.519846, 12.87473]]}}, {"type": "Feature", "properties": {"Drain num": "RN711", "sec_id": 241, "length_m": 1154.01, "valley": "Suvarnamukhi Valley", "subvalley": "SV_1", "ward_name": "52 - Talagattapura", "Corporation": "South"}, "geometry": {"type": "LineString", "coordinates": [[77.531298, 12.867821], [77.531674, 12.868599], [77.531298, 12.869285], [77.5305, 12.870063], [77.530406, 12.871482], [77.530031, 12.872717], [77.529327, 12.872671], [77.529233, 12.873449], [77.528811, 12.873724], [77.528576, 12.874501], [77.529186, 12.876606]]}}, {"type": "Feature", "properties": {"sec_id": 242, "length_m": 209.92, "valley": "Suvarnamukhi Valley", "subvalley": "SV_1", "ward_name": "52 - Talagattapura", "Corporation": "South"}, "geometry": {"type": "LineString", "coordinates": [[77.5305, 12.870933], [77.528567, 12.870933]]}}, {"type": "Feature", "properties": {"Drain num": "RN712", "sec_id": 243, "length_m": 1013.14, "valley": "Suvarnamukhi Valley", "subvalley": "SV_1", "ward_name": "52 - Talagattapura", "Corporation": "South"}, "geometry": {"type": "LineString", "coordinates": [[77.531674, 12.868599], [77.532472, 12.870155], [77.532753, 12.872031], [77.53388, 12.872168], [77.533973, 12.873541], [77.534771, 12.874364], [77.535616, 12.874959], [77.535898, 12.875783]]}}, {"type": "Feature", "properties": {"sec_id": 244, "pri_Drain num": "BH814", "length_m": 594.66, "valley": "Suvarnamukhi Valley", "subvalley": "SV_1", "ward_name": "45 - Konanakunte,40 - Anjanapura", "Corporation": "South"}, "geometry": {"type": "LineString", "coordinates": [[77.561605, 12.880655], [77.562815, 12.882983], [77.56366, 12.883715], [77.564598, 12.885088]]}}, {"type": "Feature", "properties": {"Drain num": "BH814A", "sec_id": 245, "pri_Drain num": "BH814", "length_m": 794.39, "valley": "Suvarnamukhi Valley", "subvalley": "SV_1", "ward_name": "45 - Konanakunte,40 - Anjanapura", "Corporation": "South"}, "geometry": {"type": "LineString", "coordinates": [[77.559336, 12.878821], [77.560656, 12.877859], [77.562252, 12.876303], [77.562252, 12.875663], [77.564692, 12.874381]]}}, {"type": "Feature", "properties": {"sec_id": 246, "pri_Drain num": "BH851", "length_m": 614.51, "valley": "Suvarnamukhi Valley", "subvalley": "SV_1", "ward_name": "40 - Anjanapura", "Corporation": "South"}, "geometry": {"type": "LineString", "coordinates": [[77.555636, 12.868677], [77.557652, 12.868891], [77.559529, 12.868891], [77.560093, 12.869806], [77.559436, 12.869897]]}}, {"type": "Feature", "properties": {"sec_id": 247, "pri_Drain num": "BH851", "length_m": 443.28, "valley": "Suvarnamukhi Valley", "subvalley": "SV_1", "ward_name": "40 - Anjanapura", "Corporation": "South"}, "geometry": {"type": "LineString", "coordinates": [[77.554634, 12.869455], [77.555493, 12.871911], [77.556244, 12.871728], [77.556713, 12.872185]]}}, {"type": "Feature", "properties": {"Drain num": "BH912", "sec_id": 248, "pri_Drain num": "BH911", "length_m": 384.95, "valley": "Suvarnamukhi Valley", "subvalley": "SV_1", "ward_name": "40 - Anjanapura", "Corporation": "South"}, "geometry": {"type": "LineString", "coordinates": [[77.567268, 12.847731], [77.569104, 12.847476], [77.570794, 12.847476]]}}, {"type": "Feature", "properties": {"Drain num": "BH871", "sec_id": 249, "length_m": 508.43, "valley": "Suvarnamukhi Valley", "subvalley": "SV_1", "ward_name": "40 - Anjanapura", "Corporation": "South"}, "geometry": {"type": "LineString", "coordinates": [[77.554998, 12.847594], [77.555399, 12.847751], [77.555399, 12.848391], [77.555775, 12.848483], [77.556713, 12.849032], [77.558779, 12.848574]]}}, {"type": "Feature", "properties": {"Drain num": "BH872", "sec_id": 250, "length_m": 1617.72, "valley": "Suvarnamukhi Valley", "subvalley": "SV_1", "ward_name": "40 - Anjanapura", "Corporation": "South"}, "geometry": {"type": "LineString", "coordinates": [[77.55346, 12.848677], [77.553991, 12.850862], [77.554461, 12.850954], [77.554836, 12.852235], [77.555869, 12.851869], [77.556995, 12.853791], [77.558215, 12.854981], [77.558966, 12.855255], [77.559623, 12.855987], [77.560656, 12.855713], [77.562252, 12.858001]]}}, {"type": "Feature", "properties": {"sec_id": 251, "length_m": 422.67, "valley": "Suvarnamukhi Valley", "subvalley": "SV_1", "ward_name": "40 - Anjanapura", "Corporation": "South"}, "geometry": {"type": "LineString", "coordinates": [[77.558215, 12.854981], [77.557746, 12.856353], [77.558403, 12.856811], [77.558872, 12.856811], [77.559529, 12.857726]]}}, {"type": "Feature", "properties": {"Drain num": "BH861A", "sec_id": 252, "pri_Drain num": "BH861", "length_m": 963.51, "valley": "Suvarnamukhi Valley", "subvalley": "SV_1", "ward_name": "40 - Anjanapura", "Corporation": "South"}, "geometry": {"type": "LineString", "coordinates": [[77.546595, 12.855145], [77.549955, 12.857909], [77.551175, 12.859831], [77.551081, 12.861387], [77.551269, 12.861936]]}}, {"type": "Feature", "properties": {"Drain num": "BH861C", "sec_id": 253, "pri_Drain num": "BH861", "length_m": 522.21, "valley": "Suvarnamukhi Valley", "subvalley": "SV_1", "ward_name": "40 - Anjanapura", "Corporation": "South"}, "geometry": {"type": "LineString", "coordinates": [[77.549955, 12.857909], [77.551269, 12.857909], [77.552959, 12.859007], [77.554273, 12.859648]]}}, {"type": "Feature", "properties": {"sec_id": 254, "pri_Drain num": "BH861", "length_m": 231.56, "valley": "Suvarnamukhi Valley", "subvalley": "SV_1", "ward_name": "40 - Anjanapura", "Corporation": "South"}, "geometry": {"type": "LineString", "coordinates": [[77.551269, 12.857909], [77.552302, 12.856079]]}}, {"type": "Feature", "properties": {"sec_id": 255, "length_m": 798.39, "valley": "Suvarnamukhi Valley", "subvalley": "SV_1", "ward_name": "41 - Kothanur", "Corporation": "South"}, "geometry": {"type": "LineString", "coordinates": [[77.56752, 12.864767], [77.568623, 12.864378], [77.569468, 12.864447], [77.569867, 12.864744], [77.569796, 12.865705], [77.573645, 12.865682]]}}, {"type": "Feature", "properties": {"sec_id": 256, "length_m": 614.79, "valley": "Suvarnamukhi Valley", "subvalley": "SV_1", "ward_name": "52 - Talagattapura", "Corporation": "South"}, "geometry": {"type": "LineString", "coordinates": [[77.529915, 12.865417], [77.529388, 12.865331], [77.529066, 12.864818], [77.528919, 12.863333], [77.528831, 12.863048], [77.528831, 12.862363], [77.528099, 12.862135], [77.527807, 12.861735], [77.527221, 12.861649]]}}, {"type": "Feature", "properties": {"Drain num": "BH812A", "sec_id": 257, "pri_Drain num": "BH814", "length_m": 250.2, "valley": "Suvarnamukhi Valley", "subvalley": "SV_1", "ward_name": "44 - Harinagar", "Corporation": "South"}, "geometry": {"type": "LineString", "coordinates": [[77.56989, 12.878689], [77.570025, 12.878532], [77.570274, 12.877876], [77.570347, 12.877219], [77.570845, 12.876834]]}}, {"type": "Feature", "properties": {"Drain num": "BH921", "sec_id": 258, "length_m": 702.69, "valley": "Suvarnamukhi Valley", "subvalley": "SV_1", "ward_name": "40 - Anjanapura", "Corporation": "South"}, "geometry": {"type": "LineString", "coordinates": [[77.566863, 12.840912], [77.566863, 12.841197], [77.566951, 12.841426], [77.567449, 12.841968], [77.568122, 12.842339], [77.568444, 12.842624], [77.568971, 12.842853], [77.569235, 12.843081], [77.570728, 12.843738], [77.571372, 12.844223], [77.571665, 12.844337]]}}, {"type": "Feature", "properties": {"Drain num": "BH931", "sec_id": 259, "length_m": 1323.24, "valley": "Suvarnamukhi Valley", "subvalley": "SV_1", "ward_name": "39 - Gottigere", "Corporation": "South"}, "geometry": {"type": "LineString", "coordinates": [[77.5755, 12.839627], [77.575881, 12.839856], [77.576378, 12.840655], [77.57752, 12.841169], [77.578311, 12.841797], [77.578574, 12.842368], [77.579306, 12.843509], [77.57998, 12.844109], [77.580507, 12.845194], [77.580712, 12.845993], [77.581063, 12.846392], [77.581766, 12.846335], [77.582175, 12.846164], [77.583522, 12.84585]]}}, {"type": "Feature", "properties": {"sec_id": 260, "pri_Drain num": "RN522", "length_m": 1112.88, "valley": "Vrishabhavati Valley", "subvalley": "VV_2", "ward_name": "27 - Srigandada Kaval,26 - Mallathahalli,15 - Byadarahalli", "Corporation": "West"}, "geometry": {"type": "LineString", "coordinates": [[77.494091, 12.973267], [77.494748, 12.974182], [77.495123, 12.975096], [77.495311, 12.976102], [77.496062, 12.976468], [77.498221, 12.978389], [77.498972, 12.979487], [77.498878, 12.981408]]}}, {"type": "Feature", "properties": {"sec_id": 261, "pri_Drain num": "RN514", "length_m": 1507.39, "valley": "Vrishabhavati Valley", "subvalley": "VV_2", "ward_name": "27 - Srigandada Kaval,26 - Mallathahalli", "Corporation": "West"}, "geometry": {"type": "LineString", "coordinates": [[77.503947, 12.977566], [77.504041, 12.978572], [77.503478, 12.97903], [77.502633, 12.979304], [77.50282, 12.980859], [77.502257, 12.982048], [77.501976, 12.982871], [77.502163, 12.984884], [77.503571, 12.987994], [77.503853, 12.988542], [77.504979, 12.989091]]}}, {"type": "Feature", "properties": {"sec_id": 262, "pri_Drain num": "RN514", "length_m": 710.1, "valley": "Vrishabhavati Valley", "subvalley": "VV_2", "ward_name": "27 - Srigandada Kaval", "Corporation": "West"}, "geometry": {"type": "LineString", "coordinates": [[77.50282, 12.980859], [77.50329, 12.983329], [77.504229, 12.984884], [77.505261, 12.986073], [77.505543, 12.985615]]}}, {"type": "Feature", "properties": {"sec_id": 263, "pri_Drain num": "RN514", "length_m": 255.81, "valley": "Vrishabhavati Valley", "subvalley": "VV_2", "ward_name": "27 - Srigandada Kaval", "Corporation": "West"}, "geometry": {"type": "LineString", "coordinates": [[77.50329, 12.983329], [77.50451, 12.982597], [77.505167, 12.983237]]}}, {"type": "Feature", "properties": {"sec_id": 264, "pri_Drain num": "RN514", "length_m": 453.46, "valley": "Vrishabhavati Valley", "subvalley": "VV_2", "ward_name": "26 - Mallathahalli", "Corporation": "West"}, "geometry": {"type": "LineString", "coordinates": [[77.503759, 12.97473], [77.504416, 12.97409], [77.505167, 12.97409], [77.505918, 12.974547], [77.506763, 12.97473], [77.507514, 12.97473]]}}, {"type": "Feature", "properties": {"sec_id": 265, "pri_Drain num": "RN514", "length_m": 499.52, "valley": "Vrishabhavati Valley", "subvalley": "VV_2", "ward_name": "26 - Mallathahalli,15 - Byadarahalli", "Corporation": "West"}, "geometry": {"type": "LineString", "coordinates": [[77.498315, 12.970157], [77.49869, 12.97098], [77.498409, 12.971986], [77.498409, 12.973358], [77.498596, 12.973724], [77.497845, 12.973999]]}}, {"type": "Feature", "properties": {"Drain num": "RN555", "sec_id": 266, "pri_Drain num": "RN555", "length_m": 1607.04, "valley": "Vrishabhavati Valley", "subvalley": "VV_2", "ward_name": "16 - Ullal,24 - Jnana Bharathi Ward,15 - Byadarahalli", "Corporation": "West"}, "geometry": {"type": "LineString", "coordinates": [[77.484516, 12.958084], [77.485466, 12.958288], [77.485701, 12.959568], [77.486311, 12.961078], [77.486921, 12.962404], [77.488095, 12.964005], [77.489315, 12.967298], [77.489644, 12.968945], [77.489597, 12.970408], [77.489456, 12.970957]]}}, {"type": "Feature", "properties": {"sec_id": 267, "pri_Drain num": "RN555", "length_m": 587.97, "valley": "Vrishabhavati Valley", "subvalley": "VV_2", "ward_name": "16 - Ullal,15 - Byadarahalli", "Corporation": "West"}, "geometry": {"type": "LineString", "coordinates": [[77.489456, 12.970957], [77.491099, 12.9705], [77.491192, 12.970408], [77.491286, 12.969768], [77.491286, 12.968853], [77.491756, 12.96867], [77.491662, 12.968167], [77.4926, 12.967984]]}}, {"type": "Feature", "properties": {"Drain num": "RN5213", "sec_id": 268, "pri_Drain num": "RN555", "length_m": 274.94, "valley": "Vrishabhavati Valley", "subvalley": "VV_2", "ward_name": "15 - Byadarahalli", "Corporation": "West"}, "geometry": {"type": "LineString", "coordinates": [[77.491192, 12.970408], [77.490207, 12.972695]]}}, {"type": "Feature", "properties": {"Drain num": "RN553", "sec_id": 269, "length_m": 961.03, "valley": "Vrishabhavati Valley", "subvalley": "VV_2", "ward_name": "16 - Ullal", "Corporation": "West"}, "geometry": {"type": "LineString", "coordinates": [[77.474296, 12.968487], [77.476971, 12.966932], [77.476783, 12.966017], [77.477253, 12.964965], [77.478614, 12.96341], [77.479975, 12.962724]]}}, {"type": "Feature", "properties": {"Drain num": "RN551", "sec_id": 270, "length_m": 609.47, "valley": "Vrishabhavati Valley", "subvalley": "VV_2", "ward_name": "16 - Ullal", "Corporation": "West"}, "geometry": {"type": "LineString", "coordinates": [[77.479975, 12.962724], [77.481477, 12.96803]]}}, {"type": "Feature", "properties": {"Drain num": "RN552", "sec_id": 271, "length_m": 993.54, "valley": "Vrishabhavati Valley", "subvalley": "VV_2", "ward_name": "16 - Ullal,15 - Byadarahalli", "Corporation": "West"}, "geometry": {"type": "LineString", "coordinates": [[77.481477, 12.96803], [77.482603, 12.968121], [77.483824, 12.971872], [77.484434, 12.973107], [77.484622, 12.974159], [77.484903, 12.974753], [77.485044, 12.975577]]}}, {"type": "Feature", "properties": {"Drain num": "RN551B", "sec_id": 272, "length_m": 913.92, "valley": "Vrishabhavati Valley", "subvalley": "VV_2", "ward_name": "16 - Ullal,15 - Byadarahalli", "Corporation": "West"}, "geometry": {"type": "LineString", "coordinates": [[77.481477, 12.96803], [77.481571, 12.968762], [77.480491, 12.968899], [77.480585, 12.970545], [77.479975, 12.970545], [77.479928, 12.97146], [77.479365, 12.97146], [77.478191, 12.971826], [77.477863, 12.972238], [77.477347, 12.973107]]}}, {"type": "Feature", "properties": {"Drain num": "RN551A", "sec_id": 273, "length_m": 615.89, "valley": "Vrishabhavati Valley", "subvalley": "VV_2", "ward_name": "15 - Byadarahalli", "Corporation": "West"}, "geometry": {"type": "LineString", "coordinates": [[77.479928, 12.97146], [77.480726, 12.97178], [77.48143, 12.972787], [77.481524, 12.973793], [77.480867, 12.973839], [77.479553, 12.974799], [77.479318, 12.974753]]}}, {"type": "Feature", "properties": {"sec_id": 274, "length_m": 157.68, "valley": "Vrishabhavati Valley", "subvalley": "VV_2", "ward_name": "15 - Byadarahalli", "Corporation": "West"}, "geometry": {"type": "LineString", "coordinates": [[77.480867, 12.973839], [77.481008, 12.975256]]}}, {"type": "Feature", "properties": {"sec_id": 275, "pri_Drain num": "RN555", "length_m": 821.4, "valley": "Vrishabhavati Valley", "subvalley": "VV_2", "ward_name": "16 - Ullal", "Corporation": "West"}, "geometry": {"type": "LineString", "coordinates": [[77.483555, 12.944815], [77.479693, 12.947218], [77.479553, 12.94827], [77.479083, 12.948545], [77.478567, 12.94978]]}}, {"type": "Feature", "properties": {"sec_id": 276, "pri_Drain num": "RN554", "length_m": 516.98, "valley": "Vrishabhavati Valley", "subvalley": "VV_2", "ward_name": "24 - Jnana Bharathi Ward", "Corporation": "West"}, "geometry": {"type": "LineString", "coordinates": [[77.493255, 12.947863], [77.493445, 12.948865], [77.493633, 12.949414], [77.496637, 12.950283]]}}, {"type": "Feature", "properties": {"Drain num": "RN311B", "sec_id": 277, "pri_Drain num": "RN312", "length_m": 1740.19, "valley": "Vrishabhavati Valley", "subvalley": "VV_2", "ward_name": "19 - Kengeri,17 - Nagadevanahalli", "Corporation": "West"}, "geometry": {"type": "LineString", "coordinates": [[77.490598, 12.923357], [77.490535, 12.924529], [77.491099, 12.925353], [77.493539, 12.930705], [77.493445, 12.93162], [77.492366, 12.932672], [77.491615, 12.933175], [77.491427, 12.933724], [77.49138, 12.934959], [77.491099, 12.935371], [77.49138, 12.937429]]}}, {"type": "Feature", "properties": {"Drain num": "RN311A", "sec_id": 278, "pri_Drain num": "RN311", "length_m": 757.0, "valley": "Vrishabhavati Valley", "subvalley": "VV_2", "ward_name": "17 - Nagadevanahalli", "Corporation": "West"}, "geometry": {"type": "LineString", "coordinates": [[77.496976, 12.939177], [77.495933, 12.939945], [77.496027, 12.940448], [77.495182, 12.940769], [77.495463, 12.942187], [77.495792, 12.942415], [77.49598, 12.944703]]}}, {"type": "Feature", "properties": {"sec_id": 279, "pri_Drain num": "V200", "length_m": 800.66, "valley": "Vrishabhavati Valley", "subvalley": "VV_1", "ward_name": "24 - Jnana Bharathi Ward,21 - Mylasandra", "Corporation": "West"}, "geometry": {"type": "LineString", "coordinates": [[77.507126, 12.931108], [77.506728, 12.931986], [77.506728, 12.932718], [77.506305, 12.933404], [77.506587, 12.933678], [77.507479, 12.933678], [77.506916, 12.937109]]}}, {"type": "Feature", "properties": {"Drain num": "RN412", "sec_id": 280, "pri_Drain num": "RN181", "length_m": 892.4, "valley": "Vrishabhavati Valley", "subvalley": "VV_2", "ward_name": "20 - Hemmigepura,21 - Mylasandra", "Corporation": "West"}, "geometry": {"type": "LineString", "coordinates": [[77.488482, 12.90925], [77.490254, 12.909113], [77.490958, 12.909158], [77.492225, 12.908609], [77.493492, 12.906596], [77.493539, 12.90591], [77.494337, 12.905773], [77.494759, 12.905819]]}}, {"type": "Feature", "properties": {"Drain num": "RN421", "sec_id": 281, "pri_Drain num": "RN181", "length_m": 527.75, "valley": "Vrishabhavati Valley", "subvalley": "VV_2", "ward_name": "20 - Hemmigepura", "Corporation": "West"}, "geometry": {"type": "LineString", "coordinates": [[77.484659, 12.903989], [77.485889, 12.90376], [77.48603, 12.903211], [77.486546, 12.902113], [77.488329, 12.902342]]}}, {"type": "Feature", "properties": {"Drain num": "RN421A", "sec_id": 282, "pri_Drain num": "RN181", "length_m": 483.76, "valley": "Vrishabhavati Valley", "subvalley": "VV_2", "ward_name": "20 - Hemmigepura", "Corporation": "West"}, "geometry": {"type": "LineString", "coordinates": [[77.482738, 12.904029], [77.482881, 12.903272], [77.482885, 12.902296], [77.483354, 12.902113], [77.48326, 12.901473], [77.483683, 12.900741], [77.484293, 12.900512]]}}, {"type": "Feature", "properties": {"sec_id": 283, "pri_Drain num": "RN583", "length_m": 612.7, "valley": "Vrishabhavati Valley", "subvalley": "VV_2", "ward_name": "20 - Hemmigepura", "Corporation": "West"}, "geometry": {"type": "LineString", "coordinates": [[77.491078, 12.894574], [77.491709, 12.893924], [77.491849, 12.893558], [77.492694, 12.893146], [77.493586, 12.893146], [77.493915, 12.892917], [77.493962, 12.892368], [77.495135, 12.891407]]}}, {"type": "Feature", "properties": {"sec_id": 284, "pri_Drain num": "RN583", "length_m": 560.21, "valley": "Vrishabhavati Valley", "subvalley": "VV_2", "ward_name": "20 - Hemmigepura", "Corporation": "West"}, "geometry": {"type": "LineString", "coordinates": [[77.493962, 12.892368], [77.495463, 12.892917], [77.49781, 12.892871], [77.498045, 12.892231], [77.497998, 12.891728]]}}, {"type": "Feature", "properties": {"sec_id": 285, "length_m": 542.04, "valley": "Vrishabhavati Valley", "subvalley": "VV_2", "ward_name": "20 - Hemmigepura", "Corporation": "West"}, "geometry": {"type": "LineString", "coordinates": [[77.489784, 12.888708], [77.48894, 12.889303], [77.488048, 12.889577], [77.48786, 12.890447], [77.487062, 12.891087], [77.485983, 12.891041]]}}, {"type": "Feature", "properties": {"Drain num": "RN271", "sec_id": 286, "pri_Drain num": "RN223", "length_m": 1763.11, "valley": "Vrishabhavati Valley", "subvalley": "VV_1", "ward_name": "52 - Talagattapura", "Corporation": "South"}, "geometry": {"type": "LineString", "coordinates": [[77.513974, 12.89289], [77.513815, 12.891911], [77.512125, 12.891133], [77.511703, 12.890401], [77.511844, 12.889669], [77.512689, 12.88825], [77.513017, 12.887839], [77.514331, 12.887198], [77.514519, 12.886832], [77.514848, 12.884819], [77.515176, 12.88459], [77.516068, 12.88427], [77.516349, 12.883538], [77.517476, 12.883492], [77.517288, 12.88125]]}}, {"type": "Feature", "properties": {"sec_id": 287, "pri_Drain num": "RN223", "length_m": 1011.34, "valley": "Vrishabhavati Valley", "subvalley": "VV_1", "ward_name": "52 - Talagattapura,51 - Subramanyapura", "Corporation": "South"}, "geometry": {"type": "LineString", "coordinates": [[77.515814, 12.892571], [77.516256, 12.892139], [77.515927, 12.889989], [77.516162, 12.888937], [77.516256, 12.888799], [77.519306, 12.889898], [77.519682, 12.88912], [77.520057, 12.888708], [77.520057, 12.888205]]}}, {"type": "Feature", "properties": {"sec_id": 288, "pri_Drain num": "RN223", "length_m": 1496.06, "valley": "Vrishabhavati Valley", "subvalley": "VV_1", "ward_name": "52 - Talagattapura,51 - Subramanyapura", "Corporation": "South"}, "geometry": {"type": "LineString", "coordinates": [[77.530573, 12.894704], [77.530852, 12.893924], [77.530805, 12.893329], [77.53104, 12.893054], [77.53212, 12.892917], [77.533011, 12.892643], [77.534654, 12.891499], [77.534654, 12.890721], [77.535264, 12.890218], [77.53564, 12.889806], [77.535968, 12.889211], [77.53625, 12.888662], [77.536297, 12.887198], [77.535874, 12.886649], [77.536109, 12.885277], [77.535827, 12.884499]]}}, {"type": "Feature", "properties": {"sec_id": 289, "pri_Drain num": "RN223", "length_m": 177.32, "valley": "Vrishabhavati Valley", "subvalley": "VV_1", "ward_name": "51 - Subramanyapura", "Corporation": "South"}, "geometry": {"type": "LineString", "coordinates": [[77.53104, 12.893054], [77.530993, 12.891453]]}}, {"type": "Feature", "properties": {"Drain num": "RN252A", "sec_id": 290, "pri_Drain num": "RN223", "length_m": 600.67, "valley": "Vrishabhavati Valley", "subvalley": "VV_1", "ward_name": "52 - Talagattapura", "Corporation": "South"}, "geometry": {"type": "LineString", "coordinates": [[77.533434, 12.881067], [77.533152, 12.881204], [77.533762, 12.883263], [77.534279, 12.883263], [77.534748, 12.88459], [77.535827, 12.884499]]}}, {"type": "Feature", "properties": {"Drain num": "RN252", "sec_id": 291, "pri_Drain num": "RN223", "length_m": 704.91, "valley": "Vrishabhavati Valley", "subvalley": "VV_1", "ward_name": "52 - Talagattapura,51 - Subramanyapura", "Corporation": "South"}, "geometry": {"type": "LineString", "coordinates": [[77.535827, 12.884499], [77.538033, 12.883035], [77.539113, 12.882989], [77.539254, 12.88212], [77.53916, 12.881067], [77.539207, 12.880701], [77.539488, 12.880427]]}}, {"type": "Feature", "properties": {"sec_id": 292, "pri_Drain num": "RN223", "length_m": 129.99, "valley": "Vrishabhavati Valley", "subvalley": "VV_1", "ward_name": "51 - Subramanyapura", "Corporation": "South"}, "geometry": {"type": "LineString", "coordinates": [[77.533011, 12.892643], [77.534208, 12.892666]]}}, {"type": "Feature", "properties": {"sec_id": 293, "pri_Drain num": "RN223", "length_m": 368.36, "valley": "Vrishabhavati Valley", "subvalley": "VV_1", "ward_name": "51 - Subramanyapura,49 - Uttarahalli", "Corporation": "South"}, "geometry": {"type": "LineString", "coordinates": [[77.539629, 12.899187], [77.540638, 12.898613], [77.540544, 12.898064], [77.541295, 12.897652], [77.541389, 12.896875]]}}, {"type": "Feature", "properties": {"sec_id": 294, "pri_Drain num": "RN223", "length_m": 401.36, "valley": "Vrishabhavati Valley", "subvalley": "VV_1", "ward_name": "51 - Subramanyapura", "Corporation": "South"}, "geometry": {"type": "LineString", "coordinates": [[77.538812, 12.899207], [77.538902, 12.898567], [77.539418, 12.898247], [77.540028, 12.897698], [77.541389, 12.896875]]}}, {"type": "Feature", "properties": {"Drain num": "RN231", "sec_id": 295, "length_m": 991.59, "valley": "Vrishabhavati Valley", "subvalley": "VV_1", "ward_name": "40 - Anjanapura,51 - Subramanyapura,49 - Uttarahalli", "Corporation": "South"}, "geometry": {"type": "LineString", "coordinates": [[77.542891, 12.894999], [77.543314, 12.893581], [77.543314, 12.892894], [77.544205, 12.890881], [77.544205, 12.88992], [77.544158, 12.88992], [77.545707, 12.889051], [77.547162, 12.888685], [77.547538, 12.888685]]}}, {"type": "Feature", "properties": {"sec_id": 296, "pri_Drain num": "RN223", "length_m": 390.33, "valley": "Vrishabhavati Valley", "subvalley": "VV_1", "ward_name": "49 - Uttarahalli", "Corporation": "South"}, "geometry": {"type": "LineString", "coordinates": [[77.544086, 12.901917], [77.544111, 12.901267], [77.544768, 12.901267], [77.545566, 12.901129], [77.54627, 12.900535], [77.546787, 12.900397]]}}, {"type": "Feature", "properties": {"sec_id": 297, "length_m": 685.82, "valley": "Vrishabhavati Valley", "subvalley": "VV_1", "ward_name": "48 - Vasanthapura,49 - Uttarahalli", "Corporation": "South"}, "geometry": {"type": "LineString", "coordinates": [[77.549086, 12.901633], [77.548476, 12.901267], [77.548148, 12.900489], [77.54796, 12.899299], [77.548054, 12.89875], [77.548664, 12.897973], [77.548899, 12.897103], [77.548946, 12.896417], [77.548899, 12.896097]]}}, {"type": "Feature", "properties": {"sec_id": 298, "pri_Drain num": "RN223", "length_m": 573.88, "valley": "Vrishabhavati Valley", "subvalley": "VV_1", "ward_name": "51 - Subramanyapura", "Corporation": "South"}, "geometry": {"type": "LineString", "coordinates": [[77.535684, 12.900183], [77.535945, 12.90145], [77.535945, 12.901816], [77.534771, 12.902319], [77.534255, 12.904103], [77.534255, 12.904515]]}}, {"type": "Feature", "properties": {"Drain num": "RN242", "sec_id": 299, "pri_Drain num": "RN223", "length_m": 985.33, "valley": "Vrishabhavati Valley", "subvalley": "VV_1", "ward_name": "51 - Subramanyapura,50 - Sarvabhouma Nagar", "Corporation": "South"}, "geometry": {"type": "LineString", "coordinates": [[77.535945, 12.901816], [77.537353, 12.902548], [77.538151, 12.903142], [77.538151, 12.903874], [77.539793, 12.905613], [77.539653, 12.907489], [77.540028, 12.908312], [77.540497, 12.908404]]}}, {"type": "Feature", "properties": {"Drain num": "RN241", "sec_id": 300, "pri_Drain num": "RN223", "length_m": 817.91, "valley": "Vrishabhavati Valley", "subvalley": "VV_1", "ward_name": "51 - Subramanyapura,50 - Sarvabhouma Nagar", "Corporation": "South"}, "geometry": {"type": "LineString", "coordinates": [[77.542797, 12.909364], [77.54444, 12.910142], [77.544675, 12.909959], [77.546927, 12.910782], [77.54735, 12.911377], [77.54857, 12.911423], [77.549603, 12.91156]]}}, {"type": "Feature", "properties": {"sec_id": 301, "pri_Drain num": "RN223", "length_m": 305.48, "valley": "Vrishabhavati Valley", "subvalley": "VV_1", "ward_name": "49 - Uttarahalli", "Corporation": "South"}, "geometry": {"type": "LineString", "coordinates": [[77.542553, 12.902575], [77.543454, 12.904057], [77.543642, 12.904789], [77.543595, 12.905064]]}}, {"type": "Feature", "properties": {"sec_id": 302, "length_m": 428.86, "valley": "Vrishabhavati Valley", "subvalley": "VV_1", "ward_name": "51 - Subramanyapura,6 - Gowdanapalya,49 - Uttarahalli", "Corporation": "South"}, "geometry": {"type": "LineString", "coordinates": [[77.550166, 12.904012], [77.550682, 12.904423], [77.550776, 12.90543], [77.551245, 12.906208], [77.551762, 12.906894], [77.55209, 12.907214]]}}, {"type": "Feature", "properties": {"sec_id": 303, "length_m": 634.71, "valley": "Vrishabhavati Valley", "subvalley": "VV_1", "ward_name": "5 - Kane Muneshwara Ward,49 - Uttarahalli", "Corporation": "South"}, "geometry": {"type": "LineString", "coordinates": [[77.552794, 12.901999], [77.553029, 12.901221], [77.554437, 12.900763], [77.554719, 12.900031], [77.555657, 12.898522], [77.555704, 12.897607]]}}, {"type": "Feature", "properties": {"sec_id": 304, "length_m": 887.23, "valley": "Vrishabhavati Valley", "subvalley": "VV_1", "ward_name": "48 - Vasanthapura,49 - Uttarahalli", "Corporation": "South"}, "geometry": {"type": "LineString", "coordinates": [[77.554484, 12.897103], [77.554249, 12.895182], [77.554343, 12.894358], [77.554578, 12.893718], [77.555094, 12.893032], [77.55547, 12.892986], [77.55547, 12.891979], [77.555141, 12.891156], [77.554906, 12.890881], [77.555657, 12.890652], [77.555986, 12.890652]]}}, {"type": "Feature", "properties": {"sec_id": 305, "length_m": 426.75, "valley": "Vrishabhavati Valley", "subvalley": "VV_1", "ward_name": "48 - Vasanthapura", "Corporation": "South"}, "geometry": {"type": "LineString", "coordinates": [[77.557394, 12.89079], [77.558239, 12.890058], [77.558943, 12.889783], [77.559459, 12.889417], [77.5596, 12.888502], [77.560022, 12.888319]]}}, {"type": "Feature", "properties": {"sec_id": 306, "length_m": 948.23, "valley": "Vrishabhavati Valley", "subvalley": "VV_1", "ward_name": "1 - Padmanabhanagara,6 - Gowdanapalya", "Corporation": "South"}, "geometry": {"type": "LineString", "coordinates": [[77.557018, 12.908495], [77.558145, 12.908449], [77.55838, 12.908632], [77.558614, 12.908953], [77.559271, 12.90941], [77.560116, 12.909822], [77.56082, 12.910417], [77.561853, 12.911057], [77.562463, 12.91156], [77.564669, 12.911514]]}}, {"type": "Feature", "properties": {"sec_id": 307, "pri_Drain num": "RNR11", "length_m": 616.86, "valley": "Vrishabhavati Valley", "subvalley": "VV_1", "ward_name": "5 - Kane Muneshwara Ward", "Corporation": "South"}, "geometry": {"type": "LineString", "coordinates": [[77.558304, 12.903451], [77.558661, 12.904561], [77.560492, 12.905521], [77.561102, 12.906025], [77.562228, 12.907168]]}}, {"type": "Feature", "properties": {"sec_id": 308, "pri_Drain num": "RNR11", "length_m": 648.52, "valley": "Vrishabhavati Valley", "subvalley": "VV_1", "ward_name": "47 - Chandranagara,46 - Yelachenahalli", "Corporation": "South"}, "geometry": {"type": "LineString", "coordinates": [[77.563987, 12.903073], [77.564059, 12.902044], [77.563636, 12.901861], [77.563495, 12.901358], [77.564481, 12.901129], [77.56542, 12.900809], [77.565373, 12.90026], [77.565091, 12.899299], [77.565185, 12.898979]]}}, {"type": "Feature", "properties": {"sec_id": 309, "pri_Drain num": "RNR11", "length_m": 733.16, "valley": "Vrishabhavati Valley", "subvalley": "VV_1", "ward_name": "53 - Jaraganahalli,47 - Chandranagara,46 - Yelachenahalli", "Corporation": "South"}, "geometry": {"type": "LineString", "coordinates": [[77.565842, 12.898888], [77.565889, 12.897744], [77.567109, 12.897835], [77.569128, 12.897103], [77.57016, 12.89692], [77.569972, 12.896417], [77.570066, 12.895822]]}}, {"type": "Feature", "properties": {"Drain num": "RN212", "sec_id": 310, "pri_Drain num": "RNR11", "length_m": 1173.99, "valley": "Vrishabhavati Valley", "subvalley": "VV_1", "ward_name": "54 - Kengal Hanumanthaiah South,47 - Chandranagara,46 - Yelachenahalli", "Corporation": "South"}, "geometry": {"type": "LineString", "coordinates": [[77.565888, 12.903551], [77.566604, 12.905125], [77.568611, 12.905316], [77.56955, 12.906231], [77.571709, 12.906322], [77.57246, 12.905773], [77.575036, 12.906201]]}}, {"type": "Feature", "properties": {"sec_id": 311, "pri_Drain num": "RNR11", "length_m": 903.44, "valley": "Vrishabhavati Valley", "subvalley": "VV_1", "ward_name": "47 - Chandranagara,46 - Yelachenahalli", "Corporation": "South"}, "geometry": {"type": "LineString", "coordinates": [[77.566174, 12.904986], [77.567673, 12.903852], [77.56955, 12.903852], [77.570489, 12.902571], [77.570864, 12.90193], [77.572178, 12.901107], [77.572742, 12.900832]]}}, {"type": "Feature", "properties": {"sec_id": 312, "pri_Drain num": "RNR11", "length_m": 513.84, "valley": "Vrishabhavati Valley", "subvalley": "VV_1", "ward_name": "4 - Banashankari Temple Ward,47 - Chandranagara", "Corporation": "South"}, "geometry": {"type": "LineString", "coordinates": [[77.569491, 12.906173], [77.569562, 12.907494], [77.569996, 12.908489], [77.57148, 12.909347], [77.571873, 12.90973]]}}, {"type": "Feature", "properties": {"Drain num": "RN282", "sec_id": 313, "pri_Drain num": "RN223", "length_m": 590.7, "valley": "Vrishabhavati Valley", "subvalley": "VV_1", "ward_name": "23 - Rajarajeshwari Nagara,21 - Mylasandra", "Corporation": "West"}, "geometry": {"type": "LineString", "coordinates": [[77.510846, 12.909031], [77.51175, 12.909015], [77.512266, 12.908741], [77.512078, 12.908055], [77.513533, 12.906637], [77.514331, 12.906362], [77.514331, 12.906042]]}}, {"type": "Feature", "properties": {"Drain num": "RN281", "sec_id": 314, "pri_Drain num": "RN223", "length_m": 1094.79, "valley": "Vrishabhavati Valley", "subvalley": "VV_1", "ward_name": "22 - Bangarappa Nagara,23 - Rajarajeshwari Nagara", "Corporation": "West"}, "geometry": {"type": "LineString", "coordinates": [[77.515176, 12.905264], [77.516725, 12.905218], [77.517241, 12.905264], [77.517758, 12.90563], [77.518086, 12.90563], [77.51818, 12.905356], [77.518555, 12.90499], [77.519119, 12.904898], [77.519494, 12.905356], [77.51987, 12.906088], [77.52109, 12.907048], [77.522357, 12.906499], [77.523624, 12.906454]]}}, {"type": "Feature", "properties": {"sec_id": 315, "pri_Drain num": "RN181", "length_m": 1334.51, "valley": "Vrishabhavati Valley", "subvalley": "VV_1", "ward_name": "22 - Bangarappa Nagara,23 - Rajarajeshwari Nagara", "Corporation": "West"}, "geometry": {"type": "LineString", "coordinates": [[77.518809, 12.916662], [77.520855, 12.916701], [77.52292, 12.916289], [77.524516, 12.916106], [77.524516, 12.914871], [77.526018, 12.915008], [77.527473, 12.914459], [77.528365, 12.914368], [77.52874, 12.914551], [77.528787, 12.91542]]}}, {"type": "Feature", "properties": {"sec_id": 316, "pri_Drain num": "RN181", "length_m": 262.06, "valley": "Vrishabhavati Valley", "subvalley": "VV_1", "ward_name": "22 - Bangarappa Nagara", "Corporation": "West"}, "geometry": {"type": "LineString", "coordinates": [[77.525361, 12.914688], [77.525032, 12.913636], [77.524985, 12.912858], [77.525361, 12.912538]]}}, {"type": "Feature", "properties": {"Drain num": "RN192", "sec_id": 317, "pri_Drain num": "RN181", "length_m": 705.12, "valley": "Vrishabhavati Valley", "subvalley": "VV_1", "ward_name": "22 - Bangarappa Nagara", "Corporation": "West"}, "geometry": {"type": "LineString", "coordinates": [[77.524516, 12.916106], [77.525361, 12.917387], [77.526065, 12.919217], [77.52644, 12.920727], [77.526957, 12.921962]]}}, {"type": "Feature", "properties": {"sec_id": 318, "pri_Drain num": "RN181", "length_m": 890.86, "valley": "Vrishabhavati Valley", "subvalley": "VV_1", "ward_name": "23 - Rajarajeshwari Nagara", "Corporation": "West"}, "geometry": {"type": "LineString", "coordinates": [[77.516315, 12.922421], [77.516725, 12.923197], [77.519823, 12.923014], [77.520949, 12.922648], [77.521653, 12.922145], [77.523718, 12.92155]]}}, {"type": "Feature", "properties": {"sec_id": 319, "pri_Drain num": "RN531", "length_m": 618.81, "valley": "Vrishabhavati Valley", "subvalley": "VV_2", "ward_name": "16 - Ullal,24 - Jnana Bharathi Ward", "Corporation": "West"}, "geometry": {"type": "LineString", "coordinates": [[77.491589, 12.958552], [77.49246, 12.959402], [77.492976, 12.959517], [77.493422, 12.960409], [77.49436, 12.96313]]}}, {"type": "Feature", "properties": {"sec_id": 320, "pri_Drain num": "RN531", "length_m": 1221.4, "valley": "Vrishabhavati Valley", "subvalley": "VV_2", "ward_name": "24 - Jnana Bharathi Ward,26 - Mallathahalli", "Corporation": "West"}, "geometry": {"type": "LineString", "coordinates": [[77.490077, 12.955006], [77.492295, 12.954165], [77.493586, 12.954691], [77.49436, 12.955446], [77.496895, 12.956384], [77.497341, 12.957276], [77.497646, 12.959174], [77.497599, 12.95986]]}}, {"type": "Feature", "properties": {"sec_id": 321, "pri_Drain num": "RN531", "length_m": 959.35, "valley": "Vrishabhavati Valley", "subvalley": "VV_2", "ward_name": "24 - Jnana Bharathi Ward,26 - Mallathahalli", "Corporation": "West"}, "geometry": {"type": "LineString", "coordinates": [[77.497341, 12.957276], [77.499312, 12.957276], [77.500204, 12.958076], [77.500532, 12.958259], [77.500884, 12.959151], [77.501588, 12.959677], [77.501659, 12.960569], [77.502081, 12.961186], [77.50302, 12.961895], [77.50309, 12.962444]]}}, {"type": "Feature", "properties": {"Drain num": "V110", "sec_id": 322, "pri_Drain num": "V100", "length_m": 403.5, "valley": "Vrishabhavati Valley", "subvalley": "VV_1", "ward_name": "60 - Seshadripuram", "Corporation": "Central"}, "geometry": {"type": "LineString", "coordinates": [[77.574965, 12.995594], [77.574985, 12.995654], [77.576284, 12.995529], [77.576741, 12.995715], [77.577013, 12.995735], [77.578111, 12.99519], [77.57839, 12.99513]]}}, {"type": "Feature", "properties": {"Drain num": "V109", "sec_id": 323, "pri_Drain num": "V100", "length_m": 185.01, "valley": "Vrishabhavati Valley", "subvalley": "VV_1", "ward_name": "62 - Swatantra Palya Ward,56 - Gopalpura", "Corporation": "Central"}, "geometry": {"type": "LineString", "coordinates": [[77.570528, 12.985853], [77.570717, 12.985762], [77.570921, 12.985791], [77.57129, 12.98535], [77.571835, 12.984965]]}}, {"type": "Feature", "properties": {"Drain num": "V108", "sec_id": 324, "pri_Drain num": "V100", "length_m": 14.3, "valley": "Vrishabhavati Valley", "subvalley": "VV_1", "ward_name": "56 - Gopalpura,61 - Da.Ra. Bendre Ward", "Corporation": "West"}, "geometry": {"type": "LineString", "coordinates": [[77.557546, 12.978687], [77.557664, 12.978629]]}}, {"type": "Feature", "properties": {"Drain num": "V108", "sec_id": 324, "pri_Drain num": "V100", "length_m": 680.83, "valley": "Vrishabhavati Valley", "subvalley": "VV_1", "ward_name": "56 - Gopalpura,61 - Da.Ra. Bendre Ward", "Corporation": "Central"}, "geometry": {"type": "LineString", "coordinates": [[77.557664, 12.978629], [77.558509, 12.978229], [77.558391, 12.977726], [77.55872, 12.977475], [77.560855, 12.977566], [77.561677, 12.977749], [77.563085, 12.97784]]}}, {"type": "Feature", "properties": {"Drain num": "V111", "sec_id": 325, "pri_Drain num": "V100", "length_m": 516.13, "valley": "Vrishabhavati Valley", "subvalley": "VV_1", "ward_name": "63 - Okalipuram,58 - Dayanand Nagara,62 - Swatantra Palya Ward", "Corporation": "Central"}, "geometry": {"type": "LineString", "coordinates": [[77.56515, 12.985204], [77.564868, 12.986027], [77.565807, 12.986393], [77.566558, 12.986576], [77.567215, 12.987673], [77.567357, 12.988433]]}}, {"type": "Feature", "properties": {"Drain num": "V111", "sec_id": 325, "pri_Drain num": "V100", "length_m": 27.74, "valley": "Vrishabhavati Valley", "subvalley": "VV_1", "ward_name": "63 - Okalipuram,58 - Dayanand Nagara,62 - Swatantra Palya Ward", "Corporation": "West"}, "geometry": {"type": "LineString", "coordinates": [[77.567357, 12.988433], [77.567403, 12.98868]]}}, {"type": "Feature", "properties": {"Drain num": "V112", "sec_id": 326, "pri_Drain num": "V100", "length_m": 2585.92, "valley": "Vrishabhavati Valley", "subvalley": "VV_1", "ward_name": "63 - Okalipuram,57 - Kuvempu Ward,60 - Prakash Nagara,59 - Bandi Reddy Circle Ward,56 - Gayathri Nagara,55 - Subramanyanagara,56 - Gopalpura", "Corporation": "West"}, "geometry": {"type": "LineString", "coordinates": [[77.556608, 13.00679], [77.555763, 13.005052], [77.555294, 13.003131], [77.554918, 13.000113], [77.554918, 12.998192], [77.555106, 12.997277], [77.555763, 12.997003], [77.555951, 12.99618], [77.558391, 12.996088], [77.558579, 12.995265], [77.560456, 12.994808], [77.560175, 12.993344], [77.560832, 12.991332], [77.561395, 12.990509], [77.561301, 12.988771], [77.561573, 12.988286]]}}, {"type": "Feature", "properties": {"Drain num": "V112", "sec_id": 326, "pri_Drain num": "V100", "length_m": 785.89, "valley": "Vrishabhavati Valley", "subvalley": "VV_1", "ward_name": "63 - Okalipuram,57 - Kuvempu Ward,60 - Prakash Nagara,59 - Bandi Reddy Circle Ward,56 - Gayathri Nagara,55 - Subramanyanagara,56 - Gopalpura", "Corporation": "Central"}, "geometry": {"type": "LineString", "coordinates": [[77.561573, 12.988286], [77.56224, 12.987216], [77.560926, 12.986576], [77.561489, 12.984655], [77.561865, 12.982277]]}}, {"type": "Feature", "properties": {"Drain num": "V115", "sec_id": 327, "pri_Drain num": "V100", "length_m": 787.78, "valley": "Vrishabhavati Valley", "subvalley": "VV_1", "ward_name": "70 - Dr Rajkumar Ward,61 - Da.Ra. Bendre Ward", "Corporation": "West"}, "geometry": {"type": "LineString", "coordinates": [[77.556232, 12.9831], [77.555575, 12.980356], [77.555012, 12.978892], [77.554449, 12.977063], [77.5552, 12.977429]]}}, {"type": "Feature", "properties": {"Drain num": "V113", "sec_id": 328, "pri_Drain num": "V100", "length_m": 467.26, "valley": "Vrishabhavati Valley", "subvalley": "VV_1", "ward_name": "58 - Dayanand Nagara,59 - Bandi Reddy Circle Ward", "Corporation": "West"}, "geometry": {"type": "LineString", "coordinates": [[77.564117, 12.991424], [77.562709, 12.990966], [77.562522, 12.989777], [77.561301, 12.988771]]}}, {"type": "Feature", "properties": {"Drain num": "V114", "sec_id": 329, "pri_Drain num": "V100", "length_m": 748.02, "valley": "Vrishabhavati Valley", "subvalley": "VV_1", "ward_name": "57 - Kuvempu Ward,60 - Prakash Nagara,56 - Gayathri Nagara", "Corporation": "West"}, "geometry": {"type": "LineString", "coordinates": [[77.558579, 12.995265], [77.559987, 12.997277], [77.561771, 12.998192], [77.561771, 12.999838], [77.562052, 13.000479]]}}, {"type": "Feature", "properties": {"Drain num": "V105", "sec_id": 330, "pri_Drain num": "V100", "length_m": 236.9, "valley": "Vrishabhavati Valley", "subvalley": "VV_1", "ward_name": "88 - Sangolli Rayanna Ward,86 - Vidyaranyanagara,53 - Rayapuram,54 - Binnypete,47 - IPD Salappa Ward", "Corporation": "West"}, "geometry": {"type": "LineString", "coordinates": [[77.55182, 12.970111], [77.552665, 12.969516], [77.552665, 12.968785], [77.552843, 12.968437]]}}, {"type": "Feature", "properties": {"Drain num": "V105", "sec_id": 330, "pri_Drain num": "V100", "length_m": 1054.82, "valley": "Vrishabhavati Valley", "subvalley": "VV_1", "ward_name": "88 - Sangolli Rayanna Ward,86 - Vidyaranyanagara,53 - Rayapuram,54 - Binnypete,47 - IPD Salappa Ward", "Corporation": "Central"}, "geometry": {"type": "LineString", "coordinates": [[77.552843, 12.968437], [77.552947, 12.968236], [77.553604, 12.968099], [77.553463, 12.967321], [77.552994, 12.966543], [77.553275, 12.966132], [77.554496, 12.96588], [77.55696, 12.965812], [77.557992, 12.96556], [77.558743, 12.964988], [77.558931, 12.964531], [77.559283, 12.964531]]}}, {"type": "Feature", "properties": {"Drain num": "V106", "sec_id": 331, "pri_Drain num": "V100", "length_m": 468.14, "valley": "Vrishabhavati Valley", "subvalley": "VV_1", "ward_name": "46 - Cheluvadi Palya,55 - Bhuvaneshwari Nagar,88 - Sangolli Rayanna Ward,87 - K.P Agrahara,45 - K.R Market,54 - Binnypete,47 - IPD Salappa Ward", "Corporation": "West"}, "geometry": {"type": "LineString", "coordinates": [[77.553534, 12.972627], [77.555575, 12.972718], [77.557738, 12.972047]]}}, {"type": "Feature", "properties": {"Drain num": "V106", "sec_id": 331, "pri_Drain num": "V100", "length_m": 1900.36, "valley": "Vrishabhavati Valley", "subvalley": "VV_1", "ward_name": "46 - Cheluvadi Palya,55 - Bhuvaneshwari Nagar,88 - Sangolli Rayanna Ward,87 - K.P Agrahara,45 - K.R Market,54 - Binnypete,47 - IPD Salappa Ward", "Corporation": "Central"}, "geometry": {"type": "LineString", "coordinates": [[77.557738, 12.972047], [77.558227, 12.971895], [77.559001, 12.97194], [77.560034, 12.971735], [77.560269, 12.971232], [77.560104, 12.97018], [77.560292, 12.969882], [77.56109, 12.969768], [77.561512, 12.969516], [77.561489, 12.969219], [77.561911, 12.968899], [77.56224, 12.968762], [77.561747, 12.967527], [77.561841, 12.966932], [77.56231, 12.966566], [77.563625, 12.966223], [77.565643, 12.966726], [77.566957, 12.966658], [77.567825, 12.96636], [77.568647, 12.966246], [77.570177, 12.966663]]}}, {"type": "Feature", "properties": {"Drain num": "V107", "sec_id": 332, "pri_Drain num": "V100", "length_m": 493.88, "valley": "Vrishabhavati Valley", "subvalley": "VV_1", "ward_name": "55 - Bhuvaneshwari Nagar,87 - K.P Agrahara,54 - Binnypete", "Corporation": "West"}, "geometry": {"type": "LineString", "coordinates": [[77.554191, 12.972718], [77.554707, 12.973747], [77.555505, 12.973678], [77.557925, 12.972805]]}}, {"type": "Feature", "properties": {"Drain num": "V107", "sec_id": 332, "pri_Drain num": "V100", "length_m": 532.73, "valley": "Vrishabhavati Valley", "subvalley": "VV_1", "ward_name": "55 - Bhuvaneshwari Nagar,87 - K.P Agrahara,54 - Binnypete", "Corporation": "Central"}, "geometry": {"type": "LineString", "coordinates": [[77.557925, 12.972805], [77.558579, 12.972581], [77.560574, 12.972192], [77.560926, 12.972192], [77.561231, 12.972398], [77.562522, 12.971735]]}}, {"type": "Feature", "properties": {"Drain num": "v116A", "sec_id": 333, "pri_Drain num": "V100", "length_m": 2371.97, "valley": "Vrishabhavati Valley", "subvalley": "VV_1", "ward_name": "71 - Thimmenahalli,87 - K.P Agrahara,86 - Vidyaranyanagara,70 - Dr Rajkumar Ward,63 - Rajajinagara,85 - Adi Chunchanagiri Ward", "Corporation": "West"}, "geometry": {"type": "LineString", "coordinates": [[77.547315, 12.967641], [77.546845, 12.968647], [77.547878, 12.971117], [77.547127, 12.973038], [77.546282, 12.975599], [77.54647, 12.976971], [77.547502, 12.980996], [77.547502, 12.986393], [77.547315, 12.987308], [77.548066, 12.988039]]}}, {"type": "Feature", "properties": {"Drain num": "v116", "sec_id": 334, "pri_Drain num": "V100", "length_m": 2248.41, "valley": "Vrishabhavati Valley", "subvalley": "VV_1", "ward_name": "65 - Manjunath Nagara,66 - Sane Guruvana Halli,70 - Dr Rajkumar Ward,43 - Kethamaranahalli,67 - Basaveshwara Nagara", "Corporation": "West"}, "geometry": {"type": "LineString", "coordinates": [[77.546845, 12.979167], [77.546282, 12.980722], [77.545062, 12.981545], [77.545062, 12.982277], [77.544311, 12.982917], [77.54478, 12.985295], [77.544968, 12.990052], [77.545437, 12.991698], [77.545156, 12.99179], [77.544405, 12.993527], [77.545437, 12.995082], [77.545156, 12.997643]]}}, {"type": "Feature", "properties": {"Drain num": "V202", "sec_id": 401, "pri_Drain num": "V200", "length_m": 1566.66, "valley": "Vrishabhavati Valley", "subvalley": "VV_1", "ward_name": "38 - Nandini Layout,40 - Mahalakshmipuram,43 - Kethamaranahalli,36 - Nalwadi Krishnaraja Wadiyar Ward,37 - Dr. Puneeth Rajkumar Ward,39 - Jai Maruthi Nagar", "Corporation": "West"}, "geometry": {"type": "LineString", "coordinates": [[77.540459, 13.012734], [77.540799, 13.01264], [77.541802, 13.012568], [77.542082, 13.012496], [77.542613, 13.01208], [77.543262, 13.012051], [77.544486, 13.012482], [77.545533, 13.012683], [77.545827, 13.012956], [77.546078, 13.013042], [77.546756, 13.013128], [77.548275, 13.013157], [77.548555, 13.012899], [77.548673, 13.012439], [77.548836, 13.012266], [77.549278, 13.012195], [77.551003, 13.012209], [77.552035, 13.011448], [77.55208, 13.011045], [77.552153, 13.010973], [77.552316, 13.010959], [77.552699, 13.011175], [77.552935, 13.011203]]}}, {"type": "Feature", "properties": {"Drain num": "V203", "sec_id": 336, "pri_Drain num": "V200", "length_m": 955.21, "valley": "Vrishabhavati Valley", "subvalley": "VV_1", "ward_name": "41 - Nagapura,40 - Mahalakshmipuram,43 - Kethamaranahalli,39 - Jai Maruthi Nagar", "Corporation": "West"}, "geometry": {"type": "LineString", "coordinates": [[77.540921, 13.004816], [77.54234, 13.004595], [77.544686, 13.003406], [77.547221, 13.00304], [77.54938, 13.003131]]}}, {"type": "Feature", "properties": {"Drain num": "V205", "sec_id": 400, "pri_Drain num": "V200", "length_m": 807.48, "valley": "Vrishabhavati Valley", "subvalley": "VV_1", "ward_name": "35 - Goraguntepalya,38 - Nandini Layout,37 - Dr. Puneeth Rajkumar Ward,39 - Jai Maruthi Nagar", "Corporation": "West"}, "geometry": {"type": "LineString", "coordinates": [[77.537077, 13.015926], [77.537646, 13.017399], [77.537365, 13.017582], [77.537365, 13.018131], [77.537834, 13.01996], [77.538209, 13.022429], [77.538209, 13.022886]]}}, {"type": "Feature", "properties": {"Drain num": "V204", "sec_id": 338, "pri_Drain num": "V200", "length_m": 1085.25, "valley": "Vrishabhavati Valley", "subvalley": "VV_1", "ward_name": "36 - Nalwadi Krishnaraja Wadiyar Ward,37 - Dr. Puneeth Rajkumar Ward", "Corporation": "West"}, "geometry": {"type": "LineString", "coordinates": [[77.540462, 13.012735], [77.541119, 13.015112], [77.542527, 13.017033], [77.543842, 13.018405], [77.545156, 13.019228], [77.545719, 13.020691]]}}, {"type": "Feature", "properties": {"Drain num": "V200B", "sec_id": 342, "pri_Drain num": "V200", "length_m": 52.89, "valley": "Vrishabhavati Valley", "subvalley": "VV_1", "ward_name": "42 - Raja Mayura Varma Ward", "Corporation": "West"}, "geometry": {"type": "LineString", "coordinates": [[77.529639, 13.004511], [77.530084, 13.004326]]}}, {"type": "Feature", "properties": {"Drain num": "V200C", "sec_id": 340, "pri_Drain num": "V200", "length_m": 383.06, "valley": "Vrishabhavati Valley", "subvalley": "VV_1", "ward_name": "39 - Jai Maruthi Nagar", "Corporation": "West"}, "geometry": {"type": "LineString", "coordinates": [[77.530324, 13.008939], [77.530324, 13.011225], [77.531075, 13.01214]]}}, {"type": "Feature", "properties": {"Drain num": "V200A", "sec_id": 341, "pri_Drain num": "V200", "length_m": 597.17, "valley": "Vrishabhavati Valley", "subvalley": "VV_1", "ward_name": "42 - Raja Mayura Varma Ward,44 - Shankar Mutt", "Corporation": "West"}, "geometry": {"type": "LineString", "coordinates": [[77.528165, 12.999747], [77.529479, 12.997735], [77.530981, 12.998101], [77.532483, 12.997918]]}}, {"type": "Feature", "properties": {"Drain num": "V200B", "sec_id": 342, "pri_Drain num": "V200", "length_m": 305.94, "valley": "Vrishabhavati Valley", "subvalley": "VV_1", "ward_name": "42 - Raja Mayura Varma Ward", "Corporation": "West"}, "geometry": {"type": "LineString", "coordinates": [[77.532859, 13.002884], [77.532859, 13.002399], [77.533516, 13.001668], [77.534548, 13.000845]]}}, {"type": "Feature", "properties": {"Drain num": "V200E", "sec_id": 343, "pri_Drain num": "V200", "length_m": 479.8, "valley": "Vrishabhavati Valley", "subvalley": "VV_1", "ward_name": "35 - Goraguntepalya", "Corporation": "West"}, "geometry": {"type": "LineString", "coordinates": [[77.52901, 13.019502], [77.529386, 13.019594], [77.529855, 13.020508], [77.531169, 13.021332], [77.532483, 13.02188]]}}, {"type": "Feature", "properties": {"Drain num": "V201", "sec_id": 397, "pri_Drain num": "V200", "length_m": 716.26, "valley": "Vrishabhavati Valley", "subvalley": "VV_1", "ward_name": "7 - Rajagopala Nagara,28 - Kottegepalya,31 - Freedom Fighter Ward,5 - Rajeshwarinagar,30 - Kempegowda Layout,29 - Chowdeshwari Nagar,46 - Kamalanagara,8 - Hegganahalli", "Corporation": "West"}, "geometry": {"type": "LineString", "coordinates": [[77.517308, 13.008297], [77.518153, 13.008991], [77.519061, 13.010581], [77.518907, 13.011615], [77.518751, 13.011785], [77.518629, 13.012149], [77.518643, 13.012575], [77.518457, 13.012755], [77.518404, 13.012969], [77.518524, 13.013278], [77.518614, 13.013893]]}}, {"type": "Feature", "properties": {"Drain num": "V201A", "sec_id": 345, "pri_Drain num": "V200", "length_m": 321.57, "valley": "Vrishabhavati Valley", "subvalley": "VV_1", "ward_name": "28 - Kottegepalya,29 - Chowdeshwari Nagar", "Corporation": "West"}, "geometry": {"type": "LineString", "coordinates": [[77.520974, 12.997437], [77.521501, 13.000296]]}}, {"type": "Feature", "properties": {"Drain num": "V206", "sec_id": 347, "pri_Drain num": "V200", "length_m": 812.89, "valley": "Vrishabhavati Valley", "subvalley": "VV_1", "ward_name": "45 - Shakthi Ganapathi Nagara,46 - Kamalanagara", "Corporation": "West"}, "geometry": {"type": "LineString", "coordinates": [[77.523002, 12.99307], [77.523941, 12.992887], [77.524504, 12.992247], [77.526476, 12.99179], [77.527602, 12.991881], [77.528541, 12.994168]]}}, {"type": "Feature", "properties": {"Drain num": "V120", "sec_id": 348, "pri_Drain num": "V100", "length_m": 1189.26, "valley": "Vrishabhavati Valley", "subvalley": "VV_1", "ward_name": "89 - Bapuji Nagara,92 - Muneshwara Block,100 - Srinagar,101 - Kempambudhi Ward,91 - Gali Anjaneya Temple Ward,49 - Kasturbha Nagar,48 - Azad Nagar", "Corporation": "West"}, "geometry": {"type": "LineString", "coordinates": [[77.541071, 12.953123], [77.541316, 12.953163], [77.541514, 12.952846], [77.54175, 12.952846], [77.54234, 12.952472], [77.542664, 12.951869], [77.542989, 12.95161], [77.543254, 12.95161], [77.543726, 12.951783], [77.544228, 12.951783], [77.544552, 12.951668], [77.545879, 12.951639], [77.546262, 12.951926], [77.546764, 12.952041], [77.548061, 12.952041], [77.548238, 12.951955], [77.548386, 12.95161], [77.548622, 12.95138], [77.548946, 12.951236], [77.549182, 12.951236], [77.549389, 12.951438], [77.549536, 12.951926], [77.549713, 12.952127], [77.54991, 12.952224]]}}, {"type": "Feature", "properties": {"Drain num": "V120", "sec_id": 348, "pri_Drain num": "V100", "length_m": 186.39, "valley": "Vrishabhavati Valley", "subvalley": "VV_1", "ward_name": "89 - Bapuji Nagara,92 - Muneshwara Block,100 - Srinagar,101 - Kempambudhi Ward,91 - Gali Anjaneya Temple Ward,49 - Kasturbha Nagar,48 - Azad Nagar", "Corporation": "Central"}, "geometry": {"type": "LineString", "coordinates": [[77.54991, 12.952224], [77.550185, 12.9523], [77.55107, 12.952271], [77.551365, 12.952156], [77.551482, 12.951986]]}}, {"type": "Feature", "properties": {"Drain num": "V120", "sec_id": 348, "pri_Drain num": "V100", "length_m": 70.37, "valley": "Vrishabhavati Valley", "subvalley": "VV_1", "ward_name": "89 - Bapuji Nagara,92 - Muneshwara Block,100 - Srinagar,101 - Kempambudhi Ward,91 - Gali Anjaneya Temple Ward,49 - Kasturbha Nagar,48 - Azad Nagar", "Corporation": "West"}, "geometry": {"type": "LineString", "coordinates": [[77.551482, 12.951986], [77.551962, 12.951605]]}}, {"type": "Feature", "properties": {"Drain num": "V120", "sec_id": 348, "pri_Drain num": "V100", "length_m": 0.03, "valley": "Vrishabhavati Valley", "subvalley": "VV_1", "ward_name": "89 - Bapuji Nagara,92 - Muneshwara Block,100 - Srinagar,101 - Kempambudhi Ward,91 - Gali Anjaneya Temple Ward,49 - Kasturbha Nagar,48 - Azad Nagar", "Corporation": "West"}, "geometry": {"type": "LineString", "coordinates": [[77.551962, 12.951605], [77.551962, 12.951605]]}}, {"type": "Feature", "properties": {"Drain num": "V120", "sec_id": 348, "pri_Drain num": "V100", "length_m": 432.82, "valley": "Vrishabhavati Valley", "subvalley": "VV_1", "ward_name": "89 - Bapuji Nagara,92 - Muneshwara Block,100 - Srinagar,101 - Kempambudhi Ward,91 - Gali Anjaneya Temple Ward,49 - Kasturbha Nagar,48 - Azad Nagar", "Corporation": "Central"}, "geometry": {"type": "LineString", "coordinates": [[77.551962, 12.951605], [77.552397, 12.951409], [77.553046, 12.95138], [77.553281, 12.951438], [77.553576, 12.951668], [77.554019, 12.95184], [77.555464, 12.951898], [77.555719, 12.95184]]}}, {"type": "Feature", "properties": {"Drain num": "V120", "sec_id": 348, "pri_Drain num": "V100", "length_m": 328.2, "valley": "Vrishabhavati Valley", "subvalley": "VV_1", "ward_name": "89 - Bapuji Nagara,92 - Muneshwara Block,100 - Srinagar,101 - Kempambudhi Ward,91 - Gali Anjaneya Temple Ward,49 - Kasturbha Nagar,48 - Azad Nagar", "Corporation": "West"}, "geometry": {"type": "LineString", "coordinates": [[77.555719, 12.95184], [77.555877, 12.951725], [77.556938, 12.95138], [77.557204, 12.951236], [77.557499, 12.950892], [77.557912, 12.95069], [77.558295, 12.950633]]}}, {"type": "Feature", "properties": {"Drain num": "V122", "sec_id": 349, "pri_Drain num": "V100", "length_m": 7.12, "valley": "Vrishabhavati Valley", "subvalley": "VV_1", "ward_name": "93 - Avalahalli,92 - Muneshwara Block,100 - Srinagar,99 - T.R Shamanna Nagar,98 - Ashoka Nagara", "Corporation": "West"}, "geometry": {"type": "LineString", "coordinates": [[77.549359, 12.95138], [77.54933, 12.951323]]}}, {"type": "Feature", "properties": {"Drain num": "V122", "sec_id": 349, "pri_Drain num": "V100", "length_m": 1459.78, "valley": "Vrishabhavati Valley", "subvalley": "VV_1", "ward_name": "93 - Avalahalli,92 - Muneshwara Block,100 - Srinagar,99 - T.R Shamanna Nagar,98 - Ashoka Nagara", "Corporation": "West"}, "geometry": {"type": "LineString", "coordinates": [[77.54933, 12.951323], [77.549772, 12.95115], [77.549831, 12.951064], [77.550008, 12.950662], [77.550067, 12.950087], [77.550037, 12.949454], [77.549566, 12.948104], [77.549742, 12.94773], [77.549772, 12.947328], [77.549507, 12.946437], [77.549448, 12.945804], [77.549448, 12.94454], [77.549507, 12.944252], [77.549772, 12.943447], [77.550008, 12.943131], [77.550214, 12.942988], [77.550214, 12.942729], [77.549978, 12.942211], [77.549949, 12.941982], [77.550155, 12.941752], [77.550391, 12.941205], [77.550863, 12.940688], [77.551423, 12.940372], [77.551895, 12.940286]]}}, {"type": "Feature", "properties": {"Drain num": "V121", "sec_id": 350, "pri_Drain num": "V100", "length_m": 1340.06, "valley": "Vrishabhavati Valley", "subvalley": "VV_1", "ward_name": "102 - Hanumanthanagar,100 - Srinagar,99 - T.R Shamanna Nagar,49 - Kasturbha Nagar", "Corporation": "West"}, "geometry": {"type": "LineString", "coordinates": [[77.558413, 12.943189], [77.557941, 12.942873], [77.557558, 12.942786], [77.557469, 12.9427], [77.556997, 12.942643], [77.556319, 12.942643], [77.555729, 12.942786], [77.555405, 12.942786], [77.555051, 12.943131], [77.554815, 12.944223], [77.55452, 12.944942], [77.554373, 12.945143], [77.554048, 12.945316], [77.553164, 12.945632], [77.553105, 12.945804], [77.552928, 12.946523], [77.552898, 12.947126], [77.552751, 12.947586], [77.55281, 12.949972], [77.552898, 12.950395]]}}, {"type": "Feature", "properties": {"Drain num": "V121", "sec_id": 350, "pri_Drain num": "V100", "length_m": 0.0, "valley": "Vrishabhavati Valley", "subvalley": "VV_1", "ward_name": "102 - Hanumanthanagar,100 - Srinagar,99 - T.R Shamanna Nagar,49 - Kasturbha Nagar", "Corporation": "West"}, "geometry": {"type": "LineString", "coordinates": [[77.552898, 12.950395], [77.552898, 12.950395]]}}, {"type": "Feature", "properties": {"Drain num": "V121", "sec_id": 350, "pri_Drain num": "V100", "length_m": 25.27, "valley": "Vrishabhavati Valley", "subvalley": "VV_1", "ward_name": "102 - Hanumanthanagar,100 - Srinagar,99 - T.R Shamanna Nagar,49 - Kasturbha Nagar", "Corporation": "West"}, "geometry": {"type": "LineString", "coordinates": [[77.552898, 12.950395], [77.552857, 12.95061]]}}, {"type": "Feature", "properties": {"Drain num": "V121", "sec_id": 350, "pri_Drain num": "V100", "length_m": 117.04, "valley": "Vrishabhavati Valley", "subvalley": "VV_1", "ward_name": "102 - Hanumanthanagar,100 - Srinagar,99 - T.R Shamanna Nagar,49 - Kasturbha Nagar", "Corporation": "Central"}, "geometry": {"type": "LineString", "coordinates": [[77.552857, 12.95061], [77.552603, 12.951007], [77.552544, 12.951409], [77.552397, 12.951409]]}}, {"type": "Feature", "properties": {"Drain num": "V120", "sec_id": 351, "pri_Drain num": "V100", "length_m": 498.43, "valley": "Vrishabhavati Valley", "subvalley": "VV_1", "ward_name": "43 - Devaraj Urs Ward,101 - Kempambudhi Ward", "Corporation": "West"}, "geometry": {"type": "LineString", "coordinates": [[77.558295, 12.950633], [77.558914, 12.951064], [77.559032, 12.951466], [77.559268, 12.951668], [77.559622, 12.952386], [77.56033, 12.952559], [77.56151, 12.952616], [77.561747, 12.952689]]}}, {"type": "Feature", "properties": {"Drain num": "V120", "sec_id": 351, "pri_Drain num": "V100", "length_m": 705.41, "valley": "Vrishabhavati Valley", "subvalley": "VV_1", "ward_name": "43 - Devaraj Urs Ward,101 - Kempambudhi Ward", "Corporation": "Central"}, "geometry": {"type": "LineString", "coordinates": [[77.561747, 12.952689], [77.562807, 12.952875], [77.563751, 12.953363], [77.564252, 12.953507], [77.564636, 12.953794], [77.565137, 12.954944], [77.565167, 12.955663], [77.565432, 12.956151], [77.56558, 12.956726]]}}, {"type": "Feature", "properties": {"Drain num": "V119", "sec_id": 352, "pri_Drain num": "V100", "length_m": 3025.79, "valley": "Vrishabhavati Valley", "subvalley": "VV_1", "ward_name": "77 - Maruthi Mandira Ward,71 - Thimmenahalli,73 - Dr. Vishnuvardhan Ward,83 - Hampi Nagar,90 - Krishnadevaraya ward,91 - Gali Anjaneya Temple Ward,75 - Marenahalli West", "Corporation": "West"}, "geometry": {"type": "LineString", "coordinates": [[77.538209, 12.952924], [77.538004, 12.952844], [77.537376, 12.956269], [77.538033, 12.957184], [77.53456, 12.960569], [77.533434, 12.961758], [77.53456, 12.964228], [77.534091, 12.965234], [77.534091, 12.965692], [77.533528, 12.965783], [77.533434, 12.966972], [77.534372, 12.969076], [77.534372, 12.97054], [77.533903, 12.972369], [77.534372, 12.974565], [77.535123, 12.974565], [77.535593, 12.975937]]}}, {"type": "Feature", "properties": {"Drain num": "V118", "sec_id": 353, "pri_Drain num": "V100", "length_m": 841.05, "valley": "Vrishabhavati Valley", "subvalley": "VV_1", "ward_name": "83 - Hampi Nagar,90 - Krishnadevaraya ward", "Corporation": "West"}, "geometry": {"type": "LineString", "coordinates": [[77.540943, 12.960111], [77.538409, 12.962124], [77.538315, 12.963222], [77.537564, 12.963496], [77.538033, 12.965966]]}}, {"type": "Feature", "properties": {"Drain num": "V117", "sec_id": 354, "pri_Drain num": "V100", "length_m": 2027.55, "valley": "Vrishabhavati Valley", "subvalley": "VV_1", "ward_name": "73 - Dr. Vishnuvardhan Ward,89 - Bapuji Nagara,90 - Krishnadevaraya ward,84 - Hosahalli,85 - Adi Chunchanagiri Ward", "Corporation": "West"}, "geometry": {"type": "LineString", "coordinates": [[77.54381, 12.957864], [77.54207, 12.958922], [77.540943, 12.960111], [77.541225, 12.961209], [77.541225, 12.962032], [77.541507, 12.963771], [77.541507, 12.965692], [77.541788, 12.968253], [77.540474, 12.96871], [77.540662, 12.97054], [77.541319, 12.973741]]}}, {"type": "Feature", "properties": {"Drain num": "V103A", "sec_id": 355, "pri_Drain num": "V100", "length_m": 184.32, "valley": "Vrishabhavati Valley", "subvalley": "VV_1", "ward_name": "89 - Bapuji Nagara,51 - Old Guddadahalli,52 - Padarayanapura,50 - JJR Nagara", "Corporation": "West"}, "geometry": {"type": "LineString", "coordinates": [[77.546423, 12.958951], [77.546047, 12.959683], [77.546264, 12.960502]]}}, {"type": "Feature", "properties": {"Drain num": "V103A", "sec_id": 355, "pri_Drain num": "V100", "length_m": 788.18, "valley": "Vrishabhavati Valley", "subvalley": "VV_1", "ward_name": "89 - Bapuji Nagara,51 - Old Guddadahalli,52 - Padarayanapura,50 - JJR Nagara", "Corporation": "Central"}, "geometry": {"type": "LineString", "coordinates": [[77.546264, 12.960502], [77.54647, 12.961283], [77.546986, 12.962335], [77.547643, 12.96293], [77.548864, 12.962884], [77.551023, 12.962198], [77.551774, 12.961787]]}}, {"type": "Feature", "properties": {"Drain num": "V103", "sec_id": 356, "pri_Drain num": "V100", "length_m": 326.97, "valley": "Vrishabhavati Valley", "subvalley": "VV_1", "ward_name": "89 - Bapuji Nagara,50 - JJR Nagara", "Corporation": "West"}, "geometry": {"type": "LineString", "coordinates": [[77.544311, 12.958951], [77.545109, 12.958997], [77.545484, 12.958676], [77.545813, 12.958631], [77.546423, 12.958951], [77.547114, 12.958923]]}}, {"type": "Feature", "properties": {"Drain num": "V103", "sec_id": 356, "pri_Drain num": "V100", "length_m": 0.03, "valley": "Vrishabhavati Valley", "subvalley": "VV_1", "ward_name": "89 - Bapuji Nagara,50 - JJR Nagara", "Corporation": "West"}, "geometry": {"type": "LineString", "coordinates": [[77.547114, 12.958923], [77.547114, 12.958923]]}}, {"type": "Feature", "properties": {"Drain num": "V103", "sec_id": 356, "pri_Drain num": "V100", "length_m": 713.73, "valley": "Vrishabhavati Valley", "subvalley": "VV_1", "ward_name": "89 - Bapuji Nagara,50 - JJR Nagara", "Corporation": "Central"}, "geometry": {"type": "LineString", "coordinates": [[77.547114, 12.958923], [77.547549, 12.958905], [77.549333, 12.959134], [77.55168, 12.959317], [77.551867, 12.959271], [77.551914, 12.958448], [77.552102, 12.957533]]}}, {"type": "Feature", "properties": {"Drain num": "V305", "sec_id": 357, "pri_Drain num": "V300", "length_m": 2673.26, "valley": "Vrishabhavati Valley", "subvalley": "VV_1", "ward_name": "2 - Kadirenahalli,51 - Subramanyapura,22 - Bangarappa Nagara,107 - Dharmagiri Ward,1 - Padmanabhanagara,112 - Hosakerehalli,111 - Ittamadu,109 - Kamakya Layout,110 - Chikkalasandra,108 - Ganesh Mandira Ward", "Corporation": "West"}, "geometry": {"type": "LineString", "coordinates": [[77.534222, 12.931725], [77.534284, 12.931725], [77.534156, 12.93093], [77.534259, 12.93047], [77.534481, 12.93001], [77.535011, 12.92922], [77.534923, 12.928645], [77.534923, 12.928012], [77.535026, 12.927696], [77.535233, 12.927437], [77.535542, 12.927265], [77.536486, 12.92715], [77.536869, 12.926949], [77.536914, 12.926589], [77.536796, 12.926489], [77.536751, 12.926245], [77.536751, 12.923859], [77.53681, 12.923701], [77.537046, 12.923658], [77.537784, 12.92383], [77.538388, 12.924505], [77.538904, 12.924807], [77.539096, 12.924822], [77.539435, 12.924764], [77.539745, 12.924606], [77.539966, 12.924419], [77.54032, 12.923931], [77.540276, 12.923255], [77.539981, 12.922565], [77.539863, 12.922335], [77.539332, 12.921803], [77.539243, 12.921602], [77.539007, 12.920409], [77.538609, 12.919648], [77.538727, 12.919058], [77.538462, 12.918498], [77.538432, 12.918182], [77.539155, 12.917837], [77.539612, 12.917822], [77.540865, 12.918455], [77.541605, 12.918728]]}}, {"type": "Feature", "properties": {"Drain num": "V305", "sec_id": 357, "pri_Drain num": "V300", "length_m": 41.17, "valley": "Vrishabhavati Valley", "subvalley": "VV_1", "ward_name": "2 - Kadirenahalli,51 - Subramanyapura,22 - Bangarappa Nagara,107 - Dharmagiri Ward,1 - Padmanabhanagara,112 - Hosakerehalli,111 - Ittamadu,109 - Kamakya Layout,110 - Chikkalasandra,108 - Ganesh Mandira Ward", "Corporation": "South"}, "geometry": {"type": "LineString", "coordinates": [[77.541605, 12.918728], [77.541972, 12.918735]]}}, {"type": "Feature", "properties": {"Drain num": "V305", "sec_id": 357, "pri_Drain num": "V300", "length_m": 1260.62, "valley": "Vrishabhavati Valley", "subvalley": "VV_1", "ward_name": "2 - Kadirenahalli,51 - Subramanyapura,22 - Bangarappa Nagara,107 - Dharmagiri Ward,1 - Padmanabhanagara,112 - Hosakerehalli,111 - Ittamadu,109 - Kamakya Layout,110 - Chikkalasandra,108 - Ganesh Mandira Ward", "Corporation": "West"}, "geometry": {"type": "LineString", "coordinates": [[77.541972, 12.918735], [77.542384, 12.918642], [77.54352, 12.918642], [77.544272, 12.918742], [77.544773, 12.918929], [77.545274, 12.9189], [77.545348, 12.919015], [77.545363, 12.919403], [77.545481, 12.919604], [77.546094, 12.920149], [77.546454, 12.920194], [77.54669, 12.920194], [77.546926, 12.920093], [77.547221, 12.919662], [77.54759, 12.919576], [77.547826, 12.919576], [77.548445, 12.919806], [77.548961, 12.919806], [77.550229, 12.91959], [77.551025, 12.91959], [77.551645, 12.919748], [77.552172, 12.919763]]}}, {"type": "Feature", "properties": {"Drain num": "V305", "sec_id": 357, "pri_Drain num": "V300", "length_m": 5.33, "valley": "Vrishabhavati Valley", "subvalley": "VV_1", "ward_name": "2 - Kadirenahalli,51 - Subramanyapura,22 - Bangarappa Nagara,107 - Dharmagiri Ward,1 - Padmanabhanagara,112 - Hosakerehalli,111 - Ittamadu,109 - Kamakya Layout,110 - Chikkalasandra,108 - Ganesh Mandira Ward", "Corporation": "South"}, "geometry": {"type": "LineString", "coordinates": [[77.552172, 12.919763], [77.552221, 12.919763]]}}, {"type": "Feature", "properties": {"Drain num": "V305", "sec_id": 357, "pri_Drain num": "V300", "length_m": 105.77, "valley": "Vrishabhavati Valley", "subvalley": "VV_1", "ward_name": "2 - Kadirenahalli,51 - Subramanyapura,22 - Bangarappa Nagara,107 - Dharmagiri Ward,1 - Padmanabhanagara,112 - Hosakerehalli,111 - Ittamadu,109 - Kamakya Layout,110 - Chikkalasandra,108 - Ganesh Mandira Ward", "Corporation": "West"}, "geometry": {"type": "LineString", "coordinates": [[77.552221, 12.919763], [77.552426, 12.919763], [77.552647, 12.919863], [77.552989, 12.920217]]}}, {"type": "Feature", "properties": {"Drain num": "V305", "sec_id": 357, "pri_Drain num": "V300", "length_m": 8.71, "valley": "Vrishabhavati Valley", "subvalley": "VV_1", "ward_name": "2 - Kadirenahalli,51 - Subramanyapura,22 - Bangarappa Nagara,107 - Dharmagiri Ward,1 - Padmanabhanagara,112 - Hosakerehalli,111 - Ittamadu,109 - Kamakya Layout,110 - Chikkalasandra,108 - Ganesh Mandira Ward", "Corporation": "South"}, "geometry": {"type": "LineString", "coordinates": [[77.552989, 12.920217], [77.553042, 12.920273]]}}, {"type": "Feature", "properties": {"Drain num": "V305", "sec_id": 357, "pri_Drain num": "V300", "length_m": 2.15, "valley": "Vrishabhavati Valley", "subvalley": "VV_1", "ward_name": "2 - Kadirenahalli,51 - Subramanyapura,22 - Bangarappa Nagara,107 - Dharmagiri Ward,1 - Padmanabhanagara,112 - Hosakerehalli,111 - Ittamadu,109 - Kamakya Layout,110 - Chikkalasandra,108 - Ganesh Mandira Ward", "Corporation": "West"}, "geometry": {"type": "LineString", "coordinates": [[77.553042, 12.920273], [77.553056, 12.920285]]}}, {"type": "Feature", "properties": {"Drain num": "V305", "sec_id": 357, "pri_Drain num": "V300", "length_m": 3.82, "valley": "Vrishabhavati Valley", "subvalley": "VV_1", "ward_name": "2 - Kadirenahalli,51 - Subramanyapura,22 - Bangarappa Nagara,107 - Dharmagiri Ward,1 - Padmanabhanagara,112 - Hosakerehalli,111 - Ittamadu,109 - Kamakya Layout,110 - Chikkalasandra,108 - Ganesh Mandira Ward", "Corporation": "South"}, "geometry": {"type": "LineString", "coordinates": [[77.553056, 12.920285], [77.553081, 12.920307]]}}, {"type": "Feature", "properties": {"Drain num": "V305", "sec_id": 357, "pri_Drain num": "V300", "length_m": 45.52, "valley": "Vrishabhavati Valley", "subvalley": "VV_1", "ward_name": "2 - Kadirenahalli,51 - Subramanyapura,22 - Bangarappa Nagara,107 - Dharmagiri Ward,1 - Padmanabhanagara,112 - Hosakerehalli,111 - Ittamadu,109 - Kamakya Layout,110 - Chikkalasandra,108 - Ganesh Mandira Ward", "Corporation": "West"}, "geometry": {"type": "LineString", "coordinates": [[77.553081, 12.920307], [77.5534, 12.920549]]}}, {"type": "Feature", "properties": {"Drain num": "V305", "sec_id": 357, "pri_Drain num": "V300", "length_m": 39.64, "valley": "Vrishabhavati Valley", "subvalley": "VV_1", "ward_name": "2 - Kadirenahalli,51 - Subramanyapura,22 - Bangarappa Nagara,107 - Dharmagiri Ward,1 - Padmanabhanagara,112 - Hosakerehalli,111 - Ittamadu,109 - Kamakya Layout,110 - Chikkalasandra,108 - Ganesh Mandira Ward", "Corporation": "South"}, "geometry": {"type": "LineString", "coordinates": [[77.5534, 12.920549], [77.553711, 12.920727]]}}, {"type": "Feature", "properties": {"Drain num": "V305", "sec_id": 357, "pri_Drain num": "V300", "length_m": 9.93, "valley": "Vrishabhavati Valley", "subvalley": "VV_1", "ward_name": "2 - Kadirenahalli,51 - Subramanyapura,22 - Bangarappa Nagara,107 - Dharmagiri Ward,1 - Padmanabhanagara,112 - Hosakerehalli,111 - Ittamadu,109 - Kamakya Layout,110 - Chikkalasandra,108 - Ganesh Mandira Ward", "Corporation": "West"}, "geometry": {"type": "LineString", "coordinates": [[77.553711, 12.920727], [77.55379, 12.920769]]}}, {"type": "Feature", "properties": {"Drain num": "V305", "sec_id": 357, "pri_Drain num": "V300", "length_m": 4.44, "valley": "Vrishabhavati Valley", "subvalley": "VV_1", "ward_name": "2 - Kadirenahalli,51 - Subramanyapura,22 - Bangarappa Nagara,107 - Dharmagiri Ward,1 - Padmanabhanagara,112 - Hosakerehalli,111 - Ittamadu,109 - Kamakya Layout,110 - Chikkalasandra,108 - Ganesh Mandira Ward", "Corporation": "South"}, "geometry": {"type": "LineString", "coordinates": [[77.55379, 12.920769], [77.553821, 12.920785]]}}, {"type": "Feature", "properties": {"Drain num": "V305", "sec_id": 357, "pri_Drain num": "V300", "length_m": 6.8, "valley": "Vrishabhavati Valley", "subvalley": "VV_1", "ward_name": "2 - Kadirenahalli,51 - Subramanyapura,22 - Bangarappa Nagara,107 - Dharmagiri Ward,1 - Padmanabhanagara,112 - Hosakerehalli,111 - Ittamadu,109 - Kamakya Layout,110 - Chikkalasandra,108 - Ganesh Mandira Ward", "Corporation": "West"}, "geometry": {"type": "LineString", "coordinates": [[77.553821, 12.920785], [77.553872, 12.920812]]}}, {"type": "Feature", "properties": {"Drain num": "V305", "sec_id": 357, "pri_Drain num": "V300", "length_m": 2.79, "valley": "Vrishabhavati Valley", "subvalley": "VV_1", "ward_name": "2 - Kadirenahalli,51 - Subramanyapura,22 - Bangarappa Nagara,107 - Dharmagiri Ward,1 - Padmanabhanagara,112 - Hosakerehalli,111 - Ittamadu,109 - Kamakya Layout,110 - Chikkalasandra,108 - Ganesh Mandira Ward", "Corporation": "South"}, "geometry": {"type": "LineString", "coordinates": [[77.553872, 12.920812], [77.553891, 12.920822]]}}, {"type": "Feature", "properties": {"Drain num": "V305", "sec_id": 357, "pri_Drain num": "V300", "length_m": 5.11, "valley": "Vrishabhavati Valley", "subvalley": "VV_1", "ward_name": "2 - Kadirenahalli,51 - Subramanyapura,22 - Bangarappa Nagara,107 - Dharmagiri Ward,1 - Padmanabhanagara,112 - Hosakerehalli,111 - Ittamadu,109 - Kamakya Layout,110 - Chikkalasandra,108 - Ganesh Mandira Ward", "Corporation": "West"}, "geometry": {"type": "LineString", "coordinates": [[77.553891, 12.920822], [77.553927, 12.920841]]}}, {"type": "Feature", "properties": {"Drain num": "V305", "sec_id": 357, "pri_Drain num": "V300", "length_m": 85.18, "valley": "Vrishabhavati Valley", "subvalley": "VV_1", "ward_name": "2 - Kadirenahalli,51 - Subramanyapura,22 - Bangarappa Nagara,107 - Dharmagiri Ward,1 - Padmanabhanagara,112 - Hosakerehalli,111 - Ittamadu,109 - Kamakya Layout,110 - Chikkalasandra,108 - Ganesh Mandira Ward", "Corporation": "South"}, "geometry": {"type": "LineString", "coordinates": [[77.553927, 12.920841], [77.554107, 12.920927], [77.554665, 12.920998]]}}, {"type": "Feature", "properties": {"Drain num": "V305", "sec_id": 357, "pri_Drain num": "V300", "length_m": 46.2, "valley": "Vrishabhavati Valley", "subvalley": "VV_1", "ward_name": "2 - Kadirenahalli,51 - Subramanyapura,22 - Bangarappa Nagara,107 - Dharmagiri Ward,1 - Padmanabhanagara,112 - Hosakerehalli,111 - Ittamadu,109 - Kamakya Layout,110 - Chikkalasandra,108 - Ganesh Mandira Ward", "Corporation": "West"}, "geometry": {"type": "LineString", "coordinates": [[77.554665, 12.920998], [77.555087, 12.921013]]}}, {"type": "Feature", "properties": {"Drain num": "V305", "sec_id": 357, "pri_Drain num": "V300", "length_m": 25.06, "valley": "Vrishabhavati Valley", "subvalley": "VV_1", "ward_name": "2 - Kadirenahalli,51 - Subramanyapura,22 - Bangarappa Nagara,107 - Dharmagiri Ward,1 - Padmanabhanagara,112 - Hosakerehalli,111 - Ittamadu,109 - Kamakya Layout,110 - Chikkalasandra,108 - Ganesh Mandira Ward", "Corporation": "South"}, "geometry": {"type": "LineString", "coordinates": [[77.555087, 12.921013], [77.555318, 12.921013]]}}, {"type": "Feature", "properties": {"Drain num": "V305", "sec_id": 357, "pri_Drain num": "V300", "length_m": 9.1, "valley": "Vrishabhavati Valley", "subvalley": "VV_1", "ward_name": "2 - Kadirenahalli,51 - Subramanyapura,22 - Bangarappa Nagara,107 - Dharmagiri Ward,1 - Padmanabhanagara,112 - Hosakerehalli,111 - Ittamadu,109 - Kamakya Layout,110 - Chikkalasandra,108 - Ganesh Mandira Ward", "Corporation": "West"}, "geometry": {"type": "LineString", "coordinates": [[77.555318, 12.921013], [77.555401, 12.921009]]}}, {"type": "Feature", "properties": {"Drain num": "V305", "sec_id": 357, "pri_Drain num": "V300", "length_m": 654.82, "valley": "Vrishabhavati Valley", "subvalley": "VV_1", "ward_name": "2 - Kadirenahalli,51 - Subramanyapura,22 - Bangarappa Nagara,107 - Dharmagiri Ward,1 - Padmanabhanagara,112 - Hosakerehalli,111 - Ittamadu,109 - Kamakya Layout,110 - Chikkalasandra,108 - Ganesh Mandira Ward", "Corporation": "South"}, "geometry": {"type": "LineString", "coordinates": [[77.555401, 12.921009], [77.556024, 12.920927], [77.557351, 12.920539], [77.557499, 12.920036], [77.557661, 12.919863], [77.557956, 12.919748], [77.558133, 12.920093], [77.558162, 12.920553], [77.558516, 12.921574], [77.558708, 12.921947], [77.559025, 12.922109]]}}, {"type": "Feature", "properties": {"Drain num": "V305", "sec_id": 357, "pri_Drain num": "V300", "length_m": 130.52, "valley": "Vrishabhavati Valley", "subvalley": "VV_1", "ward_name": "2 - Kadirenahalli,51 - Subramanyapura,22 - Bangarappa Nagara,107 - Dharmagiri Ward,1 - Padmanabhanagara,112 - Hosakerehalli,111 - Ittamadu,109 - Kamakya Layout,110 - Chikkalasandra,108 - Ganesh Mandira Ward", "Corporation": "West"}, "geometry": {"type": "LineString", "coordinates": [[77.559025, 12.922109], [77.559342, 12.922148], [77.560145, 12.921879]]}}, {"type": "Feature", "properties": {"Drain num": "V305", "sec_id": 357, "pri_Drain num": "V300", "length_m": 2.21, "valley": "Vrishabhavati Valley", "subvalley": "VV_1", "ward_name": "2 - Kadirenahalli,51 - Subramanyapura,22 - Bangarappa Nagara,107 - Dharmagiri Ward,1 - Padmanabhanagara,112 - Hosakerehalli,111 - Ittamadu,109 - Kamakya Layout,110 - Chikkalasandra,108 - Ganesh Mandira Ward", "Corporation": "South"}, "geometry": {"type": "LineString", "coordinates": [[77.560145, 12.921879], [77.560165, 12.921875]]}}, {"type": "Feature", "properties": {"Drain num": "V305", "sec_id": 357, "pri_Drain num": "V300", "length_m": 14.74, "valley": "Vrishabhavati Valley", "subvalley": "VV_1", "ward_name": "2 - Kadirenahalli,51 - Subramanyapura,22 - Bangarappa Nagara,107 - Dharmagiri Ward,1 - Padmanabhanagara,112 - Hosakerehalli,111 - Ittamadu,109 - Kamakya Layout,110 - Chikkalasandra,108 - Ganesh Mandira Ward", "Corporation": "West"}, "geometry": {"type": "LineString", "coordinates": [[77.560165, 12.921875], [77.560294, 12.92185]]}}, {"type": "Feature", "properties": {"Drain num": "V305", "sec_id": 357, "pri_Drain num": "V300", "length_m": 453.06, "valley": "Vrishabhavati Valley", "subvalley": "VV_1", "ward_name": "2 - Kadirenahalli,51 - Subramanyapura,22 - Bangarappa Nagara,107 - Dharmagiri Ward,1 - Padmanabhanagara,112 - Hosakerehalli,111 - Ittamadu,109 - Kamakya Layout,110 - Chikkalasandra,108 - Ganesh Mandira Ward", "Corporation": "South"}, "geometry": {"type": "LineString", "coordinates": [[77.560294, 12.92185], [77.561112, 12.921602], [77.561642, 12.920496], [77.562055, 12.920108], [77.562837, 12.919691], [77.563299, 12.919538]]}}, {"type": "Feature", "properties": {"Drain num": "V305", "sec_id": 357, "pri_Drain num": "V300", "length_m": 36.5, "valley": "Vrishabhavati Valley", "subvalley": "VV_1", "ward_name": "2 - Kadirenahalli,51 - Subramanyapura,22 - Bangarappa Nagara,107 - Dharmagiri Ward,1 - Padmanabhanagara,112 - Hosakerehalli,111 - Ittamadu,109 - Kamakya Layout,110 - Chikkalasandra,108 - Ganesh Mandira Ward", "Corporation": "West"}, "geometry": {"type": "LineString", "coordinates": [[77.563299, 12.919538], [77.563427, 12.919475], [77.563515, 12.919322]]}}, {"type": "Feature", "properties": {"Drain num": "V305", "sec_id": 357, "pri_Drain num": "V300", "length_m": 6.76, "valley": "Vrishabhavati Valley", "subvalley": "VV_1", "ward_name": "2 - Kadirenahalli,51 - Subramanyapura,22 - Bangarappa Nagara,107 - Dharmagiri Ward,1 - Padmanabhanagara,112 - Hosakerehalli,111 - Ittamadu,109 - Kamakya Layout,110 - Chikkalasandra,108 - Ganesh Mandira Ward", "Corporation": "South"}, "geometry": {"type": "LineString", "coordinates": [[77.563515, 12.919322], [77.563551, 12.919278]]}}, {"type": "Feature", "properties": {"Drain num": "V305", "sec_id": 357, "pri_Drain num": "V300", "length_m": 1.65, "valley": "Vrishabhavati Valley", "subvalley": "VV_1", "ward_name": "2 - Kadirenahalli,51 - Subramanyapura,22 - Bangarappa Nagara,107 - Dharmagiri Ward,1 - Padmanabhanagara,112 - Hosakerehalli,111 - Ittamadu,109 - Kamakya Layout,110 - Chikkalasandra,108 - Ganesh Mandira Ward", "Corporation": "West"}, "geometry": {"type": "LineString", "coordinates": [[77.563551, 12.919278], [77.563559, 12.919268]]}}, {"type": "Feature", "properties": {"Drain num": "V305", "sec_id": 357, "pri_Drain num": "V300", "length_m": 177.33, "valley": "Vrishabhavati Valley", "subvalley": "VV_1", "ward_name": "2 - Kadirenahalli,51 - Subramanyapura,22 - Bangarappa Nagara,107 - Dharmagiri Ward,1 - Padmanabhanagara,112 - Hosakerehalli,111 - Ittamadu,109 - Kamakya Layout,110 - Chikkalasandra,108 - Ganesh Mandira Ward", "Corporation": "South"}, "geometry": {"type": "LineString", "coordinates": [[77.563559, 12.919268], [77.56384, 12.918627], [77.56436, 12.917942]]}}, {"type": "Feature", "properties": {"Drain num": "V305", "sec_id": 357, "pri_Drain num": "V300", "length_m": 1057.61, "valley": "Vrishabhavati Valley", "subvalley": "VV_1", "ward_name": "2 - Kadirenahalli,51 - Subramanyapura,22 - Bangarappa Nagara,107 - Dharmagiri Ward,1 - Padmanabhanagara,112 - Hosakerehalli,111 - Ittamadu,109 - Kamakya Layout,110 - Chikkalasandra,108 - Ganesh Mandira Ward", "Corporation": "West"}, "geometry": {"type": "LineString", "coordinates": [[77.56436, 12.917942], [77.564754, 12.917909], [77.565137, 12.918081], [77.565403, 12.918412], [77.56583, 12.918426], [77.565948, 12.918742], [77.566096, 12.918843], [77.566759, 12.918771], [77.566951, 12.918857], [77.567054, 12.918986], [77.56729, 12.919719], [77.567379, 12.919863], [77.567541, 12.919921], [77.56785, 12.919921], [77.568219, 12.919763], [77.568824, 12.919633], [77.569826, 12.919619], [77.570947, 12.919116], [77.57195, 12.919015], [77.572481, 12.918871]]}}, {"type": "Feature", "properties": {"Drain num": "V302", "sec_id": 358, "pri_Drain num": "V300", "length_m": 2925.23, "valley": "Vrishabhavati Valley", "subvalley": "VV_1", "ward_name": "1 - Padmanabhanagara,96 - Kathriguppe,104 - Thyagarajnagar,109 - Kamakya Layout,106 - Devagiri Temple Ward,108 - Ganesh Mandira Ward", "Corporation": "West"}, "geometry": {"type": "LineString", "coordinates": [[77.570652, 12.926676], [77.570918, 12.928113], [77.571035, 12.929291], [77.57018, 12.929349], [77.570062, 12.929809], [77.568706, 12.929809], [77.567202, 12.929981], [77.565019, 12.930067], [77.56437, 12.930211], [77.563898, 12.930441], [77.562571, 12.930872], [77.562217, 12.930872], [77.561628, 12.9307], [77.559858, 12.929435], [77.559593, 12.928946], [77.559003, 12.928602], [77.558413, 12.927998], [77.556732, 12.927164], [77.556113, 12.926704], [77.555228, 12.9259], [77.555021, 12.925296], [77.554697, 12.92475], [77.55455, 12.924347], [77.554137, 12.922738], [77.553694, 12.921502], [77.553694, 12.921272], [77.553901, 12.920841]]}}, {"type": "Feature", "properties": {"Drain num": "V302", "sec_id": 358, "pri_Drain num": "V300", "length_m": 5.39, "valley": "Vrishabhavati Valley", "subvalley": "VV_1", "ward_name": "1 - Padmanabhanagara,96 - Kathriguppe,104 - Thyagarajnagar,109 - Kamakya Layout,106 - Devagiri Temple Ward,108 - Ganesh Mandira Ward", "Corporation": "West"}, "geometry": {"type": "LineString", "coordinates": [[77.553901, 12.920841], [77.553949, 12.920852]]}}, {"type": "Feature", "properties": {"Drain num": "V302", "sec_id": 358, "pri_Drain num": "V300", "length_m": 1.21, "valley": "Vrishabhavati Valley", "subvalley": "VV_1", "ward_name": "1 - Padmanabhanagara,96 - Kathriguppe,104 - Thyagarajnagar,109 - Kamakya Layout,106 - Devagiri Temple Ward,108 - Ganesh Mandira Ward", "Corporation": "South"}, "geometry": {"type": "LineString", "coordinates": [[77.553949, 12.920852], [77.55396, 12.920855]]}}, {"type": "Feature", "properties": {"Drain num": "V302", "sec_id": 358, "pri_Drain num": "V300", "length_m": 5.06, "valley": "Vrishabhavati Valley", "subvalley": "VV_1", "ward_name": "1 - Padmanabhanagara,96 - Kathriguppe,104 - Thyagarajnagar,109 - Kamakya Layout,106 - Devagiri Temple Ward,108 - Ganesh Mandira Ward", "Corporation": "South"}, "geometry": {"type": "LineString", "coordinates": [[77.55396, 12.920855], [77.554004, 12.920869]]}}, {"type": "Feature", "properties": {"Drain num": "V302", "sec_id": 358, "pri_Drain num": "V300", "length_m": 15.21, "valley": "Vrishabhavati Valley", "subvalley": "VV_1", "ward_name": "1 - Padmanabhanagara,96 - Kathriguppe,104 - Thyagarajnagar,109 - Kamakya Layout,106 - Devagiri Temple Ward,108 - Ganesh Mandira Ward", "Corporation": "South"}, "geometry": {"type": "LineString", "coordinates": [[77.55396, 12.920855], [77.554092, 12.920898]]}}, {"type": "Feature", "properties": {"Drain num": "V302A", "sec_id": 359, "pri_Drain num": "V300", "length_m": 83.29, "valley": "Vrishabhavati Valley", "subvalley": "VV_1", "ward_name": "103 - N.R Colony,104 - Thyagarajnagar,42 - Sunkenahalli", "Corporation": "Central"}, "geometry": {"type": "LineString", "coordinates": [[77.565786, 12.940013], [77.565638, 12.939725], [77.565595, 12.939325]]}}, {"type": "Feature", "properties": {"Drain num": "V302A", "sec_id": 359, "pri_Drain num": "V300", "length_m": 1062.55, "valley": "Vrishabhavati Valley", "subvalley": "VV_1", "ward_name": "103 - N.R Colony,104 - Thyagarajnagar,42 - Sunkenahalli", "Corporation": "West"}, "geometry": {"type": "LineString", "coordinates": [[77.565595, 12.939325], [77.565609, 12.938374], [77.565432, 12.937972], [77.565432, 12.93734], [77.565521, 12.936851], [77.565314, 12.936592], [77.565403, 12.936017], [77.564872, 12.935155], [77.564606, 12.934868], [77.564429, 12.934149], [77.564429, 12.932999], [77.564016, 12.932539], [77.563987, 12.932309], [77.563604, 12.931361], [77.563604, 12.930901], [77.563486, 12.930556]]}}, {"type": "Feature", "properties": {"Drain num": "V304", "sec_id": 360, "pri_Drain num": "V300", "length_m": 774.63, "valley": "Vrishabhavati Valley", "subvalley": "VV_1", "ward_name": "109 - Kamakya Layout,110 - Chikkalasandra", "Corporation": "West"}, "geometry": {"type": "LineString", "coordinates": [[77.548077, 12.926537], [77.546857, 12.925439], [77.546482, 12.924249], [77.546388, 12.922785], [77.546106, 12.921322], [77.546094, 12.920149]]}}, {"type": "Feature", "properties": {"Drain num": "V101", "sec_id": 361, "pri_Drain num": "V100", "length_m": 1045.69, "valley": "Vrishabhavati Valley", "subvalley": "VV_1", "ward_name": "93 - Avalahalli,91 - Gali Anjaneya Temple Ward,94 - Deepanjali Nagara", "Corporation": "West"}, "geometry": {"type": "LineString", "coordinates": [[77.53829, 12.950374], [77.539348, 12.948493], [77.539254, 12.947762], [77.539911, 12.947762], [77.539535, 12.946023], [77.540756, 12.946023], [77.541882, 12.944011], [77.541788, 12.94337]]}}, {"type": "Feature", "properties": {"Drain num": "V207", "sec_id": 362, "pri_Drain num": "V100", "length_m": 4670.37, "valley": "Vrishabhavati Valley", "subvalley": "VV_1", "ward_name": "77 - Maruthi Mandira Ward,81 - Nayanda Halli,79 - Nagarbhavi,23 - Rajarajeshwari Nagara,82 - Attigupe,80 - Chandra Layout", "Corporation": "West"}, "geometry": {"type": "LineString", "coordinates": [[77.515763, 12.934594], [77.516913, 12.9366], [77.518227, 12.936966], [77.519259, 12.937149], [77.520574, 12.93779], [77.521137, 12.938339], [77.522733, 12.940351], [77.52339, 12.941541], [77.523859, 12.94337], [77.523859, 12.943736], [77.52461, 12.944285], [77.524328, 12.945017], [77.523484, 12.945657], [77.523296, 12.946847], [77.524422, 12.948493], [77.524704, 12.949225], [77.524235, 12.949683], [77.524328, 12.956269], [77.524985, 12.958922], [77.525643, 12.959928], [77.526769, 12.961301], [77.526863, 12.962764], [77.526863, 12.964411], [77.526675, 12.965783], [77.526863, 12.968527], [77.527238, 12.969625], [77.528365, 12.969625]]}}, {"type": "Feature", "properties": {"Drain num": "RN184", "sec_id": 363, "pri_Drain num": "V100", "length_m": 655.07, "valley": "Vrishabhavati Valley", "subvalley": "VV_1", "ward_name": "22 - Bangarappa Nagara,23 - Rajarajeshwari Nagara", "Corporation": "West"}, "geometry": {"type": "LineString", "coordinates": [[77.520219, 12.930809], [77.521606, 12.929739], [77.521418, 12.928824], [77.521043, 12.928366], [77.520292, 12.925805]]}}, {"type": "Feature", "properties": {"Drain num": "RN185", "sec_id": 364, "pri_Drain num": "V100", "length_m": 1300.22, "valley": "Vrishabhavati Valley", "subvalley": "VV_1", "ward_name": "22 - Bangarappa Nagara", "Corporation": "West"}, "geometry": {"type": "LineString", "coordinates": [[77.522263, 12.933698], [77.524328, 12.932849], [77.525736, 12.933032], [77.525924, 12.932117], [77.526394, 12.932117], [77.526394, 12.931386], [77.526863, 12.931386], [77.526957, 12.930745], [77.527332, 12.930196], [77.527332, 12.929556], [77.527708, 12.929556], [77.527895, 12.929098], [77.527895, 12.928275], [77.528177, 12.927543], [77.528459, 12.927177], [77.52874, 12.926537]]}}, {"type": "Feature", "properties": {"Drain num": "RN169", "sec_id": 365, "pri_Drain num": "V200", "length_m": 685.88, "valley": "Vrishabhavati Valley", "subvalley": "VV_1", "ward_name": "25 - Vinayaka Layout,28 - Kottegepalya", "Corporation": "West"}, "geometry": {"type": "LineString", "coordinates": [[77.517934, 12.975325], [77.516432, 12.975599], [77.515868, 12.975874], [77.51324, 12.975874], [77.512301, 12.977063]]}}, {"type": "Feature", "properties": {"Drain num": "RN151A", "sec_id": 366, "pri_Drain num": "V200", "length_m": 217.55, "valley": "Vrishabhavati Valley", "subvalley": "VV_1", "ward_name": "28 - Kottegepalya", "Corporation": "West"}, "geometry": {"type": "LineString", "coordinates": [[77.516338, 12.987033], [77.514742, 12.988222]]}}, {"type": "Feature", "properties": {"Drain num": "RN151", "sec_id": 367, "pri_Drain num": "V200", "length_m": 1277.19, "valley": "Vrishabhavati Valley", "subvalley": "VV_1", "ward_name": "28 - Kottegepalya,27 - Srigandada Kaval,72 - Kaveripura", "Corporation": "West"}, "geometry": {"type": "LineString", "coordinates": [[77.520093, 12.986484], [77.518027, 12.986942], [77.517558, 12.987308], [77.516338, 12.987033], [77.512771, 12.986759], [77.51155, 12.987125], [77.509861, 12.988039], [77.508892, 12.98833]]}}, {"type": "Feature", "properties": {"Drain num": "V208B", "sec_id": 368, "pri_Drain num": "V200", "length_m": 1256.34, "valley": "Vrishabhavati Valley", "subvalley": "VV_1", "ward_name": "25 - Vinayaka Layout", "Corporation": "West"}, "geometry": {"type": "LineString", "coordinates": [[77.509943, 12.96361], [77.510412, 12.964662], [77.509755, 12.965577], [77.508253, 12.967132], [77.508347, 12.968184], [77.509286, 12.969922], [77.509661, 12.970837], [77.50999, 12.972118], [77.50999, 12.972849], [77.510131, 12.973718]]}}, {"type": "Feature", "properties": {"Drain num": "V208A", "sec_id": 369, "pri_Drain num": "V200", "length_m": 876.07, "valley": "Vrishabhavati Valley", "subvalley": "VV_1", "ward_name": "25 - Vinayaka Layout", "Corporation": "West"}, "geometry": {"type": "LineString", "coordinates": [[77.510741, 12.961964], [77.512008, 12.962101], [77.51229, 12.963199], [77.512712, 12.963427], [77.513134, 12.963885], [77.513275, 12.965623], [77.513275, 12.968321]]}}, {"type": "Feature", "properties": {"Drain num": "V208", "sec_id": 370, "pri_Drain num": "V200", "length_m": 719.71, "valley": "Vrishabhavati Valley", "subvalley": "VV_1", "ward_name": "25 - Vinayaka Layout,79 - Nagarbhavi", "Corporation": "West"}, "geometry": {"type": "LineString", "coordinates": [[77.511787, 12.959309], [77.511116, 12.96018], [77.510741, 12.961964], [77.510647, 12.962879], [77.509943, 12.96361], [77.508629, 12.964662]]}}, {"type": "Feature", "properties": {"Drain num": "RN169A", "sec_id": 371, "pri_Drain num": "V200", "length_m": 458.6, "valley": "Vrishabhavati Valley", "subvalley": "VV_1", "ward_name": "28 - Kottegepalya,76 - Moodalapalya", "Corporation": "West"}, "geometry": {"type": "LineString", "coordinates": [[77.518591, 12.970843], [77.515399, 12.971117], [77.515117, 12.970934], [77.51446, 12.971117]]}}, {"type": "Feature", "properties": {"sec_id": 378, "pri_Drain num": "MD346", "length_m": 203.15, "valley": "Koramangala Challaghatta Valley", "subvalley": "KC_2", "ward_name": "49 - Shivanasamudra Ward", "Corporation": "East"}, "geometry": {"type": "LineString", "coordinates": [[77.682511, 12.920023], [77.682629, 12.921344], [77.682593, 12.921851]]}}, {"type": "Feature", "properties": {"sec_id": 379, "pri_Drain num": "MD346", "length_m": 763.74, "valley": "Koramangala Challaghatta Valley", "subvalley": "KC_2", "ward_name": "49 - Shivanasamudra Ward", "Corporation": "East"}, "geometry": {"type": "LineString", "coordinates": [[77.6817, 12.928189], [77.681814, 12.928179], [77.6821, 12.927647], [77.682206, 12.92757], [77.682292, 12.927094], [77.682201, 12.926939], [77.682418, 12.926881], [77.682489, 12.925623], [77.682718, 12.92508], [77.682772, 12.924375], [77.682706, 12.923714], [77.682893, 12.923203], [77.682593, 12.921858]]}}, {"type": "Feature", "properties": {"Drain num": "MD343", "sec_id": 380, "pri_Drain num": "MD346", "length_m": 513.28, "valley": "Koramangala Challaghatta Valley", "subvalley": "KC_2", "ward_name": "47 - Bellanduru", "Corporation": "East"}, "geometry": {"type": "LineString", "coordinates": [[77.681134, 12.930176], [77.683314, 12.930406], [77.683775, 12.930546], [77.683871, 12.930715], [77.684348, 12.930701], [77.685156, 12.930894], [77.685685, 12.930936]]}}, {"type": "Feature", "properties": {"sec_id": 381, "length_m": 53.24, "valley": "Koramangala Challaghatta Valley", "subvalley": "KC_2", "ward_name": "33 - S.M Krishna Ward", "Corporation": "East"}, "geometry": {"type": "LineString", "coordinates": [[77.733099, 12.971221], [77.732824, 12.970824]]}}, {"type": "Feature", "properties": {"sec_id": 382, "length_m": 447.98, "valley": "Koramangala Challaghatta Valley", "subvalley": "KC_2", "ward_name": "33 - S.M Krishna Ward", "Corporation": "East"}, "geometry": {"type": "LineString", "coordinates": [[77.730386, 12.97438], [77.730181, 12.974188], [77.730016, 12.973421], [77.729526, 12.973118], [77.727089, 12.973381]]}}, {"type": "Feature", "properties": {"sec_id": 383, "length_m": 214.57, "valley": "Koramangala Challaghatta Valley", "subvalley": "KC_2", "ward_name": "33 - S.M Krishna Ward", "Corporation": "East"}, "geometry": {"type": "LineString", "coordinates": [[77.733777, 12.975578], [77.733506, 12.97568], [77.733514, 12.975871], [77.73204, 12.976015]]}}, {"type": "Feature", "properties": {"sec_id": 384, "length_m": 340.79, "valley": "Koramangala Challaghatta Valley", "subvalley": "KC_2", "ward_name": "33 - S.M Krishna Ward", "Corporation": "East"}, "geometry": {"type": "LineString", "coordinates": [[77.73204, 12.976015], [77.731946, 12.974871], [77.731868, 12.974673], [77.730521, 12.974744], [77.730386, 12.97438]]}}, {"type": "Feature", "properties": {"sec_id": 385, "length_m": 323.73, "valley": "Koramangala Challaghatta Valley", "subvalley": "KC_2", "ward_name": "33 - S.M Krishna Ward", "Corporation": "East"}, "geometry": {"type": "LineString", "coordinates": [[77.732422, 12.980465], [77.732685, 12.980415], [77.732724, 12.980659], [77.732659, 12.980722], [77.732854, 12.981711], [77.732191, 12.981807], [77.732235, 12.982459]]}}, {"type": "Feature", "properties": {"sec_id": 386, "length_m": 210.62, "valley": "Koramangala Challaghatta Valley", "subvalley": "KC_2", "ward_name": "33 - S.M Krishna Ward", "Corporation": "East"}, "geometry": {"type": "LineString", "coordinates": [[77.734374, 12.972502], [77.734158, 12.972119], [77.733599, 12.971544], [77.733291, 12.97151], [77.733099, 12.971221]]}}, {"type": "Feature", "properties": {"sec_id": 387, "length_m": 137.02, "valley": "Koramangala Challaghatta Valley", "subvalley": "KC_2", "ward_name": "33 - S.M Krishna Ward", "Corporation": "East"}, "geometry": {"type": "LineString", "coordinates": [[77.732824, 12.970824], [77.732442, 12.970369], [77.732131, 12.969797]]}}, {"type": "Feature", "properties": {"sec_id": 388, "length_m": 464.48, "valley": "Koramangala Challaghatta Valley", "subvalley": "KC_2", "ward_name": "33 - S.M Krishna Ward", "Corporation": "East"}, "geometry": {"type": "LineString", "coordinates": [[77.732846, 12.981614], [77.73323, 12.981569], [77.73326, 12.981048], [77.733521, 12.9806], [77.734039, 12.980412], [77.734771, 12.979891], [77.735469, 12.97971], [77.73601, 12.979402]]}}, {"type": "Feature", "properties": {"sec_id": 389, "length_m": 22.66, "valley": "Koramangala Challaghatta Valley", "subvalley": "KC_2", "ward_name": "33 - S.M Krishna Ward", "Corporation": "East"}, "geometry": {"type": "LineString", "coordinates": [[77.734459, 12.972689], [77.734374, 12.972502]]}}, {"type": "Feature", "properties": {"sec_id": 389, "length_m": 0.04, "valley": "Koramangala Challaghatta Valley", "subvalley": "KC_2", "ward_name": "33 - S.M Krishna Ward", "Corporation": "East"}, "geometry": {"type": "LineString", "coordinates": [[77.734458, 12.972689], [77.734459, 12.972689]]}}, {"type": "Feature", "properties": {"sec_id": 389, "length_m": 23.82, "valley": "Koramangala Challaghatta Valley", "subvalley": "KC_2", "ward_name": "33 - S.M Krishna Ward", "Corporation": "East"}, "geometry": {"type": "LineString", "coordinates": [[77.734459, 12.972689], [77.734597, 12.972856]]}}, {"type": "Feature", "properties": {"sec_id": 389, "length_m": 0.02, "valley": "Koramangala Challaghatta Valley", "subvalley": "KC_2", "ward_name": "33 - S.M Krishna Ward", "Corporation": "East"}, "geometry": {"type": "LineString", "coordinates": [[77.734459, 12.972689], [77.734459, 12.972689]]}}, {"type": "Feature", "properties": {"sec_id": 389, "length_m": 7.67, "valley": "Koramangala Challaghatta Valley", "subvalley": "KC_2", "ward_name": "33 - S.M Krishna Ward", "Corporation": "East"}, "geometry": {"type": "LineString", "coordinates": [[77.734661, 12.972885], [77.734597, 12.972856]]}}, {"type": "Feature", "properties": {"sec_id": 390, "pri_Drain num": "MD369", "length_m": 184.5, "valley": "Koramangala Challaghatta Valley", "subvalley": "KC_2", "ward_name": "48 - Panathur", "Corporation": "East"}, "geometry": {"type": "LineString", "coordinates": [[77.721103, 12.939422], [77.720601, 12.939793], [77.720361, 12.940338], [77.720308, 12.940791]]}}, {"type": "Feature", "properties": {"sec_id": 391, "pri_Drain num": "MD369", "length_m": 479.03, "valley": "Koramangala Challaghatta Valley", "subvalley": "KC_2", "ward_name": "48 - Panathur", "Corporation": "East"}, "geometry": {"type": "LineString", "coordinates": [[77.721176, 12.940943], [77.721039, 12.941713], [77.721078, 12.94182], [77.722473, 12.942336], [77.723719, 12.942582], [77.723958, 12.94324]]}}, {"type": "Feature", "properties": {"sec_id": 392, "pri_Drain num": "MD369", "length_m": 640.62, "valley": "Koramangala Challaghatta Valley", "subvalley": "KC_2", "ward_name": "48 - Panathur", "Corporation": "East"}, "geometry": {"type": "LineString", "coordinates": [[77.718376, 12.939967], [77.720223, 12.94077], [77.721236, 12.940952], [77.721599, 12.941112], [77.722378, 12.941752], [77.722817, 12.941866], [77.723789, 12.941893]]}}, {"type": "Feature", "properties": {"Drain num": "K206", "sec_id": 231, "pri_Drain num": "K200", "length_m": 390.36, "valley": "Koramangala Challaghatta Valley", "subvalley": "KC_1", "ward_name": "9 - N.A.L Layout,10 - Abdul Kalam Nagar,22 - S.G Palya", "Corporation": "South"}, "geometry": {"type": "LineString", "coordinates": [[77.598396, 12.9212], [77.598533, 12.922116], [77.598683, 12.922196], [77.598928, 12.922196], [77.599446, 12.92209], [77.600018, 12.922103], [77.600195, 12.92282], [77.6004, 12.922887], [77.600411, 12.922964]]}}, {"type": "Feature", "properties": {"sec_id": 394, "length_m": 1138.1, "valley": "Koramangala Challaghatta Valley", "ward_name": "54 - Kengal Hanumanthaiah South", "Corporation": "South"}, "geometry": {"type": "LineString", "coordinates": [[77.575655, 12.911072], [77.57551, 12.910623], [77.575207, 12.910233], [77.575138, 12.909421], [77.575004, 12.909281], [77.574862, 12.90865], [77.574867, 12.907973], [77.575118, 12.906854], [77.575151, 12.905601], [77.575316, 12.905212], [77.576157, 12.904419], [77.577592, 12.90352], [77.577921, 12.902848], [77.577914, 12.902277]]}}, {"type": "Feature", "properties": {"Drain num": "K209A", "sec_id": 395, "pri_Drain num": "K209", "length_m": 987.17, "valley": "Koramangala Challaghatta Valley", "subvalley": "KC_1", "ward_name": "13 - Marenahalli South,12 - Pattabhirama Nagara,56 - Doresanipalya,15 - Shakambarinagara,14 - J.P Nagar", "Corporation": "South"}, "geometry": {"type": "LineString", "coordinates": [[77.585554, 12.921763], [77.584981, 12.921584], [77.584981, 12.921365], [77.585165, 12.920747], [77.585165, 12.91987], [77.585779, 12.91985], [77.587128, 12.919392], [77.587332, 12.919013], [77.587291, 12.917499], [77.588416, 12.917519], [77.589417, 12.91738], [77.589499, 12.916961]]}}, {"type": "Feature", "properties": {"Drain num": "H202", "sec_id": 396, "pri_Drain num": "H200", "length_m": 599.52, "valley": "Hebbal Nagawara Valley", "subvalley": "HN_1", "ward_name": "49 - Aramane Nagara,59 - Geddalahalli", "Corporation": "North"}, "geometry": {"type": "LineString", "coordinates": [[77.568573, 13.037789], [77.568841, 13.036189], [77.569724, 13.035044], [77.569935, 13.03452], [77.5703, 13.03432], [77.570385, 13.034044], [77.57048, 13.032965]]}}, {"type": "Feature", "properties": {"Drain num": "V202", "sec_id": 399, "pri_Drain num": "V200", "length_m": 623.82, "valley": "Vrishabhavati Valley", "subvalley": "VV_1", "ward_name": "38 - Nandini Layout,40 - Mahalakshmipuram,43 - Kethamaranahalli,36 - Nalwadi Krishnaraja Wadiyar Ward,37 - Dr. Puneeth Rajkumar Ward,39 - Jai Maruthi Nagar", "Corporation": "West"}, "geometry": {"type": "LineString", "coordinates": [[77.540364, 13.012515], [77.540214, 13.012593], [77.539895, 13.0125], [77.538671, 13.011649], [77.537919, 13.011725], [77.537265, 13.011529], [77.537272, 13.01137], [77.536755, 13.010568], [77.536618, 13.0102], [77.53634, 13.009995], [77.535928, 13.009943]]}}, {"type": "Feature", "properties": {"Drain num": "V205", "sec_id": 337, "pri_Drain num": "V200", "length_m": 706.07, "valley": "Vrishabhavati Valley", "subvalley": "VV_1", "ward_name": "35 - Goraguntepalya,38 - Nandini Layout,37 - Dr. Puneeth Rajkumar Ward,39 - Jai Maruthi Nagar", "Corporation": "West"}, "geometry": {"type": "LineString", "coordinates": [[77.537148, 13.015888], [77.536807, 13.015573], [77.536687, 13.015044], [77.536147, 13.013859], [77.53593, 13.013183], [77.535841, 13.012377], [77.536233, 13.010857], [77.536122, 13.010307], [77.535931, 13.009945]]}}, {"type": "Feature", "properties": {"Drain num": "V202", "sec_id": 335, "pri_Drain num": "V200", "length_m": 901.25, "valley": "Vrishabhavati Valley", "subvalley": "VV_1", "ward_name": "38 - Nandini Layout,40 - Mahalakshmipuram,43 - Kethamaranahalli,36 - Nalwadi Krishnaraja Wadiyar Ward,37 - Dr. Puneeth Rajkumar Ward,39 - Jai Maruthi Nagar", "Corporation": "West"}, "geometry": {"type": "LineString", "coordinates": [[77.535931, 13.009945], [77.535638, 13.009811], [77.534593, 13.007741], [77.534304, 13.007503], [77.533726, 13.007261], [77.533122, 13.006482], [77.532731, 13.006105], [77.531789, 13.005572], [77.531359, 13.005466], [77.530426, 13.005767], [77.529908, 13.005778]]}}, {"type": "Feature", "properties": {"Drain num": "V200B", "sec_id": 342, "pri_Drain num": "V200", "length_m": 369.58, "valley": "Vrishabhavati Valley", "subvalley": "VV_1", "ward_name": "42 - Raja Mayura Varma Ward", "Corporation": "West"}, "geometry": {"type": "LineString", "coordinates": [[77.530084, 13.004326], [77.530248, 13.004445], [77.530436, 13.004465], [77.531013, 13.00428], [77.531326, 13.004071], [77.531658, 13.003678], [77.532891, 13.00286]]}}, {"type": "Feature", "properties": {"Drain num": "V203", "sec_id": 336, "pri_Drain num": "V200", "length_m": 617.06, "valley": "Vrishabhavati Valley", "subvalley": "VV_1", "ward_name": "41 - Nagapura,40 - Mahalakshmipuram,43 - Kethamaranahalli,39 - Jai Maruthi Nagar", "Corporation": "West"}, "geometry": {"type": "LineString", "coordinates": [[77.534607, 13.007765], [77.534903, 13.007632], [77.535071, 13.007386], [77.535367, 13.007152], [77.535575, 13.007087], [77.535775, 13.007133], [77.536117, 13.007545], [77.536187, 13.007528], [77.536816, 13.007151], [77.536803, 13.006906], [77.536982, 13.006767], [77.537458, 13.006501], [77.537905, 13.006691], [77.538242, 13.006485], [77.538895, 13.00587]]}}, {"type": "Feature", "properties": {"Drain num": "V200D", "sec_id": 339, "pri_Drain num": "V200", "length_m": 1009.58, "valley": "Vrishabhavati Valley", "subvalley": "VV_1", "ward_name": "4 - Parvathi Nagar,31 - Freedom Fighter Ward,32 - Laggere", "Corporation": "West"}, "geometry": {"type": "LineString", "coordinates": [[77.523205, 13.012296], [77.522888, 13.012833], [77.522658, 13.013004], [77.522439, 13.013467], [77.522139, 13.013796], [77.522029, 13.01406], [77.521694, 13.014456], [77.521305, 13.014578], [77.521188, 13.015386], [77.521255, 13.016408], [77.521155, 13.016696], [77.521165, 13.017919], [77.52135, 13.018494], [77.521457, 13.019508], [77.521413, 13.019709], [77.520825, 13.020006], [77.520719, 13.020135]]}}, {"type": "Feature", "properties": {"Drain num": "V200D", "sec_id": 339, "pri_Drain num": "V200", "length_m": 252.4, "valley": "Vrishabhavati Valley", "subvalley": "VV_1", "ward_name": "4 - Parvathi Nagar,31 - Freedom Fighter Ward,32 - Laggere", "Corporation": "West"}, "geometry": {"type": "LineString", "coordinates": [[77.527468, 13.010741], [77.527206, 13.010373], [77.526228, 13.010228], [77.526144, 13.010303], [77.526056, 13.010673], [77.525745, 13.010805]]}}, {"type": "Feature", "properties": {"Drain num": "V200D", "sec_id": 339, "pri_Drain num": "V200", "length_m": 324.52, "valley": "Vrishabhavati Valley", "subvalley": "VV_1", "ward_name": "4 - Parvathi Nagar,31 - Freedom Fighter Ward,32 - Laggere", "Corporation": "West"}, "geometry": {"type": "LineString", "coordinates": [[77.525728, 13.010814], [77.525068, 13.010814], [77.524223, 13.011363], [77.523497, 13.012439]]}}, {"type": "Feature", "properties": {"Drain num": "V203", "sec_id": 336, "pri_Drain num": "V200", "length_m": 266.74, "valley": "Vrishabhavati Valley", "subvalley": "VV_1", "ward_name": "41 - Nagapura,40 - Mahalakshmipuram,43 - Kethamaranahalli,39 - Jai Maruthi Nagar", "Corporation": "West"}, "geometry": {"type": "LineString", "coordinates": [[77.538895, 13.00587], [77.539472, 13.005218], [77.539718, 13.005098], [77.53996, 13.004855], [77.540293, 13.004894], [77.540885, 13.004774]]}}, {"type": "Feature", "properties": {"Drain num": "V201A", "sec_id": 398, "pri_Drain num": "V200", "length_m": 125.8, "valley": "Vrishabhavati Valley", "subvalley": "VV_1", "ward_name": "28 - Kottegepalya,29 - Chowdeshwari Nagar", "Corporation": "West"}, "geometry": {"type": "LineString", "coordinates": [[77.519944, 12.996922], [77.520974, 12.997444]]}}, {"type": "Feature", "properties": {"Drain num": "V201", "sec_id": 346, "pri_Drain num": "V200", "length_m": 2474.38, "valley": "Vrishabhavati Valley", "subvalley": "VV_1", "ward_name": "7 - Rajagopala Nagara,28 - Kottegepalya,31 - Freedom Fighter Ward,5 - Rajeshwarinagar,30 - Kempegowda Layout,29 - Chowdeshwari Nagar,46 - Kamalanagara,8 - Hegganahalli", "Corporation": "West"}, "geometry": {"type": "LineString", "coordinates": [[77.523007, 12.993766], [77.522344, 12.993886], [77.522097, 12.994136], [77.521519, 12.994362], [77.521451, 12.99455], [77.521551, 12.995058], [77.521053, 12.995559], [77.521037, 12.996244], [77.520845, 12.996647], [77.520425, 12.996826], [77.51955, 12.996992], [77.518887, 12.997628], [77.518787, 12.999962], [77.518269, 13.000259], [77.518154, 13.0004], [77.517917, 13.001175], [77.517897, 13.002193], [77.518273, 13.002786], [77.518234, 13.002978], [77.517814, 13.003586], [77.517747, 13.003866], [77.517665, 13.006049], [77.517334, 13.006526], [77.517497, 13.007021], [77.517334, 13.008274], [77.517091, 13.008523], [77.516047, 13.009284], [77.515242, 13.009595], [77.514692, 13.00957], [77.514421, 13.009641], [77.513962, 13.010128], [77.513946, 13.010614]]}}, {"type": "Feature", "properties": {"Drain num": "V201B", "sec_id": 344, "pri_Drain num": "V200", "length_m": 1716.72, "valley": "Vrishabhavati Valley", "subvalley": "VV_1", "ward_name": "9 - Srigandhanagar,29 - Chowdeshwari Nagar,8 - Hegganahalli", "Corporation": "West"}, "geometry": {"type": "LineString", "coordinates": [[77.51886, 12.997711], [77.517722, 12.997709], [77.517624, 12.997591], [77.517545, 12.997724], [77.51754, 12.998338], [77.517605, 12.998555], [77.517433, 12.998849], [77.516928, 12.998895], [77.516553, 12.99876], [77.515935, 12.998805], [77.515611, 12.999125], [77.51507, 12.999456], [77.515123, 13.000259], [77.514832, 13.000564], [77.514493, 13.000558], [77.514217, 13.000284], [77.51391, 13.000135], [77.512805, 13.000088], [77.51255, 13.000135], [77.511976, 13.000343], [77.511118, 13.00116], [77.51068, 13.001393], [77.51074, 13.001515], [77.509861, 13.002216], [77.509322, 13.002546], [77.509206, 13.002549], [77.509069, 13.002393], [77.508209, 13.002501], [77.506944, 13.00278]]}}]}